item_id,purchase_count,price,stocks,sales,stock_value,profit_status
item_0001,34,88.0,98,2992.0,8624.0,profit
item_0002,37,116.0,55,4292.0,6380.0,profit
item_0003,49,103.0,46,5047.0,4738.0,profit
item_0004,21,59.0,86,1239.0,5074.0,profit
item_0005,49,97.0,76,4753.0,7372.0,profit
item_0006,21,65.0,53,1365.0,3445.0,profit
item_0007,19,70.0,82,1330.0,5740.0,profit
item_0008,48,29.0,85,1392.0,2465.0,profit
item_0009,0,26.0,89,0.0,2314.0,loss
item_0010,24,84.0,87,2016.0,7308.0,profit
item_0011,35,21.0,56,735.0,1176.0,profit
item_0012,17,108.0,97,1836.0,10476.0,profit
item_0013,9,135.0,34,1215.0,4590.0,profit
item_0014,28,66.0,94,1848.0,6204.0,profit
item_0015,17,95.0,48,1615.0,4560.0,profit
item_0016,36,77.0,98,2772.0,7546.0,profit
item_0017,14,34.0,89,476.0,3026.0,profit
item_0018,5,113.0,75,565.0,8475.0,profit
item_0019,42,39.0,28,1638.0,1092.0,profit
item_0020,18,132.0,87,2376.0,11484.0,profit
item_0021,26,147.0,16,3822.0,2352.0,profit
item_0022,8,127.0,34,1016.0,4318.0,profit
item_0023,6,49.0,92,294.0,4508.0,profit
item_0024,24,54.0,29,1296.0,1566.0,profit
item_0025,3,86.0,26,258.0,2236.0,profit
item_0026,46,69.0,71,3174.0,4899.0,profit
item_0027,14,113.0,37,1582.0,4181.0,profit
item_0028,7,54.0,91,378.0,4914.0,profit
item_0029,43,100.0,27,4300.0,2700.0,profit
item_0030,44,119.0,67,5236.0,7973.0,profit
item_0031,34,123.0,29,4182.0,3567.0,profit
item_0032,27,24.0,34,648.0,816.0,profit
item_0033,34,81.0,65,2754.0,5265.0,profit
item_0034,11,101.0,73,1111.0,7373.0,profit
item_0035,16,123.0,50,1968.0,6150.0,profit
item_0036,24,101.0,66,2424.0,6666.0,profit
item_0037,26,60.0,32,1560.0,1920.0,profit
item_0038,39,124.0,68,4836.0,8432.0,profit
item_0039,15,48.0,38,720.0,1824.0,profit
item_0040,39,17.0,11,663.0,187.0,profit
item_0041,32,62.0,90,1984.0,5580.0,profit
item_0042,24,103.0,24,2472.0,2472.0,profit
item_0043,36,95.0,30,3420.0,2850.0,profit
item_0044,27,24.0,15,648.0,360.0,profit
item_0045,50,89.0,62,4450.0,5518.0,profit
item_0046,32,120.0,41,3840.0,4920.0,profit
item_0047,26,88.0,31,2288.0,2728.0,profit
item_0048,16,146.0,44,2336.0,6424.0,profit
item_0049,42,54.0,43,2268.0,2322.0,profit
item_0050,39,19.0,72,741.0,1368.0,profit
item_0051,33,77.0,91,2541.0,7007.0,profit
item_0052,20,61.0,68,1220.0,4148.0,profit
item_0053,50,70.0,52,3500.0,3640.0,profit
item_0054,25,65.0,30,1625.0,1950.0,profit
item_0055,35,106.0,29,3710.0,3074.0,profit
item_0056,8,63.0,56,504.0,3528.0,profit
item_0057,3,63.0,35,189.0,2205.0,profit
item_0058,35,75.0,24,2625.0,1800.0,profit
item_0059,12,82.0,73,984.0,5986.0,profit
item_0060,25,50.0,44,1250.0,2200.0,profit
item_0061,20,95.0,19,1900.0,1805.0,profit
item_0062,35,57.0,85,1995.0,4845.0,profit
item_0063,2,49.0,66,98.0,3234.0,profit
item_0064,29,29.0,38,841.0,1102.0,profit
item_0065,4,112.0,51,448.0,5712.0,profit
item_0066,27,142.0,93,3834.0,13206.0,profit
item_0067,29,94.0,78,2726.0,7332.0,profit
item_0068,4,63.0,33,252.0,2079.0,profit
item_0069,27,82.0,89,2214.0,7298.0,profit
item_0070,1,111.0,26,111.0,2886.0,profit
item_0071,35,17.0,72,595.0,1224.0,profit
item_0072,18,130.0,25,2340.0,3250.0,profit
item_0073,10,106.0,82,1060.0,8692.0,profit
item_0074,8,29.0,16,232.0,464.0,profit
item_0075,31,98.0,23,3038.0,2254.0,profit
item_0076,21,24.0,98,504.0,2352.0,profit
item_0077,0,126.0,91,0.0,11466.0,loss
item_0078,25,64.0,11,1600.0,704.0,profit
item_0079,0,52.0,91,0.0,4732.0,loss
item_0080,44,105.0,41,4620.0,4305.0,profit
item_0081,28,140.0,23,3920.0,3220.0,profit
item_0082,36,119.0,11,4284.0,1309.0,profit
item_0083,0,15.0,42,0.0,630.0,loss
item_0084,2,88.0,50,176.0,4400.0,profit
item_0085,35,111.0,31,3885.0,3441.0,profit
item_0086,30,117.0,12,3510.0,1404.0,profit
item_0087,48,131.0,49,6288.0,6419.0,profit
item_0088,40,93.0,72,3720.0,6696.0,profit
item_0089,26,82.0,87,2132.0,7134.0,profit
item_0090,50,101.0,94,5050.0,9494.0,profit
item_0091,18,53.0,55,954.0,2915.0,profit
item_0092,30,97.0,26,2910.0,2522.0,profit
item_0093,44,31.0,74,1364.0,2294.0,profit
item_0094,18,27.0,82,486.0,2214.0,profit
item_0095,30,89.0,93,2670.0,8277.0,profit
item_0096,27,149.0,48,4023.0,7152.0,profit
item_0097,28,82.0,54,2296.0,4428.0,profit
item_0098,22,64.0,21,1408.0,1344.0,profit
item_0099,35,136.0,91,4760.0,12376.0,profit
item_0100,17,120.0,42,2040.0,5040.0,profit
item_0101,19,109.0,97,2071.0,10573.0,profit
item_0102,14,72.0,88,1008.0,6336.0,profit
item_0103,40,16.0,76,640.0,1216.0,profit
item_0104,46,92.0,75,4232.0,6900.0,profit
item_0105,0,42.0,58,0.0,2436.0,loss
item_0106,43,134.0,15,5762.0,2010.0,profit
item_0107,40,44.0,39,1760.0,1716.0,profit
item_0108,8,140.0,21,1120.0,2940.0,profit
item_0109,3,98.0,22,294.0,2156.0,profit
item_0110,29,83.0,69,2407.0,5727.0,profit
item_0111,5,120.0,58,600.0,6960.0,profit
item_0112,7,45.0,93,315.0,4185.0,profit
item_0113,22,84.0,10,1848.0,840.0,profit
item_0114,0,143.0,45,0.0,6435.0,loss
item_0115,25,36.0,82,900.0,2952.0,profit
item_0116,49,17.0,73,833.0,1241.0,profit
item_0117,12,60.0,50,720.0,3000.0,profit
item_0118,6,39.0,40,234.0,1560.0,profit
item_0119,41,134.0,54,5494.0,7236.0,profit
item_0120,44,93.0,33,4092.0,3069.0,profit
item_0121,6,63.0,53,378.0,3339.0,profit
item_0122,18,29.0,79,522.0,2291.0,profit
item_0123,27,134.0,96,3618.0,12864.0,profit
item_0124,15,34.0,99,510.0,3366.0,profit
item_0125,36,134.0,19,4824.0,2546.0,profit
item_0126,26,79.0,60,2054.0,4740.0,profit
item_0127,26,90.0,38,2340.0,3420.0,profit
item_0128,36,141.0,47,5076.0,6627.0,profit
item_0129,1,117.0,99,117.0,11583.0,profit
item_0130,18,67.0,34,1206.0,2278.0,profit
item_0131,43,140.0,54,6020.0,7560.0,profit
item_0132,8,114.0,59,912.0,6726.0,profit
item_0133,15,55.0,38,825.0,2090.0,profit
item_0134,40,74.0,63,2960.0,4662.0,profit
item_0135,22,30.0,73,660.0,2190.0,profit
item_0136,8,129.0,77,1032.0,9933.0,profit
item_0137,27,34.0,37,918.0,1258.0,profit
item_0138,39,142.0,24,5538.0,3408.0,profit
item_0139,47,81.0,11,3807.0,891.0,profit
item_0140,24,34.0,48,816.0,1632.0,profit
item_0141,45,20.0,66,900.0,1320.0,profit
item_0142,31,142.0,39,4402.0,5538.0,profit
item_0143,48,21.0,39,1008.0,819.0,profit
item_0144,23,133.0,84,3059.0,11172.0,profit
item_0145,21,116.0,36,2436.0,4176.0,profit
item_0146,40,27.0,70,1080.0,1890.0,profit
item_0147,19,73.0,48,1387.0,3504.0,profit
item_0148,10,136.0,37,1360.0,5032.0,profit
item_0149,50,100.0,36,5000.0,3600.0,profit
item_0150,28,75.0,31,2100.0,2325.0,profit
item_0151,19,40.0,74,760.0,2960.0,profit
item_0152,25,57.0,83,1425.0,4731.0,profit
item_0153,44,112.0,94,4928.0,10528.0,profit
item_0154,31,91.0,44,2821.0,4004.0,profit
item_0155,45,45.0,64,2025.0,2880.0,profit
item_0156,8,48.0,42,384.0,2016.0,profit
item_0157,48,32.0,51,1536.0,1632.0,profit
item_0158,30,22.0,50,660.0,1100.0,profit
item_0159,1,27.0,10,27.0,270.0,profit
item_0160,25,16.0,21,400.0,336.0,profit
item_0161,46,124.0,30,5704.0,3720.0,profit
item_0162,36,55.0,23,1980.0,1265.0,profit
item_0163,46,63.0,37,2898.0,2331.0,profit
item_0164,41,60.0,73,2460.0,4380.0,profit
item_0165,24,111.0,16,2664.0,1776.0,profit
item_0166,34,127.0,43,4318.0,5461.0,profit
item_0167,39,124.0,97,4836.0,12028.0,profit
item_0168,5,133.0,21,665.0,2793.0,profit
item_0169,30,66.0,10,1980.0,660.0,profit
item_0170,30,102.0,79,3060.0,8058.0,profit
item_0171,13,97.0,26,1261.0,2522.0,profit
item_0172,21,62.0,67,1302.0,4154.0,profit
item_0173,36,56.0,12,2016.0,672.0,profit
item_0174,44,64.0,40,2816.0,2560.0,profit
item_0175,1,18.0,62,18.0,1116.0,profit
item_0176,12,127.0,77,1524.0,9779.0,profit
item_0177,4,113.0,59,452.0,6667.0,profit
item_0178,22,95.0,29,2090.0,2755.0,profit
item_0179,20,106.0,34,2120.0,3604.0,profit
item_0180,40,136.0,31,5440.0,4216.0,profit
item_0181,28,110.0,72,3080.0,7920.0,profit
item_0182,0,110.0,57,0.0,6270.0,loss
item_0183,47,147.0,49,6909.0,7203.0,profit
item_0184,42,61.0,73,2562.0,4453.0,profit
item_0185,43,75.0,40,3225.0,3000.0,profit
item_0186,49,59.0,98,2891.0,5782.0,profit
item_0187,26,54.0,11,1404.0,594.0,profit
item_0188,11,29.0,35,319.0,1015.0,profit
item_0189,45,32.0,44,1440.0,1408.0,profit
item_0190,11,146.0,84,1606.0,12264.0,profit
item_0191,18,116.0,96,2088.0,11136.0,profit
item_0192,13,111.0,69,1443.0,7659.0,profit
item_0193,10,76.0,79,760.0,6004.0,profit
item_0194,25,100.0,18,2500.0,1800.0,profit
item_0195,20,149.0,98,2980.0,14602.0,profit
item_0196,29,30.0,72,870.0,2160.0,profit
item_0197,46,135.0,26,6210.0,3510.0,profit
item_0198,46,58.0,89,2668.0,5162.0,profit
item_0199,38,62.0,33,2356.0,2046.0,profit
item_0200,27,126.0,61,3402.0,7686.0,profit
item_0201,36,99.0,28,3564.0,2772.0,profit
item_0202,28,75.0,46,2100.0,3450.0,profit
item_0203,27,112.0,55,3024.0,6160.0,profit
item_0204,44,140.0,50,6160.0,7000.0,profit
item_0205,41,64.0,76,2624.0,4864.0,profit
item_0206,48,20.0,12,960.0,240.0,profit
item_0207,47,78.0,76,3666.0,5928.0,profit
item_0208,3,141.0,63,423.0,8883.0,profit
item_0209,24,138.0,85,3312.0,11730.0,profit
item_0210,6,32.0,17,192.0,544.0,profit
item_0211,14,38.0,56,532.0,2128.0,profit
item_0212,46,47.0,39,2162.0,1833.0,profit
item_0213,3,140.0,86,420.0,12040.0,profit
item_0214,19,120.0,35,2280.0,4200.0,profit
item_0215,17,111.0,78,1887.0,8658.0,profit
item_0216,7,125.0,36,875.0,4500.0,profit
item_0217,6,150.0,53,900.0,7950.0,profit
item_0218,1,134.0,91,134.0,12194.0,profit
item_0219,7,40.0,53,280.0,2120.0,profit
item_0220,29,108.0,63,3132.0,6804.0,profit
item_0221,3,122.0,71,366.0,8662.0,profit
item_0222,7,51.0,59,357.0,3009.0,profit
item_0223,18,31.0,46,558.0,1426.0,profit
item_0224,5,100.0,99,500.0,9900.0,profit
item_0225,31,66.0,93,2046.0,6138.0,profit
item_0226,36,18.0,15,648.0,270.0,profit
item_0227,49,68.0,75,3332.0,5100.0,profit
item_0228,17,55.0,41,935.0,2255.0,profit
item_0229,24,63.0,26,1512.0,1638.0,profit
item_0230,27,75.0,83,2025.0,6225.0,profit
item_0231,10,132.0,46,1320.0,6072.0,profit
item_0232,31,55.0,91,1705.0,5005.0,profit
item_0233,35,82.0,54,2870.0,4428.0,profit
item_0234,8,32.0,93,256.0,2976.0,profit
item_0235,43,70.0,21,3010.0,1470.0,profit
item_0236,41,48.0,27,1968.0,1296.0,profit
item_0237,47,23.0,30,1081.0,690.0,profit
item_0238,21,108.0,17,2268.0,1836.0,profit
item_0239,9,48.0,47,432.0,2256.0,profit
item_0240,38,119.0,53,4522.0,6307.0,profit
item_0241,39,62.0,58,2418.0,3596.0,profit
item_0242,36,19.0,79,684.0,1501.0,profit
item_0243,7,130.0,75,910.0,9750.0,profit
item_0244,16,101.0,97,1616.0,9797.0,profit
item_0245,16,131.0,36,2096.0,4716.0,profit
item_0246,24,100.0,47,2400.0,4700.0,profit
item_0247,29,18.0,64,522.0,1152.0,profit
item_0248,39,16.0,15,624.0,240.0,profit
item_0249,27,60.0,46,1620.0,2760.0,profit
item_0250,18,42.0,61,756.0,2562.0,profit
item_0251,1,104.0,42,104.0,4368.0,profit
item_0252,35,150.0,32,5250.0,4800.0,profit
item_0253,26,125.0,54,3250.0,6750.0,profit
item_0254,17,114.0,41,1938.0,4674.0,profit
item_0255,9,24.0,72,216.0,1728.0,profit
item_0256,50,59.0,75,2950.0,4425.0,profit
item_0257,12,139.0,35,1668.0,4865.0,profit
item_0258,44,39.0,97,1716.0,3783.0,profit
item_0259,6,133.0,89,798.0,11837.0,profit
item_0260,39,53.0,13,2067.0,689.0,profit
item_0261,7,64.0,45,448.0,2880.0,profit
item_0262,37,44.0,63,1628.0,2772.0,profit
item_0263,45,131.0,83,5895.0,10873.0,profit
item_0264,24,111.0,83,2664.0,9213.0,profit
item_0265,33,50.0,77,1650.0,3850.0,profit
item_0266,30,44.0,85,1320.0,3740.0,profit
item_0267,24,22.0,93,528.0,2046.0,profit
item_0268,38,72.0,31,2736.0,2232.0,profit
item_0269,23,22.0,19,506.0,418.0,profit
item_3503,25,139.0,20,3475.0,2780.0,profit
item_0270,44,130.0,38,5720.0,4940.0,profit
item_0271,14,94.0,16,1316.0,1504.0,profit
item_0272,13,127.0,10,1651.0,1270.0,profit
item_0273,49,76.0,54,3724.0,4104.0,profit
item_0274,1,62.0,67,62.0,4154.0,profit
item_0275,35,130.0,26,4550.0,3380.0,profit
item_0276,47,121.0,51,5687.0,6171.0,profit
item_0277,20,65.0,73,1300.0,4745.0,profit
item_0278,22,112.0,30,2464.0,3360.0,profit
item_0279,18,48.0,61,864.0,2928.0,profit
item_0280,46,141.0,97,6486.0,13677.0,profit
item_0281,4,118.0,63,472.0,7434.0,profit
item_0282,9,43.0,99,387.0,4257.0,profit
item_0283,14,98.0,54,1372.0,5292.0,profit
item_0284,38,141.0,24,5358.0,3384.0,profit
item_0285,13,113.0,53,1469.0,5989.0,profit
item_0286,47,33.0,19,1551.0,627.0,profit
item_0287,43,30.0,52,1290.0,1560.0,profit
item_0288,30,87.0,15,2610.0,1305.0,profit
item_0289,8,141.0,29,1128.0,4089.0,profit
item_0290,22,82.0,78,1804.0,6396.0,profit
item_0291,13,24.0,47,312.0,1128.0,profit
item_0292,15,116.0,34,1740.0,3944.0,profit
item_0293,24,89.0,43,2136.0,3827.0,profit
item_0294,35,148.0,95,5180.0,14060.0,profit
item_0295,5,48.0,18,240.0,864.0,profit
item_0296,33,99.0,51,3267.0,5049.0,profit
item_0297,37,16.0,63,592.0,1008.0,profit
item_0298,29,62.0,48,1798.0,2976.0,profit
item_0299,28,36.0,79,1008.0,2844.0,profit
item_0300,41,148.0,52,6068.0,7696.0,profit
item_0301,50,81.0,36,4050.0,2916.0,profit
item_0302,40,136.0,61,5440.0,8296.0,profit
item_0303,7,107.0,30,749.0,3210.0,profit
item_0304,13,78.0,81,1014.0,6318.0,profit
item_0305,33,145.0,11,4785.0,1595.0,profit
item_0306,3,116.0,89,348.0,10324.0,profit
item_0307,38,113.0,95,4294.0,10735.0,profit
item_0308,4,55.0,64,220.0,3520.0,profit
item_0309,34,19.0,31,646.0,589.0,profit
item_0310,1,94.0,68,94.0,6392.0,profit
item_0311,30,139.0,10,4170.0,1390.0,profit
item_0312,19,53.0,57,1007.0,3021.0,profit
item_0313,23,71.0,62,1633.0,4402.0,profit
item_0314,23,110.0,46,2530.0,5060.0,profit
item_0315,44,23.0,58,1012.0,1334.0,profit
item_0316,10,67.0,39,670.0,2613.0,profit
item_0317,40,133.0,65,5320.0,8645.0,profit
item_0318,17,51.0,49,867.0,2499.0,profit
item_0319,31,33.0,35,1023.0,1155.0,profit
item_0320,24,127.0,75,3048.0,9525.0,profit
item_0321,43,38.0,92,1634.0,3496.0,profit
item_0322,0,44.0,44,0.0,1936.0,loss
item_0323,41,114.0,21,4674.0,2394.0,profit
item_0324,14,132.0,15,1848.0,1980.0,profit
item_0325,41,62.0,52,2542.0,3224.0,profit
item_0326,25,79.0,11,1975.0,869.0,profit
item_0327,47,47.0,98,2209.0,4606.0,profit
item_0328,38,42.0,41,1596.0,1722.0,profit
item_0329,39,110.0,41,4290.0,4510.0,profit
item_0330,50,119.0,47,5950.0,5593.0,profit
item_0331,7,135.0,73,945.0,9855.0,profit
item_0332,46,34.0,85,1564.0,2890.0,profit
item_0333,36,127.0,62,4572.0,7874.0,profit
item_0334,37,48.0,48,1776.0,2304.0,profit
item_0335,36,141.0,16,5076.0,2256.0,profit
item_0336,26,149.0,76,3874.0,11324.0,profit
item_0337,23,39.0,63,897.0,2457.0,profit
item_0338,30,46.0,66,1380.0,3036.0,profit
item_0339,22,120.0,85,2640.0,10200.0,profit
item_0340,15,127.0,26,1905.0,3302.0,profit
item_0341,5,111.0,82,555.0,9102.0,profit
item_0342,37,90.0,15,3330.0,1350.0,profit
item_0343,28,40.0,15,1120.0,600.0,profit
item_0344,31,57.0,18,1767.0,1026.0,profit
item_0345,29,82.0,86,2378.0,7052.0,profit
item_0346,33,124.0,79,4092.0,9796.0,profit
item_0347,38,26.0,27,988.0,702.0,profit
item_0348,35,83.0,59,2905.0,4897.0,profit
item_0349,44,114.0,50,5016.0,5700.0,profit
item_0350,35,82.0,52,2870.0,4264.0,profit
item_0351,46,148.0,26,6808.0,3848.0,profit
item_0352,3,148.0,91,444.0,13468.0,profit
item_0353,28,95.0,46,2660.0,4370.0,profit
item_0354,44,40.0,77,1760.0,3080.0,profit
item_0355,5,48.0,58,240.0,2784.0,profit
item_0356,7,127.0,23,889.0,2921.0,profit
item_0357,45,129.0,54,5805.0,6966.0,profit
item_0358,48,17.0,55,816.0,935.0,profit
item_0359,35,29.0,97,1015.0,2813.0,profit
item_0360,35,35.0,98,1225.0,3430.0,profit
item_0361,24,24.0,82,576.0,1968.0,profit
item_0362,28,148.0,99,4144.0,14652.0,profit
item_0363,46,20.0,96,920.0,1920.0,profit
item_0364,13,51.0,44,663.0,2244.0,profit
item_0365,5,132.0,63,660.0,8316.0,profit
item_0366,14,130.0,60,1820.0,7800.0,profit
item_0367,43,37.0,91,1591.0,3367.0,profit
item_0368,14,47.0,95,658.0,4465.0,profit
item_0369,5,55.0,65,275.0,3575.0,profit
item_0370,37,43.0,93,1591.0,3999.0,profit
item_0371,15,95.0,29,1425.0,2755.0,profit
item_0372,4,39.0,49,156.0,1911.0,profit
item_0373,40,47.0,50,1880.0,2350.0,profit
item_0374,15,80.0,91,1200.0,7280.0,profit
item_0375,48,95.0,87,4560.0,8265.0,profit
item_0376,0,139.0,10,0.0,1390.0,loss
item_0377,2,23.0,86,46.0,1978.0,profit
item_0378,28,17.0,38,476.0,646.0,profit
item_0379,11,111.0,16,1221.0,1776.0,profit
item_0380,3,82.0,54,246.0,4428.0,profit
item_0381,15,103.0,48,1545.0,4944.0,profit
item_0382,30,118.0,20,3540.0,2360.0,profit
item_0383,21,113.0,87,2373.0,9831.0,profit
item_0384,3,95.0,81,285.0,7695.0,profit
item_0385,30,71.0,64,2130.0,4544.0,profit
item_0386,19,90.0,64,1710.0,5760.0,profit
item_0387,41,129.0,95,5289.0,12255.0,profit
item_0388,37,64.0,32,2368.0,2048.0,profit
item_0389,44,122.0,74,5368.0,9028.0,profit
item_0390,30,47.0,84,1410.0,3948.0,profit
item_0391,9,25.0,26,225.0,650.0,profit
item_0392,17,18.0,13,306.0,234.0,profit
item_0393,12,47.0,72,564.0,3384.0,profit
item_0394,19,86.0,42,1634.0,3612.0,profit
item_0395,22,134.0,29,2948.0,3886.0,profit
item_0396,37,132.0,48,4884.0,6336.0,profit
item_0397,24,147.0,60,3528.0,8820.0,profit
item_0398,45,34.0,100,1530.0,3400.0,profit
item_0399,30,20.0,17,600.0,340.0,profit
item_0400,32,68.0,91,2176.0,6188.0,profit
item_0401,8,44.0,20,352.0,880.0,profit
item_0402,24,41.0,17,984.0,697.0,profit
item_0403,5,65.0,13,325.0,845.0,profit
item_0404,27,16.0,47,432.0,752.0,profit
item_3582,27,49.0,18,1323.0,882.0,profit
item_0405,35,147.0,54,5145.0,7938.0,profit
item_0406,33,71.0,71,2343.0,5041.0,profit
item_0407,39,129.0,80,5031.0,10320.0,profit
item_0408,30,17.0,36,510.0,612.0,profit
item_0409,37,27.0,86,999.0,2322.0,profit
item_0410,31,92.0,62,2852.0,5704.0,profit
item_0411,15,90.0,38,1350.0,3420.0,profit
item_0412,36,92.0,89,3312.0,8188.0,profit
item_0413,40,45.0,88,1800.0,3960.0,profit
item_0414,26,114.0,48,2964.0,5472.0,profit
item_0415,32,103.0,46,3296.0,4738.0,profit
item_0416,40,91.0,40,3640.0,3640.0,profit
item_0417,27,109.0,17,2943.0,1853.0,profit
item_0418,18,89.0,96,1602.0,8544.0,profit
item_0419,48,84.0,47,4032.0,3948.0,profit
item_0420,8,32.0,37,256.0,1184.0,profit
item_0421,27,25.0,51,675.0,1275.0,profit
item_0422,3,59.0,97,177.0,5723.0,profit
item_0423,9,61.0,19,549.0,1159.0,profit
item_0424,11,150.0,94,1650.0,14100.0,profit
item_0425,14,84.0,46,1176.0,3864.0,profit
item_0426,26,127.0,62,3302.0,7874.0,profit
item_0427,32,150.0,76,4800.0,11400.0,profit
item_0428,1,114.0,70,114.0,7980.0,profit
item_0429,35,24.0,37,840.0,888.0,profit
item_0430,44,124.0,50,5456.0,6200.0,profit
item_0431,14,141.0,33,1974.0,4653.0,profit
item_0432,30,65.0,13,1950.0,845.0,profit
item_0433,15,54.0,10,810.0,540.0,profit
item_0434,11,141.0,73,1551.0,10293.0,profit
item_0435,26,67.0,19,1742.0,1273.0,profit
item_0436,18,103.0,20,1854.0,2060.0,profit
item_0437,28,37.0,88,1036.0,3256.0,profit
item_0438,49,105.0,50,5145.0,5250.0,profit
item_0439,12,125.0,44,1500.0,5500.0,profit
item_0440,2,79.0,84,158.0,6636.0,profit
item_0441,39,98.0,19,3822.0,1862.0,profit
item_0442,18,77.0,14,1386.0,1078.0,profit
item_0443,47,50.0,56,2350.0,2800.0,profit
item_0444,33,34.0,77,1122.0,2618.0,profit
item_0445,13,124.0,85,1612.0,10540.0,profit
item_0446,36,121.0,87,4356.0,10527.0,profit
item_0447,15,119.0,60,1785.0,7140.0,profit
item_0448,29,32.0,87,928.0,2784.0,profit
item_0449,23,24.0,34,552.0,816.0,profit
item_0450,17,145.0,99,2465.0,14355.0,profit
item_0451,5,114.0,37,570.0,4218.0,profit
item_0452,20,23.0,15,460.0,345.0,profit
item_0453,6,40.0,87,240.0,3480.0,profit
item_0454,43,125.0,75,5375.0,9375.0,profit
item_0455,41,83.0,62,3403.0,5146.0,profit
item_0456,15,129.0,83,1935.0,10707.0,profit
item_0457,8,59.0,91,472.0,5369.0,profit
item_0458,20,147.0,38,2940.0,5586.0,profit
item_0459,49,38.0,43,1862.0,1634.0,profit
item_0460,10,66.0,84,660.0,5544.0,profit
item_0461,42,126.0,75,5292.0,9450.0,profit
item_0462,0,140.0,69,0.0,9660.0,loss
item_0463,47,106.0,20,4982.0,2120.0,profit
item_0464,8,143.0,29,1144.0,4147.0,profit
item_0465,29,126.0,29,3654.0,3654.0,profit
item_0466,12,83.0,70,996.0,5810.0,profit
item_0467,6,100.0,68,600.0,6800.0,profit
item_0468,10,46.0,67,460.0,3082.0,profit
item_0469,14,60.0,31,840.0,1860.0,profit
item_0470,48,147.0,36,7056.0,5292.0,profit
item_0471,43,52.0,93,2236.0,4836.0,profit
item_3583,4,121.0,55,484.0,6655.0,profit
item_0472,47,141.0,85,6627.0,11985.0,profit
item_0473,46,48.0,37,2208.0,1776.0,profit
item_0474,24,83.0,96,1992.0,7968.0,profit
item_0475,27,15.0,75,405.0,1125.0,profit
item_0476,41,150.0,29,6150.0,4350.0,profit
item_0477,40,75.0,100,3000.0,7500.0,profit
item_0478,37,124.0,12,4588.0,1488.0,profit
item_0479,28,133.0,30,3724.0,3990.0,profit
item_0480,44,131.0,43,5764.0,5633.0,profit
item_0481,47,130.0,98,6110.0,12740.0,profit
item_0482,7,59.0,68,413.0,4012.0,profit
item_0483,25,104.0,87,2600.0,9048.0,profit
item_0484,19,139.0,16,2641.0,2224.0,profit
item_0485,25,129.0,98,3225.0,12642.0,profit
item_0486,36,123.0,78,4428.0,9594.0,profit
item_0487,4,146.0,36,584.0,5256.0,profit
item_0488,42,129.0,83,5418.0,10707.0,profit
item_0489,41,104.0,50,4264.0,5200.0,profit
item_0490,42,95.0,32,3990.0,3040.0,profit
item_0491,18,77.0,36,1386.0,2772.0,profit
item_0492,39,135.0,66,5265.0,8910.0,profit
item_0493,38,80.0,86,3040.0,6880.0,profit
item_0494,34,37.0,100,1258.0,3700.0,profit
item_0495,36,144.0,51,5184.0,7344.0,profit
item_0496,27,82.0,81,2214.0,6642.0,profit
item_0497,1,144.0,41,144.0,5904.0,profit
item_0498,49,51.0,91,2499.0,4641.0,profit
item_0499,2,116.0,79,232.0,9164.0,profit
item_0500,22,21.0,62,462.0,1302.0,profit
item_0501,7,62.0,84,434.0,5208.0,profit
item_0502,46,89.0,87,4094.0,7743.0,profit
item_0503,2,105.0,28,210.0,2940.0,profit
item_0504,44,55.0,38,2420.0,2090.0,profit
item_0505,11,28.0,95,308.0,2660.0,profit
item_0506,35,109.0,28,3815.0,3052.0,profit
item_0507,38,24.0,84,912.0,2016.0,profit
item_0508,31,99.0,41,3069.0,4059.0,profit
item_0509,29,57.0,40,1653.0,2280.0,profit
item_0510,25,122.0,34,3050.0,4148.0,profit
item_0511,12,22.0,72,264.0,1584.0,profit
item_0512,19,149.0,61,2831.0,9089.0,profit
item_0513,28,29.0,34,812.0,986.0,profit
item_0514,17,68.0,11,1156.0,748.0,profit
item_0515,46,48.0,94,2208.0,4512.0,profit
item_0516,31,89.0,49,2759.0,4361.0,profit
item_0517,8,21.0,89,168.0,1869.0,profit
item_0518,46,112.0,94,5152.0,10528.0,profit
item_0519,18,24.0,74,432.0,1776.0,profit
item_0520,27,29.0,79,783.0,2291.0,profit
item_0521,36,139.0,13,5004.0,1807.0,profit
item_0522,19,126.0,47,2394.0,5922.0,profit
item_0523,19,107.0,64,2033.0,6848.0,profit
item_0524,18,108.0,67,1944.0,7236.0,profit
item_0525,27,23.0,48,621.0,1104.0,profit
item_0526,48,23.0,27,1104.0,621.0,profit
item_0527,37,97.0,47,3589.0,4559.0,profit
item_0528,37,60.0,76,2220.0,4560.0,profit
item_0529,21,125.0,15,2625.0,1875.0,profit
item_0530,23,26.0,99,598.0,2574.0,profit
item_0531,5,142.0,93,710.0,13206.0,profit
item_0532,23,31.0,82,713.0,2542.0,profit
item_0533,3,84.0,13,252.0,1092.0,profit
item_0534,48,85.0,32,4080.0,2720.0,profit
item_0535,17,118.0,62,2006.0,7316.0,profit
item_0536,32,76.0,75,2432.0,5700.0,profit
item_0537,15,38.0,80,570.0,3040.0,profit
item_0538,21,112.0,26,2352.0,2912.0,profit
item_0539,9,115.0,69,1035.0,7935.0,profit
item_0540,50,130.0,75,6500.0,9750.0,profit
item_0541,43,44.0,24,1892.0,1056.0,profit
item_0542,25,73.0,29,1825.0,2117.0,profit
item_0543,29,100.0,97,2900.0,9700.0,profit
item_0544,11,137.0,89,1507.0,12193.0,profit
item_0545,10,101.0,37,1010.0,3737.0,profit
item_0546,21,32.0,47,672.0,1504.0,profit
item_0547,48,139.0,10,6672.0,1390.0,profit
item_0548,22,68.0,79,1496.0,5372.0,profit
item_0549,15,33.0,49,495.0,1617.0,profit
item_0550,4,80.0,22,320.0,1760.0,profit
item_0551,39,137.0,67,5343.0,9179.0,profit
item_0552,4,82.0,90,328.0,7380.0,profit
item_0553,32,102.0,69,3264.0,7038.0,profit
item_0554,32,62.0,45,1984.0,2790.0,profit
item_0555,41,118.0,44,4838.0,5192.0,profit
item_0556,1,27.0,99,27.0,2673.0,profit
item_0557,20,15.0,65,300.0,975.0,profit
item_0558,11,145.0,76,1595.0,11020.0,profit
item_0559,26,53.0,86,1378.0,4558.0,profit
item_0560,9,21.0,72,189.0,1512.0,profit
item_0561,3,84.0,36,252.0,3024.0,profit
item_0562,26,45.0,50,1170.0,2250.0,profit
item_0563,17,100.0,98,1700.0,9800.0,profit
item_0564,47,69.0,84,3243.0,5796.0,profit
item_0565,44,110.0,95,4840.0,10450.0,profit
item_0566,37,136.0,95,5032.0,12920.0,profit
item_0567,1,141.0,44,141.0,6204.0,profit
item_0568,29,19.0,32,551.0,608.0,profit
item_0569,6,60.0,11,360.0,660.0,profit
item_0570,33,82.0,33,2706.0,2706.0,profit
item_0571,13,99.0,98,1287.0,9702.0,profit
item_0572,19,90.0,84,1710.0,7560.0,profit
item_0573,42,88.0,92,3696.0,8096.0,profit
item_0574,37,29.0,95,1073.0,2755.0,profit
item_0575,45,127.0,73,5715.0,9271.0,profit
item_0576,12,60.0,82,720.0,4920.0,profit
item_0577,11,127.0,93,1397.0,11811.0,profit
item_0578,25,150.0,86,3750.0,12900.0,profit
item_0579,9,98.0,28,882.0,2744.0,profit
item_0580,19,128.0,17,2432.0,2176.0,profit
item_0581,3,122.0,47,366.0,5734.0,profit
item_0582,8,148.0,53,1184.0,7844.0,profit
item_0583,47,98.0,39,4606.0,3822.0,profit
item_0584,19,146.0,51,2774.0,7446.0,profit
item_0585,14,48.0,94,672.0,4512.0,profit
item_0586,44,77.0,79,3388.0,6083.0,profit
item_0587,40,27.0,30,1080.0,810.0,profit
item_0588,10,24.0,94,240.0,2256.0,profit
item_0589,0,38.0,89,0.0,3382.0,loss
item_0590,12,132.0,13,1584.0,1716.0,profit
item_0591,29,71.0,82,2059.0,5822.0,profit
item_0592,36,28.0,76,1008.0,2128.0,profit
item_0593,39,34.0,10,1326.0,340.0,profit
item_0594,39,70.0,49,2730.0,3430.0,profit
item_0595,21,21.0,90,441.0,1890.0,profit
item_0596,13,16.0,34,208.0,544.0,profit
item_0597,44,74.0,77,3256.0,5698.0,profit
item_0598,47,20.0,44,940.0,880.0,profit
item_0599,35,62.0,36,2170.0,2232.0,profit
item_0600,43,126.0,90,5418.0,11340.0,profit
item_0601,39,24.0,81,936.0,1944.0,profit
item_0602,44,41.0,74,1804.0,3034.0,profit
item_0603,49,72.0,100,3528.0,7200.0,profit
item_0604,21,127.0,42,2667.0,5334.0,profit
item_0605,1,40.0,14,40.0,560.0,profit
item_0606,49,100.0,20,4900.0,2000.0,profit
item_0607,43,91.0,76,3913.0,6916.0,profit
item_0608,41,71.0,43,2911.0,3053.0,profit
item_0609,30,144.0,53,4320.0,7632.0,profit
item_0610,28,37.0,86,1036.0,3182.0,profit
item_0611,45,133.0,10,5985.0,1330.0,profit
item_0612,7,121.0,43,847.0,5203.0,profit
item_0613,33,92.0,36,3036.0,3312.0,profit
item_0614,16,96.0,95,1536.0,9120.0,profit
item_0615,18,61.0,33,1098.0,2013.0,profit
item_0616,0,77.0,74,0.0,5698.0,loss
item_0617,10,98.0,44,980.0,4312.0,profit
item_0618,23,60.0,25,1380.0,1500.0,profit
item_0619,12,16.0,71,192.0,1136.0,profit
item_0620,47,116.0,10,5452.0,1160.0,profit
item_0621,22,108.0,76,2376.0,8208.0,profit
item_0622,15,37.0,36,555.0,1332.0,profit
item_0623,3,122.0,60,366.0,7320.0,profit
item_0624,3,130.0,54,390.0,7020.0,profit
item_0625,14,78.0,40,1092.0,3120.0,profit
item_0626,46,103.0,94,4738.0,9682.0,profit
item_0627,8,145.0,27,1160.0,3915.0,profit
item_0628,45,66.0,18,2970.0,1188.0,profit
item_0629,17,52.0,80,884.0,4160.0,profit
item_0630,33,98.0,65,3234.0,6370.0,profit
item_0631,25,122.0,48,3050.0,5856.0,profit
item_0632,28,64.0,69,1792.0,4416.0,profit
item_0633,49,57.0,52,2793.0,2964.0,profit
item_0634,48,64.0,21,3072.0,1344.0,profit
item_0635,41,38.0,90,1558.0,3420.0,profit
item_0636,43,91.0,12,3913.0,1092.0,profit
item_0637,48,128.0,64,6144.0,8192.0,profit
item_0638,18,146.0,38,2628.0,5548.0,profit
item_0639,22,49.0,18,1078.0,882.0,profit
item_0640,7,66.0,72,462.0,4752.0,profit
item_0641,48,121.0,26,5808.0,3146.0,profit
item_0642,43,78.0,85,3354.0,6630.0,profit
item_0643,35,116.0,46,4060.0,5336.0,profit
item_0644,15,37.0,38,555.0,1406.0,profit
item_0645,30,104.0,67,3120.0,6968.0,profit
item_0646,4,57.0,81,228.0,4617.0,profit
item_0647,36,53.0,51,1908.0,2703.0,profit
item_0648,29,94.0,17,2726.0,1598.0,profit
item_0649,33,115.0,92,3795.0,10580.0,profit
item_0650,26,22.0,13,572.0,286.0,profit
item_0651,13,41.0,82,533.0,3362.0,profit
item_0652,4,116.0,75,464.0,8700.0,profit
item_0653,14,81.0,27,1134.0,2187.0,profit
item_0654,27,98.0,97,2646.0,9506.0,profit
item_0655,19,97.0,83,1843.0,8051.0,profit
item_0656,10,32.0,90,320.0,2880.0,profit
item_0657,14,93.0,46,1302.0,4278.0,profit
item_0658,17,18.0,93,306.0,1674.0,profit
item_0659,5,31.0,93,155.0,2883.0,profit
item_0660,3,78.0,47,234.0,3666.0,profit
item_0661,29,89.0,100,2581.0,8900.0,profit
item_0662,1,31.0,50,31.0,1550.0,profit
item_0663,13,21.0,73,273.0,1533.0,profit
item_0664,3,77.0,42,231.0,3234.0,profit
item_0665,41,147.0,43,6027.0,6321.0,profit
item_0666,45,125.0,77,5625.0,9625.0,profit
item_0667,38,83.0,42,3154.0,3486.0,profit
item_0668,39,57.0,14,2223.0,798.0,profit
item_0669,31,23.0,47,713.0,1081.0,profit
item_0670,50,78.0,64,3900.0,4992.0,profit
item_0671,33,132.0,68,4356.0,8976.0,profit
item_0672,8,115.0,66,920.0,7590.0,profit
item_0673,25,142.0,81,3550.0,11502.0,profit
item_0674,43,146.0,99,6278.0,14454.0,profit
item_0675,43,102.0,88,4386.0,8976.0,profit
item_0676,11,132.0,43,1452.0,5676.0,profit
item_0677,19,30.0,59,570.0,1770.0,profit
item_0678,42,21.0,31,882.0,651.0,profit
item_0679,2,78.0,13,156.0,1014.0,profit
item_0680,31,22.0,10,682.0,220.0,profit
item_0681,27,68.0,84,1836.0,5712.0,profit
item_0682,25,101.0,83,2525.0,8383.0,profit
item_0683,9,121.0,68,1089.0,8228.0,profit
item_0684,3,88.0,90,264.0,7920.0,profit
item_0685,7,104.0,98,728.0,10192.0,profit
item_0686,26,99.0,84,2574.0,8316.0,profit
item_0687,43,71.0,14,3053.0,994.0,profit
item_0688,35,140.0,62,4900.0,8680.0,profit
item_0689,46,61.0,35,2806.0,2135.0,profit
item_0690,25,42.0,57,1050.0,2394.0,profit
item_0691,19,57.0,88,1083.0,5016.0,profit
item_0692,5,58.0,44,290.0,2552.0,profit
item_0693,11,67.0,30,737.0,2010.0,profit
item_0694,10,32.0,35,320.0,1120.0,profit
item_0695,29,28.0,18,812.0,504.0,profit
item_0696,12,56.0,18,672.0,1008.0,profit
item_0697,22,56.0,64,1232.0,3584.0,profit
item_0698,19,95.0,72,1805.0,6840.0,profit
item_0699,48,41.0,28,1968.0,1148.0,profit
item_0700,1,49.0,61,49.0,2989.0,profit
item_0701,2,51.0,36,102.0,1836.0,profit
item_0702,31,48.0,27,1488.0,1296.0,profit
item_0703,32,91.0,46,2912.0,4186.0,profit
item_0704,25,49.0,21,1225.0,1029.0,profit
item_0705,5,47.0,41,235.0,1927.0,profit
item_0706,45,29.0,78,1305.0,2262.0,profit
item_0707,22,76.0,79,1672.0,6004.0,profit
item_0708,50,87.0,32,4350.0,2784.0,profit
item_0709,1,29.0,18,29.0,522.0,profit
item_0710,26,22.0,17,572.0,374.0,profit
item_0711,50,35.0,75,1750.0,2625.0,profit
item_0712,16,115.0,83,1840.0,9545.0,profit
item_0713,50,18.0,19,900.0,342.0,profit
item_0714,10,118.0,26,1180.0,3068.0,profit
item_0715,35,36.0,51,1260.0,1836.0,profit
item_0716,21,113.0,67,2373.0,7571.0,profit
item_0717,23,114.0,75,2622.0,8550.0,profit
item_0718,11,37.0,98,407.0,3626.0,profit
item_0719,27,19.0,81,513.0,1539.0,profit
item_0720,20,100.0,93,2000.0,9300.0,profit
item_0721,38,69.0,92,2622.0,6348.0,profit
item_0722,19,135.0,84,2565.0,11340.0,profit
item_0723,10,76.0,19,760.0,1444.0,profit
item_0724,12,70.0,47,840.0,3290.0,profit
item_0725,18,62.0,31,1116.0,1922.0,profit
item_0726,27,102.0,21,2754.0,2142.0,profit
item_0727,34,126.0,51,4284.0,6426.0,profit
item_0728,32,43.0,18,1376.0,774.0,profit
item_0729,16,101.0,12,1616.0,1212.0,profit
item_0730,16,73.0,12,1168.0,876.0,profit
item_0731,22,64.0,15,1408.0,960.0,profit
item_0732,27,136.0,28,3672.0,3808.0,profit
item_0733,22,38.0,100,836.0,3800.0,profit
item_0734,5,23.0,72,115.0,1656.0,profit
item_0735,37,145.0,79,5365.0,11455.0,profit
item_0736,35,146.0,60,5110.0,8760.0,profit
item_0737,11,23.0,83,253.0,1909.0,profit
item_0738,25,145.0,58,3625.0,8410.0,profit
item_0739,49,60.0,73,2940.0,4380.0,profit
item_0740,2,102.0,84,204.0,8568.0,profit
item_0741,34,107.0,10,3638.0,1070.0,profit
item_0742,20,112.0,19,2240.0,2128.0,profit
item_0743,41,58.0,15,2378.0,870.0,profit
item_0744,46,20.0,96,920.0,1920.0,profit
item_0745,13,122.0,16,1586.0,1952.0,profit
item_0746,10,101.0,38,1010.0,3838.0,profit
item_0747,48,107.0,70,5136.0,7490.0,profit
item_0748,12,33.0,15,396.0,495.0,profit
item_0749,34,146.0,21,4964.0,3066.0,profit
item_0750,22,102.0,58,2244.0,5916.0,profit
item_0751,3,126.0,54,378.0,6804.0,profit
item_0752,8,90.0,10,720.0,900.0,profit
item_0753,33,32.0,45,1056.0,1440.0,profit
item_0754,40,83.0,71,3320.0,5893.0,profit
item_0755,45,37.0,34,1665.0,1258.0,profit
item_0756,33,72.0,32,2376.0,2304.0,profit
item_0757,31,142.0,96,4402.0,13632.0,profit
item_0758,22,94.0,53,2068.0,4982.0,profit
item_0759,44,148.0,28,6512.0,4144.0,profit
item_0760,8,38.0,28,304.0,1064.0,profit
item_0761,8,32.0,69,256.0,2208.0,profit
item_0762,47,87.0,98,4089.0,8526.0,profit
item_0763,17,27.0,13,459.0,351.0,profit
item_0764,1,41.0,13,41.0,533.0,profit
item_0765,15,110.0,96,1650.0,10560.0,profit
item_0766,6,41.0,30,246.0,1230.0,profit
item_0767,35,150.0,54,5250.0,8100.0,profit
item_0768,47,126.0,12,5922.0,1512.0,profit
item_0769,14,114.0,15,1596.0,1710.0,profit
item_0770,43,75.0,55,3225.0,4125.0,profit
item_0771,13,135.0,47,1755.0,6345.0,profit
item_0772,7,19.0,25,133.0,475.0,profit
item_0773,38,28.0,57,1064.0,1596.0,profit
item_0774,5,129.0,28,645.0,3612.0,profit
item_0775,25,28.0,21,700.0,588.0,profit
item_0776,35,89.0,70,3115.0,6230.0,profit
item_0777,24,136.0,12,3264.0,1632.0,profit
item_0778,25,109.0,65,2725.0,7085.0,profit
item_0779,30,104.0,39,3120.0,4056.0,profit
item_0780,8,68.0,95,544.0,6460.0,profit
item_0781,38,92.0,12,3496.0,1104.0,profit
item_0782,0,130.0,60,0.0,7800.0,loss
item_0783,39,123.0,11,4797.0,1353.0,profit
item_0784,25,97.0,92,2425.0,8924.0,profit
item_0785,41,98.0,41,4018.0,4018.0,profit
item_0786,23,68.0,72,1564.0,4896.0,profit
item_0787,45,101.0,38,4545.0,3838.0,profit
item_0788,40,34.0,75,1360.0,2550.0,profit
item_0789,38,18.0,85,684.0,1530.0,profit
item_0790,30,145.0,26,4350.0,3770.0,profit
item_0791,30,68.0,100,2040.0,6800.0,profit
item_0792,46,60.0,57,2760.0,3420.0,profit
item_0793,10,90.0,27,900.0,2430.0,profit
item_0794,49,93.0,20,4557.0,1860.0,profit
item_0795,15,96.0,29,1440.0,2784.0,profit
item_0796,1,79.0,14,79.0,1106.0,profit
item_0797,49,74.0,45,3626.0,3330.0,profit
item_0798,16,19.0,63,304.0,1197.0,profit
item_0799,22,84.0,70,1848.0,5880.0,profit
item_0800,23,84.0,12,1932.0,1008.0,profit
item_0801,25,127.0,66,3175.0,8382.0,profit
item_0802,0,60.0,49,0.0,2940.0,loss
item_0803,29,51.0,16,1479.0,816.0,profit
item_0804,4,25.0,83,100.0,2075.0,profit
item_0805,49,41.0,37,2009.0,1517.0,profit
item_0806,1,38.0,39,38.0,1482.0,profit
item_0807,30,115.0,14,3450.0,1610.0,profit
item_0808,22,115.0,26,2530.0,2990.0,profit
item_0809,28,101.0,33,2828.0,3333.0,profit
item_0810,21,116.0,99,2436.0,11484.0,profit
item_0811,30,86.0,65,2580.0,5590.0,profit
item_0812,49,34.0,57,1666.0,1938.0,profit
item_0813,23,62.0,67,1426.0,4154.0,profit
item_0814,31,131.0,36,4061.0,4716.0,profit
item_0815,29,83.0,66,2407.0,5478.0,profit
item_0816,49,100.0,100,4900.0,10000.0,profit
item_0817,1,135.0,66,135.0,8910.0,profit
item_0818,37,135.0,71,4995.0,9585.0,profit
item_0819,23,112.0,83,2576.0,9296.0,profit
item_0820,25,48.0,69,1200.0,3312.0,profit
item_0821,8,139.0,52,1112.0,7228.0,profit
item_0822,31,132.0,41,4092.0,5412.0,profit
item_0823,48,111.0,58,5328.0,6438.0,profit
item_0824,46,58.0,31,2668.0,1798.0,profit
item_0825,46,46.0,66,2116.0,3036.0,profit
item_0826,23,47.0,70,1081.0,3290.0,profit
item_0827,15,128.0,69,1920.0,8832.0,profit
item_0828,24,60.0,95,1440.0,5700.0,profit
item_0829,45,137.0,66,6165.0,9042.0,profit
item_0830,3,111.0,10,333.0,1110.0,profit
item_0831,12,31.0,100,372.0,3100.0,profit
item_0832,11,77.0,46,847.0,3542.0,profit
item_0833,20,57.0,25,1140.0,1425.0,profit
item_0834,11,150.0,76,1650.0,11400.0,profit
item_0835,26,105.0,28,2730.0,2940.0,profit
item_0836,16,150.0,19,2400.0,2850.0,profit
item_0837,36,81.0,52,2916.0,4212.0,profit
item_0838,49,50.0,91,2450.0,4550.0,profit
item_0839,47,52.0,18,2444.0,936.0,profit
item_0840,12,87.0,95,1044.0,8265.0,profit
item_0841,7,45.0,98,315.0,4410.0,profit
item_0842,19,22.0,92,418.0,2024.0,profit
item_0843,40,102.0,100,4080.0,10200.0,profit
item_0844,46,15.0,34,690.0,510.0,profit
item_0845,40,60.0,65,2400.0,3900.0,profit
item_0846,10,132.0,77,1320.0,10164.0,profit
item_0847,41,50.0,40,2050.0,2000.0,profit
item_0848,9,94.0,27,846.0,2538.0,profit
item_0849,36,95.0,46,3420.0,4370.0,profit
item_0850,15,52.0,60,780.0,3120.0,profit
item_0851,11,80.0,82,880.0,6560.0,profit
item_0852,21,109.0,87,2289.0,9483.0,profit
item_0853,25,66.0,13,1650.0,858.0,profit
item_0854,20,28.0,55,560.0,1540.0,profit
item_0855,33,62.0,60,2046.0,3720.0,profit
item_0856,12,96.0,62,1152.0,5952.0,profit
item_0857,44,95.0,91,4180.0,8645.0,profit
item_0858,21,96.0,31,2016.0,2976.0,profit
item_0859,43,85.0,35,3655.0,2975.0,profit
item_0860,40,92.0,97,3680.0,8924.0,profit
item_0861,31,50.0,91,1550.0,4550.0,profit
item_0862,18,67.0,91,1206.0,6097.0,profit
item_0863,17,16.0,70,272.0,1120.0,profit
item_0864,15,136.0,42,2040.0,5712.0,profit
item_0865,20,58.0,25,1160.0,1450.0,profit
item_0866,15,70.0,42,1050.0,2940.0,profit
item_0867,43,123.0,97,5289.0,11931.0,profit
item_0868,0,145.0,52,0.0,7540.0,loss
item_0869,28,81.0,68,2268.0,5508.0,profit
item_0870,14,97.0,69,1358.0,6693.0,profit
item_0871,33,96.0,15,3168.0,1440.0,profit
item_0872,17,18.0,75,306.0,1350.0,profit
item_0873,7,38.0,18,266.0,684.0,profit
item_0874,45,80.0,65,3600.0,5200.0,profit
item_0875,15,39.0,93,585.0,3627.0,profit
item_0876,49,64.0,43,3136.0,2752.0,profit
item_0877,25,17.0,85,425.0,1445.0,profit
item_0878,4,90.0,66,360.0,5940.0,profit
item_0879,6,122.0,30,732.0,3660.0,profit
item_0880,11,124.0,90,1364.0,11160.0,profit
item_0881,33,131.0,92,4323.0,12052.0,profit
item_0882,37,140.0,17,5180.0,2380.0,profit
item_0883,11,57.0,97,627.0,5529.0,profit
item_0884,26,124.0,47,3224.0,5828.0,profit
item_0885,3,48.0,92,144.0,4416.0,profit
item_0886,11,79.0,86,869.0,6794.0,profit
item_0887,26,136.0,82,3536.0,11152.0,profit
item_0888,38,37.0,91,1406.0,3367.0,profit
item_0889,28,137.0,38,3836.0,5206.0,profit
item_0890,45,72.0,53,3240.0,3816.0,profit
item_0891,19,106.0,13,2014.0,1378.0,profit
item_0892,38,85.0,83,3230.0,7055.0,profit
item_0893,23,95.0,34,2185.0,3230.0,profit
item_0894,46,39.0,15,1794.0,585.0,profit
item_0895,11,100.0,36,1100.0,3600.0,profit
item_0896,35,65.0,41,2275.0,2665.0,profit
item_0897,49,61.0,35,2989.0,2135.0,profit
item_0898,28,19.0,42,532.0,798.0,profit
item_0899,39,84.0,51,3276.0,4284.0,profit
item_0900,31,32.0,74,992.0,2368.0,profit
item_0901,28,114.0,75,3192.0,8550.0,profit
item_0902,30,109.0,43,3270.0,4687.0,profit
item_0903,46,129.0,14,5934.0,1806.0,profit
item_0904,29,50.0,53,1450.0,2650.0,profit
item_0905,14,136.0,34,1904.0,4624.0,profit
item_0906,26,64.0,14,1664.0,896.0,profit
item_0907,18,146.0,54,2628.0,7884.0,profit
item_0908,43,54.0,68,2322.0,3672.0,profit
item_0909,38,149.0,68,5662.0,10132.0,profit
item_0910,10,31.0,59,310.0,1829.0,profit
item_0911,19,17.0,15,323.0,255.0,profit
item_0912,33,135.0,16,4455.0,2160.0,profit
item_0913,1,74.0,67,74.0,4958.0,profit
item_0914,46,130.0,74,5980.0,9620.0,profit
item_0915,45,127.0,57,5715.0,7239.0,profit
item_0916,0,103.0,74,0.0,7622.0,loss
item_0917,34,71.0,22,2414.0,1562.0,profit
item_0918,29,112.0,92,3248.0,10304.0,profit
item_0919,0,68.0,48,0.0,3264.0,loss
item_0920,9,100.0,53,900.0,5300.0,profit
item_0921,46,63.0,98,2898.0,6174.0,profit
item_0922,4,58.0,14,232.0,812.0,profit
item_0923,9,129.0,66,1161.0,8514.0,profit
item_0924,36,59.0,60,2124.0,3540.0,profit
item_0925,45,105.0,63,4725.0,6615.0,profit
item_0926,48,143.0,50,6864.0,7150.0,profit
item_0927,47,82.0,42,3854.0,3444.0,profit
item_0928,25,64.0,70,1600.0,4480.0,profit
item_0929,24,58.0,84,1392.0,4872.0,profit
item_0930,22,131.0,81,2882.0,10611.0,profit
item_0931,28,147.0,52,4116.0,7644.0,profit
item_0932,14,146.0,67,2044.0,9782.0,profit
item_0933,14,41.0,74,574.0,3034.0,profit
item_0934,6,84.0,36,504.0,3024.0,profit
item_0935,37,107.0,52,3959.0,5564.0,profit
item_0936,14,61.0,35,854.0,2135.0,profit
item_0937,4,38.0,20,152.0,760.0,profit
item_0938,39,111.0,31,4329.0,3441.0,profit
item_0939,2,64.0,55,128.0,3520.0,profit
item_0940,24,101.0,100,2424.0,10100.0,profit
item_0941,47,21.0,35,987.0,735.0,profit
item_0942,34,83.0,99,2822.0,8217.0,profit
item_0943,22,56.0,59,1232.0,3304.0,profit
item_0944,2,144.0,25,288.0,3600.0,profit
item_0945,44,111.0,92,4884.0,10212.0,profit
item_0946,38,144.0,53,5472.0,7632.0,profit
item_0947,18,70.0,44,1260.0,3080.0,profit
item_0948,7,36.0,72,252.0,2592.0,profit
item_0949,10,46.0,86,460.0,3956.0,profit
item_0950,16,43.0,35,688.0,1505.0,profit
item_0951,4,79.0,55,316.0,4345.0,profit
item_0952,20,119.0,37,2380.0,4403.0,profit
item_0953,22,122.0,17,2684.0,2074.0,profit
item_0954,4,56.0,44,224.0,2464.0,profit
item_0955,0,143.0,25,0.0,3575.0,loss
item_0956,40,106.0,33,4240.0,3498.0,profit
item_0957,16,54.0,63,864.0,3402.0,profit
item_0958,34,41.0,63,1394.0,2583.0,profit
item_0959,45,15.0,46,675.0,690.0,profit
item_0960,18,82.0,54,1476.0,4428.0,profit
item_0961,48,42.0,49,2016.0,2058.0,profit
item_0962,35,72.0,26,2520.0,1872.0,profit
item_0963,21,145.0,97,3045.0,14065.0,profit
item_0964,41,19.0,20,779.0,380.0,profit
item_0965,29,71.0,85,2059.0,6035.0,profit
item_0966,29,147.0,19,4263.0,2793.0,profit
item_0967,17,35.0,44,595.0,1540.0,profit
item_0968,0,127.0,100,0.0,12700.0,loss
item_0969,50,48.0,98,2400.0,4704.0,profit
item_0970,26,84.0,76,2184.0,6384.0,profit
item_0971,19,80.0,37,1520.0,2960.0,profit
item_0972,19,139.0,74,2641.0,10286.0,profit
item_0973,34,22.0,35,748.0,770.0,profit
item_0974,8,86.0,12,688.0,1032.0,profit
item_0975,31,68.0,64,2108.0,4352.0,profit
item_0976,41,84.0,53,3444.0,4452.0,profit
item_0977,41,116.0,50,4756.0,5800.0,profit
item_0978,17,29.0,56,493.0,1624.0,profit
item_0979,5,88.0,73,440.0,6424.0,profit
item_0980,37,26.0,27,962.0,702.0,profit
item_0981,32,60.0,87,1920.0,5220.0,profit
item_0982,15,110.0,98,1650.0,10780.0,profit
item_0983,28,94.0,36,2632.0,3384.0,profit
item_0984,35,64.0,75,2240.0,4800.0,profit
item_0985,44,43.0,53,1892.0,2279.0,profit
item_0986,26,82.0,24,2132.0,1968.0,profit
item_0987,4,78.0,34,312.0,2652.0,profit
item_0988,7,80.0,70,560.0,5600.0,profit
item_0989,31,16.0,64,496.0,1024.0,profit
item_0990,40,59.0,86,2360.0,5074.0,profit
item_0991,35,29.0,83,1015.0,2407.0,profit
item_0992,47,121.0,52,5687.0,6292.0,profit
item_0993,11,112.0,25,1232.0,2800.0,profit
item_0994,6,60.0,13,360.0,780.0,profit
item_0995,9,29.0,65,261.0,1885.0,profit
item_0996,14,105.0,50,1470.0,5250.0,profit
item_0997,46,88.0,61,4048.0,5368.0,profit
item_0998,20,94.0,47,1880.0,4418.0,profit
item_0999,17,17.0,100,289.0,1700.0,profit
item_1000,6,100.0,66,600.0,6600.0,profit
item_1001,8,98.0,65,784.0,6370.0,profit
item_1002,27,84.0,21,2268.0,1764.0,profit
item_1003,37,70.0,34,2590.0,2380.0,profit
item_1004,10,139.0,52,1390.0,7228.0,profit
item_1005,25,29.0,18,725.0,522.0,profit
item_1006,41,25.0,60,1025.0,1500.0,profit
item_1007,32,39.0,66,1248.0,2574.0,profit
item_1008,2,34.0,83,68.0,2822.0,profit
item_1009,25,69.0,26,1725.0,1794.0,profit
item_1010,12,21.0,99,252.0,2079.0,profit
item_1011,50,147.0,68,7350.0,9996.0,profit
item_1012,17,82.0,87,1394.0,7134.0,profit
item_1013,30,38.0,75,1140.0,2850.0,profit
item_1014,10,32.0,71,320.0,2272.0,profit
item_1015,28,101.0,44,2828.0,4444.0,profit
item_1016,41,28.0,71,1148.0,1988.0,profit
item_1017,8,76.0,69,608.0,5244.0,profit
item_1018,47,17.0,82,799.0,1394.0,profit
item_1019,40,141.0,74,5640.0,10434.0,profit
item_1020,40,48.0,41,1920.0,1968.0,profit
item_1021,32,18.0,40,576.0,720.0,profit
item_1022,20,74.0,71,1480.0,5254.0,profit
item_1023,24,23.0,30,552.0,690.0,profit
item_1024,35,147.0,29,5145.0,4263.0,profit
item_1025,24,26.0,68,624.0,1768.0,profit
item_1026,33,52.0,31,1716.0,1612.0,profit
item_1027,27,91.0,17,2457.0,1547.0,profit
item_1028,7,60.0,17,420.0,1020.0,profit
item_1029,4,139.0,84,556.0,11676.0,profit
item_1030,35,146.0,31,5110.0,4526.0,profit
item_1031,3,134.0,71,402.0,9514.0,profit
item_1032,16,24.0,45,384.0,1080.0,profit
item_1033,6,44.0,87,264.0,3828.0,profit
item_1034,32,35.0,76,1120.0,2660.0,profit
item_1035,1,127.0,10,127.0,1270.0,profit
item_1036,32,85.0,69,2720.0,5865.0,profit
item_1037,16,62.0,44,992.0,2728.0,profit
item_1038,17,40.0,71,680.0,2840.0,profit
item_1039,29,69.0,70,2001.0,4830.0,profit
item_1040,47,92.0,67,4324.0,6164.0,profit
item_1041,47,53.0,45,2491.0,2385.0,profit
item_1042,3,103.0,73,309.0,7519.0,profit
item_1043,16,57.0,31,912.0,1767.0,profit
item_1044,46,149.0,87,6854.0,12963.0,profit
item_1045,26,22.0,15,572.0,330.0,profit
item_1046,29,15.0,45,435.0,675.0,profit
item_1047,11,30.0,19,330.0,570.0,profit
item_1048,14,62.0,82,868.0,5084.0,profit
item_1049,50,111.0,75,5550.0,8325.0,profit
item_1050,34,67.0,14,2278.0,938.0,profit
item_1051,14,50.0,15,700.0,750.0,profit
item_1052,34,24.0,48,816.0,1152.0,profit
item_1053,22,73.0,13,1606.0,949.0,profit
item_1054,44,41.0,11,1804.0,451.0,profit
item_1055,15,59.0,19,885.0,1121.0,profit
item_1056,47,87.0,99,4089.0,8613.0,profit
item_1057,19,24.0,23,456.0,552.0,profit
item_1058,46,68.0,68,3128.0,4624.0,profit
item_1059,4,34.0,67,136.0,2278.0,profit
item_1060,4,124.0,88,496.0,10912.0,profit
item_1061,16,50.0,51,800.0,2550.0,profit
item_1062,17,41.0,59,697.0,2419.0,profit
item_1063,9,82.0,39,738.0,3198.0,profit
item_1064,48,61.0,31,2928.0,1891.0,profit
item_1065,9,148.0,42,1332.0,6216.0,profit
item_1066,31,114.0,27,3534.0,3078.0,profit
item_1067,8,55.0,91,440.0,5005.0,profit
item_1068,41,149.0,60,6109.0,8940.0,profit
item_1069,50,135.0,68,6750.0,9180.0,profit
item_1070,5,100.0,70,500.0,7000.0,profit
item_1071,48,27.0,87,1296.0,2349.0,profit
item_1072,46,49.0,99,2254.0,4851.0,profit
item_1073,9,93.0,12,837.0,1116.0,profit
item_1074,45,142.0,10,6390.0,1420.0,profit
item_1075,7,44.0,25,308.0,1100.0,profit
item_1076,5,82.0,98,410.0,8036.0,profit
item_1077,32,89.0,83,2848.0,7387.0,profit
item_1078,12,22.0,44,264.0,968.0,profit
item_1079,50,48.0,10,2400.0,480.0,profit
item_1080,42,41.0,58,1722.0,2378.0,profit
item_1081,35,37.0,43,1295.0,1591.0,profit
item_1082,4,18.0,82,72.0,1476.0,profit
item_1083,36,84.0,24,3024.0,2016.0,profit
item_1084,0,59.0,22,0.0,1298.0,loss
item_1085,33,133.0,48,4389.0,6384.0,profit
item_1086,41,129.0,14,5289.0,1806.0,profit
item_1087,4,117.0,26,468.0,3042.0,profit
item_1088,33,129.0,28,4257.0,3612.0,profit
item_1089,18,136.0,99,2448.0,13464.0,profit
item_1090,41,95.0,45,3895.0,4275.0,profit
item_1091,28,139.0,44,3892.0,6116.0,profit
item_1092,15,91.0,43,1365.0,3913.0,profit
item_1093,43,59.0,32,2537.0,1888.0,profit
item_1094,47,133.0,24,6251.0,3192.0,profit
item_1095,16,145.0,73,2320.0,10585.0,profit
item_1096,10,150.0,98,1500.0,14700.0,profit
item_1097,49,61.0,12,2989.0,732.0,profit
item_1098,15,39.0,14,585.0,546.0,profit
item_1099,23,105.0,75,2415.0,7875.0,profit
item_1100,16,43.0,61,688.0,2623.0,profit
item_1101,32,133.0,50,4256.0,6650.0,profit
item_1102,1,58.0,87,58.0,5046.0,profit
item_1103,1,37.0,50,37.0,1850.0,profit
item_1104,12,25.0,23,300.0,575.0,profit
item_1105,40,47.0,20,1880.0,940.0,profit
item_1106,16,148.0,70,2368.0,10360.0,profit
item_1107,7,64.0,77,448.0,4928.0,profit
item_1108,19,77.0,70,1463.0,5390.0,profit
item_1109,26,47.0,61,1222.0,2867.0,profit
item_1110,5,84.0,22,420.0,1848.0,profit
item_1111,39,34.0,74,1326.0,2516.0,profit
item_1112,42,118.0,85,4956.0,10030.0,profit
item_1113,41,112.0,62,4592.0,6944.0,profit
item_1114,50,128.0,74,6400.0,9472.0,profit
item_1115,33,88.0,76,2904.0,6688.0,profit
item_1116,47,89.0,82,4183.0,7298.0,profit
item_1117,36,25.0,63,900.0,1575.0,profit
item_1118,4,145.0,22,580.0,3190.0,profit
item_1119,46,141.0,61,6486.0,8601.0,profit
item_1120,18,81.0,91,1458.0,7371.0,profit
item_1121,23,34.0,73,782.0,2482.0,profit
item_1122,37,140.0,11,5180.0,1540.0,profit
item_1123,40,16.0,30,640.0,480.0,profit
item_1124,39,84.0,34,3276.0,2856.0,profit
item_1125,20,23.0,75,460.0,1725.0,profit
item_1126,45,58.0,24,2610.0,1392.0,profit
item_1127,44,113.0,87,4972.0,9831.0,profit
item_1128,10,93.0,26,930.0,2418.0,profit
item_1129,29,81.0,11,2349.0,891.0,profit
item_1130,1,20.0,29,20.0,580.0,profit
item_1131,4,133.0,13,532.0,1729.0,profit
item_1132,10,95.0,90,950.0,8550.0,profit
item_1133,38,56.0,10,2128.0,560.0,profit
item_1134,24,73.0,72,1752.0,5256.0,profit
item_1135,32,110.0,72,3520.0,7920.0,profit
item_1136,27,113.0,91,3051.0,10283.0,profit
item_1137,33,32.0,96,1056.0,3072.0,profit
item_1138,45,58.0,69,2610.0,4002.0,profit
item_1139,29,123.0,88,3567.0,10824.0,profit
item_1140,23,96.0,70,2208.0,6720.0,profit
item_1141,36,50.0,95,1800.0,4750.0,profit
item_1142,47,93.0,28,4371.0,2604.0,profit
item_1143,18,66.0,37,1188.0,2442.0,profit
item_1144,9,93.0,65,837.0,6045.0,profit
item_1145,15,65.0,65,975.0,4225.0,profit
item_1146,14,125.0,62,1750.0,7750.0,profit
item_1147,26,74.0,39,1924.0,2886.0,profit
item_1148,20,137.0,26,2740.0,3562.0,profit
item_1149,8,82.0,59,656.0,4838.0,profit
item_1150,32,70.0,83,2240.0,5810.0,profit
item_1151,31,47.0,73,1457.0,3431.0,profit
item_1152,25,126.0,57,3150.0,7182.0,profit
item_1153,29,78.0,91,2262.0,7098.0,profit
item_1154,13,144.0,67,1872.0,9648.0,profit
item_1155,43,33.0,26,1419.0,858.0,profit
item_1156,6,96.0,69,576.0,6624.0,profit
item_1157,48,149.0,75,7152.0,11175.0,profit
item_1158,4,59.0,23,236.0,1357.0,profit
item_1159,3,66.0,27,198.0,1782.0,profit
item_1160,24,55.0,89,1320.0,4895.0,profit
item_1161,17,40.0,12,680.0,480.0,profit
item_1162,13,22.0,46,286.0,1012.0,profit
item_1163,25,23.0,90,575.0,2070.0,profit
item_1164,29,128.0,33,3712.0,4224.0,profit
item_1165,29,85.0,93,2465.0,7905.0,profit
item_1166,23,126.0,10,2898.0,1260.0,profit
item_1167,18,99.0,57,1782.0,5643.0,profit
item_1168,48,49.0,51,2352.0,2499.0,profit
item_1169,6,81.0,41,486.0,3321.0,profit
item_1170,34,137.0,49,4658.0,6713.0,profit
item_1171,20,125.0,47,2500.0,5875.0,profit
item_1172,15,126.0,11,1890.0,1386.0,profit
item_1173,4,92.0,12,368.0,1104.0,profit
item_1174,9,104.0,61,936.0,6344.0,profit
item_1175,31,100.0,11,3100.0,1100.0,profit
item_1176,0,143.0,67,0.0,9581.0,loss
item_1177,17,123.0,70,2091.0,8610.0,profit
item_1178,16,15.0,62,240.0,930.0,profit
item_1179,6,132.0,91,792.0,12012.0,profit
item_1180,49,100.0,93,4900.0,9300.0,profit
item_1181,9,98.0,34,882.0,3332.0,profit
item_1182,40,105.0,68,4200.0,7140.0,profit
item_1183,49,93.0,24,4557.0,2232.0,profit
item_1184,44,126.0,37,5544.0,4662.0,profit
item_1185,25,17.0,15,425.0,255.0,profit
item_1186,47,62.0,42,2914.0,2604.0,profit
item_1187,26,16.0,50,416.0,800.0,profit
item_1188,11,47.0,11,517.0,517.0,profit
item_1189,30,96.0,92,2880.0,8832.0,profit
item_1190,12,81.0,34,972.0,2754.0,profit
item_1191,46,79.0,31,3634.0,2449.0,profit
item_1192,25,118.0,29,2950.0,3422.0,profit
item_1193,0,126.0,23,0.0,2898.0,loss
item_1194,8,145.0,25,1160.0,3625.0,profit
item_1195,4,35.0,76,140.0,2660.0,profit
item_1196,6,29.0,76,174.0,2204.0,profit
item_1197,16,108.0,39,1728.0,4212.0,profit
item_1198,38,108.0,44,4104.0,4752.0,profit
item_1199,17,15.0,91,255.0,1365.0,profit
item_1200,32,50.0,29,1600.0,1450.0,profit
item_1201,41,48.0,73,1968.0,3504.0,profit
item_1202,7,65.0,19,455.0,1235.0,profit
item_1203,23,87.0,66,2001.0,5742.0,profit
item_1204,28,21.0,69,588.0,1449.0,profit
item_1205,29,135.0,12,3915.0,1620.0,profit
item_1206,39,48.0,36,1872.0,1728.0,profit
item_1207,50,79.0,21,3950.0,1659.0,profit
item_1208,43,104.0,17,4472.0,1768.0,profit
item_1209,26,113.0,44,2938.0,4972.0,profit
item_1210,9,52.0,11,468.0,572.0,profit
item_1211,6,121.0,92,726.0,11132.0,profit
item_1212,19,81.0,60,1539.0,4860.0,profit
item_1213,6,73.0,84,438.0,6132.0,profit
item_1214,1,35.0,23,35.0,805.0,profit
item_1215,26,138.0,85,3588.0,11730.0,profit
item_1216,24,99.0,68,2376.0,6732.0,profit
item_1217,38,15.0,60,570.0,900.0,profit
item_1218,9,56.0,19,504.0,1064.0,profit
item_1219,31,78.0,77,2418.0,6006.0,profit
item_1220,1,119.0,15,119.0,1785.0,profit
item_1221,18,132.0,55,2376.0,7260.0,profit
item_1222,22,22.0,39,484.0,858.0,profit
item_1223,2,22.0,76,44.0,1672.0,profit
item_1224,24,30.0,71,720.0,2130.0,profit
item_1225,19,67.0,90,1273.0,6030.0,profit
item_1226,3,122.0,73,366.0,8906.0,profit
item_1227,2,121.0,65,242.0,7865.0,profit
item_1228,12,128.0,82,1536.0,10496.0,profit
item_1229,24,81.0,89,1944.0,7209.0,profit
item_1230,35,139.0,90,4865.0,12510.0,profit
item_1231,38,133.0,72,5054.0,9576.0,profit
item_1232,37,99.0,59,3663.0,5841.0,profit
item_1233,34,53.0,11,1802.0,583.0,profit
item_1234,16,48.0,23,768.0,1104.0,profit
item_1235,38,124.0,67,4712.0,8308.0,profit
item_1236,15,61.0,89,915.0,5429.0,profit
item_1237,47,107.0,70,5029.0,7490.0,profit
item_1238,28,122.0,70,3416.0,8540.0,profit
item_1239,38,62.0,34,2356.0,2108.0,profit
item_1240,4,21.0,49,84.0,1029.0,profit
item_1241,16,85.0,16,1360.0,1360.0,profit
item_1242,1,128.0,14,128.0,1792.0,profit
item_1243,30,29.0,63,870.0,1827.0,profit
item_1244,45,38.0,81,1710.0,3078.0,profit
item_1245,44,75.0,17,3300.0,1275.0,profit
item_1246,13,76.0,21,988.0,1596.0,profit
item_1247,47,109.0,37,5123.0,4033.0,profit
item_1248,6,32.0,52,192.0,1664.0,profit
item_1249,50,145.0,95,7250.0,13775.0,profit
item_1250,22,30.0,12,660.0,360.0,profit
item_1251,28,66.0,54,1848.0,3564.0,profit
item_1252,34,56.0,80,1904.0,4480.0,profit
item_1253,20,146.0,93,2920.0,13578.0,profit
item_1254,37,101.0,74,3737.0,7474.0,profit
item_1255,14,33.0,72,462.0,2376.0,profit
item_1256,27,145.0,68,3915.0,9860.0,profit
item_1257,37,114.0,25,4218.0,2850.0,profit
item_1258,47,99.0,41,4653.0,4059.0,profit
item_1259,43,134.0,19,5762.0,2546.0,profit
item_1260,4,41.0,18,164.0,738.0,profit
item_1261,2,50.0,66,100.0,3300.0,profit
item_1262,43,137.0,24,5891.0,3288.0,profit
item_1263,19,102.0,27,1938.0,2754.0,profit
item_1264,24,97.0,36,2328.0,3492.0,profit
item_1265,34,128.0,44,4352.0,5632.0,profit
item_1266,31,53.0,35,1643.0,1855.0,profit
item_1267,40,19.0,15,760.0,285.0,profit
item_1268,24,119.0,72,2856.0,8568.0,profit
item_1269,23,37.0,65,851.0,2405.0,profit
item_1270,35,98.0,15,3430.0,1470.0,profit
item_1271,14,120.0,62,1680.0,7440.0,profit
item_1272,32,135.0,17,4320.0,2295.0,profit
item_1273,34,93.0,51,3162.0,4743.0,profit
item_1274,41,50.0,44,2050.0,2200.0,profit
item_1275,26,23.0,74,598.0,1702.0,profit
item_1276,2,121.0,91,242.0,11011.0,profit
item_1277,10,134.0,96,1340.0,12864.0,profit
item_1278,34,100.0,38,3400.0,3800.0,profit
item_1279,17,45.0,21,765.0,945.0,profit
item_1280,3,28.0,74,84.0,2072.0,profit
item_1281,36,116.0,58,4176.0,6728.0,profit
item_1282,14,76.0,99,1064.0,7524.0,profit
item_1283,10,24.0,59,240.0,1416.0,profit
item_1284,33,134.0,89,4422.0,11926.0,profit
item_1285,12,21.0,20,252.0,420.0,profit
item_1286,48,146.0,40,7008.0,5840.0,profit
item_1287,27,102.0,24,2754.0,2448.0,profit
item_1288,24,134.0,32,3216.0,4288.0,profit
item_1289,11,19.0,35,209.0,665.0,profit
item_1290,8,53.0,52,424.0,2756.0,profit
item_1291,14,136.0,90,1904.0,12240.0,profit
item_1292,12,17.0,19,204.0,323.0,profit
item_1293,40,46.0,80,1840.0,3680.0,profit
item_1294,25,120.0,25,3000.0,3000.0,profit
item_1295,19,49.0,78,931.0,3822.0,profit
item_1296,44,57.0,21,2508.0,1197.0,profit
item_1297,31,72.0,75,2232.0,5400.0,profit
item_1298,46,108.0,22,4968.0,2376.0,profit
item_1299,10,69.0,13,690.0,897.0,profit
item_1300,9,113.0,51,1017.0,5763.0,profit
item_1301,12,99.0,29,1188.0,2871.0,profit
item_1302,7,130.0,53,910.0,6890.0,profit
item_1303,34,63.0,16,2142.0,1008.0,profit
item_1304,42,22.0,73,924.0,1606.0,profit
item_1305,15,144.0,17,2160.0,2448.0,profit
item_1306,11,16.0,82,176.0,1312.0,profit
item_1307,6,67.0,68,402.0,4556.0,profit
item_1308,0,131.0,29,0.0,3799.0,loss
item_1309,5,51.0,57,255.0,2907.0,profit
item_1310,49,137.0,82,6713.0,11234.0,profit
item_1311,17,69.0,42,1173.0,2898.0,profit
item_1312,7,110.0,74,770.0,8140.0,profit
item_1313,15,109.0,50,1635.0,5450.0,profit
item_1314,10,39.0,47,390.0,1833.0,profit
item_1315,32,135.0,69,4320.0,9315.0,profit
item_1316,28,35.0,73,980.0,2555.0,profit
item_1317,10,20.0,68,200.0,1360.0,profit
item_1318,11,148.0,60,1628.0,8880.0,profit
item_1319,36,82.0,50,2952.0,4100.0,profit
item_1320,31,107.0,53,3317.0,5671.0,profit
item_1321,28,129.0,49,3612.0,6321.0,profit
item_1322,1,111.0,41,111.0,4551.0,profit
item_1323,34,69.0,66,2346.0,4554.0,profit
item_1324,40,25.0,32,1000.0,800.0,profit
item_1325,12,69.0,10,828.0,690.0,profit
item_1326,3,48.0,10,144.0,480.0,profit
item_1327,31,91.0,41,2821.0,3731.0,profit
item_1328,42,140.0,35,5880.0,4900.0,profit
item_1329,29,149.0,36,4321.0,5364.0,profit
item_1330,7,67.0,23,469.0,1541.0,profit
item_1331,18,111.0,67,1998.0,7437.0,profit
item_1332,24,17.0,15,408.0,255.0,profit
item_1333,21,29.0,17,609.0,493.0,profit
item_1334,47,62.0,82,2914.0,5084.0,profit
item_1335,32,16.0,88,512.0,1408.0,profit
item_1336,2,52.0,69,104.0,3588.0,profit
item_1337,37,23.0,78,851.0,1794.0,profit
item_1338,31,19.0,100,589.0,1900.0,profit
item_1339,24,45.0,20,1080.0,900.0,profit
item_1340,10,107.0,11,1070.0,1177.0,profit
item_1341,45,63.0,53,2835.0,3339.0,profit
item_1342,33,65.0,58,2145.0,3770.0,profit
item_1343,5,88.0,38,440.0,3344.0,profit
item_1344,48,56.0,20,2688.0,1120.0,profit
item_1345,34,37.0,22,1258.0,814.0,profit
item_1346,11,105.0,63,1155.0,6615.0,profit
item_1347,8,128.0,51,1024.0,6528.0,profit
item_1348,10,142.0,65,1420.0,9230.0,profit
item_1349,42,88.0,68,3696.0,5984.0,profit
item_1350,13,35.0,31,455.0,1085.0,profit
item_1351,46,66.0,59,3036.0,3894.0,profit
item_1352,31,70.0,92,2170.0,6440.0,profit
item_1353,26,116.0,99,3016.0,11484.0,profit
item_1354,49,148.0,60,7252.0,8880.0,profit
item_1355,8,37.0,61,296.0,2257.0,profit
item_1356,5,123.0,20,615.0,2460.0,profit
item_1357,9,143.0,74,1287.0,10582.0,profit
item_1358,5,33.0,91,165.0,3003.0,profit
item_1359,0,37.0,52,0.0,1924.0,loss
item_1360,17,105.0,68,1785.0,7140.0,profit
item_1361,41,19.0,16,779.0,304.0,profit
item_1362,16,98.0,27,1568.0,2646.0,profit
item_1363,29,128.0,74,3712.0,9472.0,profit
item_1364,2,84.0,42,168.0,3528.0,profit
item_1365,45,78.0,65,3510.0,5070.0,profit
item_1366,25,104.0,80,2600.0,8320.0,profit
item_1367,27,118.0,67,3186.0,7906.0,profit
item_1368,9,108.0,27,972.0,2916.0,profit
item_1369,12,26.0,36,312.0,936.0,profit
item_1370,23,77.0,23,1771.0,1771.0,profit
item_1371,36,31.0,45,1116.0,1395.0,profit
item_1372,4,36.0,79,144.0,2844.0,profit
item_1373,37,78.0,30,2886.0,2340.0,profit
item_1374,44,62.0,88,2728.0,5456.0,profit
item_1375,5,77.0,34,385.0,2618.0,profit
item_1376,49,68.0,39,3332.0,2652.0,profit
item_1377,49,54.0,64,2646.0,3456.0,profit
item_1378,27,109.0,83,2943.0,9047.0,profit
item_1379,12,24.0,85,288.0,2040.0,profit
item_1380,27,138.0,36,3726.0,4968.0,profit
item_1381,26,126.0,98,3276.0,12348.0,profit
item_1382,21,25.0,58,525.0,1450.0,profit
item_1383,8,130.0,97,1040.0,12610.0,profit
item_1384,31,34.0,56,1054.0,1904.0,profit
item_1385,3,77.0,57,231.0,4389.0,profit
item_1386,1,32.0,28,32.0,896.0,profit
item_1387,49,108.0,64,5292.0,6912.0,profit
item_1388,35,130.0,60,4550.0,7800.0,profit
item_1389,16,96.0,52,1536.0,4992.0,profit
item_1390,1,19.0,18,19.0,342.0,profit
item_1391,12,73.0,46,876.0,3358.0,profit
item_1392,34,65.0,88,2210.0,5720.0,profit
item_1393,44,96.0,76,4224.0,7296.0,profit
item_1394,47,48.0,74,2256.0,3552.0,profit
item_1395,33,34.0,28,1122.0,952.0,profit
item_1396,44,94.0,25,4136.0,2350.0,profit
item_1397,19,100.0,76,1900.0,7600.0,profit
item_1398,19,130.0,89,2470.0,11570.0,profit
item_1399,14,138.0,21,1932.0,2898.0,profit
item_1400,4,17.0,24,68.0,408.0,profit
item_1401,9,64.0,41,576.0,2624.0,profit
item_1402,50,47.0,49,2350.0,2303.0,profit
item_1403,2,67.0,27,134.0,1809.0,profit
item_1404,38,121.0,39,4598.0,4719.0,profit
item_1405,34,142.0,39,4828.0,5538.0,profit
item_1406,47,32.0,65,1504.0,2080.0,profit
item_1407,45,101.0,54,4545.0,5454.0,profit
item_1408,49,58.0,64,2842.0,3712.0,profit
item_1409,45,131.0,28,5895.0,3668.0,profit
item_1410,50,65.0,62,3250.0,4030.0,profit
item_1411,44,130.0,91,5720.0,11830.0,profit
item_1412,29,62.0,82,1798.0,5084.0,profit
item_1413,31,127.0,51,3937.0,6477.0,profit
item_1414,26,27.0,80,702.0,2160.0,profit
item_1415,38,30.0,46,1140.0,1380.0,profit
item_1416,44,27.0,63,1188.0,1701.0,profit
item_1417,28,137.0,77,3836.0,10549.0,profit
item_1418,11,49.0,71,539.0,3479.0,profit
item_1419,33,68.0,85,2244.0,5780.0,profit
item_1420,9,132.0,45,1188.0,5940.0,profit
item_1421,4,105.0,70,420.0,7350.0,profit
item_1422,22,132.0,18,2904.0,2376.0,profit
item_1423,19,136.0,44,2584.0,5984.0,profit
item_1424,41,39.0,50,1599.0,1950.0,profit
item_1425,45,138.0,73,6210.0,10074.0,profit
item_1426,2,132.0,21,264.0,2772.0,profit
item_1427,32,85.0,26,2720.0,2210.0,profit
item_1428,2,81.0,17,162.0,1377.0,profit
item_1429,10,65.0,51,650.0,3315.0,profit
item_1430,21,103.0,80,2163.0,8240.0,profit
item_1431,26,122.0,52,3172.0,6344.0,profit
item_1432,10,139.0,42,1390.0,5838.0,profit
item_1433,29,140.0,95,4060.0,13300.0,profit
item_1434,3,109.0,71,327.0,7739.0,profit
item_1435,35,130.0,21,4550.0,2730.0,profit
item_1436,20,124.0,17,2480.0,2108.0,profit
item_1437,10,25.0,63,250.0,1575.0,profit
item_1438,21,51.0,75,1071.0,3825.0,profit
item_1439,28,32.0,88,896.0,2816.0,profit
item_1440,8,56.0,97,448.0,5432.0,profit
item_1441,20,107.0,16,2140.0,1712.0,profit
item_1442,2,36.0,65,72.0,2340.0,profit
item_1443,46,23.0,79,1058.0,1817.0,profit
item_1444,2,19.0,48,38.0,912.0,profit
item_1445,23,92.0,29,2116.0,2668.0,profit
item_1446,6,93.0,77,558.0,7161.0,profit
item_1447,0,138.0,94,0.0,12972.0,loss
item_1448,12,43.0,44,516.0,1892.0,profit
item_1449,13,53.0,54,689.0,2862.0,profit
item_1450,27,26.0,48,702.0,1248.0,profit
item_1451,21,90.0,67,1890.0,6030.0,profit
item_1452,30,137.0,71,4110.0,9727.0,profit
item_1453,47,145.0,36,6815.0,5220.0,profit
item_1454,50,110.0,31,5500.0,3410.0,profit
item_1455,33,56.0,98,1848.0,5488.0,profit
item_1456,37,75.0,85,2775.0,6375.0,profit
item_1457,1,62.0,23,62.0,1426.0,profit
item_1458,31,94.0,45,2914.0,4230.0,profit
item_1459,30,32.0,99,960.0,3168.0,profit
item_1460,49,100.0,81,4900.0,8100.0,profit
item_1461,33,41.0,17,1353.0,697.0,profit
item_1462,47,32.0,72,1504.0,2304.0,profit
item_1463,45,86.0,54,3870.0,4644.0,profit
item_1464,47,77.0,21,3619.0,1617.0,profit
item_1465,33,60.0,54,1980.0,3240.0,profit
item_1466,40,60.0,75,2400.0,4500.0,profit
item_1467,8,78.0,25,624.0,1950.0,profit
item_1468,0,23.0,13,0.0,299.0,loss
item_1469,24,80.0,43,1920.0,3440.0,profit
item_1470,8,110.0,17,880.0,1870.0,profit
item_1471,15,75.0,36,1125.0,2700.0,profit
item_1472,40,98.0,68,3920.0,6664.0,profit
item_1473,11,25.0,68,275.0,1700.0,profit
item_1474,4,31.0,64,124.0,1984.0,profit
item_1475,42,70.0,97,2940.0,6790.0,profit
item_1476,26,32.0,43,832.0,1376.0,profit
item_1477,23,124.0,37,2852.0,4588.0,profit
item_1478,46,31.0,62,1426.0,1922.0,profit
item_1479,18,52.0,47,936.0,2444.0,profit
item_1480,48,15.0,72,720.0,1080.0,profit
item_1481,50,86.0,40,4300.0,3440.0,profit
item_1482,12,75.0,85,900.0,6375.0,profit
item_1483,19,103.0,90,1957.0,9270.0,profit
item_1484,3,112.0,100,336.0,11200.0,profit
item_1485,23,120.0,51,2760.0,6120.0,profit
item_1486,31,37.0,15,1147.0,555.0,profit
item_1487,33,25.0,57,825.0,1425.0,profit
item_1488,27,67.0,34,1809.0,2278.0,profit
item_1489,20,101.0,81,2020.0,8181.0,profit
item_1490,42,57.0,70,2394.0,3990.0,profit
item_1491,37,81.0,33,2997.0,2673.0,profit
item_1492,38,77.0,40,2926.0,3080.0,profit
item_1493,38,33.0,37,1254.0,1221.0,profit
item_1494,48,35.0,94,1680.0,3290.0,profit
item_1495,18,68.0,61,1224.0,4148.0,profit
item_1496,49,47.0,20,2303.0,940.0,profit
item_1497,40,59.0,95,2360.0,5605.0,profit
item_1498,41,138.0,60,5658.0,8280.0,profit
item_1499,42,86.0,82,3612.0,7052.0,profit
item_1500,12,104.0,23,1248.0,2392.0,profit
item_1501,38,149.0,92,5662.0,13708.0,profit
item_1502,9,86.0,36,774.0,3096.0,profit
item_1503,25,150.0,33,3750.0,4950.0,profit
item_1504,1,54.0,73,54.0,3942.0,profit
item_1505,36,35.0,62,1260.0,2170.0,profit
item_1506,22,44.0,40,968.0,1760.0,profit
item_1507,46,142.0,93,6532.0,13206.0,profit
item_1508,30,58.0,32,1740.0,1856.0,profit
item_1509,21,88.0,47,1848.0,4136.0,profit
item_1510,29,72.0,88,2088.0,6336.0,profit
item_1511,1,64.0,42,64.0,2688.0,profit
item_1512,50,124.0,100,6200.0,12400.0,profit
item_1513,44,124.0,99,5456.0,12276.0,profit
item_1514,12,109.0,53,1308.0,5777.0,profit
item_1515,5,109.0,24,545.0,2616.0,profit
item_1516,26,67.0,98,1742.0,6566.0,profit
item_1517,15,44.0,63,660.0,2772.0,profit
item_1518,12,71.0,88,852.0,6248.0,profit
item_1519,6,68.0,65,408.0,4420.0,profit
item_1520,10,100.0,93,1000.0,9300.0,profit
item_1521,13,140.0,73,1820.0,10220.0,profit
item_1522,40,20.0,35,800.0,700.0,profit
item_1523,8,23.0,88,184.0,2024.0,profit
item_1524,30,49.0,62,1470.0,3038.0,profit
item_1525,15,137.0,91,2055.0,12467.0,profit
item_1526,39,63.0,97,2457.0,6111.0,profit
item_1527,40,29.0,16,1160.0,464.0,profit
item_1528,19,19.0,70,361.0,1330.0,profit
item_1529,21,60.0,83,1260.0,4980.0,profit
item_1530,37,146.0,41,5402.0,5986.0,profit
item_1531,11,81.0,68,891.0,5508.0,profit
item_1532,17,29.0,25,493.0,725.0,profit
item_1533,18,124.0,47,2232.0,5828.0,profit
item_1534,23,104.0,43,2392.0,4472.0,profit
item_1535,13,105.0,89,1365.0,9345.0,profit
item_1536,46,111.0,39,5106.0,4329.0,profit
item_1537,32,53.0,69,1696.0,3657.0,profit
item_1538,7,36.0,64,252.0,2304.0,profit
item_1539,29,64.0,87,1856.0,5568.0,profit
item_1540,39,73.0,18,2847.0,1314.0,profit
item_1541,1,104.0,36,104.0,3744.0,profit
item_1542,30,18.0,72,540.0,1296.0,profit
item_1543,35,105.0,43,3675.0,4515.0,profit
item_1544,38,146.0,27,5548.0,3942.0,profit
item_1545,47,102.0,11,4794.0,1122.0,profit
item_1546,30,148.0,90,4440.0,13320.0,profit
item_1547,39,32.0,87,1248.0,2784.0,profit
item_1548,50,90.0,89,4500.0,8010.0,profit
item_1549,6,76.0,18,456.0,1368.0,profit
item_1550,45,67.0,20,3015.0,1340.0,profit
item_1551,31,60.0,44,1860.0,2640.0,profit
item_1552,8,28.0,60,224.0,1680.0,profit
item_1553,36,21.0,20,756.0,420.0,profit
item_1554,12,70.0,39,840.0,2730.0,profit
item_1555,21,75.0,53,1575.0,3975.0,profit
item_1556,41,103.0,31,4223.0,3193.0,profit
item_1557,24,30.0,53,720.0,1590.0,profit
item_1558,9,100.0,69,900.0,6900.0,profit
item_1559,47,61.0,49,2867.0,2989.0,profit
item_1560,33,38.0,32,1254.0,1216.0,profit
item_1561,28,126.0,65,3528.0,8190.0,profit
item_1562,21,19.0,43,399.0,817.0,profit
item_1563,14,86.0,44,1204.0,3784.0,profit
item_1564,30,149.0,44,4470.0,6556.0,profit
item_1565,5,40.0,86,200.0,3440.0,profit
item_1566,34,72.0,60,2448.0,4320.0,profit
item_1567,9,127.0,97,1143.0,12319.0,profit
item_1568,19,74.0,84,1406.0,6216.0,profit
item_1569,42,50.0,72,2100.0,3600.0,profit
item_1570,28,115.0,81,3220.0,9315.0,profit
item_1571,17,83.0,62,1411.0,5146.0,profit
item_1572,14,115.0,31,1610.0,3565.0,profit
item_1573,49,23.0,90,1127.0,2070.0,profit
item_1574,21,46.0,79,966.0,3634.0,profit
item_1575,16,122.0,68,1952.0,8296.0,profit
item_1576,11,64.0,24,704.0,1536.0,profit
item_1577,0,84.0,83,0.0,6972.0,loss
item_1578,10,109.0,49,1090.0,5341.0,profit
item_1579,28,126.0,38,3528.0,4788.0,profit
item_1580,36,77.0,84,2772.0,6468.0,profit
item_1581,26,27.0,22,702.0,594.0,profit
item_1582,37,131.0,69,4847.0,9039.0,profit
item_1583,6,101.0,94,606.0,9494.0,profit
item_1584,7,37.0,64,259.0,2368.0,profit
item_1585,28,118.0,16,3304.0,1888.0,profit
item_1586,6,15.0,90,90.0,1350.0,profit
item_1587,30,139.0,45,4170.0,6255.0,profit
item_1588,38,134.0,35,5092.0,4690.0,profit
item_1589,29,110.0,67,3190.0,7370.0,profit
item_1590,2,49.0,48,98.0,2352.0,profit
item_1591,34,86.0,38,2924.0,3268.0,profit
item_1592,23,82.0,84,1886.0,6888.0,profit
item_1593,28,69.0,20,1932.0,1380.0,profit
item_1594,42,89.0,68,3738.0,6052.0,profit
item_1595,39,31.0,92,1209.0,2852.0,profit
item_1596,23,121.0,72,2783.0,8712.0,profit
item_1597,11,150.0,25,1650.0,3750.0,profit
item_1598,22,121.0,85,2662.0,10285.0,profit
item_1599,26,46.0,25,1196.0,1150.0,profit
item_1600,19,36.0,83,684.0,2988.0,profit
item_1601,14,99.0,65,1386.0,6435.0,profit
item_1602,36,125.0,62,4500.0,7750.0,profit
item_1603,35,48.0,87,1680.0,4176.0,profit
item_1604,30,89.0,88,2670.0,7832.0,profit
item_1605,30,46.0,68,1380.0,3128.0,profit
item_1606,41,95.0,20,3895.0,1900.0,profit
item_1607,16,93.0,40,1488.0,3720.0,profit
item_1608,28,53.0,55,1484.0,2915.0,profit
item_1609,48,70.0,64,3360.0,4480.0,profit
item_1610,39,87.0,32,3393.0,2784.0,profit
item_1611,15,142.0,24,2130.0,3408.0,profit
item_1612,43,90.0,82,3870.0,7380.0,profit
item_1613,39,128.0,98,4992.0,12544.0,profit
item_1614,34,59.0,19,2006.0,1121.0,profit
item_1615,25,116.0,87,2900.0,10092.0,profit
item_1616,3,60.0,96,180.0,5760.0,profit
item_1617,39,136.0,10,5304.0,1360.0,profit
item_1618,15,112.0,71,1680.0,7952.0,profit
item_1619,28,98.0,39,2744.0,3822.0,profit
item_1620,26,131.0,85,3406.0,11135.0,profit
item_1621,37,117.0,84,4329.0,9828.0,profit
item_1622,44,48.0,43,2112.0,2064.0,profit
item_1623,40,60.0,81,2400.0,4860.0,profit
item_1624,0,36.0,33,0.0,1188.0,loss
item_1625,32,44.0,47,1408.0,2068.0,profit
item_1626,47,107.0,27,5029.0,2889.0,profit
item_1627,48,55.0,78,2640.0,4290.0,profit
item_1628,46,149.0,68,6854.0,10132.0,profit
item_1629,40,72.0,84,2880.0,6048.0,profit
item_1630,46,147.0,63,6762.0,9261.0,profit
item_1631,13,128.0,77,1664.0,9856.0,profit
item_1632,20,97.0,15,1940.0,1455.0,profit
item_1633,42,28.0,97,1176.0,2716.0,profit
item_1634,6,22.0,42,132.0,924.0,profit
item_1635,43,108.0,42,4644.0,4536.0,profit
item_1636,24,21.0,60,504.0,1260.0,profit
item_1637,37,87.0,43,3219.0,3741.0,profit
item_1638,12,54.0,22,648.0,1188.0,profit
item_1639,3,109.0,60,327.0,6540.0,profit
item_1640,45,137.0,72,6165.0,9864.0,profit
item_1641,10,141.0,33,1410.0,4653.0,profit
item_1642,47,45.0,34,2115.0,1530.0,profit
item_1643,31,29.0,14,899.0,406.0,profit
item_1644,7,142.0,56,994.0,7952.0,profit
item_1645,45,20.0,45,900.0,900.0,profit
item_1646,36,107.0,33,3852.0,3531.0,profit
item_1647,38,56.0,73,2128.0,4088.0,profit
item_1648,41,19.0,68,779.0,1292.0,profit
item_1649,8,52.0,89,416.0,4628.0,profit
item_1650,32,29.0,47,928.0,1363.0,profit
item_1651,26,66.0,50,1716.0,3300.0,profit
item_1652,7,28.0,83,196.0,2324.0,profit
item_1653,3,24.0,54,72.0,1296.0,profit
item_1654,19,146.0,16,2774.0,2336.0,profit
item_1655,36,120.0,63,4320.0,7560.0,profit
item_1656,31,23.0,59,713.0,1357.0,profit
item_1657,33,102.0,62,3366.0,6324.0,profit
item_1658,41,40.0,28,1640.0,1120.0,profit
item_1659,47,95.0,21,4465.0,1995.0,profit
item_1660,5,43.0,47,215.0,2021.0,profit
item_1661,48,32.0,63,1536.0,2016.0,profit
item_1662,7,82.0,30,574.0,2460.0,profit
item_1663,46,125.0,36,5750.0,4500.0,profit
item_1664,27,84.0,95,2268.0,7980.0,profit
item_1665,39,26.0,81,1014.0,2106.0,profit
item_1666,12,99.0,15,1188.0,1485.0,profit
item_1667,46,18.0,43,828.0,774.0,profit
item_1668,27,122.0,23,3294.0,2806.0,profit
item_1669,36,29.0,13,1044.0,377.0,profit
item_1670,39,142.0,72,5538.0,10224.0,profit
item_1671,37,68.0,39,2516.0,2652.0,profit
item_1672,29,39.0,14,1131.0,546.0,profit
item_1673,29,55.0,34,1595.0,1870.0,profit
item_1674,32,111.0,91,3552.0,10101.0,profit
item_1675,18,74.0,41,1332.0,3034.0,profit
item_1676,8,146.0,70,1168.0,10220.0,profit
item_1677,18,132.0,55,2376.0,7260.0,profit
item_1678,17,143.0,89,2431.0,12727.0,profit
item_1679,2,146.0,44,292.0,6424.0,profit
item_1680,17,116.0,82,1972.0,9512.0,profit
item_1681,20,99.0,83,1980.0,8217.0,profit
item_1682,38,144.0,28,5472.0,4032.0,profit
item_1683,33,21.0,100,693.0,2100.0,profit
item_1684,35,92.0,78,3220.0,7176.0,profit
item_1685,3,110.0,25,330.0,2750.0,profit
item_1686,2,39.0,80,78.0,3120.0,profit
item_1687,6,47.0,49,282.0,2303.0,profit
item_1688,50,79.0,64,3950.0,5056.0,profit
item_1689,26,91.0,56,2366.0,5096.0,profit
item_1690,43,107.0,99,4601.0,10593.0,profit
item_1691,13,57.0,11,741.0,627.0,profit
item_1692,23,104.0,46,2392.0,4784.0,profit
item_1693,5,87.0,42,435.0,3654.0,profit
item_1694,35,143.0,50,5005.0,7150.0,profit
item_1695,21,129.0,38,2709.0,4902.0,profit
item_1696,3,147.0,57,441.0,8379.0,profit
item_1697,28,78.0,38,2184.0,2964.0,profit
item_1698,41,24.0,97,984.0,2328.0,profit
item_1699,22,118.0,57,2596.0,6726.0,profit
item_1700,18,137.0,18,2466.0,2466.0,profit
item_1701,13,81.0,27,1053.0,2187.0,profit
item_1702,18,81.0,36,1458.0,2916.0,profit
item_1703,16,82.0,14,1312.0,1148.0,profit
item_1704,6,58.0,89,348.0,5162.0,profit
item_1705,21,98.0,83,2058.0,8134.0,profit
item_1706,19,50.0,55,950.0,2750.0,profit
item_1707,16,138.0,60,2208.0,8280.0,profit
item_1708,38,134.0,62,5092.0,8308.0,profit
item_1709,2,101.0,86,202.0,8686.0,profit
item_1710,49,137.0,48,6713.0,6576.0,profit
item_1711,37,55.0,92,2035.0,5060.0,profit
item_1712,27,99.0,16,2673.0,1584.0,profit
item_1713,29,27.0,67,783.0,1809.0,profit
item_1714,35,104.0,38,3640.0,3952.0,profit
item_1715,49,28.0,36,1372.0,1008.0,profit
item_1716,11,108.0,43,1188.0,4644.0,profit
item_1717,23,52.0,22,1196.0,1144.0,profit
item_1718,24,40.0,45,960.0,1800.0,profit
item_1719,18,113.0,27,2034.0,3051.0,profit
item_1720,36,145.0,16,5220.0,2320.0,profit
item_1721,34,149.0,56,5066.0,8344.0,profit
item_1722,39,51.0,85,1989.0,4335.0,profit
item_1723,50,124.0,64,6200.0,7936.0,profit
item_1724,44,111.0,83,4884.0,9213.0,profit
item_1725,40,86.0,37,3440.0,3182.0,profit
item_1726,18,59.0,45,1062.0,2655.0,profit
item_1727,18,77.0,37,1386.0,2849.0,profit
item_1728,34,33.0,64,1122.0,2112.0,profit
item_1729,39,34.0,91,1326.0,3094.0,profit
item_1730,5,41.0,31,205.0,1271.0,profit
item_1731,14,32.0,30,448.0,960.0,profit
item_1732,43,85.0,88,3655.0,7480.0,profit
item_1733,11,150.0,69,1650.0,10350.0,profit
item_1734,25,111.0,88,2775.0,9768.0,profit
item_1735,42,133.0,22,5586.0,2926.0,profit
item_1736,48,36.0,91,1728.0,3276.0,profit
item_1737,29,110.0,71,3190.0,7810.0,profit
item_1738,13,72.0,11,936.0,792.0,profit
item_1739,25,114.0,13,2850.0,1482.0,profit
item_1740,40,51.0,45,2040.0,2295.0,profit
item_1741,9,142.0,12,1278.0,1704.0,profit
item_1742,1,59.0,14,59.0,826.0,profit
item_1743,6,82.0,48,492.0,3936.0,profit
item_1744,15,54.0,100,810.0,5400.0,profit
item_1745,3,110.0,14,330.0,1540.0,profit
item_1746,34,46.0,27,1564.0,1242.0,profit
item_1747,19,67.0,35,1273.0,2345.0,profit
item_1748,39,134.0,63,5226.0,8442.0,profit
item_1749,4,32.0,65,128.0,2080.0,profit
item_1750,37,97.0,86,3589.0,8342.0,profit
item_1751,19,75.0,36,1425.0,2700.0,profit
item_1752,1,91.0,11,91.0,1001.0,profit
item_1753,48,123.0,10,5904.0,1230.0,profit
item_1754,9,41.0,66,369.0,2706.0,profit
item_1755,35,41.0,84,1435.0,3444.0,profit
item_1756,13,112.0,25,1456.0,2800.0,profit
item_1757,42,46.0,50,1932.0,2300.0,profit
item_1758,45,74.0,29,3330.0,2146.0,profit
item_1759,16,26.0,87,416.0,2262.0,profit
item_1760,14,105.0,72,1470.0,7560.0,profit
item_1761,2,82.0,80,164.0,6560.0,profit
item_1762,48,89.0,58,4272.0,5162.0,profit
item_1763,8,85.0,78,680.0,6630.0,profit
item_1764,6,147.0,15,882.0,2205.0,profit
item_1765,19,107.0,43,2033.0,4601.0,profit
item_1766,14,85.0,25,1190.0,2125.0,profit
item_1767,39,58.0,68,2262.0,3944.0,profit
item_1768,9,94.0,52,846.0,4888.0,profit
item_1769,40,143.0,92,5720.0,13156.0,profit
item_1770,9,47.0,65,423.0,3055.0,profit
item_1771,1,16.0,44,16.0,704.0,profit
item_1772,41,35.0,54,1435.0,1890.0,profit
item_1773,31,71.0,51,2201.0,3621.0,profit
item_1774,31,116.0,82,3596.0,9512.0,profit
item_1775,47,75.0,14,3525.0,1050.0,profit
item_1776,23,115.0,52,2645.0,5980.0,profit
item_1777,15,35.0,26,525.0,910.0,profit
item_1778,30,85.0,91,2550.0,7735.0,profit
item_1779,42,124.0,90,5208.0,11160.0,profit
item_1780,37,26.0,88,962.0,2288.0,profit
item_1781,1,124.0,71,124.0,8804.0,profit
item_1782,48,80.0,36,3840.0,2880.0,profit
item_1783,47,48.0,42,2256.0,2016.0,profit
item_1784,3,22.0,46,66.0,1012.0,profit
item_1785,30,115.0,12,3450.0,1380.0,profit
item_1786,2,123.0,21,246.0,2583.0,profit
item_1787,49,114.0,79,5586.0,9006.0,profit
item_1788,4,107.0,29,428.0,3103.0,profit
item_1789,21,113.0,49,2373.0,5537.0,profit
item_1790,8,133.0,14,1064.0,1862.0,profit
item_1791,37,52.0,96,1924.0,4992.0,profit
item_1792,21,74.0,53,1554.0,3922.0,profit
item_1793,16,82.0,29,1312.0,2378.0,profit
item_1794,47,23.0,76,1081.0,1748.0,profit
item_1795,2,139.0,17,278.0,2363.0,profit
item_1796,14,70.0,29,980.0,2030.0,profit
item_1797,38,92.0,54,3496.0,4968.0,profit
item_1798,35,133.0,98,4655.0,13034.0,profit
item_1799,27,56.0,67,1512.0,3752.0,profit
item_1800,35,83.0,11,2905.0,913.0,profit
item_1801,11,15.0,67,165.0,1005.0,profit
item_1802,27,29.0,95,783.0,2755.0,profit
item_1803,35,88.0,27,3080.0,2376.0,profit
item_1804,36,110.0,43,3960.0,4730.0,profit
item_1805,22,108.0,51,2376.0,5508.0,profit
item_1806,39,25.0,49,975.0,1225.0,profit
item_1807,15,73.0,59,1095.0,4307.0,profit
item_1808,25,135.0,99,3375.0,13365.0,profit
item_1809,41,141.0,73,5781.0,10293.0,profit
item_1810,16,37.0,39,592.0,1443.0,profit
item_1811,17,17.0,92,289.0,1564.0,profit
item_1812,17,38.0,77,646.0,2926.0,profit
item_1813,50,103.0,23,5150.0,2369.0,profit
item_1814,48,32.0,19,1536.0,608.0,profit
item_1815,14,77.0,50,1078.0,3850.0,profit
item_1816,31,87.0,66,2697.0,5742.0,profit
item_1817,45,83.0,82,3735.0,6806.0,profit
item_1818,19,135.0,73,2565.0,9855.0,profit
item_1819,29,133.0,69,3857.0,9177.0,profit
item_1820,40,136.0,58,5440.0,7888.0,profit
item_1821,1,115.0,98,115.0,11270.0,profit
item_1822,35,79.0,61,2765.0,4819.0,profit
item_1823,28,100.0,52,2800.0,5200.0,profit
item_1824,36,22.0,12,792.0,264.0,profit
item_1825,43,67.0,47,2881.0,3149.0,profit
item_1826,8,37.0,43,296.0,1591.0,profit
item_1827,3,95.0,62,285.0,5890.0,profit
item_1828,46,60.0,31,2760.0,1860.0,profit
item_1829,49,23.0,41,1127.0,943.0,profit
item_1830,6,97.0,75,582.0,7275.0,profit
item_1831,10,41.0,14,410.0,574.0,profit
item_1832,1,150.0,81,150.0,12150.0,profit
item_1833,5,78.0,71,390.0,5538.0,profit
item_1834,41,18.0,87,738.0,1566.0,profit
item_1835,50,100.0,43,5000.0,4300.0,profit
item_1836,38,16.0,64,608.0,1024.0,profit
item_1837,18,92.0,48,1656.0,4416.0,profit
item_1838,47,27.0,64,1269.0,1728.0,profit
item_1839,48,108.0,88,5184.0,9504.0,profit
item_1840,44,61.0,43,2684.0,2623.0,profit
item_1841,43,120.0,74,5160.0,8880.0,profit
item_1842,11,150.0,68,1650.0,10200.0,profit
item_1843,25,30.0,48,750.0,1440.0,profit
item_1844,15,74.0,73,1110.0,5402.0,profit
item_1845,12,101.0,100,1212.0,10100.0,profit
item_1846,34,39.0,53,1326.0,2067.0,profit
item_1847,39,62.0,100,2418.0,6200.0,profit
item_1848,25,95.0,70,2375.0,6650.0,profit
item_1849,5,115.0,86,575.0,9890.0,profit
item_1850,41,42.0,62,1722.0,2604.0,profit
item_1851,46,59.0,38,2714.0,2242.0,profit
item_1852,34,119.0,32,4046.0,3808.0,profit
item_1853,2,15.0,11,30.0,165.0,profit
item_1854,39,49.0,45,1911.0,2205.0,profit
item_1855,26,25.0,61,650.0,1525.0,profit
item_1856,5,49.0,58,245.0,2842.0,profit
item_1857,3,117.0,78,351.0,9126.0,profit
item_1858,40,73.0,93,2920.0,6789.0,profit
item_1859,27,71.0,84,1917.0,5964.0,profit
item_1860,24,104.0,93,2496.0,9672.0,profit
item_1861,37,43.0,19,1591.0,817.0,profit
item_1862,5,51.0,60,255.0,3060.0,profit
item_1863,44,32.0,79,1408.0,2528.0,profit
item_1864,22,37.0,54,814.0,1998.0,profit
item_1865,32,132.0,48,4224.0,6336.0,profit
item_1866,10,118.0,96,1180.0,11328.0,profit
item_1867,37,31.0,29,1147.0,899.0,profit
item_1868,49,108.0,94,5292.0,10152.0,profit
item_1869,11,107.0,47,1177.0,5029.0,profit
item_1870,37,63.0,32,2331.0,2016.0,profit
item_1871,19,112.0,10,2128.0,1120.0,profit
item_1872,23,30.0,74,690.0,2220.0,profit
item_1873,46,139.0,19,6394.0,2641.0,profit
item_1874,25,27.0,31,675.0,837.0,profit
item_1875,22,64.0,75,1408.0,4800.0,profit
item_1876,25,99.0,67,2475.0,6633.0,profit
item_1877,8,61.0,94,488.0,5734.0,profit
item_1878,16,103.0,36,1648.0,3708.0,profit
item_1879,4,122.0,35,488.0,4270.0,profit
item_1880,2,71.0,36,142.0,2556.0,profit
item_1881,35,74.0,35,2590.0,2590.0,profit
item_1882,8,112.0,43,896.0,4816.0,profit
item_1883,34,63.0,50,2142.0,3150.0,profit
item_1884,37,111.0,59,4107.0,6549.0,profit
item_1885,5,37.0,22,185.0,814.0,profit
item_1886,6,40.0,90,240.0,3600.0,profit
item_1887,26,47.0,80,1222.0,3760.0,profit
item_1888,36,101.0,37,3636.0,3737.0,profit
item_1889,32,53.0,12,1696.0,636.0,profit
item_1890,10,32.0,66,320.0,2112.0,profit
item_1891,36,111.0,20,3996.0,2220.0,profit
item_1892,23,150.0,25,3450.0,3750.0,profit
item_1893,16,122.0,53,1952.0,6466.0,profit
item_1894,26,60.0,17,1560.0,1020.0,profit
item_1895,45,128.0,96,5760.0,12288.0,profit
item_1896,4,55.0,43,220.0,2365.0,profit
item_1897,9,38.0,68,342.0,2584.0,profit
item_1898,0,96.0,63,0.0,6048.0,loss
item_1899,37,45.0,78,1665.0,3510.0,profit
item_1900,42,16.0,12,672.0,192.0,profit
item_1901,4,17.0,67,68.0,1139.0,profit
item_1902,27,124.0,11,3348.0,1364.0,profit
item_1903,42,85.0,66,3570.0,5610.0,profit
item_1904,19,120.0,49,2280.0,5880.0,profit
item_1905,16,50.0,82,800.0,4100.0,profit
item_1906,14,37.0,75,518.0,2775.0,profit
item_1907,6,96.0,84,576.0,8064.0,profit
item_1908,28,114.0,60,3192.0,6840.0,profit
item_1909,18,73.0,33,1314.0,2409.0,profit
item_1910,29,140.0,46,4060.0,6440.0,profit
item_1911,49,72.0,95,3528.0,6840.0,profit
item_1912,36,138.0,45,4968.0,6210.0,profit
item_1913,43,41.0,78,1763.0,3198.0,profit
item_1914,3,101.0,43,303.0,4343.0,profit
item_1915,9,30.0,69,270.0,2070.0,profit
item_1916,5,29.0,55,145.0,1595.0,profit
item_1917,40,127.0,71,5080.0,9017.0,profit
item_1918,5,49.0,30,245.0,1470.0,profit
item_1919,8,27.0,70,216.0,1890.0,profit
item_1920,46,36.0,72,1656.0,2592.0,profit
item_1921,6,129.0,17,774.0,2193.0,profit
item_1922,27,31.0,32,837.0,992.0,profit
item_1923,21,127.0,91,2667.0,11557.0,profit
item_1924,40,24.0,45,960.0,1080.0,profit
item_1925,50,73.0,22,3650.0,1606.0,profit
item_1926,31,76.0,49,2356.0,3724.0,profit
item_1927,6,51.0,30,306.0,1530.0,profit
item_1928,7,127.0,93,889.0,11811.0,profit
item_1929,6,125.0,50,750.0,6250.0,profit
item_1930,27,40.0,89,1080.0,3560.0,profit
item_1931,33,125.0,21,4125.0,2625.0,profit
item_1932,32,138.0,35,4416.0,4830.0,profit
item_1933,7,136.0,92,952.0,12512.0,profit
item_1934,7,115.0,100,805.0,11500.0,profit
item_1935,21,15.0,52,315.0,780.0,profit
item_1936,27,54.0,13,1458.0,702.0,profit
item_1937,4,116.0,56,464.0,6496.0,profit
item_1938,15,99.0,66,1485.0,6534.0,profit
item_1939,44,47.0,92,2068.0,4324.0,profit
item_1940,0,132.0,33,0.0,4356.0,loss
item_1941,46,30.0,26,1380.0,780.0,profit
item_1942,22,47.0,87,1034.0,4089.0,profit
item_1943,28,75.0,66,2100.0,4950.0,profit
item_1944,3,48.0,35,144.0,1680.0,profit
item_1945,21,120.0,21,2520.0,2520.0,profit
item_1946,42,150.0,87,6300.0,13050.0,profit
item_1947,33,28.0,93,924.0,2604.0,profit
item_1948,11,112.0,36,1232.0,4032.0,profit
item_1949,20,84.0,20,1680.0,1680.0,profit
item_1950,14,39.0,100,546.0,3900.0,profit
item_1951,37,150.0,86,5550.0,12900.0,profit
item_1952,49,146.0,80,7154.0,11680.0,profit
item_1953,14,133.0,37,1862.0,4921.0,profit
item_1954,4,41.0,82,164.0,3362.0,profit
item_1955,30,16.0,91,480.0,1456.0,profit
item_1956,32,15.0,67,480.0,1005.0,profit
item_1957,19,99.0,62,1881.0,6138.0,profit
item_1958,47,130.0,90,6110.0,11700.0,profit
item_1959,42,19.0,74,798.0,1406.0,profit
item_1960,43,113.0,78,4859.0,8814.0,profit
item_1961,39,87.0,35,3393.0,3045.0,profit
item_1962,8,73.0,94,584.0,6862.0,profit
item_1963,49,27.0,76,1323.0,2052.0,profit
item_1964,42,38.0,29,1596.0,1102.0,profit
item_1965,29,46.0,73,1334.0,3358.0,profit
item_1966,25,57.0,28,1425.0,1596.0,profit
item_1967,22,94.0,42,2068.0,3948.0,profit
item_1968,19,91.0,52,1729.0,4732.0,profit
item_1969,28,111.0,56,3108.0,6216.0,profit
item_1970,17,70.0,32,1190.0,2240.0,profit
item_1971,12,72.0,91,864.0,6552.0,profit
item_1972,3,34.0,91,102.0,3094.0,profit
item_1973,14,128.0,91,1792.0,11648.0,profit
item_1974,21,29.0,11,609.0,319.0,profit
item_1975,50,91.0,31,4550.0,2821.0,profit
item_1976,17,90.0,50,1530.0,4500.0,profit
item_1977,12,115.0,61,1380.0,7015.0,profit
item_1978,12,139.0,54,1668.0,7506.0,profit
item_1979,49,97.0,15,4753.0,1455.0,profit
item_1980,9,19.0,85,171.0,1615.0,profit
item_1981,13,109.0,77,1417.0,8393.0,profit
item_1982,45,58.0,41,2610.0,2378.0,profit
item_1983,50,51.0,70,2550.0,3570.0,profit
item_1984,18,79.0,23,1422.0,1817.0,profit
item_1985,28,123.0,30,3444.0,3690.0,profit
item_1986,30,70.0,71,2100.0,4970.0,profit
item_1987,33,52.0,36,1716.0,1872.0,profit
item_1988,46,107.0,93,4922.0,9951.0,profit
item_1989,46,148.0,64,6808.0,9472.0,profit
item_1990,46,138.0,81,6348.0,11178.0,profit
item_1991,13,117.0,23,1521.0,2691.0,profit
item_1992,47,52.0,87,2444.0,4524.0,profit
item_1993,7,18.0,86,126.0,1548.0,profit
item_1994,17,32.0,44,544.0,1408.0,profit
item_1995,5,78.0,90,390.0,7020.0,profit
item_1996,23,50.0,80,1150.0,4000.0,profit
item_1997,10,147.0,32,1470.0,4704.0,profit
item_1998,13,129.0,44,1677.0,5676.0,profit
item_1999,32,106.0,19,3392.0,2014.0,profit
item_2000,9,109.0,70,981.0,7630.0,profit
item_2001,48,78.0,41,3744.0,3198.0,profit
item_2002,35,101.0,97,3535.0,9797.0,profit
item_2003,15,25.0,71,375.0,1775.0,profit
item_2004,40,149.0,68,5960.0,10132.0,profit
item_2005,30,82.0,10,2460.0,820.0,profit
item_2006,14,55.0,98,770.0,5390.0,profit
item_2007,40,139.0,74,5560.0,10286.0,profit
item_2008,21,148.0,28,3108.0,4144.0,profit
item_2009,38,106.0,23,4028.0,2438.0,profit
item_2010,22,90.0,87,1980.0,7830.0,profit
item_2011,14,121.0,65,1694.0,7865.0,profit
item_2012,50,31.0,15,1550.0,465.0,profit
item_2013,12,149.0,45,1788.0,6705.0,profit
item_2014,35,106.0,72,3710.0,7632.0,profit
item_2015,11,114.0,82,1254.0,9348.0,profit
item_2016,45,89.0,75,4005.0,6675.0,profit
item_2017,45,115.0,35,5175.0,4025.0,profit
item_2018,48,60.0,74,2880.0,4440.0,profit
item_2019,15,40.0,42,600.0,1680.0,profit
item_2020,39,142.0,17,5538.0,2414.0,profit
item_2021,23,55.0,39,1265.0,2145.0,profit
item_2022,37,46.0,76,1702.0,3496.0,profit
item_2023,2,130.0,81,260.0,10530.0,profit
item_2024,39,94.0,73,3666.0,6862.0,profit
item_2025,47,144.0,57,6768.0,8208.0,profit
item_2026,17,19.0,80,323.0,1520.0,profit
item_2027,34,111.0,11,3774.0,1221.0,profit
item_2028,12,114.0,26,1368.0,2964.0,profit
item_2029,9,82.0,49,738.0,4018.0,profit
item_2030,14,71.0,96,994.0,6816.0,profit
item_2031,0,126.0,11,0.0,1386.0,loss
item_2032,23,88.0,100,2024.0,8800.0,profit
item_2033,18,135.0,35,2430.0,4725.0,profit
item_2034,44,58.0,57,2552.0,3306.0,profit
item_2035,18,29.0,14,522.0,406.0,profit
item_2036,27,61.0,52,1647.0,3172.0,profit
item_2037,37,98.0,87,3626.0,8526.0,profit
item_2038,27,139.0,90,3753.0,12510.0,profit
item_2039,22,147.0,56,3234.0,8232.0,profit
item_2040,19,66.0,60,1254.0,3960.0,profit
item_2041,0,37.0,24,0.0,888.0,loss
item_2042,26,87.0,67,2262.0,5829.0,profit
item_2043,7,98.0,58,686.0,5684.0,profit
item_2044,26,26.0,20,676.0,520.0,profit
item_2045,30,119.0,37,3570.0,4403.0,profit
item_2046,6,132.0,55,792.0,7260.0,profit
item_2047,9,55.0,56,495.0,3080.0,profit
item_2048,15,59.0,29,885.0,1711.0,profit
item_2049,18,82.0,22,1476.0,1804.0,profit
item_2050,30,77.0,34,2310.0,2618.0,profit
item_2051,35,122.0,96,4270.0,11712.0,profit
item_2052,21,139.0,50,2919.0,6950.0,profit
item_2053,18,40.0,49,720.0,1960.0,profit
item_2054,49,104.0,55,5096.0,5720.0,profit
item_2055,28,106.0,94,2968.0,9964.0,profit
item_2056,38,95.0,16,3610.0,1520.0,profit
item_2057,14,133.0,60,1862.0,7980.0,profit
item_2058,6,136.0,59,816.0,8024.0,profit
item_2059,40,49.0,79,1960.0,3871.0,profit
item_2060,18,87.0,20,1566.0,1740.0,profit
item_2061,27,47.0,37,1269.0,1739.0,profit
item_2062,40,21.0,36,840.0,756.0,profit
item_2063,12,140.0,49,1680.0,6860.0,profit
item_2064,15,95.0,56,1425.0,5320.0,profit
item_2065,25,120.0,37,3000.0,4440.0,profit
item_2066,16,82.0,20,1312.0,1640.0,profit
item_2067,20,78.0,55,1560.0,4290.0,profit
item_2068,5,70.0,21,350.0,1470.0,profit
item_2069,35,96.0,30,3360.0,2880.0,profit
item_2070,19,75.0,71,1425.0,5325.0,profit
item_2071,6,140.0,48,840.0,6720.0,profit
item_2072,8,105.0,63,840.0,6615.0,profit
item_2073,34,100.0,88,3400.0,8800.0,profit
item_2074,25,117.0,15,2925.0,1755.0,profit
item_2075,8,106.0,38,848.0,4028.0,profit
item_2076,8,100.0,63,800.0,6300.0,profit
item_2077,7,19.0,31,133.0,589.0,profit
item_2078,4,73.0,28,292.0,2044.0,profit
item_2079,19,63.0,59,1197.0,3717.0,profit
item_2080,0,54.0,22,0.0,1188.0,loss
item_2081,34,149.0,29,5066.0,4321.0,profit
item_2082,12,102.0,11,1224.0,1122.0,profit
item_2083,38,47.0,81,1786.0,3807.0,profit
item_2084,39,34.0,30,1326.0,1020.0,profit
item_2085,11,78.0,66,858.0,5148.0,profit
item_2086,50,107.0,71,5350.0,7597.0,profit
item_2087,18,100.0,67,1800.0,6700.0,profit
item_2088,8,136.0,74,1088.0,10064.0,profit
item_2089,4,104.0,95,416.0,9880.0,profit
item_2090,13,36.0,91,468.0,3276.0,profit
item_2091,8,129.0,86,1032.0,11094.0,profit
item_2092,0,145.0,69,0.0,10005.0,loss
item_2093,17,92.0,67,1564.0,6164.0,profit
item_2094,25,138.0,78,3450.0,10764.0,profit
item_2095,29,97.0,39,2813.0,3783.0,profit
item_2096,31,74.0,64,2294.0,4736.0,profit
item_2097,37,139.0,89,5143.0,12371.0,profit
item_2098,50,32.0,29,1600.0,928.0,profit
item_2099,42,62.0,43,2604.0,2666.0,profit
item_2100,28,70.0,20,1960.0,1400.0,profit
item_2101,38,144.0,74,5472.0,10656.0,profit
item_2102,14,103.0,41,1442.0,4223.0,profit
item_2103,18,24.0,33,432.0,792.0,profit
item_2104,47,125.0,39,5875.0,4875.0,profit
item_2105,25,21.0,39,525.0,819.0,profit
item_2106,17,87.0,32,1479.0,2784.0,profit
item_2107,25,39.0,33,975.0,1287.0,profit
item_2108,40,94.0,43,3760.0,4042.0,profit
item_2109,4,25.0,30,100.0,750.0,profit
item_2110,29,86.0,60,2494.0,5160.0,profit
item_2111,41,94.0,69,3854.0,6486.0,profit
item_2112,26,33.0,55,858.0,1815.0,profit
item_2113,14,29.0,33,406.0,957.0,profit
item_2114,9,121.0,86,1089.0,10406.0,profit
item_2115,45,146.0,44,6570.0,6424.0,profit
item_2116,16,27.0,65,432.0,1755.0,profit
item_2117,42,126.0,89,5292.0,11214.0,profit
item_2118,34,53.0,91,1802.0,4823.0,profit
item_2119,25,25.0,56,625.0,1400.0,profit
item_2120,47,65.0,50,3055.0,3250.0,profit
item_2121,4,56.0,63,224.0,3528.0,profit
item_2122,8,75.0,91,600.0,6825.0,profit
item_2123,8,43.0,23,344.0,989.0,profit
item_2124,16,65.0,15,1040.0,975.0,profit
item_2125,46,90.0,100,4140.0,9000.0,profit
item_2126,21,149.0,72,3129.0,10728.0,profit
item_2127,20,149.0,37,2980.0,5513.0,profit
item_2128,47,64.0,34,3008.0,2176.0,profit
item_2129,37,146.0,70,5402.0,10220.0,profit
item_2130,29,55.0,50,1595.0,2750.0,profit
item_2131,13,96.0,18,1248.0,1728.0,profit
item_2132,27,62.0,10,1674.0,620.0,profit
item_2133,8,76.0,62,608.0,4712.0,profit
item_2134,17,121.0,94,2057.0,11374.0,profit
item_2135,41,138.0,41,5658.0,5658.0,profit
item_2136,23,141.0,96,3243.0,13536.0,profit
item_2137,39,76.0,22,2964.0,1672.0,profit
item_2138,7,60.0,19,420.0,1140.0,profit
item_2139,18,127.0,90,2286.0,11430.0,profit
item_2140,8,135.0,92,1080.0,12420.0,profit
item_2141,45,17.0,84,765.0,1428.0,profit
item_2142,0,46.0,62,0.0,2852.0,loss
item_2143,50,44.0,11,2200.0,484.0,profit
item_2144,30,15.0,22,450.0,330.0,profit
item_2145,30,29.0,18,870.0,522.0,profit
item_2146,3,131.0,97,393.0,12707.0,profit
item_2147,46,141.0,18,6486.0,2538.0,profit
item_2148,34,18.0,97,612.0,1746.0,profit
item_2149,36,134.0,49,4824.0,6566.0,profit
item_2150,47,131.0,32,6157.0,4192.0,profit
item_2151,21,18.0,84,378.0,1512.0,profit
item_2152,14,76.0,31,1064.0,2356.0,profit
item_2153,23,107.0,81,2461.0,8667.0,profit
item_2154,1,99.0,61,99.0,6039.0,profit
item_2155,21,88.0,77,1848.0,6776.0,profit
item_2156,22,16.0,13,352.0,208.0,profit
item_2157,0,109.0,36,0.0,3924.0,loss
item_2158,44,25.0,91,1100.0,2275.0,profit
item_2159,7,40.0,67,280.0,2680.0,profit
item_2160,46,27.0,53,1242.0,1431.0,profit
item_2161,37,96.0,49,3552.0,4704.0,profit
item_2162,45,146.0,45,6570.0,6570.0,profit
item_2163,0,142.0,31,0.0,4402.0,loss
item_2164,22,87.0,48,1914.0,4176.0,profit
item_2165,24,98.0,57,2352.0,5586.0,profit
item_2166,48,59.0,62,2832.0,3658.0,profit
item_2167,46,146.0,15,6716.0,2190.0,profit
item_2168,27,85.0,84,2295.0,7140.0,profit
item_2169,17,16.0,70,272.0,1120.0,profit
item_2170,39,95.0,83,3705.0,7885.0,profit
item_2171,17,99.0,82,1683.0,8118.0,profit
item_2172,32,78.0,15,2496.0,1170.0,profit
item_2173,6,80.0,69,480.0,5520.0,profit
item_2174,39,57.0,78,2223.0,4446.0,profit
item_2175,28,36.0,42,1008.0,1512.0,profit
item_2176,15,51.0,35,765.0,1785.0,profit
item_2177,44,106.0,92,4664.0,9752.0,profit
item_2178,12,59.0,39,708.0,2301.0,profit
item_2179,34,110.0,32,3740.0,3520.0,profit
item_2180,0,20.0,69,0.0,1380.0,loss
item_2181,47,141.0,32,6627.0,4512.0,profit
item_2182,22,145.0,42,3190.0,6090.0,profit
item_2183,25,64.0,86,1600.0,5504.0,profit
item_2184,18,88.0,89,1584.0,7832.0,profit
item_2185,20,62.0,27,1240.0,1674.0,profit
item_2186,29,47.0,23,1363.0,1081.0,profit
item_2187,13,31.0,73,403.0,2263.0,profit
item_2188,38,124.0,53,4712.0,6572.0,profit
item_2189,11,105.0,98,1155.0,10290.0,profit
item_2190,12,130.0,53,1560.0,6890.0,profit
item_2191,47,60.0,16,2820.0,960.0,profit
item_2192,8,26.0,45,208.0,1170.0,profit
item_2193,10,47.0,51,470.0,2397.0,profit
item_2194,4,136.0,68,544.0,9248.0,profit
item_2195,46,25.0,40,1150.0,1000.0,profit
item_2196,4,104.0,47,416.0,4888.0,profit
item_2197,42,102.0,63,4284.0,6426.0,profit
item_2198,17,72.0,50,1224.0,3600.0,profit
item_2199,10,144.0,86,1440.0,12384.0,profit
item_2200,17,140.0,55,2380.0,7700.0,profit
item_2201,13,29.0,59,377.0,1711.0,profit
item_2202,33,117.0,44,3861.0,5148.0,profit
item_2203,3,97.0,90,291.0,8730.0,profit
item_2204,21,20.0,34,420.0,680.0,profit
item_2205,30,81.0,35,2430.0,2835.0,profit
item_2206,40,110.0,55,4400.0,6050.0,profit
item_2207,4,28.0,42,112.0,1176.0,profit
item_2208,42,64.0,25,2688.0,1600.0,profit
item_2209,23,45.0,62,1035.0,2790.0,profit
item_2210,2,91.0,34,182.0,3094.0,profit
item_2211,42,27.0,13,1134.0,351.0,profit
item_2212,9,83.0,48,747.0,3984.0,profit
item_2213,29,59.0,90,1711.0,5310.0,profit
item_2214,9,68.0,32,612.0,2176.0,profit
item_2215,5,106.0,49,530.0,5194.0,profit
item_2216,19,53.0,40,1007.0,2120.0,profit
item_2217,32,19.0,22,608.0,418.0,profit
item_2218,11,49.0,83,539.0,4067.0,profit
item_2219,2,49.0,78,98.0,3822.0,profit
item_2220,47,150.0,69,7050.0,10350.0,profit
item_2221,21,30.0,72,630.0,2160.0,profit
item_2222,21,56.0,81,1176.0,4536.0,profit
item_2223,49,88.0,14,4312.0,1232.0,profit
item_2224,0,150.0,32,0.0,4800.0,loss
item_2225,49,28.0,87,1372.0,2436.0,profit
item_2226,12,105.0,88,1260.0,9240.0,profit
item_2227,25,140.0,42,3500.0,5880.0,profit
item_2228,5,93.0,50,465.0,4650.0,profit
item_2229,1,85.0,70,85.0,5950.0,profit
item_2230,13,64.0,15,832.0,960.0,profit
item_2231,13,111.0,96,1443.0,10656.0,profit
item_2232,24,149.0,61,3576.0,9089.0,profit
item_2233,39,93.0,64,3627.0,5952.0,profit
item_2234,15,146.0,57,2190.0,8322.0,profit
item_2235,48,116.0,13,5568.0,1508.0,profit
item_2236,16,37.0,88,592.0,3256.0,profit
item_2237,8,80.0,41,640.0,3280.0,profit
item_2238,26,30.0,81,780.0,2430.0,profit
item_2239,16,135.0,93,2160.0,12555.0,profit
item_2240,42,48.0,30,2016.0,1440.0,profit
item_2241,6,92.0,98,552.0,9016.0,profit
item_2242,33,24.0,72,792.0,1728.0,profit
item_2243,30,63.0,89,1890.0,5607.0,profit
item_2244,22,83.0,34,1826.0,2822.0,profit
item_2245,50,95.0,54,4750.0,5130.0,profit
item_2246,6,107.0,81,642.0,8667.0,profit
item_2247,7,110.0,55,770.0,6050.0,profit
item_2248,46,19.0,15,874.0,285.0,profit
item_2249,30,127.0,22,3810.0,2794.0,profit
item_2250,23,139.0,48,3197.0,6672.0,profit
item_2251,46,141.0,86,6486.0,12126.0,profit
item_2252,42,56.0,86,2352.0,4816.0,profit
item_2253,17,128.0,99,2176.0,12672.0,profit
item_2254,46,54.0,20,2484.0,1080.0,profit
item_2255,33,117.0,78,3861.0,9126.0,profit
item_2256,34,123.0,18,4182.0,2214.0,profit
item_2257,40,113.0,30,4520.0,3390.0,profit
item_2258,32,60.0,19,1920.0,1140.0,profit
item_2259,16,141.0,28,2256.0,3948.0,profit
item_2260,50,51.0,56,2550.0,2856.0,profit
item_2261,15,66.0,64,990.0,4224.0,profit
item_2262,47,136.0,95,6392.0,12920.0,profit
item_2263,20,41.0,65,820.0,2665.0,profit
item_2264,36,55.0,79,1980.0,4345.0,profit
item_2265,2,59.0,43,118.0,2537.0,profit
item_2266,39,88.0,55,3432.0,4840.0,profit
item_2267,49,115.0,34,5635.0,3910.0,profit
item_2268,38,44.0,39,1672.0,1716.0,profit
item_2269,50,77.0,85,3850.0,6545.0,profit
item_2270,23,18.0,61,414.0,1098.0,profit
item_2271,44,17.0,69,748.0,1173.0,profit
item_2272,40,27.0,23,1080.0,621.0,profit
item_2273,11,126.0,75,1386.0,9450.0,profit
item_2274,8,145.0,78,1160.0,11310.0,profit
item_2275,36,61.0,50,2196.0,3050.0,profit
item_2276,31,149.0,66,4619.0,9834.0,profit
item_2277,38,19.0,14,722.0,266.0,profit
item_2278,28,97.0,71,2716.0,6887.0,profit
item_2279,5,80.0,59,400.0,4720.0,profit
item_2280,15,59.0,21,885.0,1239.0,profit
item_2281,25,18.0,19,450.0,342.0,profit
item_2282,5,149.0,42,745.0,6258.0,profit
item_2283,21,149.0,21,3129.0,3129.0,profit
item_2284,30,73.0,89,2190.0,6497.0,profit
item_2285,21,121.0,87,2541.0,10527.0,profit
item_2286,20,130.0,30,2600.0,3900.0,profit
item_2287,1,121.0,85,121.0,10285.0,profit
item_2288,37,16.0,74,592.0,1184.0,profit
item_2289,8,63.0,57,504.0,3591.0,profit
item_2290,24,46.0,75,1104.0,3450.0,profit
item_2291,43,58.0,17,2494.0,986.0,profit
item_2292,19,64.0,60,1216.0,3840.0,profit
item_2293,34,36.0,32,1224.0,1152.0,profit
item_2294,22,140.0,46,3080.0,6440.0,profit
item_2295,24,79.0,90,1896.0,7110.0,profit
item_2296,25,91.0,28,2275.0,2548.0,profit
item_2297,37,22.0,88,814.0,1936.0,profit
item_2298,22,136.0,69,2992.0,9384.0,profit
item_2299,26,148.0,36,3848.0,5328.0,profit
item_2300,30,128.0,53,3840.0,6784.0,profit
item_2301,2,104.0,39,208.0,4056.0,profit
item_2302,19,147.0,44,2793.0,6468.0,profit
item_2303,37,104.0,40,3848.0,4160.0,profit
item_2304,2,84.0,90,168.0,7560.0,profit
item_2305,39,124.0,98,4836.0,12152.0,profit
item_2306,6,115.0,32,690.0,3680.0,profit
item_2307,38,92.0,90,3496.0,8280.0,profit
item_2308,17,36.0,92,612.0,3312.0,profit
item_2309,34,121.0,48,4114.0,5808.0,profit
item_2310,47,74.0,30,3478.0,2220.0,profit
item_2311,3,59.0,67,177.0,3953.0,profit
item_2312,32,84.0,84,2688.0,7056.0,profit
item_2313,12,88.0,22,1056.0,1936.0,profit
item_2314,41,90.0,34,3690.0,3060.0,profit
item_2315,21,144.0,80,3024.0,11520.0,profit
item_2316,40,112.0,21,4480.0,2352.0,profit
item_2317,19,70.0,48,1330.0,3360.0,profit
item_2318,37,49.0,54,1813.0,2646.0,profit
item_2319,30,30.0,30,900.0,900.0,profit
item_2320,4,110.0,81,440.0,8910.0,profit
item_2321,9,27.0,46,243.0,1242.0,profit
item_2322,42,114.0,100,4788.0,11400.0,profit
item_2323,38,128.0,83,4864.0,10624.0,profit
item_2324,24,127.0,40,3048.0,5080.0,profit
item_2325,1,136.0,52,136.0,7072.0,profit
item_2326,9,106.0,31,954.0,3286.0,profit
item_2327,15,84.0,44,1260.0,3696.0,profit
item_2328,28,108.0,98,3024.0,10584.0,profit
item_2329,42,126.0,24,5292.0,3024.0,profit
item_2330,47,94.0,90,4418.0,8460.0,profit
item_2331,32,117.0,86,3744.0,10062.0,profit
item_2332,40,40.0,81,1600.0,3240.0,profit
item_2333,11,117.0,59,1287.0,6903.0,profit
item_2334,45,146.0,67,6570.0,9782.0,profit
item_2335,20,130.0,23,2600.0,2990.0,profit
item_2336,23,106.0,20,2438.0,2120.0,profit
item_2337,9,29.0,59,261.0,1711.0,profit
item_2338,39,26.0,37,1014.0,962.0,profit
item_2339,0,25.0,87,0.0,2175.0,loss
item_2340,1,90.0,37,90.0,3330.0,profit
item_2341,24,127.0,90,3048.0,11430.0,profit
item_2342,47,24.0,48,1128.0,1152.0,profit
item_2343,43,100.0,58,4300.0,5800.0,profit
item_2344,6,138.0,16,828.0,2208.0,profit
item_2345,39,92.0,77,3588.0,7084.0,profit
item_2346,25,15.0,45,375.0,675.0,profit
item_2347,11,46.0,97,506.0,4462.0,profit
item_2348,40,86.0,48,3440.0,4128.0,profit
item_2349,20,77.0,19,1540.0,1463.0,profit
item_2350,19,145.0,96,2755.0,13920.0,profit
item_2351,5,57.0,70,285.0,3990.0,profit
item_2352,29,73.0,47,2117.0,3431.0,profit
item_2353,45,62.0,64,2790.0,3968.0,profit
item_2354,29,128.0,55,3712.0,7040.0,profit
item_2355,9,129.0,85,1161.0,10965.0,profit
item_2356,11,96.0,28,1056.0,2688.0,profit
item_2357,49,46.0,98,2254.0,4508.0,profit
item_2358,18,96.0,57,1728.0,5472.0,profit
item_2359,8,54.0,46,432.0,2484.0,profit
item_2360,4,120.0,98,480.0,11760.0,profit
item_2361,43,131.0,62,5633.0,8122.0,profit
item_2362,27,128.0,31,3456.0,3968.0,profit
item_2363,21,46.0,60,966.0,2760.0,profit
item_2364,27,141.0,28,3807.0,3948.0,profit
item_2365,0,135.0,40,0.0,5400.0,loss
item_2366,40,128.0,79,5120.0,10112.0,profit
item_2367,6,150.0,19,900.0,2850.0,profit
item_2368,33,131.0,31,4323.0,4061.0,profit
item_2369,28,117.0,63,3276.0,7371.0,profit
item_2370,8,144.0,56,1152.0,8064.0,profit
item_2371,6,90.0,55,540.0,4950.0,profit
item_2372,4,92.0,80,368.0,7360.0,profit
item_2373,15,74.0,70,1110.0,5180.0,profit
item_2374,18,38.0,94,684.0,3572.0,profit
item_2375,16,50.0,11,800.0,550.0,profit
item_2376,18,145.0,25,2610.0,3625.0,profit
item_2377,13,15.0,79,195.0,1185.0,profit
item_2378,39,62.0,71,2418.0,4402.0,profit
item_2379,44,60.0,52,2640.0,3120.0,profit
item_2380,28,125.0,50,3500.0,6250.0,profit
item_2381,37,49.0,72,1813.0,3528.0,profit
item_2382,12,63.0,23,756.0,1449.0,profit
item_2383,20,38.0,23,760.0,874.0,profit
item_2384,22,64.0,32,1408.0,2048.0,profit
item_2385,8,121.0,44,968.0,5324.0,profit
item_2386,30,108.0,96,3240.0,10368.0,profit
item_2387,41,53.0,77,2173.0,4081.0,profit
item_2388,31,22.0,69,682.0,1518.0,profit
item_2389,47,40.0,67,1880.0,2680.0,profit
item_2390,7,94.0,45,658.0,4230.0,profit
item_2391,45,17.0,90,765.0,1530.0,profit
item_2392,47,117.0,53,5499.0,6201.0,profit
item_2393,24,103.0,93,2472.0,9579.0,profit
item_2394,13,139.0,77,1807.0,10703.0,profit
item_2395,2,111.0,19,222.0,2109.0,profit
item_2396,49,17.0,16,833.0,272.0,profit
item_2397,49,101.0,88,4949.0,8888.0,profit
item_2398,48,81.0,67,3888.0,5427.0,profit
item_2399,44,143.0,24,6292.0,3432.0,profit
item_2400,42,74.0,86,3108.0,6364.0,profit
item_2401,48,93.0,15,4464.0,1395.0,profit
item_2402,21,19.0,93,399.0,1767.0,profit
item_2403,15,25.0,41,375.0,1025.0,profit
item_2404,5,147.0,69,735.0,10143.0,profit
item_2405,34,23.0,36,782.0,828.0,profit
item_2406,9,32.0,77,288.0,2464.0,profit
item_2407,40,55.0,41,2200.0,2255.0,profit
item_2408,11,56.0,66,616.0,3696.0,profit
item_2409,25,33.0,45,825.0,1485.0,profit
item_2410,47,33.0,85,1551.0,2805.0,profit
item_2411,13,58.0,81,754.0,4698.0,profit
item_2412,8,141.0,51,1128.0,7191.0,profit
item_2413,22,60.0,87,1320.0,5220.0,profit
item_2414,27,115.0,62,3105.0,7130.0,profit
item_2415,49,116.0,43,5684.0,4988.0,profit
item_2416,36,123.0,46,4428.0,5658.0,profit
item_2417,30,123.0,65,3690.0,7995.0,profit
item_2418,19,61.0,92,1159.0,5612.0,profit
item_2419,12,73.0,36,876.0,2628.0,profit
item_2420,39,101.0,38,3939.0,3838.0,profit
item_2421,27,39.0,39,1053.0,1521.0,profit
item_2422,12,145.0,57,1740.0,8265.0,profit
item_2423,15,130.0,22,1950.0,2860.0,profit
item_2424,15,118.0,86,1770.0,10148.0,profit
item_2425,33,100.0,82,3300.0,8200.0,profit
item_2426,38,41.0,17,1558.0,697.0,profit
item_2427,0,121.0,98,0.0,11858.0,loss
item_2428,48,146.0,89,7008.0,12994.0,profit
item_2429,15,44.0,87,660.0,3828.0,profit
item_2430,6,65.0,75,390.0,4875.0,profit
item_2431,29,117.0,70,3393.0,8190.0,profit
item_2432,13,110.0,46,1430.0,5060.0,profit
item_2433,39,34.0,67,1326.0,2278.0,profit
item_2434,24,122.0,74,2928.0,9028.0,profit
item_2435,5,85.0,82,425.0,6970.0,profit
item_2436,3,105.0,97,315.0,10185.0,profit
item_2437,1,45.0,21,45.0,945.0,profit
item_2438,40,88.0,27,3520.0,2376.0,profit
item_2439,33,47.0,35,1551.0,1645.0,profit
item_2440,13,78.0,14,1014.0,1092.0,profit
item_2441,49,42.0,47,2058.0,1974.0,profit
item_2442,45,120.0,12,5400.0,1440.0,profit
item_2443,23,134.0,90,3082.0,12060.0,profit
item_2444,44,139.0,40,6116.0,5560.0,profit
item_2445,10,109.0,40,1090.0,4360.0,profit
item_2446,13,96.0,10,1248.0,960.0,profit
item_2447,18,136.0,18,2448.0,2448.0,profit
item_2448,46,82.0,94,3772.0,7708.0,profit
item_3740,24,65.0,69,1560.0,4485.0,profit
item_2449,35,37.0,47,1295.0,1739.0,profit
item_2450,30,59.0,18,1770.0,1062.0,profit
item_2451,19,17.0,69,323.0,1173.0,profit
item_2452,29,62.0,68,1798.0,4216.0,profit
item_2453,3,149.0,59,447.0,8791.0,profit
item_2454,24,21.0,68,504.0,1428.0,profit
item_2455,37,107.0,74,3959.0,7918.0,profit
item_2456,28,66.0,60,1848.0,3960.0,profit
item_2457,11,58.0,78,638.0,4524.0,profit
item_2458,17,46.0,83,782.0,3818.0,profit
item_2459,18,84.0,59,1512.0,4956.0,profit
item_2460,18,49.0,90,882.0,4410.0,profit
item_2461,9,31.0,42,279.0,1302.0,profit
item_2462,6,111.0,50,666.0,5550.0,profit
item_2463,47,148.0,25,6956.0,3700.0,profit
item_2464,34,105.0,63,3570.0,6615.0,profit
item_2465,17,30.0,37,510.0,1110.0,profit
item_2466,22,70.0,36,1540.0,2520.0,profit
item_2467,50,67.0,99,3350.0,6633.0,profit
item_2468,21,25.0,11,525.0,275.0,profit
item_2469,44,144.0,85,6336.0,12240.0,profit
item_2470,11,128.0,64,1408.0,8192.0,profit
item_2471,36,69.0,68,2484.0,4692.0,profit
item_2472,35,27.0,37,945.0,999.0,profit
item_2473,1,150.0,77,150.0,11550.0,profit
item_2474,17,133.0,62,2261.0,8246.0,profit
item_2475,7,38.0,20,266.0,760.0,profit
item_2476,9,131.0,82,1179.0,10742.0,profit
item_2477,16,119.0,66,1904.0,7854.0,profit
item_2478,33,131.0,60,4323.0,7860.0,profit
item_2479,7,115.0,31,805.0,3565.0,profit
item_2480,41,110.0,20,4510.0,2200.0,profit
item_2481,24,85.0,91,2040.0,7735.0,profit
item_2482,10,95.0,48,950.0,4560.0,profit
item_2483,37,53.0,99,1961.0,5247.0,profit
item_2484,43,134.0,43,5762.0,5762.0,profit
item_2485,5,34.0,32,170.0,1088.0,profit
item_2486,4,27.0,17,108.0,459.0,profit
item_2487,7,82.0,90,574.0,7380.0,profit
item_2488,41,51.0,89,2091.0,4539.0,profit
item_2489,11,42.0,85,462.0,3570.0,profit
item_2490,0,126.0,74,0.0,9324.0,loss
item_2491,34,37.0,61,1258.0,2257.0,profit
item_2492,46,69.0,86,3174.0,5934.0,profit
item_2493,23,60.0,24,1380.0,1440.0,profit
item_2494,32,60.0,61,1920.0,3660.0,profit
item_2495,42,42.0,56,1764.0,2352.0,profit
item_2496,40,86.0,88,3440.0,7568.0,profit
item_2497,25,32.0,89,800.0,2848.0,profit
item_2498,36,54.0,70,1944.0,3780.0,profit
item_2499,24,58.0,74,1392.0,4292.0,profit
item_2500,39,38.0,98,1482.0,3724.0,profit
item_2501,20,121.0,35,2420.0,4235.0,profit
item_2502,25,105.0,22,2625.0,2310.0,profit
item_2503,33,90.0,54,2970.0,4860.0,profit
item_2504,41,31.0,47,1271.0,1457.0,profit
item_2505,50,30.0,25,1500.0,750.0,profit
item_2506,50,134.0,37,6700.0,4958.0,profit
item_2507,3,136.0,89,408.0,12104.0,profit
item_2508,32,109.0,68,3488.0,7412.0,profit
item_2509,46,110.0,27,5060.0,2970.0,profit
item_2510,26,113.0,58,2938.0,6554.0,profit
item_2511,37,45.0,67,1665.0,3015.0,profit
item_2512,2,130.0,87,260.0,11310.0,profit
item_2513,32,129.0,31,4128.0,3999.0,profit
item_2514,40,24.0,32,960.0,768.0,profit
item_2515,7,107.0,70,749.0,7490.0,profit
item_2516,19,142.0,49,2698.0,6958.0,profit
item_2517,16,78.0,41,1248.0,3198.0,profit
item_2518,50,61.0,27,3050.0,1647.0,profit
item_2519,3,85.0,94,255.0,7990.0,profit
item_2520,37,134.0,73,4958.0,9782.0,profit
item_2521,16,93.0,37,1488.0,3441.0,profit
item_2522,7,93.0,18,651.0,1674.0,profit
item_2523,28,81.0,28,2268.0,2268.0,profit
item_2524,20,138.0,59,2760.0,8142.0,profit
item_2525,40,111.0,48,4440.0,5328.0,profit
item_2526,21,106.0,45,2226.0,4770.0,profit
item_2527,41,62.0,36,2542.0,2232.0,profit
item_2528,44,128.0,20,5632.0,2560.0,profit
item_2529,28,127.0,99,3556.0,12573.0,profit
item_2530,12,122.0,89,1464.0,10858.0,profit
item_2531,50,115.0,56,5750.0,6440.0,profit
item_2532,11,32.0,81,352.0,2592.0,profit
item_2533,43,50.0,88,2150.0,4400.0,profit
item_2534,41,92.0,17,3772.0,1564.0,profit
item_2535,6,115.0,45,690.0,5175.0,profit
item_2536,17,72.0,54,1224.0,3888.0,profit
item_2537,39,140.0,44,5460.0,6160.0,profit
item_2538,19,81.0,64,1539.0,5184.0,profit
item_2539,29,116.0,25,3364.0,2900.0,profit
item_2540,17,93.0,27,1581.0,2511.0,profit
item_2541,17,35.0,11,595.0,385.0,profit
item_2542,3,72.0,69,216.0,4968.0,profit
item_2543,31,35.0,18,1085.0,630.0,profit
item_2544,35,91.0,100,3185.0,9100.0,profit
item_2545,44,135.0,65,5940.0,8775.0,profit
item_2546,19,21.0,82,399.0,1722.0,profit
item_2547,4,38.0,100,152.0,3800.0,profit
item_2548,17,48.0,30,816.0,1440.0,profit
item_2549,29,108.0,36,3132.0,3888.0,profit
item_2550,44,131.0,87,5764.0,11397.0,profit
item_2551,40,76.0,53,3040.0,4028.0,profit
item_2552,16,148.0,92,2368.0,13616.0,profit
item_2553,17,133.0,69,2261.0,9177.0,profit
item_2554,26,63.0,99,1638.0,6237.0,profit
item_2555,0,149.0,95,0.0,14155.0,loss
item_2556,45,147.0,82,6615.0,12054.0,profit
item_2557,8,53.0,28,424.0,1484.0,profit
item_2558,30,104.0,56,3120.0,5824.0,profit
item_2559,25,142.0,23,3550.0,3266.0,profit
item_2560,1,80.0,98,80.0,7840.0,profit
item_2561,47,71.0,86,3337.0,6106.0,profit
item_2562,19,120.0,31,2280.0,3720.0,profit
item_2563,35,67.0,13,2345.0,871.0,profit
item_2564,13,124.0,70,1612.0,8680.0,profit
item_2565,32,18.0,97,576.0,1746.0,profit
item_2566,33,58.0,36,1914.0,2088.0,profit
item_2567,7,66.0,59,462.0,3894.0,profit
item_2568,23,143.0,53,3289.0,7579.0,profit
item_2569,40,135.0,90,5400.0,12150.0,profit
item_2570,12,37.0,100,444.0,3700.0,profit
item_2571,43,82.0,93,3526.0,7626.0,profit
item_2572,41,149.0,84,6109.0,12516.0,profit
item_2573,50,22.0,40,1100.0,880.0,profit
item_2574,30,85.0,78,2550.0,6630.0,profit
item_2575,34,146.0,52,4964.0,7592.0,profit
item_2576,29,43.0,53,1247.0,2279.0,profit
item_2577,21,56.0,15,1176.0,840.0,profit
item_2578,22,104.0,24,2288.0,2496.0,profit
item_2579,32,28.0,14,896.0,392.0,profit
item_2580,45,67.0,65,3015.0,4355.0,profit
item_2581,21,108.0,27,2268.0,2916.0,profit
item_2582,47,117.0,53,5499.0,6201.0,profit
item_3741,21,42.0,45,882.0,1890.0,profit
item_2583,27,127.0,58,3429.0,7366.0,profit
item_2584,20,88.0,22,1760.0,1936.0,profit
item_2585,9,104.0,46,936.0,4784.0,profit
item_2586,47,32.0,33,1504.0,1056.0,profit
item_2587,9,61.0,79,549.0,4819.0,profit
item_2588,30,127.0,89,3810.0,11303.0,profit
item_2589,33,124.0,32,4092.0,3968.0,profit
item_2590,49,41.0,51,2009.0,2091.0,profit
item_2591,16,67.0,60,1072.0,4020.0,profit
item_2592,7,60.0,46,420.0,2760.0,profit
item_2593,19,124.0,39,2356.0,4836.0,profit
item_2594,30,88.0,30,2640.0,2640.0,profit
item_2595,27,52.0,54,1404.0,2808.0,profit
item_2596,47,36.0,89,1692.0,3204.0,profit
item_2597,37,122.0,91,4514.0,11102.0,profit
item_2598,50,82.0,30,4100.0,2460.0,profit
item_2599,15,64.0,66,960.0,4224.0,profit
item_2600,29,26.0,70,754.0,1820.0,profit
item_2601,37,106.0,44,3922.0,4664.0,profit
item_2602,1,119.0,22,119.0,2618.0,profit
item_2603,2,47.0,87,94.0,4089.0,profit
item_2604,34,107.0,99,3638.0,10593.0,profit
item_2605,26,130.0,79,3380.0,10270.0,profit
item_2606,23,149.0,12,3427.0,1788.0,profit
item_2607,33,103.0,64,3399.0,6592.0,profit
item_2608,4,42.0,85,168.0,3570.0,profit
item_2609,27,69.0,31,1863.0,2139.0,profit
item_2610,18,81.0,80,1458.0,6480.0,profit
item_2611,34,81.0,49,2754.0,3969.0,profit
item_2612,31,100.0,91,3100.0,9100.0,profit
item_2613,49,95.0,49,4655.0,4655.0,profit
item_2614,42,108.0,36,4536.0,3888.0,profit
item_2615,46,19.0,39,874.0,741.0,profit
item_2616,32,84.0,29,2688.0,2436.0,profit
item_2617,47,102.0,41,4794.0,4182.0,profit
item_2618,12,82.0,53,984.0,4346.0,profit
item_2619,34,105.0,50,3570.0,5250.0,profit
item_2620,3,23.0,72,69.0,1656.0,profit
item_2621,30,30.0,44,900.0,1320.0,profit
item_2622,46,86.0,80,3956.0,6880.0,profit
item_2623,18,63.0,54,1134.0,3402.0,profit
item_2624,34,118.0,82,4012.0,9676.0,profit
item_2625,46,76.0,63,3496.0,4788.0,profit
item_2626,18,148.0,39,2664.0,5772.0,profit
item_2627,6,138.0,87,828.0,12006.0,profit
item_2628,34,41.0,32,1394.0,1312.0,profit
item_2629,40,38.0,94,1520.0,3572.0,profit
item_2630,13,117.0,35,1521.0,4095.0,profit
item_2631,36,75.0,98,2700.0,7350.0,profit
item_2632,48,150.0,78,7200.0,11700.0,profit
item_2633,5,132.0,80,660.0,10560.0,profit
item_2634,30,137.0,27,4110.0,3699.0,profit
item_2635,25,102.0,62,2550.0,6324.0,profit
item_2636,11,72.0,72,792.0,5184.0,profit
item_2637,11,81.0,14,891.0,1134.0,profit
item_2638,3,44.0,30,132.0,1320.0,profit
item_2639,45,44.0,38,1980.0,1672.0,profit
item_2640,50,69.0,30,3450.0,2070.0,profit
item_2641,26,114.0,71,2964.0,8094.0,profit
item_2642,44,112.0,73,4928.0,8176.0,profit
item_2643,27,51.0,85,1377.0,4335.0,profit
item_2644,6,33.0,42,198.0,1386.0,profit
item_2645,31,49.0,32,1519.0,1568.0,profit
item_2646,4,95.0,42,380.0,3990.0,profit
item_2647,1,66.0,11,66.0,726.0,profit
item_2648,43,95.0,42,4085.0,3990.0,profit
item_2649,22,97.0,41,2134.0,3977.0,profit
item_2650,11,32.0,50,352.0,1600.0,profit
item_2651,32,120.0,27,3840.0,3240.0,profit
item_2652,1,150.0,53,150.0,7950.0,profit
item_2653,40,61.0,89,2440.0,5429.0,profit
item_2654,26,109.0,90,2834.0,9810.0,profit
item_2655,10,98.0,100,980.0,9800.0,profit
item_2656,5,37.0,41,185.0,1517.0,profit
item_2657,22,110.0,13,2420.0,1430.0,profit
item_2658,27,129.0,100,3483.0,12900.0,profit
item_2659,5,134.0,77,670.0,10318.0,profit
item_2660,3,135.0,44,405.0,5940.0,profit
item_2661,45,105.0,85,4725.0,8925.0,profit
item_2662,7,54.0,73,378.0,3942.0,profit
item_2663,33,120.0,75,3960.0,9000.0,profit
item_2664,24,133.0,32,3192.0,4256.0,profit
item_2665,15,62.0,10,930.0,620.0,profit
item_2666,27,58.0,47,1566.0,2726.0,profit
item_2667,18,133.0,86,2394.0,11438.0,profit
item_2668,11,87.0,27,957.0,2349.0,profit
item_2669,49,134.0,12,6566.0,1608.0,profit
item_2670,23,16.0,68,368.0,1088.0,profit
item_2671,27,63.0,88,1701.0,5544.0,profit
item_2672,30,140.0,64,4200.0,8960.0,profit
item_2673,17,150.0,96,2550.0,14400.0,profit
item_2674,37,65.0,19,2405.0,1235.0,profit
item_2675,47,64.0,18,3008.0,1152.0,profit
item_2676,35,37.0,28,1295.0,1036.0,profit
item_2677,12,85.0,52,1020.0,4420.0,profit
item_2678,40,79.0,15,3160.0,1185.0,profit
item_2679,18,63.0,11,1134.0,693.0,profit
item_2680,21,82.0,41,1722.0,3362.0,profit
item_2681,34,81.0,45,2754.0,3645.0,profit
item_2682,47,69.0,99,3243.0,6831.0,profit
item_2683,22,50.0,33,1100.0,1650.0,profit
item_2684,41,117.0,96,4797.0,11232.0,profit
item_2685,20,36.0,61,720.0,2196.0,profit
item_2686,2,94.0,69,188.0,6486.0,profit
item_2687,29,69.0,94,2001.0,6486.0,profit
item_2688,47,20.0,47,940.0,940.0,profit
item_2689,50,111.0,78,5550.0,8658.0,profit
item_2690,1,129.0,51,129.0,6579.0,profit
item_2691,49,140.0,12,6860.0,1680.0,profit
item_2692,18,37.0,86,666.0,3182.0,profit
item_2693,23,110.0,86,2530.0,9460.0,profit
item_2694,37,20.0,10,740.0,200.0,profit
item_2695,25,150.0,33,3750.0,4950.0,profit
item_2696,36,38.0,63,1368.0,2394.0,profit
item_2697,12,63.0,50,756.0,3150.0,profit
item_2698,8,31.0,53,248.0,1643.0,profit
item_2699,18,116.0,81,2088.0,9396.0,profit
item_2700,23,24.0,20,552.0,480.0,profit
item_2701,9,150.0,21,1350.0,3150.0,profit
item_2702,35,25.0,76,875.0,1900.0,profit
item_2703,41,83.0,52,3403.0,4316.0,profit
item_2704,22,106.0,97,2332.0,10282.0,profit
item_2705,40,144.0,89,5760.0,12816.0,profit
item_2706,50,107.0,56,5350.0,5992.0,profit
item_2707,3,20.0,50,60.0,1000.0,profit
item_2708,37,119.0,39,4403.0,4641.0,profit
item_2709,28,57.0,32,1596.0,1824.0,profit
item_2710,47,129.0,24,6063.0,3096.0,profit
item_2711,35,77.0,40,2695.0,3080.0,profit
item_2712,22,146.0,48,3212.0,7008.0,profit
item_2713,24,106.0,29,2544.0,3074.0,profit
item_2714,46,128.0,98,5888.0,12544.0,profit
item_2715,26,32.0,35,832.0,1120.0,profit
item_2716,22,38.0,50,836.0,1900.0,profit
item_2717,50,118.0,69,5900.0,8142.0,profit
item_2718,5,70.0,10,350.0,700.0,profit
item_2719,18,91.0,60,1638.0,5460.0,profit
item_2720,38,146.0,20,5548.0,2920.0,profit
item_2721,27,43.0,23,1161.0,989.0,profit
item_2722,39,96.0,85,3744.0,8160.0,profit
item_2723,37,47.0,49,1739.0,2303.0,profit
item_2724,31,123.0,44,3813.0,5412.0,profit
item_2725,27,40.0,40,1080.0,1600.0,profit
item_2726,33,91.0,39,3003.0,3549.0,profit
item_2727,46,84.0,38,3864.0,3192.0,profit
item_2728,7,46.0,37,322.0,1702.0,profit
item_2729,10,45.0,14,450.0,630.0,profit
item_2730,20,126.0,41,2520.0,5166.0,profit
item_2731,48,67.0,77,3216.0,5159.0,profit
item_2732,4,78.0,88,312.0,6864.0,profit
item_2733,23,70.0,27,1610.0,1890.0,profit
item_2734,3,129.0,53,387.0,6837.0,profit
item_2735,16,66.0,13,1056.0,858.0,profit
item_2736,41,74.0,26,3034.0,1924.0,profit
item_2737,20,20.0,56,400.0,1120.0,profit
item_2738,8,101.0,44,808.0,4444.0,profit
item_2739,47,115.0,85,5405.0,9775.0,profit
item_2740,44,104.0,41,4576.0,4264.0,profit
item_2741,29,26.0,27,754.0,702.0,profit
item_2742,28,111.0,81,3108.0,8991.0,profit
item_2743,44,131.0,68,5764.0,8908.0,profit
item_2744,50,17.0,30,850.0,510.0,profit
item_2745,35,36.0,67,1260.0,2412.0,profit
item_2746,29,45.0,62,1305.0,2790.0,profit
item_2747,46,133.0,60,6118.0,7980.0,profit
item_2748,24,48.0,17,1152.0,816.0,profit
item_2749,39,28.0,90,1092.0,2520.0,profit
item_2750,19,100.0,96,1900.0,9600.0,profit
item_2751,16,74.0,95,1184.0,7030.0,profit
item_2752,33,88.0,63,2904.0,5544.0,profit
item_2753,2,39.0,88,78.0,3432.0,profit
item_2754,15,77.0,10,1155.0,770.0,profit
item_2755,0,103.0,80,0.0,8240.0,loss
item_2756,36,75.0,91,2700.0,6825.0,profit
item_2757,43,74.0,51,3182.0,3774.0,profit
item_2758,22,59.0,96,1298.0,5664.0,profit
item_2759,20,64.0,32,1280.0,2048.0,profit
item_2760,40,53.0,54,2120.0,2862.0,profit
item_2761,11,110.0,52,1210.0,5720.0,profit
item_2762,44,132.0,78,5808.0,10296.0,profit
item_2763,31,75.0,24,2325.0,1800.0,profit
item_2764,34,64.0,47,2176.0,3008.0,profit
item_2765,26,35.0,26,910.0,910.0,profit
item_2766,17,33.0,59,561.0,1947.0,profit
item_2767,11,120.0,38,1320.0,4560.0,profit
item_2768,4,128.0,38,512.0,4864.0,profit
item_2769,31,150.0,60,4650.0,9000.0,profit
item_2770,10,71.0,11,710.0,781.0,profit
item_2771,39,28.0,21,1092.0,588.0,profit
item_2772,37,145.0,10,5365.0,1450.0,profit
item_2773,19,77.0,78,1463.0,6006.0,profit
item_2774,37,149.0,23,5513.0,3427.0,profit
item_2775,30,44.0,12,1320.0,528.0,profit
item_2776,40,37.0,41,1480.0,1517.0,profit
item_2777,32,102.0,61,3264.0,6222.0,profit
item_2778,12,97.0,77,1164.0,7469.0,profit
item_2779,29,109.0,86,3161.0,9374.0,profit
item_2780,30,59.0,43,1770.0,2537.0,profit
item_2781,5,99.0,37,495.0,3663.0,profit
item_2782,24,45.0,26,1080.0,1170.0,profit
item_2783,28,119.0,60,3332.0,7140.0,profit
item_2784,5,143.0,11,715.0,1573.0,profit
item_2785,24,36.0,20,864.0,720.0,profit
item_2786,26,79.0,68,2054.0,5372.0,profit
item_2787,19,27.0,16,513.0,432.0,profit
item_2788,11,73.0,49,803.0,3577.0,profit
item_2789,43,58.0,40,2494.0,2320.0,profit
item_2790,50,120.0,34,6000.0,4080.0,profit
item_2791,41,97.0,56,3977.0,5432.0,profit
item_2792,45,124.0,69,5580.0,8556.0,profit
item_2793,44,125.0,79,5500.0,9875.0,profit
item_2794,11,88.0,48,968.0,4224.0,profit
item_2795,23,25.0,26,575.0,650.0,profit
item_2796,6,94.0,61,564.0,5734.0,profit
item_2797,2,119.0,39,238.0,4641.0,profit
item_2798,29,146.0,68,4234.0,9928.0,profit
item_2799,11,77.0,98,847.0,7546.0,profit
item_2800,5,49.0,62,245.0,3038.0,profit
item_2801,11,19.0,94,209.0,1786.0,profit
item_2802,39,17.0,20,663.0,340.0,profit
item_2803,24,41.0,49,984.0,2009.0,profit
item_2804,1,66.0,28,66.0,1848.0,profit
item_2805,43,23.0,39,989.0,897.0,profit
item_2806,36,105.0,49,3780.0,5145.0,profit
item_2807,37,23.0,55,851.0,1265.0,profit
item_2808,37,147.0,64,5439.0,9408.0,profit
item_2809,34,22.0,62,748.0,1364.0,profit
item_2810,12,71.0,79,852.0,5609.0,profit
item_2811,37,105.0,74,3885.0,7770.0,profit
item_2812,24,94.0,59,2256.0,5546.0,profit
item_2813,42,54.0,78,2268.0,4212.0,profit
item_2814,9,96.0,45,864.0,4320.0,profit
item_2815,20,134.0,31,2680.0,4154.0,profit
item_2816,40,95.0,40,3800.0,3800.0,profit
item_2817,10,117.0,12,1170.0,1404.0,profit
item_2818,19,44.0,78,836.0,3432.0,profit
item_2819,37,98.0,71,3626.0,6958.0,profit
item_2820,15,28.0,13,420.0,364.0,profit
item_2821,11,112.0,38,1232.0,4256.0,profit
item_2822,31,98.0,48,3038.0,4704.0,profit
item_2823,28,89.0,52,2492.0,4628.0,profit
item_2824,9,131.0,29,1179.0,3799.0,profit
item_2825,17,41.0,70,697.0,2870.0,profit
item_2826,48,58.0,54,2784.0,3132.0,profit
item_2827,1,37.0,30,37.0,1110.0,profit
item_2828,9,17.0,94,153.0,1598.0,profit
item_2829,17,22.0,42,374.0,924.0,profit
item_2830,20,96.0,27,1920.0,2592.0,profit
item_2831,21,126.0,16,2646.0,2016.0,profit
item_2832,26,33.0,51,858.0,1683.0,profit
item_2833,7,73.0,45,511.0,3285.0,profit
item_2834,41,139.0,80,5699.0,11120.0,profit
item_2835,9,58.0,70,522.0,4060.0,profit
item_2836,47,31.0,44,1457.0,1364.0,profit
item_2837,9,137.0,43,1233.0,5891.0,profit
item_2838,50,70.0,12,3500.0,840.0,profit
item_2839,25,54.0,33,1350.0,1782.0,profit
item_2840,47,66.0,37,3102.0,2442.0,profit
item_2841,14,68.0,89,952.0,6052.0,profit
item_2842,37,28.0,24,1036.0,672.0,profit
item_2843,36,46.0,85,1656.0,3910.0,profit
item_2844,14,132.0,89,1848.0,11748.0,profit
item_2845,48,69.0,82,3312.0,5658.0,profit
item_2846,6,17.0,79,102.0,1343.0,profit
item_2847,25,132.0,81,3300.0,10692.0,profit
item_2848,46,116.0,42,5336.0,4872.0,profit
item_2849,13,120.0,56,1560.0,6720.0,profit
item_2850,25,20.0,36,500.0,720.0,profit
item_4209,36,76.0,79,2736.0,6004.0,profit
item_2851,48,25.0,95,1200.0,2375.0,profit
item_2852,19,55.0,41,1045.0,2255.0,profit
item_2853,3,32.0,37,96.0,1184.0,profit
item_2854,11,81.0,11,891.0,891.0,profit
item_2855,41,51.0,63,2091.0,3213.0,profit
item_2856,27,49.0,57,1323.0,2793.0,profit
item_2857,40,43.0,58,1720.0,2494.0,profit
item_2858,21,72.0,81,1512.0,5832.0,profit
item_2859,23,136.0,18,3128.0,2448.0,profit
item_2860,45,146.0,49,6570.0,7154.0,profit
item_2861,0,21.0,45,0.0,945.0,loss
item_2862,18,61.0,82,1098.0,5002.0,profit
item_2863,1,92.0,70,92.0,6440.0,profit
item_2864,1,143.0,12,143.0,1716.0,profit
item_2865,16,94.0,94,1504.0,8836.0,profit
item_2866,7,67.0,19,469.0,1273.0,profit
item_2867,20,49.0,67,980.0,3283.0,profit
item_2868,0,134.0,93,0.0,12462.0,loss
item_2869,13,131.0,81,1703.0,10611.0,profit
item_2870,12,29.0,88,348.0,2552.0,profit
item_2871,26,148.0,78,3848.0,11544.0,profit
item_2872,15,42.0,39,630.0,1638.0,profit
item_2873,45,136.0,35,6120.0,4760.0,profit
item_2874,42,31.0,43,1302.0,1333.0,profit
item_2875,34,29.0,68,986.0,1972.0,profit
item_2876,10,104.0,50,1040.0,5200.0,profit
item_2877,41,37.0,13,1517.0,481.0,profit
item_2878,6,39.0,18,234.0,702.0,profit
item_2879,9,106.0,51,954.0,5406.0,profit
item_2880,7,69.0,82,483.0,5658.0,profit
item_2881,42,139.0,40,5838.0,5560.0,profit
item_2882,19,150.0,65,2850.0,9750.0,profit
item_2883,27,35.0,75,945.0,2625.0,profit
item_2884,43,117.0,26,5031.0,3042.0,profit
item_2885,49,90.0,80,4410.0,7200.0,profit
item_2886,14,23.0,30,322.0,690.0,profit
item_2887,7,107.0,43,749.0,4601.0,profit
item_2888,17,29.0,77,493.0,2233.0,profit
item_2889,11,88.0,40,968.0,3520.0,profit
item_2890,33,54.0,55,1782.0,2970.0,profit
item_2891,8,148.0,74,1184.0,10952.0,profit
item_2892,33,67.0,13,2211.0,871.0,profit
item_2893,0,82.0,96,0.0,7872.0,loss
item_2894,34,144.0,65,4896.0,9360.0,profit
item_2895,18,23.0,11,414.0,253.0,profit
item_2896,37,94.0,71,3478.0,6674.0,profit
item_2897,49,82.0,14,4018.0,1148.0,profit
item_2898,37,136.0,13,5032.0,1768.0,profit
item_2899,7,130.0,16,910.0,2080.0,profit
item_2900,37,65.0,56,2405.0,3640.0,profit
item_2901,43,81.0,62,3483.0,5022.0,profit
item_2902,34,17.0,91,578.0,1547.0,profit
item_2903,3,135.0,23,405.0,3105.0,profit
item_2904,39,118.0,67,4602.0,7906.0,profit
item_2905,45,56.0,68,2520.0,3808.0,profit
item_2906,16,45.0,56,720.0,2520.0,profit
item_2907,45,76.0,59,3420.0,4484.0,profit
item_2908,42,69.0,39,2898.0,2691.0,profit
item_2909,35,63.0,98,2205.0,6174.0,profit
item_2910,26,130.0,18,3380.0,2340.0,profit
item_2911,2,112.0,35,224.0,3920.0,profit
item_2912,47,55.0,33,2585.0,1815.0,profit
item_2913,17,140.0,88,2380.0,12320.0,profit
item_2914,41,21.0,29,861.0,609.0,profit
item_2915,30,47.0,13,1410.0,611.0,profit
item_2916,24,131.0,64,3144.0,8384.0,profit
item_2917,43,73.0,52,3139.0,3796.0,profit
item_2918,15,124.0,28,1860.0,3472.0,profit
item_2919,34,91.0,55,3094.0,5005.0,profit
item_2920,13,148.0,66,1924.0,9768.0,profit
item_2921,5,118.0,27,590.0,3186.0,profit
item_2922,30,91.0,34,2730.0,3094.0,profit
item_2923,43,21.0,35,903.0,735.0,profit
item_2924,37,25.0,30,925.0,750.0,profit
item_2925,15,67.0,97,1005.0,6499.0,profit
item_2926,50,119.0,13,5950.0,1547.0,profit
item_2927,35,105.0,92,3675.0,9660.0,profit
item_2928,5,43.0,57,215.0,2451.0,profit
item_2929,35,133.0,38,4655.0,5054.0,profit
item_2930,45,26.0,13,1170.0,338.0,profit
item_2931,14,136.0,38,1904.0,5168.0,profit
item_2932,30,94.0,52,2820.0,4888.0,profit
item_2933,34,88.0,37,2992.0,3256.0,profit
item_2934,33,35.0,31,1155.0,1085.0,profit
item_2935,25,101.0,79,2525.0,7979.0,profit
item_2936,38,81.0,11,3078.0,891.0,profit
item_2937,22,124.0,97,2728.0,12028.0,profit
item_2938,44,128.0,66,5632.0,8448.0,profit
item_2939,4,83.0,70,332.0,5810.0,profit
item_2940,14,85.0,63,1190.0,5355.0,profit
item_2941,27,148.0,98,3996.0,14504.0,profit
item_2942,11,32.0,27,352.0,864.0,profit
item_2943,9,21.0,79,189.0,1659.0,profit
item_2944,23,71.0,12,1633.0,852.0,profit
item_2945,28,98.0,55,2744.0,5390.0,profit
item_2946,11,99.0,24,1089.0,2376.0,profit
item_2947,4,32.0,38,128.0,1216.0,profit
item_2948,45,146.0,26,6570.0,3796.0,profit
item_2949,48,40.0,68,1920.0,2720.0,profit
item_2950,3,67.0,42,201.0,2814.0,profit
item_2951,12,127.0,43,1524.0,5461.0,profit
item_2952,24,122.0,23,2928.0,2806.0,profit
item_2953,1,148.0,79,148.0,11692.0,profit
item_2954,16,130.0,28,2080.0,3640.0,profit
item_2955,50,65.0,73,3250.0,4745.0,profit
item_2956,32,85.0,67,2720.0,5695.0,profit
item_2957,10,113.0,91,1130.0,10283.0,profit
item_2958,38,108.0,38,4104.0,4104.0,profit
item_2959,36,77.0,48,2772.0,3696.0,profit
item_2960,37,38.0,17,1406.0,646.0,profit
item_2961,29,78.0,89,2262.0,6942.0,profit
item_2962,41,42.0,68,1722.0,2856.0,profit
item_2963,44,102.0,90,4488.0,9180.0,profit
item_2964,30,142.0,20,4260.0,2840.0,profit
item_2965,42,130.0,54,5460.0,7020.0,profit
item_2966,49,46.0,86,2254.0,3956.0,profit
item_2967,42,25.0,100,1050.0,2500.0,profit
item_2968,25,69.0,65,1725.0,4485.0,profit
item_2969,45,106.0,26,4770.0,2756.0,profit
item_2970,37,104.0,32,3848.0,3328.0,profit
item_2971,29,60.0,50,1740.0,3000.0,profit
item_2972,2,109.0,35,218.0,3815.0,profit
item_2973,22,145.0,12,3190.0,1740.0,profit
item_2974,3,109.0,63,327.0,6867.0,profit
item_2975,39,23.0,38,897.0,874.0,profit
item_2976,2,145.0,65,290.0,9425.0,profit
item_2977,32,88.0,19,2816.0,1672.0,profit
item_2978,11,67.0,28,737.0,1876.0,profit
item_2979,43,31.0,89,1333.0,2759.0,profit
item_2980,16,64.0,94,1024.0,6016.0,profit
item_2981,23,87.0,82,2001.0,7134.0,profit
item_2982,41,133.0,60,5453.0,7980.0,profit
item_2983,43,53.0,30,2279.0,1590.0,profit
item_2984,5,70.0,16,350.0,1120.0,profit
item_2985,27,143.0,85,3861.0,12155.0,profit
item_2986,3,117.0,75,351.0,8775.0,profit
item_2987,42,123.0,43,5166.0,5289.0,profit
item_2988,17,89.0,16,1513.0,1424.0,profit
item_2989,9,32.0,84,288.0,2688.0,profit
item_2990,11,57.0,43,627.0,2451.0,profit
item_2991,0,111.0,72,0.0,7992.0,loss
item_2992,47,37.0,54,1739.0,1998.0,profit
item_2993,15,84.0,30,1260.0,2520.0,profit
item_2994,4,70.0,14,280.0,980.0,profit
item_2995,18,73.0,46,1314.0,3358.0,profit
item_2996,36,19.0,85,684.0,1615.0,profit
item_2997,36,30.0,59,1080.0,1770.0,profit
item_2998,34,88.0,44,2992.0,3872.0,profit
item_2999,2,19.0,41,38.0,779.0,profit
item_3000,39,18.0,94,702.0,1692.0,profit
item_3001,17,128.0,21,2176.0,2688.0,profit
item_3002,10,113.0,35,1130.0,3955.0,profit
item_3003,4,77.0,11,308.0,847.0,profit
item_3004,34,129.0,57,4386.0,7353.0,profit
item_3005,5,134.0,44,670.0,5896.0,profit
item_3006,40,69.0,73,2760.0,5037.0,profit
item_3007,11,65.0,74,715.0,4810.0,profit
item_3008,19,83.0,22,1577.0,1826.0,profit
item_3009,12,113.0,20,1356.0,2260.0,profit
item_3010,35,128.0,100,4480.0,12800.0,profit
item_3011,31,118.0,39,3658.0,4602.0,profit
item_3012,32,67.0,57,2144.0,3819.0,profit
item_3013,27,65.0,96,1755.0,6240.0,profit
item_3014,14,34.0,35,476.0,1190.0,profit
item_3015,45,140.0,88,6300.0,12320.0,profit
item_3016,19,97.0,44,1843.0,4268.0,profit
item_3017,45,139.0,60,6255.0,8340.0,profit
item_3018,42,90.0,46,3780.0,4140.0,profit
item_3019,19,40.0,88,760.0,3520.0,profit
item_3020,32,61.0,40,1952.0,2440.0,profit
item_3021,36,24.0,56,864.0,1344.0,profit
item_3022,21,71.0,18,1491.0,1278.0,profit
item_3023,22,64.0,45,1408.0,2880.0,profit
item_3024,23,125.0,35,2875.0,4375.0,profit
item_3025,46,30.0,49,1380.0,1470.0,profit
item_3026,11,34.0,53,374.0,1802.0,profit
item_3027,39,65.0,74,2535.0,4810.0,profit
item_3028,32,139.0,24,4448.0,3336.0,profit
item_3029,27,29.0,48,783.0,1392.0,profit
item_3030,46,52.0,49,2392.0,2548.0,profit
item_3031,9,44.0,48,396.0,2112.0,profit
item_3032,43,78.0,55,3354.0,4290.0,profit
item_3033,14,100.0,27,1400.0,2700.0,profit
item_3034,26,107.0,85,2782.0,9095.0,profit
item_3035,9,127.0,45,1143.0,5715.0,profit
item_3036,5,72.0,27,360.0,1944.0,profit
item_3037,30,19.0,97,570.0,1843.0,profit
item_3038,27,135.0,94,3645.0,12690.0,profit
item_3039,49,74.0,61,3626.0,4514.0,profit
item_3040,20,97.0,55,1940.0,5335.0,profit
item_3041,14,100.0,87,1400.0,8700.0,profit
item_3042,50,33.0,85,1650.0,2805.0,profit
item_3043,38,120.0,13,4560.0,1560.0,profit
item_3044,47,142.0,55,6674.0,7810.0,profit
item_3045,29,133.0,18,3857.0,2394.0,profit
item_3046,22,99.0,41,2178.0,4059.0,profit
item_3047,16,85.0,70,1360.0,5950.0,profit
item_3048,25,133.0,86,3325.0,11438.0,profit
item_3049,18,89.0,25,1602.0,2225.0,profit
item_3050,2,111.0,88,222.0,9768.0,profit
item_3051,2,104.0,51,208.0,5304.0,profit
item_3052,4,91.0,94,364.0,8554.0,profit
item_3053,42,51.0,56,2142.0,2856.0,profit
item_3054,11,46.0,31,506.0,1426.0,profit
item_3055,19,120.0,98,2280.0,11760.0,profit
item_3056,38,65.0,78,2470.0,5070.0,profit
item_3057,35,88.0,31,3080.0,2728.0,profit
item_3058,38,84.0,83,3192.0,6972.0,profit
item_3059,38,101.0,47,3838.0,4747.0,profit
item_3060,49,20.0,14,980.0,280.0,profit
item_3061,29,114.0,50,3306.0,5700.0,profit
item_3062,50,110.0,19,5500.0,2090.0,profit
item_3063,20,135.0,37,2700.0,4995.0,profit
item_3064,19,103.0,59,1957.0,6077.0,profit
item_3065,0,101.0,13,0.0,1313.0,loss
item_3066,30,77.0,47,2310.0,3619.0,profit
item_3067,16,82.0,37,1312.0,3034.0,profit
item_3068,44,74.0,76,3256.0,5624.0,profit
item_3069,41,144.0,100,5904.0,14400.0,profit
item_3070,39,128.0,25,4992.0,3200.0,profit
item_3071,13,28.0,72,364.0,2016.0,profit
item_3072,0,109.0,60,0.0,6540.0,loss
item_3073,3,97.0,57,291.0,5529.0,profit
item_3074,26,96.0,42,2496.0,4032.0,profit
item_3075,44,134.0,35,5896.0,4690.0,profit
item_3076,49,81.0,48,3969.0,3888.0,profit
item_3077,50,65.0,72,3250.0,4680.0,profit
item_3078,9,61.0,69,549.0,4209.0,profit
item_3079,46,104.0,44,4784.0,4576.0,profit
item_3080,2,25.0,22,50.0,550.0,profit
item_3081,15,81.0,78,1215.0,6318.0,profit
item_3082,43,51.0,53,2193.0,2703.0,profit
item_3083,33,107.0,21,3531.0,2247.0,profit
item_3084,19,59.0,14,1121.0,826.0,profit
item_3085,21,134.0,89,2814.0,11926.0,profit
item_3086,4,65.0,35,260.0,2275.0,profit
item_3087,25,69.0,18,1725.0,1242.0,profit
item_3088,11,104.0,76,1144.0,7904.0,profit
item_3089,25,40.0,20,1000.0,800.0,profit
item_3090,28,149.0,77,4172.0,11473.0,profit
item_3091,42,38.0,22,1596.0,836.0,profit
item_3092,33,109.0,19,3597.0,2071.0,profit
item_3093,17,96.0,84,1632.0,8064.0,profit
item_3094,4,122.0,41,488.0,5002.0,profit
item_3095,22,59.0,38,1298.0,2242.0,profit
item_3096,32,95.0,27,3040.0,2565.0,profit
item_3097,21,149.0,77,3129.0,11473.0,profit
item_3098,4,119.0,69,476.0,8211.0,profit
item_3099,47,109.0,41,5123.0,4469.0,profit
item_3100,37,116.0,60,4292.0,6960.0,profit
item_3101,9,32.0,44,288.0,1408.0,profit
item_3102,10,83.0,25,830.0,2075.0,profit
item_3103,31,64.0,58,1984.0,3712.0,profit
item_3104,39,48.0,17,1872.0,816.0,profit
item_3105,28,132.0,17,3696.0,2244.0,profit
item_3106,27,94.0,61,2538.0,5734.0,profit
item_3107,24,117.0,35,2808.0,4095.0,profit
item_3108,4,89.0,36,356.0,3204.0,profit
item_3109,44,109.0,76,4796.0,8284.0,profit
item_3110,6,35.0,28,210.0,980.0,profit
item_3111,29,97.0,69,2813.0,6693.0,profit
item_3112,7,74.0,16,518.0,1184.0,profit
item_3113,16,127.0,52,2032.0,6604.0,profit
item_3114,12,57.0,55,684.0,3135.0,profit
item_3115,17,115.0,78,1955.0,8970.0,profit
item_3116,21,78.0,31,1638.0,2418.0,profit
item_3117,23,89.0,13,2047.0,1157.0,profit
item_3118,4,87.0,21,348.0,1827.0,profit
item_3119,32,75.0,29,2400.0,2175.0,profit
item_3120,16,33.0,70,528.0,2310.0,profit
item_3121,30,31.0,65,930.0,2015.0,profit
item_3122,46,67.0,77,3082.0,5159.0,profit
item_3123,15,138.0,85,2070.0,11730.0,profit
item_3124,33,127.0,31,4191.0,3937.0,profit
item_3125,5,29.0,12,145.0,348.0,profit
item_3126,43,40.0,22,1720.0,880.0,profit
item_3127,35,113.0,66,3955.0,7458.0,profit
item_3128,47,55.0,71,2585.0,3905.0,profit
item_3129,38,123.0,31,4674.0,3813.0,profit
item_3130,28,79.0,74,2212.0,5846.0,profit
item_3131,35,81.0,75,2835.0,6075.0,profit
item_3132,19,15.0,30,285.0,450.0,profit
item_3133,3,43.0,100,129.0,4300.0,profit
item_3134,19,123.0,84,2337.0,10332.0,profit
item_3135,45,29.0,84,1305.0,2436.0,profit
item_3136,44,19.0,39,836.0,741.0,profit
item_3137,42,111.0,43,4662.0,4773.0,profit
item_3138,16,96.0,67,1536.0,6432.0,profit
item_3139,11,47.0,90,517.0,4230.0,profit
item_3140,49,21.0,69,1029.0,1449.0,profit
item_3141,28,95.0,54,2660.0,5130.0,profit
item_3142,24,85.0,91,2040.0,7735.0,profit
item_3143,14,118.0,87,1652.0,10266.0,profit
item_3144,50,81.0,56,4050.0,4536.0,profit
item_3145,10,76.0,58,760.0,4408.0,profit
item_3146,6,102.0,79,612.0,8058.0,profit
item_3147,35,41.0,39,1435.0,1599.0,profit
item_3148,4,40.0,75,160.0,3000.0,profit
item_3149,7,126.0,71,882.0,8946.0,profit
item_3150,30,32.0,15,960.0,480.0,profit
item_3151,17,84.0,67,1428.0,5628.0,profit
item_3152,41,53.0,33,2173.0,1749.0,profit
item_3153,30,42.0,49,1260.0,2058.0,profit
item_3154,45,26.0,16,1170.0,416.0,profit
item_3155,1,120.0,100,120.0,12000.0,profit
item_3156,1,19.0,56,19.0,1064.0,profit
item_3157,22,107.0,74,2354.0,7918.0,profit
item_3158,20,145.0,46,2900.0,6670.0,profit
item_3159,2,53.0,75,106.0,3975.0,profit
item_3160,36,144.0,92,5184.0,13248.0,profit
item_3161,25,34.0,46,850.0,1564.0,profit
item_3162,27,141.0,54,3807.0,7614.0,profit
item_3163,44,89.0,20,3916.0,1780.0,profit
item_3164,31,26.0,77,806.0,2002.0,profit
item_3165,22,35.0,16,770.0,560.0,profit
item_3166,44,73.0,69,3212.0,5037.0,profit
item_3167,13,83.0,50,1079.0,4150.0,profit
item_3168,44,40.0,94,1760.0,3760.0,profit
item_3169,22,41.0,18,902.0,738.0,profit
item_3170,44,38.0,92,1672.0,3496.0,profit
item_3171,40,136.0,41,5440.0,5576.0,profit
item_3172,46,98.0,46,4508.0,4508.0,profit
item_3173,27,129.0,13,3483.0,1677.0,profit
item_3174,1,101.0,11,101.0,1111.0,profit
item_3175,19,93.0,46,1767.0,4278.0,profit
item_3176,21,68.0,13,1428.0,884.0,profit
item_3177,26,60.0,81,1560.0,4860.0,profit
item_3178,6,101.0,11,606.0,1111.0,profit
item_3179,9,74.0,42,666.0,3108.0,profit
item_3180,36,113.0,49,4068.0,5537.0,profit
item_3181,0,113.0,13,0.0,1469.0,loss
item_3182,42,141.0,46,5922.0,6486.0,profit
item_3183,22,94.0,16,2068.0,1504.0,profit
item_3184,49,116.0,60,5684.0,6960.0,profit
item_3185,32,49.0,41,1568.0,2009.0,profit
item_3186,13,134.0,95,1742.0,12730.0,profit
item_3187,35,25.0,23,875.0,575.0,profit
item_3188,40,122.0,79,4880.0,9638.0,profit
item_3189,33,108.0,96,3564.0,10368.0,profit
item_3190,16,89.0,80,1424.0,7120.0,profit
item_3191,30,136.0,98,4080.0,13328.0,profit
item_3192,9,80.0,85,720.0,6800.0,profit
item_3193,3,110.0,92,330.0,10120.0,profit
item_3194,11,70.0,24,770.0,1680.0,profit
item_3195,0,134.0,67,0.0,8978.0,loss
item_3196,19,139.0,44,2641.0,6116.0,profit
item_3197,27,33.0,22,891.0,726.0,profit
item_3198,19,47.0,69,893.0,3243.0,profit
item_3199,43,83.0,22,3569.0,1826.0,profit
item_3200,24,97.0,19,2328.0,1843.0,profit
item_3201,30,65.0,81,1950.0,5265.0,profit
item_3202,8,113.0,89,904.0,10057.0,profit
item_3203,31,146.0,43,4526.0,6278.0,profit
item_3204,12,73.0,29,876.0,2117.0,profit
item_3205,20,34.0,11,680.0,374.0,profit
item_3206,10,41.0,37,410.0,1517.0,profit
item_3207,23,92.0,11,2116.0,1012.0,profit
item_3208,44,65.0,25,2860.0,1625.0,profit
item_3209,44,34.0,74,1496.0,2516.0,profit
item_3210,49,124.0,82,6076.0,10168.0,profit
item_3211,46,93.0,43,4278.0,3999.0,profit
item_3212,17,126.0,46,2142.0,5796.0,profit
item_3213,40,59.0,61,2360.0,3599.0,profit
item_3214,21,105.0,71,2205.0,7455.0,profit
item_3215,7,70.0,70,490.0,4900.0,profit
item_3216,5,106.0,26,530.0,2756.0,profit
item_3217,16,42.0,74,672.0,3108.0,profit
item_3218,18,89.0,52,1602.0,4628.0,profit
item_3219,40,44.0,19,1760.0,836.0,profit
item_3220,38,100.0,80,3800.0,8000.0,profit
item_3221,40,131.0,43,5240.0,5633.0,profit
item_3222,44,129.0,71,5676.0,9159.0,profit
item_3223,18,85.0,80,1530.0,6800.0,profit
item_3224,17,126.0,58,2142.0,7308.0,profit
item_3225,20,130.0,39,2600.0,5070.0,profit
item_3226,31,60.0,62,1860.0,3720.0,profit
item_3227,18,34.0,34,612.0,1156.0,profit
item_3228,14,134.0,89,1876.0,11926.0,profit
item_3229,23,109.0,56,2507.0,6104.0,profit
item_3230,20,129.0,24,2580.0,3096.0,profit
item_3231,2,103.0,93,206.0,9579.0,profit
item_3232,43,102.0,19,4386.0,1938.0,profit
item_3233,44,98.0,16,4312.0,1568.0,profit
item_3234,14,110.0,96,1540.0,10560.0,profit
item_3235,25,121.0,27,3025.0,3267.0,profit
item_3236,38,121.0,92,4598.0,11132.0,profit
item_3237,47,32.0,94,1504.0,3008.0,profit
item_3238,47,142.0,48,6674.0,6816.0,profit
item_3239,40,38.0,28,1520.0,1064.0,profit
item_3240,34,85.0,30,2890.0,2550.0,profit
item_3241,26,110.0,18,2860.0,1980.0,profit
item_3242,4,131.0,41,524.0,5371.0,profit
item_3243,30,56.0,12,1680.0,672.0,profit
item_3244,40,74.0,16,2960.0,1184.0,profit
item_3245,23,67.0,79,1541.0,5293.0,profit
item_3246,22,57.0,57,1254.0,3249.0,profit
item_3247,35,130.0,61,4550.0,7930.0,profit
item_3248,3,127.0,48,381.0,6096.0,profit
item_3249,29,74.0,54,2146.0,3996.0,profit
item_3250,17,26.0,38,442.0,988.0,profit
item_3251,31,63.0,16,1953.0,1008.0,profit
item_3252,27,95.0,92,2565.0,8740.0,profit
item_3253,3,130.0,31,390.0,4030.0,profit
item_3254,26,94.0,49,2444.0,4606.0,profit
item_3255,17,119.0,44,2023.0,5236.0,profit
item_3256,10,32.0,97,320.0,3104.0,profit
item_3257,50,34.0,72,1700.0,2448.0,profit
item_3258,34,104.0,68,3536.0,7072.0,profit
item_3259,40,38.0,97,1520.0,3686.0,profit
item_3260,43,137.0,63,5891.0,8631.0,profit
item_3261,33,58.0,97,1914.0,5626.0,profit
item_3262,41,115.0,37,4715.0,4255.0,profit
item_3263,6,55.0,80,330.0,4400.0,profit
item_3264,44,70.0,76,3080.0,5320.0,profit
item_3265,6,77.0,20,462.0,1540.0,profit
item_3266,15,32.0,37,480.0,1184.0,profit
item_3267,8,108.0,43,864.0,4644.0,profit
item_3268,41,22.0,74,902.0,1628.0,profit
item_3269,12,73.0,81,876.0,5913.0,profit
item_3270,2,83.0,12,166.0,996.0,profit
item_3271,44,90.0,56,3960.0,5040.0,profit
item_3272,27,77.0,42,2079.0,3234.0,profit
item_3273,27,20.0,30,540.0,600.0,profit
item_3274,47,107.0,45,5029.0,4815.0,profit
item_3275,3,89.0,58,267.0,5162.0,profit
item_3276,14,85.0,47,1190.0,3995.0,profit
item_3277,33,103.0,87,3399.0,8961.0,profit
item_3278,31,15.0,52,465.0,780.0,profit
item_3279,48,26.0,67,1248.0,1742.0,profit
item_3280,40,27.0,74,1080.0,1998.0,profit
item_3281,49,18.0,97,882.0,1746.0,profit
item_3282,13,141.0,11,1833.0,1551.0,profit
item_3283,8,114.0,61,912.0,6954.0,profit
item_3284,26,106.0,76,2756.0,8056.0,profit
item_3285,48,34.0,100,1632.0,3400.0,profit
item_3286,13,145.0,71,1885.0,10295.0,profit
item_3287,45,54.0,46,2430.0,2484.0,profit
item_3288,0,36.0,91,0.0,3276.0,loss
item_3289,44,55.0,26,2420.0,1430.0,profit
item_3290,33,64.0,83,2112.0,5312.0,profit
item_3291,35,102.0,64,3570.0,6528.0,profit
item_3292,35,90.0,48,3150.0,4320.0,profit
item_3293,47,21.0,33,987.0,693.0,profit
item_3294,19,52.0,100,988.0,5200.0,profit
item_3295,27,31.0,64,837.0,1984.0,profit
item_3296,8,93.0,24,744.0,2232.0,profit
item_3297,17,41.0,55,697.0,2255.0,profit
item_3298,37,87.0,98,3219.0,8526.0,profit
item_3299,32,134.0,28,4288.0,3752.0,profit
item_3300,50,85.0,47,4250.0,3995.0,profit
item_3301,12,67.0,22,804.0,1474.0,profit
item_3302,20,130.0,78,2600.0,10140.0,profit
item_3303,18,27.0,42,486.0,1134.0,profit
item_3304,49,71.0,34,3479.0,2414.0,profit
item_3305,10,62.0,11,620.0,682.0,profit
item_3306,44,123.0,23,5412.0,2829.0,profit
item_3307,8,20.0,51,160.0,1020.0,profit
item_3308,30,136.0,28,4080.0,3808.0,profit
item_3309,16,112.0,60,1792.0,6720.0,profit
item_3310,37,97.0,89,3589.0,8633.0,profit
item_3311,13,101.0,78,1313.0,7878.0,profit
item_3312,14,20.0,67,280.0,1340.0,profit
item_3313,29,52.0,59,1508.0,3068.0,profit
item_3314,25,96.0,30,2400.0,2880.0,profit
item_3315,28,56.0,51,1568.0,2856.0,profit
item_3316,35,36.0,16,1260.0,576.0,profit
item_3317,15,134.0,86,2010.0,11524.0,profit
item_3318,1,135.0,66,135.0,8910.0,profit
item_3319,28,81.0,91,2268.0,7371.0,profit
item_3320,9,62.0,26,558.0,1612.0,profit
item_3321,36,148.0,22,5328.0,3256.0,profit
item_3322,44,83.0,25,3652.0,2075.0,profit
item_3323,21,133.0,51,2793.0,6783.0,profit
item_3324,29,115.0,63,3335.0,7245.0,profit
item_3325,38,20.0,67,760.0,1340.0,profit
item_3326,4,38.0,75,152.0,2850.0,profit
item_3327,13,146.0,39,1898.0,5694.0,profit
item_3328,26,143.0,28,3718.0,4004.0,profit
item_3329,4,28.0,16,112.0,448.0,profit
item_3330,17,56.0,18,952.0,1008.0,profit
item_3331,17,57.0,74,969.0,4218.0,profit
item_3332,7,91.0,38,637.0,3458.0,profit
item_3333,44,42.0,42,1848.0,1764.0,profit
item_3334,31,17.0,24,527.0,408.0,profit
item_3335,28,134.0,27,3752.0,3618.0,profit
item_3336,20,138.0,87,2760.0,12006.0,profit
item_3337,22,111.0,81,2442.0,8991.0,profit
item_3338,42,67.0,31,2814.0,2077.0,profit
item_3339,50,63.0,16,3150.0,1008.0,profit
item_3340,20,58.0,74,1160.0,4292.0,profit
item_3341,32,71.0,84,2272.0,5964.0,profit
item_3342,45,49.0,57,2205.0,2793.0,profit
item_3343,48,48.0,29,2304.0,1392.0,profit
item_3344,7,112.0,66,784.0,7392.0,profit
item_3345,5,29.0,58,145.0,1682.0,profit
item_3346,7,97.0,34,679.0,3298.0,profit
item_3347,7,42.0,23,294.0,966.0,profit
item_3348,22,55.0,65,1210.0,3575.0,profit
item_3349,9,78.0,88,702.0,6864.0,profit
item_3350,43,146.0,55,6278.0,8030.0,profit
item_3351,2,21.0,64,42.0,1344.0,profit
item_3352,29,120.0,22,3480.0,2640.0,profit
item_3353,43,99.0,78,4257.0,7722.0,profit
item_3354,8,85.0,56,680.0,4760.0,profit
item_3355,10,113.0,34,1130.0,3842.0,profit
item_3356,40,15.0,61,600.0,915.0,profit
item_3357,40,53.0,35,2120.0,1855.0,profit
item_3358,11,96.0,81,1056.0,7776.0,profit
item_3359,35,64.0,88,2240.0,5632.0,profit
item_3360,33,149.0,26,4917.0,3874.0,profit
item_3361,5,34.0,18,170.0,612.0,profit
item_3362,28,142.0,56,3976.0,7952.0,profit
item_3363,49,96.0,74,4704.0,7104.0,profit
item_3364,23,49.0,47,1127.0,2303.0,profit
item_3365,46,22.0,77,1012.0,1694.0,profit
item_3366,48,93.0,13,4464.0,1209.0,profit
item_3367,49,133.0,32,6517.0,4256.0,profit
item_3368,23,133.0,44,3059.0,5852.0,profit
item_3369,32,45.0,60,1440.0,2700.0,profit
item_3370,26,109.0,52,2834.0,5668.0,profit
item_3371,42,128.0,84,5376.0,10752.0,profit
item_3372,32,104.0,61,3328.0,6344.0,profit
item_3373,16,123.0,16,1968.0,1968.0,profit
item_3374,28,42.0,57,1176.0,2394.0,profit
item_3375,49,84.0,89,4116.0,7476.0,profit
item_3376,50,25.0,43,1250.0,1075.0,profit
item_3377,1,95.0,14,95.0,1330.0,profit
item_3378,35,37.0,38,1295.0,1406.0,profit
item_3379,6,48.0,25,288.0,1200.0,profit
item_3380,1,119.0,15,119.0,1785.0,profit
item_3381,12,28.0,15,336.0,420.0,profit
item_3382,8,51.0,43,408.0,2193.0,profit
item_3383,10,70.0,30,700.0,2100.0,profit
item_3384,5,117.0,96,585.0,11232.0,profit
item_3385,43,35.0,68,1505.0,2380.0,profit
item_3386,0,103.0,71,0.0,7313.0,loss
item_3387,4,92.0,58,368.0,5336.0,profit
item_3388,8,89.0,21,712.0,1869.0,profit
item_3389,41,18.0,84,738.0,1512.0,profit
item_3390,4,50.0,47,200.0,2350.0,profit
item_3391,15,65.0,79,975.0,5135.0,profit
item_3392,46,74.0,81,3404.0,5994.0,profit
item_3393,20,25.0,44,500.0,1100.0,profit
item_3394,9,76.0,81,684.0,6156.0,profit
item_3395,50,77.0,64,3850.0,4928.0,profit
item_3396,21,39.0,29,819.0,1131.0,profit
item_3397,23,15.0,76,345.0,1140.0,profit
item_3398,0,147.0,54,0.0,7938.0,loss
item_3399,36,104.0,36,3744.0,3744.0,profit
item_3400,30,62.0,83,1860.0,5146.0,profit
item_3401,31,131.0,70,4061.0,9170.0,profit
item_3402,13,147.0,64,1911.0,9408.0,profit
item_3403,25,74.0,38,1850.0,2812.0,profit
item_3404,36,47.0,49,1692.0,2303.0,profit
item_3405,33,56.0,10,1848.0,560.0,profit
item_3406,27,145.0,62,3915.0,8990.0,profit
item_3407,15,116.0,33,1740.0,3828.0,profit
item_3408,37,111.0,27,4107.0,2997.0,profit
item_3409,9,118.0,58,1062.0,6844.0,profit
item_3410,33,112.0,18,3696.0,2016.0,profit
item_3411,30,23.0,54,690.0,1242.0,profit
item_3412,16,102.0,43,1632.0,4386.0,profit
item_3413,38,94.0,58,3572.0,5452.0,profit
item_3414,14,64.0,55,896.0,3520.0,profit
item_3415,28,101.0,38,2828.0,3838.0,profit
item_3416,27,60.0,37,1620.0,2220.0,profit
item_3417,41,24.0,25,984.0,600.0,profit
item_3418,20,126.0,62,2520.0,7812.0,profit
item_3419,23,127.0,71,2921.0,9017.0,profit
item_3420,44,139.0,36,6116.0,5004.0,profit
item_3421,24,138.0,56,3312.0,7728.0,profit
item_3422,18,23.0,99,414.0,2277.0,profit
item_3423,26,121.0,62,3146.0,7502.0,profit
item_3424,50,118.0,76,5900.0,8968.0,profit
item_3425,31,103.0,36,3193.0,3708.0,profit
item_3426,48,63.0,10,3024.0,630.0,profit
item_3427,19,92.0,75,1748.0,6900.0,profit
item_3428,43,15.0,54,645.0,810.0,profit
item_3429,29,52.0,58,1508.0,3016.0,profit
item_3430,45,93.0,11,4185.0,1023.0,profit
item_3431,18,30.0,42,540.0,1260.0,profit
item_3432,18,69.0,93,1242.0,6417.0,profit
item_3433,1,96.0,77,96.0,7392.0,profit
item_3434,12,146.0,38,1752.0,5548.0,profit
item_3435,36,56.0,88,2016.0,4928.0,profit
item_3436,44,69.0,78,3036.0,5382.0,profit
item_3437,37,31.0,97,1147.0,3007.0,profit
item_3438,15,142.0,75,2130.0,10650.0,profit
item_3439,39,36.0,69,1404.0,2484.0,profit
item_3440,24,140.0,56,3360.0,7840.0,profit
item_3441,0,68.0,27,0.0,1836.0,loss
item_3442,8,41.0,34,328.0,1394.0,profit
item_3443,0,63.0,63,0.0,3969.0,loss
item_3444,23,85.0,49,1955.0,4165.0,profit
item_3445,43,116.0,16,4988.0,1856.0,profit
item_3446,35,127.0,76,4445.0,9652.0,profit
item_3447,47,22.0,13,1034.0,286.0,profit
item_3448,40,80.0,91,3200.0,7280.0,profit
item_3449,36,129.0,42,4644.0,5418.0,profit
item_3450,31,92.0,75,2852.0,6900.0,profit
item_3451,32,126.0,30,4032.0,3780.0,profit
item_3452,48,75.0,27,3600.0,2025.0,profit
item_3453,15,126.0,56,1890.0,7056.0,profit
item_3454,24,150.0,22,3600.0,3300.0,profit
item_3455,15,56.0,69,840.0,3864.0,profit
item_3456,16,107.0,90,1712.0,9630.0,profit
item_3457,21,24.0,18,504.0,432.0,profit
item_3458,45,49.0,92,2205.0,4508.0,profit
item_3459,40,61.0,34,2440.0,2074.0,profit
item_3460,11,16.0,69,176.0,1104.0,profit
item_3461,4,137.0,47,548.0,6439.0,profit
item_3462,15,56.0,44,840.0,2464.0,profit
item_3463,16,135.0,47,2160.0,6345.0,profit
item_3464,1,147.0,67,147.0,9849.0,profit
item_3465,5,72.0,90,360.0,6480.0,profit
item_3466,45,92.0,14,4140.0,1288.0,profit
item_3467,36,52.0,68,1872.0,3536.0,profit
item_3468,46,81.0,83,3726.0,6723.0,profit
item_3469,24,139.0,20,3336.0,2780.0,profit
item_3470,34,80.0,33,2720.0,2640.0,profit
item_3471,30,56.0,49,1680.0,2744.0,profit
item_3472,50,132.0,15,6600.0,1980.0,profit
item_3473,2,63.0,100,126.0,6300.0,profit
item_3474,19,16.0,47,304.0,752.0,profit
item_3475,48,127.0,78,6096.0,9906.0,profit
item_3476,33,44.0,78,1452.0,3432.0,profit
item_3477,20,138.0,82,2760.0,11316.0,profit
item_3478,8,37.0,24,296.0,888.0,profit
item_3479,34,140.0,82,4760.0,11480.0,profit
item_3480,23,31.0,26,713.0,806.0,profit
item_3481,47,93.0,62,4371.0,5766.0,profit
item_3482,10,30.0,68,300.0,2040.0,profit
item_3483,45,125.0,24,5625.0,3000.0,profit
item_3484,28,76.0,12,2128.0,912.0,profit
item_3485,38,71.0,45,2698.0,3195.0,profit
item_3486,10,28.0,52,280.0,1456.0,profit
item_3487,43,113.0,47,4859.0,5311.0,profit
item_3488,45,108.0,30,4860.0,3240.0,profit
item_3489,21,41.0,37,861.0,1517.0,profit
item_3490,24,57.0,100,1368.0,5700.0,profit
item_3491,8,97.0,40,776.0,3880.0,profit
item_3492,24,57.0,16,1368.0,912.0,profit
item_3493,9,43.0,87,387.0,3741.0,profit
item_3494,49,26.0,37,1274.0,962.0,profit
item_3495,27,49.0,76,1323.0,3724.0,profit
item_3496,32,98.0,74,3136.0,7252.0,profit
item_3497,48,54.0,38,2592.0,2052.0,profit
item_3498,4,122.0,100,488.0,12200.0,profit
item_3499,18,72.0,29,1296.0,2088.0,profit
item_3500,1,79.0,24,79.0,1896.0,profit
item_3501,3,40.0,31,120.0,1240.0,profit
item_3502,44,33.0,65,1452.0,2145.0,profit
item_3504,0,81.0,81,0.0,6561.0,loss
item_3505,40,96.0,12,3840.0,1152.0,profit
item_3506,25,84.0,48,2100.0,4032.0,profit
item_3507,47,89.0,11,4183.0,979.0,profit
item_3508,37,115.0,25,4255.0,2875.0,profit
item_3509,19,75.0,98,1425.0,7350.0,profit
item_3510,24,70.0,55,1680.0,3850.0,profit
item_3511,22,60.0,72,1320.0,4320.0,profit
item_3512,40,130.0,14,5200.0,1820.0,profit
item_3513,31,79.0,88,2449.0,6952.0,profit
item_3514,35,40.0,29,1400.0,1160.0,profit
item_3515,34,145.0,89,4930.0,12905.0,profit
item_3516,15,28.0,84,420.0,2352.0,profit
item_3517,9,131.0,62,1179.0,8122.0,profit
item_3518,21,62.0,56,1302.0,3472.0,profit
item_3519,18,47.0,10,846.0,470.0,profit
item_3520,29,144.0,42,4176.0,6048.0,profit
item_3521,27,87.0,40,2349.0,3480.0,profit
item_3522,35,47.0,36,1645.0,1692.0,profit
item_3523,7,27.0,28,189.0,756.0,profit
item_3524,50,90.0,77,4500.0,6930.0,profit
item_3525,4,56.0,11,224.0,616.0,profit
item_3526,29,92.0,28,2668.0,2576.0,profit
item_3527,23,18.0,26,414.0,468.0,profit
item_3528,37,135.0,54,4995.0,7290.0,profit
item_3529,11,60.0,90,660.0,5400.0,profit
item_3530,0,22.0,36,0.0,792.0,loss
item_3531,41,19.0,98,779.0,1862.0,profit
item_3532,20,79.0,88,1580.0,6952.0,profit
item_3533,50,59.0,19,2950.0,1121.0,profit
item_3534,23,128.0,89,2944.0,11392.0,profit
item_3535,27,22.0,72,594.0,1584.0,profit
item_3536,39,51.0,91,1989.0,4641.0,profit
item_3537,6,98.0,79,588.0,7742.0,profit
item_3538,14,121.0,54,1694.0,6534.0,profit
item_3539,39,118.0,57,4602.0,6726.0,profit
item_3540,28,33.0,85,924.0,2805.0,profit
item_3541,22,35.0,93,770.0,3255.0,profit
item_3542,17,48.0,33,816.0,1584.0,profit
item_3543,28,45.0,72,1260.0,3240.0,profit
item_3544,24,90.0,42,2160.0,3780.0,profit
item_3545,13,145.0,88,1885.0,12760.0,profit
item_3546,15,53.0,35,795.0,1855.0,profit
item_3547,47,123.0,27,5781.0,3321.0,profit
item_3548,47,56.0,96,2632.0,5376.0,profit
item_3549,34,71.0,81,2414.0,5751.0,profit
item_3550,13,123.0,43,1599.0,5289.0,profit
item_3551,32,66.0,40,2112.0,2640.0,profit
item_3552,46,24.0,12,1104.0,288.0,profit
item_3553,28,109.0,66,3052.0,7194.0,profit
item_3554,46,22.0,51,1012.0,1122.0,profit
item_3555,35,39.0,17,1365.0,663.0,profit
item_3556,28,78.0,80,2184.0,6240.0,profit
item_3557,25,73.0,16,1825.0,1168.0,profit
item_3558,41,82.0,51,3362.0,4182.0,profit
item_3559,49,94.0,57,4606.0,5358.0,profit
item_3560,14,114.0,48,1596.0,5472.0,profit
item_3561,29,67.0,88,1943.0,5896.0,profit
item_3562,38,147.0,68,5586.0,9996.0,profit
item_3563,50,114.0,49,5700.0,5586.0,profit
item_3564,13,120.0,31,1560.0,3720.0,profit
item_3565,3,139.0,54,417.0,7506.0,profit
item_3566,19,24.0,21,456.0,504.0,profit
item_3567,18,62.0,19,1116.0,1178.0,profit
item_3568,32,47.0,40,1504.0,1880.0,profit
item_3569,20,33.0,71,660.0,2343.0,profit
item_3570,49,37.0,44,1813.0,1628.0,profit
item_3571,48,50.0,32,2400.0,1600.0,profit
item_3572,6,75.0,62,450.0,4650.0,profit
item_3573,1,93.0,47,93.0,4371.0,profit
item_3574,25,104.0,55,2600.0,5720.0,profit
item_3575,38,35.0,68,1330.0,2380.0,profit
item_3576,1,65.0,19,65.0,1235.0,profit
item_3577,32,110.0,56,3520.0,6160.0,profit
item_3578,41,17.0,52,697.0,884.0,profit
item_3579,37,91.0,82,3367.0,7462.0,profit
item_3580,49,100.0,14,4900.0,1400.0,profit
item_3581,16,117.0,76,1872.0,8892.0,profit
item_3584,20,117.0,88,2340.0,10296.0,profit
item_3585,30,28.0,70,840.0,1960.0,profit
item_3586,27,137.0,23,3699.0,3151.0,profit
item_3587,24,66.0,17,1584.0,1122.0,profit
item_3588,25,47.0,31,1175.0,1457.0,profit
item_3589,36,87.0,44,3132.0,3828.0,profit
item_3590,31,74.0,51,2294.0,3774.0,profit
item_3591,1,110.0,92,110.0,10120.0,profit
item_3592,30,113.0,99,3390.0,11187.0,profit
item_3593,18,92.0,25,1656.0,2300.0,profit
item_3594,18,19.0,88,342.0,1672.0,profit
item_3595,40,84.0,66,3360.0,5544.0,profit
item_3596,49,79.0,94,3871.0,7426.0,profit
item_3597,45,66.0,44,2970.0,2904.0,profit
item_3598,48,76.0,59,3648.0,4484.0,profit
item_3599,42,119.0,24,4998.0,2856.0,profit
item_3600,24,56.0,23,1344.0,1288.0,profit
item_3601,49,59.0,26,2891.0,1534.0,profit
item_3602,11,92.0,40,1012.0,3680.0,profit
item_3603,11,141.0,99,1551.0,13959.0,profit
item_3604,20,101.0,84,2020.0,8484.0,profit
item_3605,40,57.0,100,2280.0,5700.0,profit
item_3606,10,140.0,54,1400.0,7560.0,profit
item_3607,30,136.0,95,4080.0,12920.0,profit
item_3608,43,124.0,18,5332.0,2232.0,profit
item_3609,34,18.0,60,612.0,1080.0,profit
item_3610,37,69.0,88,2553.0,6072.0,profit
item_3611,29,59.0,19,1711.0,1121.0,profit
item_3612,8,33.0,26,264.0,858.0,profit
item_3613,36,119.0,16,4284.0,1904.0,profit
item_3614,34,109.0,77,3706.0,8393.0,profit
item_3615,9,19.0,51,171.0,969.0,profit
item_3616,23,30.0,78,690.0,2340.0,profit
item_3617,25,70.0,18,1750.0,1260.0,profit
item_3618,15,90.0,71,1350.0,6390.0,profit
item_3619,27,36.0,74,972.0,2664.0,profit
item_3620,11,92.0,19,1012.0,1748.0,profit
item_3621,34,133.0,48,4522.0,6384.0,profit
item_3622,12,124.0,40,1488.0,4960.0,profit
item_3623,5,97.0,36,485.0,3492.0,profit
item_3624,20,119.0,83,2380.0,9877.0,profit
item_3625,43,21.0,18,903.0,378.0,profit
item_3626,5,100.0,18,500.0,1800.0,profit
item_3627,14,88.0,88,1232.0,7744.0,profit
item_3628,42,50.0,51,2100.0,2550.0,profit
item_3629,47,54.0,76,2538.0,4104.0,profit
item_3630,35,134.0,51,4690.0,6834.0,profit
item_3631,36,46.0,77,1656.0,3542.0,profit
item_3632,0,53.0,74,0.0,3922.0,loss
item_3633,32,138.0,36,4416.0,4968.0,profit
item_3634,34,41.0,36,1394.0,1476.0,profit
item_3635,34,60.0,25,2040.0,1500.0,profit
item_3636,17,103.0,38,1751.0,3914.0,profit
item_3637,2,81.0,60,162.0,4860.0,profit
item_3638,38,98.0,86,3724.0,8428.0,profit
item_3639,34,29.0,37,986.0,1073.0,profit
item_3640,3,134.0,59,402.0,7906.0,profit
item_3641,35,124.0,86,4340.0,10664.0,profit
item_3642,14,121.0,27,1694.0,3267.0,profit
item_3643,5,97.0,77,485.0,7469.0,profit
item_3644,15,130.0,99,1950.0,12870.0,profit
item_3645,45,77.0,52,3465.0,4004.0,profit
item_3646,29,67.0,77,1943.0,5159.0,profit
item_3647,32,39.0,75,1248.0,2925.0,profit
item_3648,37,21.0,14,777.0,294.0,profit
item_3649,50,116.0,70,5800.0,8120.0,profit
item_3650,8,86.0,21,688.0,1806.0,profit
item_3651,2,37.0,82,74.0,3034.0,profit
item_3652,29,53.0,68,1537.0,3604.0,profit
item_3653,32,112.0,57,3584.0,6384.0,profit
item_3654,27,93.0,75,2511.0,6975.0,profit
item_3655,0,137.0,13,0.0,1781.0,loss
item_3656,22,146.0,77,3212.0,11242.0,profit
item_3657,39,70.0,69,2730.0,4830.0,profit
item_3658,41,112.0,52,4592.0,5824.0,profit
item_3659,8,34.0,23,272.0,782.0,profit
item_3660,12,120.0,71,1440.0,8520.0,profit
item_3661,19,139.0,69,2641.0,9591.0,profit
item_3662,21,20.0,80,420.0,1600.0,profit
item_3663,34,85.0,90,2890.0,7650.0,profit
item_3664,42,102.0,40,4284.0,4080.0,profit
item_3665,7,64.0,55,448.0,3520.0,profit
item_3666,38,98.0,95,3724.0,9310.0,profit
item_3667,24,34.0,98,816.0,3332.0,profit
item_3668,9,91.0,70,819.0,6370.0,profit
item_3669,15,24.0,45,360.0,1080.0,profit
item_3670,40,81.0,34,3240.0,2754.0,profit
item_3671,13,18.0,62,234.0,1116.0,profit
item_3672,18,139.0,23,2502.0,3197.0,profit
item_3673,39,90.0,80,3510.0,7200.0,profit
item_3674,31,95.0,70,2945.0,6650.0,profit
item_3675,8,143.0,26,1144.0,3718.0,profit
item_3676,2,55.0,49,110.0,2695.0,profit
item_3677,14,117.0,25,1638.0,2925.0,profit
item_3678,35,101.0,98,3535.0,9898.0,profit
item_3679,27,71.0,25,1917.0,1775.0,profit
item_3680,3,35.0,22,105.0,770.0,profit
item_3681,9,48.0,33,432.0,1584.0,profit
item_3682,40,16.0,49,640.0,784.0,profit
item_3683,40,143.0,12,5720.0,1716.0,profit
item_3684,8,70.0,96,560.0,6720.0,profit
item_3685,27,138.0,37,3726.0,5106.0,profit
item_3686,2,68.0,90,136.0,6120.0,profit
item_3687,0,28.0,11,0.0,308.0,loss
item_3688,13,146.0,73,1898.0,10658.0,profit
item_3689,4,62.0,22,248.0,1364.0,profit
item_3690,33,107.0,86,3531.0,9202.0,profit
item_3691,9,137.0,57,1233.0,7809.0,profit
item_3692,31,98.0,25,3038.0,2450.0,profit
item_3693,35,100.0,87,3500.0,8700.0,profit
item_3694,0,70.0,81,0.0,5670.0,loss
item_3695,49,100.0,95,4900.0,9500.0,profit
item_3696,49,112.0,49,5488.0,5488.0,profit
item_3697,36,47.0,83,1692.0,3901.0,profit
item_3698,24,26.0,81,624.0,2106.0,profit
item_3699,1,57.0,99,57.0,5643.0,profit
item_3700,42,75.0,81,3150.0,6075.0,profit
item_3701,40,139.0,82,5560.0,11398.0,profit
item_3702,4,99.0,14,396.0,1386.0,profit
item_3703,22,137.0,52,3014.0,7124.0,profit
item_3704,3,94.0,83,282.0,7802.0,profit
item_3705,44,55.0,72,2420.0,3960.0,profit
item_3706,24,52.0,64,1248.0,3328.0,profit
item_3707,2,93.0,79,186.0,7347.0,profit
item_3708,50,26.0,32,1300.0,832.0,profit
item_3709,32,45.0,27,1440.0,1215.0,profit
item_3710,8,85.0,73,680.0,6205.0,profit
item_3711,5,54.0,20,270.0,1080.0,profit
item_3712,41,148.0,35,6068.0,5180.0,profit
item_3713,0,76.0,70,0.0,5320.0,loss
item_3714,7,22.0,29,154.0,638.0,profit
item_3715,35,45.0,55,1575.0,2475.0,profit
item_3716,14,51.0,81,714.0,4131.0,profit
item_3717,20,55.0,43,1100.0,2365.0,profit
item_3718,29,46.0,76,1334.0,3496.0,profit
item_3719,48,106.0,79,5088.0,8374.0,profit
item_3720,48,41.0,84,1968.0,3444.0,profit
item_3721,50,74.0,85,3700.0,6290.0,profit
item_3722,43,110.0,12,4730.0,1320.0,profit
item_3723,6,142.0,92,852.0,13064.0,profit
item_3724,21,55.0,53,1155.0,2915.0,profit
item_3725,32,42.0,90,1344.0,3780.0,profit
item_3726,12,144.0,90,1728.0,12960.0,profit
item_3727,27,21.0,12,567.0,252.0,profit
item_3728,40,66.0,79,2640.0,5214.0,profit
item_3729,48,117.0,58,5616.0,6786.0,profit
item_3730,37,97.0,72,3589.0,6984.0,profit
item_3731,38,103.0,87,3914.0,8961.0,profit
item_3732,24,130.0,94,3120.0,12220.0,profit
item_3733,16,51.0,60,816.0,3060.0,profit
item_3734,45,116.0,73,5220.0,8468.0,profit
item_3735,15,118.0,45,1770.0,5310.0,profit
item_3736,28,81.0,80,2268.0,6480.0,profit
item_3737,19,143.0,55,2717.0,7865.0,profit
item_3738,2,100.0,65,200.0,6500.0,profit
item_3739,49,86.0,97,4214.0,8342.0,profit
item_3742,46,136.0,45,6256.0,6120.0,profit
item_3743,34,64.0,57,2176.0,3648.0,profit
item_3744,47,116.0,90,5452.0,10440.0,profit
item_3745,29,80.0,32,2320.0,2560.0,profit
item_3746,30,65.0,94,1950.0,6110.0,profit
item_3747,35,111.0,88,3885.0,9768.0,profit
item_3748,40,145.0,37,5800.0,5365.0,profit
item_3749,19,38.0,65,722.0,2470.0,profit
item_3750,45,89.0,49,4005.0,4361.0,profit
item_3751,1,64.0,100,64.0,6400.0,profit
item_3752,18,19.0,44,342.0,836.0,profit
item_3753,28,117.0,29,3276.0,3393.0,profit
item_3754,28,52.0,15,1456.0,780.0,profit
item_3755,40,67.0,88,2680.0,5896.0,profit
item_3756,1,74.0,34,74.0,2516.0,profit
item_3757,50,70.0,23,3500.0,1610.0,profit
item_3758,18,144.0,57,2592.0,8208.0,profit
item_3759,36,120.0,53,4320.0,6360.0,profit
item_3760,38,117.0,41,4446.0,4797.0,profit
item_3761,12,57.0,47,684.0,2679.0,profit
item_3762,5,126.0,22,630.0,2772.0,profit
item_3763,2,46.0,95,92.0,4370.0,profit
item_3764,38,109.0,97,4142.0,10573.0,profit
item_3765,5,71.0,51,355.0,3621.0,profit
item_3766,20,25.0,37,500.0,925.0,profit
item_3767,17,85.0,13,1445.0,1105.0,profit
item_3768,18,114.0,25,2052.0,2850.0,profit
item_3769,5,53.0,28,265.0,1484.0,profit
item_3770,15,52.0,56,780.0,2912.0,profit
item_3771,25,26.0,78,650.0,2028.0,profit
item_3772,10,92.0,70,920.0,6440.0,profit
item_3773,22,35.0,70,770.0,2450.0,profit
item_3774,35,62.0,41,2170.0,2542.0,profit
item_3775,0,30.0,52,0.0,1560.0,loss
item_3776,7,104.0,52,728.0,5408.0,profit
item_3777,28,133.0,33,3724.0,4389.0,profit
item_3778,21,29.0,15,609.0,435.0,profit
item_3779,34,140.0,78,4760.0,10920.0,profit
item_3780,28,123.0,17,3444.0,2091.0,profit
item_3781,26,48.0,95,1248.0,4560.0,profit
item_3782,5,89.0,60,445.0,5340.0,profit
item_3783,23,92.0,78,2116.0,7176.0,profit
item_3784,45,106.0,42,4770.0,4452.0,profit
item_3785,35,126.0,55,4410.0,6930.0,profit
item_3786,31,23.0,42,713.0,966.0,profit
item_3787,20,124.0,44,2480.0,5456.0,profit
item_3788,5,142.0,24,710.0,3408.0,profit
item_3789,2,29.0,64,58.0,1856.0,profit
item_3790,48,17.0,74,816.0,1258.0,profit
item_3791,5,78.0,38,390.0,2964.0,profit
item_3792,3,136.0,100,408.0,13600.0,profit
item_3793,47,96.0,27,4512.0,2592.0,profit
item_3794,5,121.0,25,605.0,3025.0,profit
item_3795,33,80.0,76,2640.0,6080.0,profit
item_3796,24,91.0,48,2184.0,4368.0,profit
item_3797,44,48.0,96,2112.0,4608.0,profit
item_3798,32,89.0,92,2848.0,8188.0,profit
item_3799,17,55.0,99,935.0,5445.0,profit
item_3800,29,85.0,29,2465.0,2465.0,profit
item_3801,10,67.0,81,670.0,5427.0,profit
item_3802,14,143.0,41,2002.0,5863.0,profit
item_3803,1,29.0,48,29.0,1392.0,profit
item_3804,29,108.0,44,3132.0,4752.0,profit
item_3805,38,147.0,76,5586.0,11172.0,profit
item_3806,9,31.0,98,279.0,3038.0,profit
item_3807,48,72.0,28,3456.0,2016.0,profit
item_3808,0,105.0,68,0.0,7140.0,loss
item_3809,28,119.0,85,3332.0,10115.0,profit
item_3810,19,139.0,90,2641.0,12510.0,profit
item_3811,11,97.0,96,1067.0,9312.0,profit
item_3812,27,40.0,85,1080.0,3400.0,profit
item_3813,22,27.0,29,594.0,783.0,profit
item_3814,40,30.0,70,1200.0,2100.0,profit
item_3815,10,53.0,54,530.0,2862.0,profit
item_3816,25,23.0,59,575.0,1357.0,profit
item_3817,5,99.0,44,495.0,4356.0,profit
item_3818,30,82.0,39,2460.0,3198.0,profit
item_3819,5,135.0,83,675.0,11205.0,profit
item_3820,36,42.0,34,1512.0,1428.0,profit
item_3821,23,51.0,19,1173.0,969.0,profit
item_3822,20,22.0,35,440.0,770.0,profit
item_3823,27,44.0,87,1188.0,3828.0,profit
item_3824,6,21.0,58,126.0,1218.0,profit
item_3825,45,86.0,19,3870.0,1634.0,profit
item_3826,39,127.0,93,4953.0,11811.0,profit
item_3827,43,67.0,67,2881.0,4489.0,profit
item_3828,8,105.0,65,840.0,6825.0,profit
item_3829,27,54.0,15,1458.0,810.0,profit
item_3830,4,88.0,94,352.0,8272.0,profit
item_3831,30,84.0,16,2520.0,1344.0,profit
item_3832,49,137.0,19,6713.0,2603.0,profit
item_3833,48,59.0,59,2832.0,3481.0,profit
item_3834,29,36.0,80,1044.0,2880.0,profit
item_3835,9,101.0,92,909.0,9292.0,profit
item_3836,40,85.0,21,3400.0,1785.0,profit
item_3837,39,141.0,45,5499.0,6345.0,profit
item_3838,47,128.0,18,6016.0,2304.0,profit
item_3839,12,22.0,72,264.0,1584.0,profit
item_3840,18,125.0,92,2250.0,11500.0,profit
item_3841,6,75.0,67,450.0,5025.0,profit
item_3842,23,139.0,96,3197.0,13344.0,profit
item_3843,24,142.0,19,3408.0,2698.0,profit
item_3844,37,21.0,99,777.0,2079.0,profit
item_3845,24,60.0,32,1440.0,1920.0,profit
item_3846,2,103.0,27,206.0,2781.0,profit
item_3847,18,23.0,42,414.0,966.0,profit
item_3848,10,83.0,54,830.0,4482.0,profit
item_3849,14,124.0,25,1736.0,3100.0,profit
item_3850,14,16.0,87,224.0,1392.0,profit
item_3851,21,133.0,24,2793.0,3192.0,profit
item_3852,5,39.0,85,195.0,3315.0,profit
item_3853,12,115.0,15,1380.0,1725.0,profit
item_3854,5,68.0,68,340.0,4624.0,profit
item_3855,17,47.0,54,799.0,2538.0,profit
item_3856,28,137.0,58,3836.0,7946.0,profit
item_3857,26,134.0,29,3484.0,3886.0,profit
item_3858,0,83.0,91,0.0,7553.0,loss
item_3859,30,60.0,80,1800.0,4800.0,profit
item_3860,19,112.0,15,2128.0,1680.0,profit
item_3861,46,92.0,90,4232.0,8280.0,profit
item_3862,46,114.0,76,5244.0,8664.0,profit
item_3863,6,127.0,99,762.0,12573.0,profit
item_3864,2,54.0,86,108.0,4644.0,profit
item_3865,28,68.0,33,1904.0,2244.0,profit
item_3866,28,90.0,24,2520.0,2160.0,profit
item_3867,2,52.0,28,104.0,1456.0,profit
item_3868,13,80.0,65,1040.0,5200.0,profit
item_3869,50,45.0,14,2250.0,630.0,profit
item_3870,28,62.0,30,1736.0,1860.0,profit
item_3871,13,124.0,99,1612.0,12276.0,profit
item_3872,15,69.0,70,1035.0,4830.0,profit
item_3873,49,90.0,20,4410.0,1800.0,profit
item_3874,15,100.0,68,1500.0,6800.0,profit
item_3875,10,18.0,86,180.0,1548.0,profit
item_3876,3,44.0,66,132.0,2904.0,profit
item_3877,36,122.0,83,4392.0,10126.0,profit
item_3878,3,63.0,54,189.0,3402.0,profit
item_3879,0,112.0,96,0.0,10752.0,loss
item_3880,39,85.0,40,3315.0,3400.0,profit
item_3881,49,70.0,51,3430.0,3570.0,profit
item_3882,4,113.0,46,452.0,5198.0,profit
item_3883,39,111.0,67,4329.0,7437.0,profit
item_3884,8,100.0,45,800.0,4500.0,profit
item_3885,18,92.0,23,1656.0,2116.0,profit
item_3886,31,108.0,23,3348.0,2484.0,profit
item_3887,48,19.0,73,912.0,1387.0,profit
item_3888,36,47.0,93,1692.0,4371.0,profit
item_3889,30,64.0,20,1920.0,1280.0,profit
item_3890,45,32.0,94,1440.0,3008.0,profit
item_3891,25,42.0,13,1050.0,546.0,profit
item_3892,2,95.0,73,190.0,6935.0,profit
item_3893,11,49.0,73,539.0,3577.0,profit
item_3894,30,64.0,35,1920.0,2240.0,profit
item_3895,49,30.0,46,1470.0,1380.0,profit
item_3896,43,15.0,48,645.0,720.0,profit
item_3897,42,33.0,97,1386.0,3201.0,profit
item_3898,19,38.0,85,722.0,3230.0,profit
item_3899,45,105.0,25,4725.0,2625.0,profit
item_3900,3,148.0,44,444.0,6512.0,profit
item_3901,47,93.0,38,4371.0,3534.0,profit
item_3902,13,55.0,95,715.0,5225.0,profit
item_3903,29,132.0,13,3828.0,1716.0,profit
item_3904,3,146.0,66,438.0,9636.0,profit
item_3905,11,73.0,43,803.0,3139.0,profit
item_3906,46,140.0,86,6440.0,12040.0,profit
item_3907,36,76.0,36,2736.0,2736.0,profit
item_3908,43,90.0,92,3870.0,8280.0,profit
item_3909,20,101.0,56,2020.0,5656.0,profit
item_3910,49,147.0,58,7203.0,8526.0,profit
item_3911,31,64.0,30,1984.0,1920.0,profit
item_3912,34,32.0,51,1088.0,1632.0,profit
item_3913,44,81.0,11,3564.0,891.0,profit
item_3914,24,73.0,95,1752.0,6935.0,profit
item_3915,19,92.0,42,1748.0,3864.0,profit
item_3916,19,29.0,25,551.0,725.0,profit
item_3917,32,76.0,21,2432.0,1596.0,profit
item_3918,48,123.0,88,5904.0,10824.0,profit
item_3919,46,18.0,33,828.0,594.0,profit
item_3920,36,27.0,44,972.0,1188.0,profit
item_3921,21,121.0,88,2541.0,10648.0,profit
item_3922,36,136.0,42,4896.0,5712.0,profit
item_3923,2,75.0,59,150.0,4425.0,profit
item_3924,11,146.0,88,1606.0,12848.0,profit
item_3925,35,33.0,31,1155.0,1023.0,profit
item_3926,4,21.0,76,84.0,1596.0,profit
item_3927,38,113.0,32,4294.0,3616.0,profit
item_3928,32,122.0,28,3904.0,3416.0,profit
item_3929,48,78.0,12,3744.0,936.0,profit
item_3930,20,27.0,49,540.0,1323.0,profit
item_3931,31,113.0,48,3503.0,5424.0,profit
item_3932,12,148.0,78,1776.0,11544.0,profit
item_3933,46,79.0,11,3634.0,869.0,profit
item_3934,15,68.0,29,1020.0,1972.0,profit
item_3935,14,143.0,25,2002.0,3575.0,profit
item_3936,6,55.0,98,330.0,5390.0,profit
item_3937,34,15.0,56,510.0,840.0,profit
item_3938,24,128.0,68,3072.0,8704.0,profit
item_3939,48,139.0,37,6672.0,5143.0,profit
item_3940,40,103.0,89,4120.0,9167.0,profit
item_3941,6,75.0,77,450.0,5775.0,profit
item_3942,28,32.0,82,896.0,2624.0,profit
item_3943,13,82.0,79,1066.0,6478.0,profit
item_3944,14,42.0,75,588.0,3150.0,profit
item_3945,40,47.0,56,1880.0,2632.0,profit
item_3946,3,42.0,50,126.0,2100.0,profit
item_3947,34,118.0,26,4012.0,3068.0,profit
item_3948,47,75.0,22,3525.0,1650.0,profit
item_3949,41,55.0,84,2255.0,4620.0,profit
item_3950,24,48.0,16,1152.0,768.0,profit
item_3951,44,59.0,34,2596.0,2006.0,profit
item_3952,41,116.0,94,4756.0,10904.0,profit
item_3953,42,140.0,13,5880.0,1820.0,profit
item_3954,22,25.0,51,550.0,1275.0,profit
item_3955,18,49.0,33,882.0,1617.0,profit
item_3956,13,22.0,49,286.0,1078.0,profit
item_3957,14,41.0,86,574.0,3526.0,profit
item_3958,32,18.0,87,576.0,1566.0,profit
item_3959,19,110.0,91,2090.0,10010.0,profit
item_3960,28,85.0,79,2380.0,6715.0,profit
item_3961,25,132.0,81,3300.0,10692.0,profit
item_3962,12,40.0,16,480.0,640.0,profit
item_3963,1,120.0,50,120.0,6000.0,profit
item_3964,8,40.0,54,320.0,2160.0,profit
item_3965,18,30.0,99,540.0,2970.0,profit
item_3966,49,57.0,58,2793.0,3306.0,profit
item_3967,3,70.0,55,210.0,3850.0,profit
item_3968,35,127.0,77,4445.0,9779.0,profit
item_3969,29,111.0,20,3219.0,2220.0,profit
item_3970,9,23.0,20,207.0,460.0,profit
item_3971,37,150.0,66,5550.0,9900.0,profit
item_3972,41,63.0,20,2583.0,1260.0,profit
item_3973,25,56.0,59,1400.0,3304.0,profit
item_3974,25,19.0,15,475.0,285.0,profit
item_3975,49,96.0,86,4704.0,8256.0,profit
item_3976,44,23.0,48,1012.0,1104.0,profit
item_3977,28,144.0,74,4032.0,10656.0,profit
item_3978,10,53.0,53,530.0,2809.0,profit
item_3979,32,109.0,45,3488.0,4905.0,profit
item_3980,40,28.0,84,1120.0,2352.0,profit
item_3981,19,98.0,26,1862.0,2548.0,profit
item_3982,38,132.0,15,5016.0,1980.0,profit
item_3983,33,31.0,61,1023.0,1891.0,profit
item_3984,34,132.0,53,4488.0,6996.0,profit
item_3985,34,134.0,67,4556.0,8978.0,profit
item_3986,12,150.0,25,1800.0,3750.0,profit
item_3987,37,90.0,14,3330.0,1260.0,profit
item_3988,0,120.0,95,0.0,11400.0,loss
item_3989,27,108.0,68,2916.0,7344.0,profit
item_3990,37,148.0,48,5476.0,7104.0,profit
item_3991,31,118.0,17,3658.0,2006.0,profit
item_3992,41,50.0,19,2050.0,950.0,profit
item_3993,22,138.0,35,3036.0,4830.0,profit
item_3994,28,44.0,77,1232.0,3388.0,profit
item_3995,31,40.0,16,1240.0,640.0,profit
item_3996,44,36.0,74,1584.0,2664.0,profit
item_3997,28,92.0,87,2576.0,8004.0,profit
item_3998,16,59.0,54,944.0,3186.0,profit
item_3999,30,45.0,37,1350.0,1665.0,profit
item_4000,17,144.0,17,2448.0,2448.0,profit
item_4001,23,134.0,88,3082.0,11792.0,profit
item_4002,13,39.0,85,507.0,3315.0,profit
item_4003,43,29.0,17,1247.0,493.0,profit
item_4004,16,39.0,42,624.0,1638.0,profit
item_4005,31,59.0,15,1829.0,885.0,profit
item_4006,16,118.0,78,1888.0,9204.0,profit
item_4007,21,45.0,10,945.0,450.0,profit
item_4008,0,136.0,62,0.0,8432.0,loss
item_4009,3,43.0,35,129.0,1505.0,profit
item_4010,25,16.0,40,400.0,640.0,profit
item_4011,23,142.0,11,3266.0,1562.0,profit
item_4012,6,114.0,87,684.0,9918.0,profit
item_4013,33,98.0,20,3234.0,1960.0,profit
item_4014,7,98.0,58,686.0,5684.0,profit
item_4015,37,102.0,21,3774.0,2142.0,profit
item_4016,40,15.0,17,600.0,255.0,profit
item_4017,40,137.0,84,5480.0,11508.0,profit
item_4018,44,34.0,68,1496.0,2312.0,profit
item_4019,50,81.0,64,4050.0,5184.0,profit
item_4020,9,123.0,91,1107.0,11193.0,profit
item_4021,24,115.0,36,2760.0,4140.0,profit
item_4022,36,69.0,87,2484.0,6003.0,profit
item_4023,3,32.0,93,96.0,2976.0,profit
item_4024,22,41.0,14,902.0,574.0,profit
item_4025,20,134.0,19,2680.0,2546.0,profit
item_4026,49,114.0,43,5586.0,4902.0,profit
item_4027,14,108.0,87,1512.0,9396.0,profit
item_4028,22,72.0,66,1584.0,4752.0,profit
item_4029,17,81.0,96,1377.0,7776.0,profit
item_4030,4,19.0,82,76.0,1558.0,profit
item_4031,26,130.0,76,3380.0,9880.0,profit
item_4032,50,72.0,87,3600.0,6264.0,profit
item_4033,46,40.0,43,1840.0,1720.0,profit
item_4034,25,74.0,46,1850.0,3404.0,profit
item_4035,37,15.0,21,555.0,315.0,profit
item_4036,12,137.0,84,1644.0,11508.0,profit
item_4037,19,79.0,54,1501.0,4266.0,profit
item_4038,41,142.0,100,5822.0,14200.0,profit
item_4039,47,117.0,59,5499.0,6903.0,profit
item_4040,48,83.0,78,3984.0,6474.0,profit
item_4041,3,110.0,11,330.0,1210.0,profit
item_4042,25,27.0,48,675.0,1296.0,profit
item_4043,26,124.0,34,3224.0,4216.0,profit
item_4044,6,133.0,70,798.0,9310.0,profit
item_4045,2,72.0,23,144.0,1656.0,profit
item_4046,11,124.0,55,1364.0,6820.0,profit
item_4047,38,32.0,52,1216.0,1664.0,profit
item_4048,35,22.0,59,770.0,1298.0,profit
item_4049,36,138.0,12,4968.0,1656.0,profit
item_4050,17,102.0,45,1734.0,4590.0,profit
item_4051,44,149.0,20,6556.0,2980.0,profit
item_4052,26,85.0,65,2210.0,5525.0,profit
item_4053,35,17.0,95,595.0,1615.0,profit
item_4054,20,103.0,25,2060.0,2575.0,profit
item_4055,23,147.0,63,3381.0,9261.0,profit
item_4056,44,90.0,28,3960.0,2520.0,profit
item_4057,45,119.0,16,5355.0,1904.0,profit
item_4058,40,105.0,11,4200.0,1155.0,profit
item_4059,28,61.0,13,1708.0,793.0,profit
item_4060,35,35.0,68,1225.0,2380.0,profit
item_4061,3,64.0,69,192.0,4416.0,profit
item_4062,26,28.0,78,728.0,2184.0,profit
item_4063,45,32.0,99,1440.0,3168.0,profit
item_4064,19,116.0,51,2204.0,5916.0,profit
item_4065,17,62.0,27,1054.0,1674.0,profit
item_4066,15,41.0,82,615.0,3362.0,profit
item_4067,5,63.0,43,315.0,2709.0,profit
item_4068,13,144.0,99,1872.0,14256.0,profit
item_4069,14,96.0,77,1344.0,7392.0,profit
item_4070,0,64.0,89,0.0,5696.0,loss
item_4071,20,99.0,11,1980.0,1089.0,profit
item_4072,15,69.0,63,1035.0,4347.0,profit
item_4073,13,58.0,62,754.0,3596.0,profit
item_4074,13,105.0,59,1365.0,6195.0,profit
item_4075,4,63.0,25,252.0,1575.0,profit
item_4076,18,84.0,73,1512.0,6132.0,profit
item_4077,14,87.0,35,1218.0,3045.0,profit
item_4078,32,122.0,90,3904.0,10980.0,profit
item_4079,39,87.0,23,3393.0,2001.0,profit
item_4080,5,43.0,78,215.0,3354.0,profit
item_4081,4,17.0,89,68.0,1513.0,profit
item_4082,32,15.0,56,480.0,840.0,profit
item_4083,9,33.0,84,297.0,2772.0,profit
item_4084,32,35.0,53,1120.0,1855.0,profit
item_4085,1,116.0,66,116.0,7656.0,profit
item_4086,40,37.0,57,1480.0,2109.0,profit
item_4087,23,15.0,27,345.0,405.0,profit
item_4088,11,104.0,54,1144.0,5616.0,profit
item_4089,22,146.0,82,3212.0,11972.0,profit
item_4090,32,94.0,99,3008.0,9306.0,profit
item_4091,8,50.0,49,400.0,2450.0,profit
item_4092,4,53.0,98,212.0,5194.0,profit
item_4093,31,76.0,46,2356.0,3496.0,profit
item_4094,27,41.0,93,1107.0,3813.0,profit
item_4095,39,119.0,96,4641.0,11424.0,profit
item_4096,39,93.0,60,3627.0,5580.0,profit
item_4097,42,36.0,27,1512.0,972.0,profit
item_4098,49,32.0,15,1568.0,480.0,profit
item_4099,50,40.0,52,2000.0,2080.0,profit
item_4100,32,134.0,29,4288.0,3886.0,profit
item_4101,14,103.0,41,1442.0,4223.0,profit
item_4102,46,121.0,18,5566.0,2178.0,profit
item_4103,36,38.0,44,1368.0,1672.0,profit
item_4104,0,20.0,23,0.0,460.0,loss
item_4105,44,124.0,25,5456.0,3100.0,profit
item_4106,2,145.0,34,290.0,4930.0,profit
item_4107,43,55.0,33,2365.0,1815.0,profit
item_4108,34,95.0,82,3230.0,7790.0,profit
item_4109,35,108.0,65,3780.0,7020.0,profit
item_4110,5,108.0,54,540.0,5832.0,profit
item_4111,43,146.0,49,6278.0,7154.0,profit
item_4112,22,43.0,47,946.0,2021.0,profit
item_4113,10,128.0,91,1280.0,11648.0,profit
item_4114,9,66.0,90,594.0,5940.0,profit
item_4115,43,97.0,23,4171.0,2231.0,profit
item_4116,16,76.0,55,1216.0,4180.0,profit
item_4117,6,54.0,44,324.0,2376.0,profit
item_4118,25,88.0,84,2200.0,7392.0,profit
item_4119,49,47.0,62,2303.0,2914.0,profit
item_4120,18,108.0,55,1944.0,5940.0,profit
item_4121,17,47.0,40,799.0,1880.0,profit
item_4122,33,121.0,69,3993.0,8349.0,profit
item_4123,35,100.0,39,3500.0,3900.0,profit
item_4124,24,109.0,33,2616.0,3597.0,profit
item_4125,41,142.0,66,5822.0,9372.0,profit
item_4126,15,145.0,26,2175.0,3770.0,profit
item_4127,13,21.0,73,273.0,1533.0,profit
item_4128,4,109.0,22,436.0,2398.0,profit
item_4129,11,36.0,14,396.0,504.0,profit
item_4130,20,34.0,81,680.0,2754.0,profit
item_4131,3,110.0,75,330.0,8250.0,profit
item_4132,11,100.0,36,1100.0,3600.0,profit
item_4133,20,54.0,97,1080.0,5238.0,profit
item_4134,35,141.0,54,4935.0,7614.0,profit
item_4135,11,41.0,71,451.0,2911.0,profit
item_4136,44,107.0,49,4708.0,5243.0,profit
item_4137,5,95.0,84,475.0,7980.0,profit
item_4138,26,48.0,79,1248.0,3792.0,profit
item_4139,14,146.0,73,2044.0,10658.0,profit
item_4140,49,68.0,59,3332.0,4012.0,profit
item_4141,28,60.0,97,1680.0,5820.0,profit
item_4142,23,111.0,75,2553.0,8325.0,profit
item_4143,47,125.0,86,5875.0,10750.0,profit
item_4144,15,24.0,39,360.0,936.0,profit
item_4145,37,114.0,67,4218.0,7638.0,profit
item_4146,30,87.0,18,2610.0,1566.0,profit
item_4147,17,83.0,100,1411.0,8300.0,profit
item_4148,36,129.0,26,4644.0,3354.0,profit
item_4149,20,138.0,71,2760.0,9798.0,profit
item_4150,29,82.0,21,2378.0,1722.0,profit
item_4151,36,97.0,89,3492.0,8633.0,profit
item_4152,4,79.0,26,316.0,2054.0,profit
item_4153,45,102.0,74,4590.0,7548.0,profit
item_4154,45,18.0,75,810.0,1350.0,profit
item_4155,25,44.0,97,1100.0,4268.0,profit
item_4156,50,141.0,92,7050.0,12972.0,profit
item_4157,8,32.0,79,256.0,2528.0,profit
item_4158,20,44.0,14,880.0,616.0,profit
item_4159,8,99.0,28,792.0,2772.0,profit
item_4160,31,31.0,10,961.0,310.0,profit
item_4161,2,48.0,15,96.0,720.0,profit
item_4162,27,32.0,69,864.0,2208.0,profit
item_4163,44,136.0,35,5984.0,4760.0,profit
item_4164,27,65.0,62,1755.0,4030.0,profit
item_4165,9,83.0,15,747.0,1245.0,profit
item_4166,10,103.0,34,1030.0,3502.0,profit
item_4167,32,92.0,66,2944.0,6072.0,profit
item_4168,38,118.0,12,4484.0,1416.0,profit
item_4169,7,45.0,68,315.0,3060.0,profit
item_4170,30,79.0,26,2370.0,2054.0,profit
item_4171,12,23.0,93,276.0,2139.0,profit
item_4172,6,96.0,27,576.0,2592.0,profit
item_4173,50,127.0,25,6350.0,3175.0,profit
item_4174,29,126.0,41,3654.0,5166.0,profit
item_4175,6,84.0,68,504.0,5712.0,profit
item_4176,27,118.0,92,3186.0,10856.0,profit
item_4177,36,142.0,60,5112.0,8520.0,profit
item_4178,37,92.0,64,3404.0,5888.0,profit
item_4179,26,27.0,46,702.0,1242.0,profit
item_4180,19,120.0,62,2280.0,7440.0,profit
item_4181,13,15.0,64,195.0,960.0,profit
item_4182,24,74.0,88,1776.0,6512.0,profit
item_4183,30,91.0,42,2730.0,3822.0,profit
item_4184,1,73.0,41,73.0,2993.0,profit
item_4185,41,125.0,65,5125.0,8125.0,profit
item_4186,38,139.0,87,5282.0,12093.0,profit
item_4187,32,135.0,96,4320.0,12960.0,profit
item_4188,5,37.0,96,185.0,3552.0,profit
item_4189,31,23.0,57,713.0,1311.0,profit
item_4190,9,39.0,90,351.0,3510.0,profit
item_4191,25,64.0,86,1600.0,5504.0,profit
item_4192,18,32.0,27,576.0,864.0,profit
item_4193,5,147.0,25,735.0,3675.0,profit
item_4194,24,27.0,69,648.0,1863.0,profit
item_4195,31,150.0,60,4650.0,9000.0,profit
item_4196,7,52.0,12,364.0,624.0,profit
item_4197,13,78.0,10,1014.0,780.0,profit
item_4198,15,116.0,12,1740.0,1392.0,profit
item_4199,33,114.0,11,3762.0,1254.0,profit
item_4200,11,38.0,33,418.0,1254.0,profit
item_4201,10,112.0,72,1120.0,8064.0,profit
item_4202,23,50.0,35,1150.0,1750.0,profit
item_4203,19,44.0,89,836.0,3916.0,profit
item_4204,38,73.0,63,2774.0,4599.0,profit
item_4205,10,92.0,16,920.0,1472.0,profit
item_4206,3,150.0,18,450.0,2700.0,profit
item_4207,35,111.0,81,3885.0,8991.0,profit
item_4208,6,133.0,25,798.0,3325.0,profit
item_4210,46,139.0,88,6394.0,12232.0,profit
item_4211,14,36.0,36,504.0,1296.0,profit
item_4212,48,107.0,59,5136.0,6313.0,profit
item_4213,17,77.0,98,1309.0,7546.0,profit
item_4214,7,17.0,23,119.0,391.0,profit
item_4215,50,59.0,65,2950.0,3835.0,profit
item_4216,2,85.0,45,170.0,3825.0,profit
item_4217,24,28.0,76,672.0,2128.0,profit
item_4218,21,36.0,78,756.0,2808.0,profit
item_4219,43,74.0,61,3182.0,4514.0,profit
item_4220,47,66.0,71,3102.0,4686.0,profit
item_4221,10,62.0,100,620.0,6200.0,profit
item_4222,44,123.0,83,5412.0,10209.0,profit
item_4223,4,43.0,57,172.0,2451.0,profit
item_4224,35,70.0,13,2450.0,910.0,profit
item_4225,9,106.0,95,954.0,10070.0,profit
item_4226,24,59.0,59,1416.0,3481.0,profit
item_4227,16,64.0,62,1024.0,3968.0,profit
item_4228,32,34.0,57,1088.0,1938.0,profit
item_4229,38,53.0,16,2014.0,848.0,profit
item_4230,32,71.0,88,2272.0,6248.0,profit
item_4231,4,103.0,66,412.0,6798.0,profit
item_4232,42,144.0,61,6048.0,8784.0,profit
item_4233,18,24.0,70,432.0,1680.0,profit
item_4234,36,117.0,93,4212.0,10881.0,profit
item_4235,45,84.0,94,3780.0,7896.0,profit
item_4236,49,121.0,60,5929.0,7260.0,profit
item_4237,43,143.0,40,6149.0,5720.0,profit
item_4238,34,66.0,78,2244.0,5148.0,profit
item_4239,15,17.0,70,255.0,1190.0,profit
item_4240,47,127.0,96,5969.0,12192.0,profit
item_4241,44,132.0,82,5808.0,10824.0,profit
item_4242,24,134.0,28,3216.0,3752.0,profit
item_4243,32,146.0,34,4672.0,4964.0,profit
item_4244,16,106.0,63,1696.0,6678.0,profit
item_4245,1,58.0,31,58.0,1798.0,profit
item_4246,31,85.0,66,2635.0,5610.0,profit
item_4247,14,27.0,76,378.0,2052.0,profit
item_4248,2,129.0,22,258.0,2838.0,profit
item_4249,24,27.0,28,648.0,756.0,profit
item_4250,30,141.0,13,4230.0,1833.0,profit
item_4251,24,112.0,79,2688.0,8848.0,profit
item_4252,47,143.0,50,6721.0,7150.0,profit
item_4253,12,73.0,38,876.0,2774.0,profit
item_4254,42,61.0,100,2562.0,6100.0,profit
item_4255,1,56.0,72,56.0,4032.0,profit
item_4256,49,125.0,52,6125.0,6500.0,profit
item_4257,47,39.0,20,1833.0,780.0,profit
item_4258,28,62.0,41,1736.0,2542.0,profit
item_4259,5,22.0,74,110.0,1628.0,profit
item_4260,31,107.0,33,3317.0,3531.0,profit
item_4261,1,73.0,80,73.0,5840.0,profit
item_4262,29,77.0,78,2233.0,6006.0,profit
item_4263,46,116.0,70,5336.0,8120.0,profit
item_4264,29,70.0,55,2030.0,3850.0,profit
item_4265,47,96.0,25,4512.0,2400.0,profit
item_4266,21,56.0,63,1176.0,3528.0,profit
item_4267,47,15.0,22,705.0,330.0,profit
item_4268,11,125.0,90,1375.0,11250.0,profit
item_4269,25,136.0,68,3400.0,9248.0,profit
item_4270,43,146.0,54,6278.0,7884.0,profit
item_4271,13,22.0,81,286.0,1782.0,profit
item_4272,21,50.0,42,1050.0,2100.0,profit
item_4273,36,17.0,82,612.0,1394.0,profit
item_4274,34,43.0,92,1462.0,3956.0,profit
item_4275,11,131.0,12,1441.0,1572.0,profit
item_4276,4,37.0,67,148.0,2479.0,profit
item_4277,41,72.0,83,2952.0,5976.0,profit
item_4278,16,110.0,43,1760.0,4730.0,profit
item_4279,2,45.0,92,90.0,4140.0,profit
item_4280,9,148.0,43,1332.0,6364.0,profit
item_4281,4,70.0,69,280.0,4830.0,profit
item_4282,40,142.0,65,5680.0,9230.0,profit
item_4283,30,88.0,82,2640.0,7216.0,profit
item_4284,24,33.0,63,792.0,2079.0,profit
item_4285,9,79.0,59,711.0,4661.0,profit
item_4286,9,19.0,41,171.0,779.0,profit
item_4287,38,136.0,90,5168.0,12240.0,profit
item_4288,48,15.0,51,720.0,765.0,profit
item_4289,1,111.0,97,111.0,10767.0,profit
item_4290,24,55.0,26,1320.0,1430.0,profit
item_4291,46,32.0,25,1472.0,800.0,profit
item_4292,37,96.0,51,3552.0,4896.0,profit
item_4293,23,125.0,83,2875.0,10375.0,profit
item_4294,21,21.0,92,441.0,1932.0,profit
item_4295,38,99.0,14,3762.0,1386.0,profit
item_4296,45,58.0,91,2610.0,5278.0,profit
item_4297,0,52.0,57,0.0,2964.0,loss
item_4298,33,101.0,59,3333.0,5959.0,profit
item_4299,34,149.0,72,5066.0,10728.0,profit
item_4300,18,16.0,96,288.0,1536.0,profit
item_4301,22,149.0,43,3278.0,6407.0,profit
item_4302,1,119.0,12,119.0,1428.0,profit
item_4303,30,49.0,31,1470.0,1519.0,profit
item_4304,3,107.0,85,321.0,9095.0,profit
item_4305,40,77.0,44,3080.0,3388.0,profit
item_4306,50,118.0,33,5900.0,3894.0,profit
item_4307,29,140.0,38,4060.0,5320.0,profit
item_4308,41,110.0,16,4510.0,1760.0,profit
item_4309,47,90.0,76,4230.0,6840.0,profit
item_4310,9,130.0,26,1170.0,3380.0,profit
item_4311,42,53.0,43,2226.0,2279.0,profit
item_4312,23,52.0,28,1196.0,1456.0,profit
item_4313,21,45.0,98,945.0,4410.0,profit
item_4314,18,99.0,55,1782.0,5445.0,profit
item_4315,48,25.0,11,1200.0,275.0,profit
item_4316,44,146.0,96,6424.0,14016.0,profit
item_4317,11,125.0,88,1375.0,11000.0,profit
item_4318,14,16.0,17,224.0,272.0,profit
item_4319,30,71.0,87,2130.0,6177.0,profit
item_4320,48,132.0,53,6336.0,6996.0,profit
item_4321,0,24.0,31,0.0,744.0,loss
item_4322,31,32.0,65,992.0,2080.0,profit
item_4323,15,89.0,99,1335.0,8811.0,profit
item_4324,46,82.0,44,3772.0,3608.0,profit
item_4325,46,33.0,45,1518.0,1485.0,profit
item_4326,24,30.0,81,720.0,2430.0,profit
item_4327,25,148.0,84,3700.0,12432.0,profit
item_4328,47,35.0,45,1645.0,1575.0,profit
item_4329,7,44.0,59,308.0,2596.0,profit
item_4330,16,45.0,19,720.0,855.0,profit
item_4331,18,144.0,16,2592.0,2304.0,profit
item_4332,34,94.0,83,3196.0,7802.0,profit
item_4333,34,34.0,100,1156.0,3400.0,profit
item_4334,28,25.0,57,700.0,1425.0,profit
item_4335,50,139.0,56,6950.0,7784.0,profit
item_4336,10,27.0,63,270.0,1701.0,profit
item_4337,34,21.0,80,714.0,1680.0,profit
item_4338,17,57.0,19,969.0,1083.0,profit
item_4339,13,128.0,84,1664.0,10752.0,profit
item_4340,0,22.0,82,0.0,1804.0,loss
item_4341,12,112.0,24,1344.0,2688.0,profit
item_4342,44,121.0,35,5324.0,4235.0,profit
item_4343,0,94.0,25,0.0,2350.0,loss
item_4344,36,25.0,60,900.0,1500.0,profit
item_4345,17,89.0,74,1513.0,6586.0,profit
item_4346,12,142.0,56,1704.0,7952.0,profit
item_4347,10,112.0,12,1120.0,1344.0,profit
item_4348,19,60.0,34,1140.0,2040.0,profit
item_4349,1,83.0,69,83.0,5727.0,profit
item_4350,49,15.0,57,735.0,855.0,profit
item_4351,30,146.0,85,4380.0,12410.0,profit
item_4352,0,58.0,42,0.0,2436.0,loss
item_4353,48,89.0,63,4272.0,5607.0,profit
item_4354,27,68.0,30,1836.0,2040.0,profit
item_4355,20,52.0,26,1040.0,1352.0,profit
item_4356,7,34.0,64,238.0,2176.0,profit
item_4357,1,138.0,27,138.0,3726.0,profit
item_4358,17,103.0,100,1751.0,10300.0,profit
item_4359,18,94.0,77,1692.0,7238.0,profit
item_4360,11,62.0,85,682.0,5270.0,profit
item_4361,23,17.0,21,391.0,357.0,profit
item_4362,44,118.0,25,5192.0,2950.0,profit
item_4363,11,35.0,17,385.0,595.0,profit
item_4364,7,28.0,85,196.0,2380.0,profit
item_4365,37,68.0,40,2516.0,2720.0,profit
item_4366,24,138.0,19,3312.0,2622.0,profit
item_4367,3,63.0,96,189.0,6048.0,profit
item_4368,38,80.0,38,3040.0,3040.0,profit
item_4369,30,105.0,84,3150.0,8820.0,profit
item_4370,15,125.0,41,1875.0,5125.0,profit
item_4371,39,42.0,71,1638.0,2982.0,profit
item_4372,9,143.0,56,1287.0,8008.0,profit
item_4373,20,86.0,75,1720.0,6450.0,profit
item_4374,0,36.0,22,0.0,792.0,loss
item_4375,4,55.0,78,220.0,4290.0,profit
item_4376,38,75.0,32,2850.0,2400.0,profit
item_4377,16,143.0,63,2288.0,9009.0,profit
item_4378,20,25.0,67,500.0,1675.0,profit
item_4379,42,111.0,11,4662.0,1221.0,profit
item_4380,35,21.0,74,735.0,1554.0,profit
item_4381,1,65.0,26,65.0,1690.0,profit
item_4382,45,95.0,66,4275.0,6270.0,profit
item_4383,0,104.0,37,0.0,3848.0,loss
item_4384,45,58.0,25,2610.0,1450.0,profit
item_4385,27,32.0,85,864.0,2720.0,profit
item_4386,26,77.0,94,2002.0,7238.0,profit
item_4387,40,23.0,14,920.0,322.0,profit
item_4388,41,150.0,46,6150.0,6900.0,profit
item_4389,47,37.0,62,1739.0,2294.0,profit
item_4390,7,150.0,85,1050.0,12750.0,profit
item_4391,7,52.0,50,364.0,2600.0,profit
item_4392,47,135.0,56,6345.0,7560.0,profit
item_4393,23,120.0,27,2760.0,3240.0,profit
item_4394,14,94.0,48,1316.0,4512.0,profit
item_4395,12,56.0,13,672.0,728.0,profit
item_4396,15,26.0,94,390.0,2444.0,profit
item_4397,45,124.0,54,5580.0,6696.0,profit
item_4398,33,145.0,68,4785.0,9860.0,profit
item_4399,39,143.0,29,5577.0,4147.0,profit
item_4400,31,63.0,25,1953.0,1575.0,profit
item_4401,26,126.0,37,3276.0,4662.0,profit
item_4402,22,89.0,51,1958.0,4539.0,profit
item_4403,17,88.0,73,1496.0,6424.0,profit
item_4404,13,65.0,99,845.0,6435.0,profit
item_4405,38,114.0,84,4332.0,9576.0,profit
item_4406,17,34.0,22,578.0,748.0,profit
item_4407,29,130.0,78,3770.0,10140.0,profit
item_4408,3,110.0,11,330.0,1210.0,profit
item_4409,47,40.0,12,1880.0,480.0,profit
item_4410,49,43.0,90,2107.0,3870.0,profit
item_4411,11,57.0,53,627.0,3021.0,profit
item_4412,39,103.0,94,4017.0,9682.0,profit
item_4413,27,140.0,44,3780.0,6160.0,profit
item_4414,6,132.0,80,792.0,10560.0,profit
item_4415,11,134.0,30,1474.0,4020.0,profit
item_4416,33,18.0,83,594.0,1494.0,profit
item_4417,40,130.0,46,5200.0,5980.0,profit
item_4418,23,49.0,87,1127.0,4263.0,profit
item_4419,10,41.0,96,410.0,3936.0,profit
item_4420,34,72.0,66,2448.0,4752.0,profit
item_4421,50,119.0,80,5950.0,9520.0,profit
item_4422,21,45.0,90,945.0,4050.0,profit
item_4423,11,100.0,55,1100.0,5500.0,profit
item_4424,22,113.0,92,2486.0,10396.0,profit
item_4425,39,144.0,69,5616.0,9936.0,profit
item_4426,28,63.0,97,1764.0,6111.0,profit
item_4427,14,53.0,20,742.0,1060.0,profit
item_4428,37,136.0,22,5032.0,2992.0,profit
item_4429,25,113.0,93,2825.0,10509.0,profit
item_4430,1,127.0,35,127.0,4445.0,profit
item_4431,21,115.0,99,2415.0,11385.0,profit
item_4432,23,26.0,76,598.0,1976.0,profit
item_4433,33,121.0,74,3993.0,8954.0,profit
item_4434,48,91.0,65,4368.0,5915.0,profit
item_4435,29,52.0,39,1508.0,2028.0,profit
item_4436,18,15.0,37,270.0,555.0,profit
item_4437,15,108.0,84,1620.0,9072.0,profit
item_4438,20,33.0,20,660.0,660.0,profit
item_4439,42,142.0,80,5964.0,11360.0,profit
item_4440,12,96.0,75,1152.0,7200.0,profit
item_4441,17,81.0,17,1377.0,1377.0,profit
item_4442,1,147.0,27,147.0,3969.0,profit
item_4443,38,79.0,95,3002.0,7505.0,profit
item_4444,14,143.0,64,2002.0,9152.0,profit
item_4445,43,77.0,76,3311.0,5852.0,profit
item_4446,2,111.0,23,222.0,2553.0,profit
item_4447,14,127.0,58,1778.0,7366.0,profit
item_4448,22,73.0,85,1606.0,6205.0,profit
item_4449,0,54.0,87,0.0,4698.0,loss
item_4450,27,101.0,83,2727.0,8383.0,profit
item_4451,17,23.0,36,391.0,828.0,profit
item_4452,36,49.0,75,1764.0,3675.0,profit
item_4453,34,82.0,74,2788.0,6068.0,profit
item_4454,19,41.0,37,779.0,1517.0,profit
item_4455,19,125.0,79,2375.0,9875.0,profit
item_4456,23,98.0,85,2254.0,8330.0,profit
item_4457,20,51.0,77,1020.0,3927.0,profit
item_4458,29,88.0,62,2552.0,5456.0,profit
item_4459,50,104.0,88,5200.0,9152.0,profit
item_4460,0,117.0,61,0.0,7137.0,loss
item_4461,48,134.0,19,6432.0,2546.0,profit
item_4462,15,91.0,83,1365.0,7553.0,profit
item_4463,32,18.0,99,576.0,1782.0,profit
item_4464,20,77.0,10,1540.0,770.0,profit
item_4465,9,95.0,56,855.0,5320.0,profit
item_4466,45,17.0,16,765.0,272.0,profit
item_4467,14,80.0,41,1120.0,3280.0,profit
item_4468,6,80.0,72,480.0,5760.0,profit
item_4469,15,86.0,83,1290.0,7138.0,profit
item_4470,47,16.0,71,752.0,1136.0,profit
item_4471,8,149.0,28,1192.0,4172.0,profit
item_4472,37,36.0,24,1332.0,864.0,profit
item_4473,17,120.0,94,2040.0,11280.0,profit
item_4474,45,82.0,90,3690.0,7380.0,profit
item_4475,47,131.0,88,6157.0,11528.0,profit
item_4476,20,137.0,50,2740.0,6850.0,profit
item_4477,33,73.0,70,2409.0,5110.0,profit
item_4478,46,16.0,19,736.0,304.0,profit
item_4479,45,120.0,96,5400.0,11520.0,profit
item_4480,30,54.0,100,1620.0,5400.0,profit
item_4481,48,34.0,19,1632.0,646.0,profit
item_4482,1,148.0,11,148.0,1628.0,profit
item_4483,9,115.0,16,1035.0,1840.0,profit
item_4484,12,148.0,34,1776.0,5032.0,profit
item_4485,45,142.0,22,6390.0,3124.0,profit
item_4486,22,29.0,89,638.0,2581.0,profit
item_4487,16,51.0,45,816.0,2295.0,profit
item_4488,16,91.0,69,1456.0,6279.0,profit
item_4489,8,67.0,44,536.0,2948.0,profit
item_4490,11,121.0,100,1331.0,12100.0,profit
item_4491,23,94.0,93,2162.0,8742.0,profit
item_4492,40,126.0,98,5040.0,12348.0,profit
item_4493,24,34.0,35,816.0,1190.0,profit
item_4494,5,67.0,29,335.0,1943.0,profit
item_4495,39,122.0,22,4758.0,2684.0,profit
item_4496,38,20.0,99,760.0,1980.0,profit
item_4497,10,145.0,91,1450.0,13195.0,profit
item_4498,9,92.0,44,828.0,4048.0,profit
item_4499,34,142.0,81,4828.0,11502.0,profit
item_4500,26,102.0,62,2652.0,6324.0,profit
item_4501,43,110.0,75,4730.0,8250.0,profit
item_4502,23,124.0,31,2852.0,3844.0,profit
item_4503,38,38.0,66,1444.0,2508.0,profit
item_4504,35,65.0,89,2275.0,5785.0,profit
item_4505,40,140.0,93,5600.0,13020.0,profit
item_4506,6,70.0,22,420.0,1540.0,profit
item_4507,22,30.0,12,660.0,360.0,profit
item_4508,43,106.0,87,4558.0,9222.0,profit
item_4509,28,83.0,71,2324.0,5893.0,profit
item_4510,16,86.0,39,1376.0,3354.0,profit
item_4511,49,117.0,97,5733.0,11349.0,profit
item_4512,4,28.0,66,112.0,1848.0,profit
item_4513,31,144.0,93,4464.0,13392.0,profit
item_4514,36,118.0,20,4248.0,2360.0,profit
item_4515,38,71.0,45,2698.0,3195.0,profit
item_4516,30,50.0,69,1500.0,3450.0,profit
item_4517,23,121.0,73,2783.0,8833.0,profit
item_4518,39,46.0,35,1794.0,1610.0,profit
item_4519,16,63.0,11,1008.0,693.0,profit
item_4520,24,148.0,80,3552.0,11840.0,profit
item_4521,26,73.0,39,1898.0,2847.0,profit
item_4522,39,99.0,10,3861.0,990.0,profit
item_4523,9,134.0,90,1206.0,12060.0,profit
item_4524,23,61.0,11,1403.0,671.0,profit
item_4525,40,86.0,66,3440.0,5676.0,profit
item_4526,49,51.0,72,2499.0,3672.0,profit
item_4527,18,90.0,94,1620.0,8460.0,profit
item_4528,39,21.0,53,819.0,1113.0,profit
item_4529,2,38.0,67,76.0,2546.0,profit
item_4530,37,77.0,27,2849.0,2079.0,profit
item_4531,43,42.0,33,1806.0,1386.0,profit
item_4532,19,41.0,23,779.0,943.0,profit
item_4533,23,52.0,79,1196.0,4108.0,profit
item_4534,38,131.0,41,4978.0,5371.0,profit
item_4535,23,81.0,73,1863.0,5913.0,profit
item_4536,37,84.0,66,3108.0,5544.0,profit
item_4537,27,61.0,23,1647.0,1403.0,profit
item_4538,49,48.0,12,2352.0,576.0,profit
item_4539,8,103.0,74,824.0,7622.0,profit
item_4540,31,81.0,11,2511.0,891.0,profit
item_4541,27,146.0,62,3942.0,9052.0,profit
item_4542,50,137.0,14,6850.0,1918.0,profit
item_4543,14,66.0,40,924.0,2640.0,profit
item_4544,5,110.0,51,550.0,5610.0,profit
item_4545,28,84.0,84,2352.0,7056.0,profit
item_4546,22,38.0,98,836.0,3724.0,profit
item_4547,35,116.0,36,4060.0,4176.0,profit
item_4548,13,28.0,10,364.0,280.0,profit
item_4549,32,65.0,57,2080.0,3705.0,profit
item_4550,14,93.0,21,1302.0,1953.0,profit
item_4551,30,138.0,14,4140.0,1932.0,profit
item_4552,2,133.0,12,266.0,1596.0,profit
item_4553,2,68.0,25,136.0,1700.0,profit
item_4554,5,65.0,55,325.0,3575.0,profit
item_4555,33,111.0,36,3663.0,3996.0,profit
item_4556,6,109.0,72,654.0,7848.0,profit
item_4557,4,33.0,70,132.0,2310.0,profit
item_4558,25,139.0,41,3475.0,5699.0,profit
item_4559,27,119.0,94,3213.0,11186.0,profit
item_4560,0,106.0,79,0.0,8374.0,loss
item_4561,16,64.0,18,1024.0,1152.0,profit
item_4562,49,130.0,98,6370.0,12740.0,profit
item_4563,11,32.0,39,352.0,1248.0,profit
item_4564,31,124.0,99,3844.0,12276.0,profit
item_4565,42,72.0,63,3024.0,4536.0,profit
item_4566,40,24.0,74,960.0,1776.0,profit
item_4567,16,75.0,76,1200.0,5700.0,profit
item_4568,14,146.0,28,2044.0,4088.0,profit
item_4569,30,78.0,17,2340.0,1326.0,profit
item_4570,6,140.0,22,840.0,3080.0,profit
item_4571,30,143.0,88,4290.0,12584.0,profit
item_4572,41,133.0,51,5453.0,6783.0,profit
item_4573,46,61.0,19,2806.0,1159.0,profit
item_4574,3,150.0,91,450.0,13650.0,profit
item_4575,8,101.0,81,808.0,8181.0,profit
item_4576,48,148.0,56,7104.0,8288.0,profit
item_4577,29,133.0,18,3857.0,2394.0,profit
item_4578,29,129.0,32,3741.0,4128.0,profit
item_4579,2,141.0,27,282.0,3807.0,profit
item_4580,0,114.0,88,0.0,10032.0,loss
item_4581,14,96.0,98,1344.0,9408.0,profit
item_4582,22,60.0,15,1320.0,900.0,profit
item_4583,46,45.0,28,2070.0,1260.0,profit
item_4584,46,75.0,96,3450.0,7200.0,profit
item_4585,43,112.0,41,4816.0,4592.0,profit
item_4586,46,141.0,27,6486.0,3807.0,profit
item_4587,19,101.0,49,1919.0,4949.0,profit
item_4588,33,121.0,50,3993.0,6050.0,profit
item_4589,46,76.0,56,3496.0,4256.0,profit
item_4590,9,109.0,30,981.0,3270.0,profit
item_4591,20,16.0,36,320.0,576.0,profit
item_4592,16,139.0,23,2224.0,3197.0,profit
item_4593,45,125.0,96,5625.0,12000.0,profit
item_4594,12,26.0,36,312.0,936.0,profit
item_4595,2,99.0,100,198.0,9900.0,profit
item_4596,28,125.0,38,3500.0,4750.0,profit
item_4597,2,130.0,77,260.0,10010.0,profit
item_4598,28,32.0,93,896.0,2976.0,profit
item_4599,5,90.0,12,450.0,1080.0,profit
item_4600,9,79.0,65,711.0,5135.0,profit
item_4601,5,139.0,100,695.0,13900.0,profit
item_4602,33,88.0,48,2904.0,4224.0,profit
item_4603,27,72.0,70,1944.0,5040.0,profit
item_4604,9,130.0,10,1170.0,1300.0,profit
item_4605,7,137.0,14,959.0,1918.0,profit
item_4606,27,87.0,56,2349.0,4872.0,profit
item_4607,38,68.0,12,2584.0,816.0,profit
item_4608,42,45.0,71,1890.0,3195.0,profit
item_4609,36,55.0,19,1980.0,1045.0,profit
item_4610,12,26.0,45,312.0,1170.0,profit
item_4611,37,78.0,75,2886.0,5850.0,profit
item_4612,50,150.0,17,7500.0,2550.0,profit
item_4613,43,114.0,27,4902.0,3078.0,profit
item_4614,15,53.0,23,795.0,1219.0,profit
item_4615,44,110.0,92,4840.0,10120.0,profit
item_4616,28,21.0,68,588.0,1428.0,profit
item_4617,21,25.0,28,525.0,700.0,profit
item_4618,43,138.0,15,5934.0,2070.0,profit
item_4619,30,110.0,56,3300.0,6160.0,profit
item_4620,24,68.0,57,1632.0,3876.0,profit
item_4621,24,144.0,25,3456.0,3600.0,profit
item_4622,15,65.0,70,975.0,4550.0,profit
item_4623,47,135.0,24,6345.0,3240.0,profit
item_4624,15,100.0,57,1500.0,5700.0,profit
item_4625,49,88.0,79,4312.0,6952.0,profit
item_4626,16,70.0,45,1120.0,3150.0,profit
item_4627,37,80.0,41,2960.0,3280.0,profit
item_4628,22,15.0,20,330.0,300.0,profit
item_4629,11,86.0,42,946.0,3612.0,profit
item_4630,38,147.0,17,5586.0,2499.0,profit
item_4631,50,89.0,100,4450.0,8900.0,profit
item_4632,5,124.0,73,620.0,9052.0,profit
item_4633,19,91.0,91,1729.0,8281.0,profit
item_4634,32,103.0,67,3296.0,6901.0,profit
item_4635,14,75.0,17,1050.0,1275.0,profit
item_4636,38,31.0,51,1178.0,1581.0,profit
item_4637,19,35.0,15,665.0,525.0,profit
item_4638,21,133.0,22,2793.0,2926.0,profit
item_4639,10,31.0,36,310.0,1116.0,profit
item_4640,50,33.0,60,1650.0,1980.0,profit
item_4641,39,84.0,54,3276.0,4536.0,profit
item_4642,2,149.0,54,298.0,8046.0,profit
item_4643,44,40.0,33,1760.0,1320.0,profit
item_4644,8,92.0,43,736.0,3956.0,profit
item_4645,31,139.0,33,4309.0,4587.0,profit
item_4646,49,104.0,28,5096.0,2912.0,profit
item_4647,32,20.0,83,640.0,1660.0,profit
item_4648,36,123.0,31,4428.0,3813.0,profit
item_4649,44,99.0,10,4356.0,990.0,profit
item_4650,2,45.0,21,90.0,945.0,profit
item_4651,38,146.0,26,5548.0,3796.0,profit
item_4652,31,53.0,85,1643.0,4505.0,profit
item_4653,32,111.0,27,3552.0,2997.0,profit
item_4654,17,87.0,51,1479.0,4437.0,profit
item_4655,20,104.0,30,2080.0,3120.0,profit
item_4656,24,149.0,78,3576.0,11622.0,profit
item_4657,20,139.0,86,2780.0,11954.0,profit
item_4658,33,21.0,67,693.0,1407.0,profit
item_4659,24,19.0,78,456.0,1482.0,profit
item_4660,36,48.0,61,1728.0,2928.0,profit
item_4661,32,69.0,34,2208.0,2346.0,profit
item_4662,26,118.0,66,3068.0,7788.0,profit
item_4663,32,77.0,65,2464.0,5005.0,profit
item_4664,31,105.0,95,3255.0,9975.0,profit
item_4665,26,15.0,19,390.0,285.0,profit
item_4666,31,101.0,68,3131.0,6868.0,profit
item_4667,44,43.0,71,1892.0,3053.0,profit
item_4668,31,36.0,13,1116.0,468.0,profit
item_4669,30,150.0,27,4500.0,4050.0,profit
item_4670,21,66.0,90,1386.0,5940.0,profit
item_4671,41,101.0,78,4141.0,7878.0,profit
item_4672,25,32.0,36,800.0,1152.0,profit
item_4673,11,107.0,53,1177.0,5671.0,profit
item_4674,46,31.0,10,1426.0,310.0,profit
item_4675,0,53.0,64,0.0,3392.0,loss
item_4676,7,89.0,32,623.0,2848.0,profit
item_4677,1,119.0,16,119.0,1904.0,profit
item_4678,22,104.0,49,2288.0,5096.0,profit
item_4679,11,133.0,57,1463.0,7581.0,profit
item_4680,18,124.0,31,2232.0,3844.0,profit
item_4681,48,96.0,51,4608.0,4896.0,profit
item_4682,15,63.0,18,945.0,1134.0,profit
item_4683,12,51.0,54,612.0,2754.0,profit
item_4684,12,147.0,66,1764.0,9702.0,profit
item_4685,20,149.0,87,2980.0,12963.0,profit
item_4686,41,22.0,54,902.0,1188.0,profit
item_4687,9,59.0,69,531.0,4071.0,profit
item_4688,43,44.0,11,1892.0,484.0,profit
item_4689,44,94.0,98,4136.0,9212.0,profit
item_4690,16,52.0,21,832.0,1092.0,profit
item_4691,30,61.0,62,1830.0,3782.0,profit
item_4692,24,82.0,70,1968.0,5740.0,profit
item_4693,49,61.0,44,2989.0,2684.0,profit
item_4694,48,29.0,28,1392.0,812.0,profit
item_4695,33,85.0,62,2805.0,5270.0,profit
item_4696,41,25.0,17,1025.0,425.0,profit
item_4697,26,107.0,41,2782.0,4387.0,profit
item_4698,10,120.0,32,1200.0,3840.0,profit
item_4699,11,67.0,28,737.0,1876.0,profit
item_4700,3,46.0,25,138.0,1150.0,profit
item_4701,44,64.0,57,2816.0,3648.0,profit
item_4702,32,106.0,88,3392.0,9328.0,profit
item_4703,36,61.0,38,2196.0,2318.0,profit
item_4704,13,100.0,36,1300.0,3600.0,profit
item_4705,11,129.0,35,1419.0,4515.0,profit
item_4706,47,116.0,64,5452.0,7424.0,profit
item_4707,33,144.0,26,4752.0,3744.0,profit
item_4708,50,146.0,74,7300.0,10804.0,profit
item_4709,47,74.0,92,3478.0,6808.0,profit
item_4710,14,122.0,46,1708.0,5612.0,profit
item_4711,9,54.0,40,486.0,2160.0,profit
item_4712,7,20.0,67,140.0,1340.0,profit
item_4713,32,62.0,14,1984.0,868.0,profit
item_4714,7,117.0,80,819.0,9360.0,profit
item_4715,21,34.0,86,714.0,2924.0,profit
item_4716,46,50.0,19,2300.0,950.0,profit
item_4717,27,60.0,86,1620.0,5160.0,profit
item_4718,50,93.0,50,4650.0,4650.0,profit
item_4719,37,62.0,93,2294.0,5766.0,profit
item_4720,11,135.0,60,1485.0,8100.0,profit
item_4721,41,150.0,45,6150.0,6750.0,profit
item_4722,40,134.0,47,5360.0,6298.0,profit
item_4723,33,80.0,75,2640.0,6000.0,profit
item_4724,41,76.0,47,3116.0,3572.0,profit
item_4725,11,53.0,88,583.0,4664.0,profit
item_4726,25,90.0,27,2250.0,2430.0,profit
item_4727,21,82.0,65,1722.0,5330.0,profit
item_4728,39,142.0,33,5538.0,4686.0,profit
item_4729,30,101.0,94,3030.0,9494.0,profit
item_4730,4,147.0,66,588.0,9702.0,profit
item_4731,38,121.0,65,4598.0,7865.0,profit
item_4732,23,74.0,91,1702.0,6734.0,profit
item_4733,20,119.0,72,2380.0,8568.0,profit
item_4734,29,64.0,23,1856.0,1472.0,profit
item_4735,7,83.0,15,581.0,1245.0,profit
item_4736,19,21.0,61,399.0,1281.0,profit
item_4737,26,24.0,78,624.0,1872.0,profit
item_4738,41,72.0,60,2952.0,4320.0,profit
item_4739,6,36.0,82,216.0,2952.0,profit
item_4740,18,20.0,30,360.0,600.0,profit
item_4741,37,72.0,20,2664.0,1440.0,profit
item_4742,29,70.0,45,2030.0,3150.0,profit
item_4743,32,75.0,47,2400.0,3525.0,profit
item_4744,35,92.0,86,3220.0,7912.0,profit
item_4745,5,31.0,48,155.0,1488.0,profit
item_4746,1,44.0,46,44.0,2024.0,profit
item_4747,32,119.0,12,3808.0,1428.0,profit
item_4748,2,114.0,94,228.0,10716.0,profit
item_4749,14,96.0,77,1344.0,7392.0,profit
item_4750,32,147.0,59,4704.0,8673.0,profit
item_4751,24,99.0,75,2376.0,7425.0,profit
item_4752,24,74.0,37,1776.0,2738.0,profit
item_4753,23,100.0,83,2300.0,8300.0,profit
item_4754,32,139.0,15,4448.0,2085.0,profit
item_4755,16,84.0,55,1344.0,4620.0,profit
item_4756,44,20.0,45,880.0,900.0,profit
item_4757,34,116.0,13,3944.0,1508.0,profit
item_4758,34,59.0,88,2006.0,5192.0,profit
item_4759,2,90.0,82,180.0,7380.0,profit
item_4760,40,123.0,31,4920.0,3813.0,profit
item_4761,6,90.0,55,540.0,4950.0,profit
item_4762,19,34.0,33,646.0,1122.0,profit
item_4763,36,138.0,69,4968.0,9522.0,profit
item_4764,0,127.0,33,0.0,4191.0,loss
item_4765,34,110.0,72,3740.0,7920.0,profit
item_4766,16,133.0,81,2128.0,10773.0,profit
item_4767,18,94.0,20,1692.0,1880.0,profit
item_4768,23,54.0,76,1242.0,4104.0,profit
item_4769,33,73.0,58,2409.0,4234.0,profit
item_4770,27,126.0,44,3402.0,5544.0,profit
item_4771,12,36.0,77,432.0,2772.0,profit
item_4772,37,112.0,35,4144.0,3920.0,profit
item_4773,43,105.0,47,4515.0,4935.0,profit
item_4774,36,68.0,100,2448.0,6800.0,profit
item_4775,49,118.0,51,5782.0,6018.0,profit
item_4776,12,99.0,34,1188.0,3366.0,profit
item_4777,37,140.0,72,5180.0,10080.0,profit
item_4778,23,42.0,66,966.0,2772.0,profit
item_4779,47,64.0,78,3008.0,4992.0,profit
item_4780,43,32.0,65,1376.0,2080.0,profit
item_4781,4,93.0,42,372.0,3906.0,profit
item_4782,13,28.0,47,364.0,1316.0,profit
item_4783,36,80.0,35,2880.0,2800.0,profit
item_4784,0,135.0,61,0.0,8235.0,loss
item_4785,47,57.0,53,2679.0,3021.0,profit
item_4786,46,18.0,61,828.0,1098.0,profit
item_4787,45,102.0,56,4590.0,5712.0,profit
item_4788,5,35.0,39,175.0,1365.0,profit
item_4789,22,82.0,38,1804.0,3116.0,profit
item_4790,36,143.0,28,5148.0,4004.0,profit
item_4791,18,146.0,15,2628.0,2190.0,profit
item_4792,35,66.0,14,2310.0,924.0,profit
item_4793,2,121.0,56,242.0,6776.0,profit
item_4794,47,67.0,45,3149.0,3015.0,profit
item_4795,10,92.0,83,920.0,7636.0,profit
item_4796,21,76.0,56,1596.0,4256.0,profit
item_4797,35,102.0,29,3570.0,2958.0,profit
item_4798,50,142.0,27,7100.0,3834.0,profit
item_4799,11,63.0,70,693.0,4410.0,profit
item_4800,34,139.0,64,4726.0,8896.0,profit
item_4801,9,48.0,40,432.0,1920.0,profit
item_4802,40,112.0,93,4480.0,10416.0,profit
item_4803,11,29.0,56,319.0,1624.0,profit
item_4804,42,142.0,45,5964.0,6390.0,profit
item_4805,20,84.0,10,1680.0,840.0,profit
item_4806,31,93.0,33,2883.0,3069.0,profit
item_4807,25,17.0,88,425.0,1496.0,profit
item_4808,15,89.0,38,1335.0,3382.0,profit
item_4809,45,137.0,83,6165.0,11371.0,profit
item_4810,31,148.0,83,4588.0,12284.0,profit
item_4811,1,51.0,83,51.0,4233.0,profit
item_4812,1,105.0,16,105.0,1680.0,profit
item_4813,19,54.0,35,1026.0,1890.0,profit
item_4814,28,136.0,64,3808.0,8704.0,profit
item_4815,12,36.0,34,432.0,1224.0,profit
item_4816,44,136.0,73,5984.0,9928.0,profit
item_4817,24,64.0,26,1536.0,1664.0,profit
item_4818,36,123.0,73,4428.0,8979.0,profit
item_4819,36,134.0,82,4824.0,10988.0,profit
item_4820,19,51.0,70,969.0,3570.0,profit
item_4821,19,43.0,13,817.0,559.0,profit
item_4822,5,66.0,67,330.0,4422.0,profit
item_4823,3,31.0,47,93.0,1457.0,profit
item_4824,15,30.0,75,450.0,2250.0,profit
item_4825,3,149.0,10,447.0,1490.0,profit
item_4826,7,144.0,84,1008.0,12096.0,profit
item_4827,41,127.0,19,5207.0,2413.0,profit
item_4828,2,17.0,51,34.0,867.0,profit
item_4829,35,132.0,18,4620.0,2376.0,profit
item_4830,35,32.0,32,1120.0,1024.0,profit
item_4831,20,140.0,55,2800.0,7700.0,profit
item_4832,34,112.0,10,3808.0,1120.0,profit
item_4833,48,138.0,97,6624.0,13386.0,profit
item_4834,29,50.0,13,1450.0,650.0,profit
item_4835,50,58.0,73,2900.0,4234.0,profit
item_4836,27,103.0,14,2781.0,1442.0,profit
item_4837,47,26.0,33,1222.0,858.0,profit
item_4838,27,23.0,60,621.0,1380.0,profit
item_4839,23,149.0,54,3427.0,8046.0,profit
item_4840,7,28.0,53,196.0,1484.0,profit
item_4841,21,31.0,23,651.0,713.0,profit
item_4842,47,133.0,59,6251.0,7847.0,profit
item_4843,7,133.0,62,931.0,8246.0,profit
item_4844,32,150.0,91,4800.0,13650.0,profit
item_4845,2,97.0,71,194.0,6887.0,profit
item_4846,45,120.0,81,5400.0,9720.0,profit
item_4847,46,66.0,14,3036.0,924.0,profit
item_4848,42,57.0,10,2394.0,570.0,profit
item_4849,32,141.0,13,4512.0,1833.0,profit
item_4850,42,76.0,21,3192.0,1596.0,profit
item_4851,23,146.0,57,3358.0,8322.0,profit
item_4852,33,133.0,81,4389.0,10773.0,profit
item_4853,20,88.0,76,1760.0,6688.0,profit
item_4854,50,73.0,78,3650.0,5694.0,profit
item_4855,1,24.0,14,24.0,336.0,profit
item_4856,38,81.0,29,3078.0,2349.0,profit
item_4857,48,135.0,56,6480.0,7560.0,profit
item_4858,29,149.0,72,4321.0,10728.0,profit
item_4859,8,83.0,66,664.0,5478.0,profit
item_4860,50,142.0,49,7100.0,6958.0,profit
item_4861,37,145.0,43,5365.0,6235.0,profit
item_4862,36,104.0,81,3744.0,8424.0,profit
item_4863,49,149.0,97,7301.0,14453.0,profit
item_4864,15,136.0,15,2040.0,2040.0,profit
item_4865,48,136.0,79,6528.0,10744.0,profit
item_4866,33,48.0,23,1584.0,1104.0,profit
item_4867,42,27.0,66,1134.0,1782.0,profit
item_4868,41,25.0,15,1025.0,375.0,profit
item_4869,14,70.0,35,980.0,2450.0,profit
item_4870,19,102.0,88,1938.0,8976.0,profit
item_4871,23,134.0,80,3082.0,10720.0,profit
item_4872,12,125.0,53,1500.0,6625.0,profit
item_4873,43,34.0,34,1462.0,1156.0,profit
item_4874,0,51.0,88,0.0,4488.0,loss
item_4875,4,27.0,61,108.0,1647.0,profit
item_4876,18,27.0,99,486.0,2673.0,profit
item_4877,24,69.0,95,1656.0,6555.0,profit
item_4878,16,127.0,24,2032.0,3048.0,profit
item_4879,25,59.0,91,1475.0,5369.0,profit
item_4880,20,137.0,40,2740.0,5480.0,profit
item_4881,49,110.0,89,5390.0,9790.0,profit
item_4882,19,60.0,51,1140.0,3060.0,profit
item_4883,8,71.0,55,568.0,3905.0,profit
item_4884,7,85.0,64,595.0,5440.0,profit
item_4885,22,149.0,54,3278.0,8046.0,profit
item_4886,39,139.0,62,5421.0,8618.0,profit
item_4887,41,60.0,86,2460.0,5160.0,profit
item_4888,42,59.0,89,2478.0,5251.0,profit
item_4889,39,25.0,67,975.0,1675.0,profit
item_4890,36,124.0,96,4464.0,11904.0,profit
item_4891,15,145.0,44,2175.0,6380.0,profit
item_4892,9,43.0,81,387.0,3483.0,profit
item_4893,39,103.0,30,4017.0,3090.0,profit
item_4894,31,124.0,52,3844.0,6448.0,profit
item_4895,6,109.0,80,654.0,8720.0,profit
item_4896,43,131.0,63,5633.0,8253.0,profit
item_4897,27,56.0,75,1512.0,4200.0,profit
item_4898,45,108.0,83,4860.0,8964.0,profit
item_4899,21,43.0,43,903.0,1849.0,profit
item_4900,10,48.0,58,480.0,2784.0,profit
item_4901,15,150.0,38,2250.0,5700.0,profit
item_4902,6,25.0,83,150.0,2075.0,profit
item_4903,31,53.0,46,1643.0,2438.0,profit
item_4904,24,18.0,27,432.0,486.0,profit
item_4905,11,119.0,89,1309.0,10591.0,profit
item_4906,1,105.0,46,105.0,4830.0,profit
item_4907,44,135.0,70,5940.0,9450.0,profit
item_4908,50,15.0,19,750.0,285.0,profit
item_4909,19,26.0,55,494.0,1430.0,profit
item_4910,48,86.0,89,4128.0,7654.0,profit
item_4911,29,140.0,97,4060.0,13580.0,profit
item_4912,16,37.0,90,592.0,3330.0,profit
item_4913,17,15.0,27,255.0,405.0,profit
item_4914,5,30.0,62,150.0,1860.0,profit
item_4915,26,85.0,80,2210.0,6800.0,profit
item_4916,39,61.0,67,2379.0,4087.0,profit
item_4917,19,119.0,40,2261.0,4760.0,profit
item_4918,15,119.0,72,1785.0,8568.0,profit
item_4919,46,127.0,100,5842.0,12700.0,profit
item_4920,20,38.0,26,760.0,988.0,profit
item_4921,27,64.0,46,1728.0,2944.0,profit
item_4922,5,137.0,68,685.0,9316.0,profit
item_4923,35,24.0,43,840.0,1032.0,profit
item_4924,30,145.0,90,4350.0,13050.0,profit
item_4925,21,138.0,64,2898.0,8832.0,profit
item_4926,50,141.0,38,7050.0,5358.0,profit
item_4927,25,73.0,50,1825.0,3650.0,profit
item_4928,19,64.0,18,1216.0,1152.0,profit
item_4929,16,117.0,11,1872.0,1287.0,profit
item_4930,24,73.0,56,1752.0,4088.0,profit
item_4931,29,29.0,12,841.0,348.0,profit
item_4932,46,42.0,43,1932.0,1806.0,profit
item_4933,2,103.0,61,206.0,6283.0,profit
item_4934,8,112.0,42,896.0,4704.0,profit
item_4935,5,138.0,97,690.0,13386.0,profit
item_4936,33,81.0,18,2673.0,1458.0,profit
item_4937,45,20.0,84,900.0,1680.0,profit
item_4938,43,99.0,31,4257.0,3069.0,profit
item_4939,40,29.0,99,1160.0,2871.0,profit
item_4940,7,74.0,70,518.0,5180.0,profit
item_4941,17,149.0,60,2533.0,8940.0,profit
item_4942,4,33.0,65,132.0,2145.0,profit
item_4943,38,110.0,37,4180.0,4070.0,profit
item_4944,8,116.0,61,928.0,7076.0,profit
item_4945,30,35.0,86,1050.0,3010.0,profit
item_4946,41,104.0,57,4264.0,5928.0,profit
item_4947,9,131.0,53,1179.0,6943.0,profit
item_4948,20,141.0,72,2820.0,10152.0,profit
item_4949,16,113.0,14,1808.0,1582.0,profit
item_4950,39,47.0,72,1833.0,3384.0,profit
item_4951,32,97.0,91,3104.0,8827.0,profit
item_4952,10,137.0,12,1370.0,1644.0,profit
item_4953,20,89.0,20,1780.0,1780.0,profit
item_4954,18,48.0,46,864.0,2208.0,profit
item_4955,44,115.0,81,5060.0,9315.0,profit
item_4956,29,40.0,76,1160.0,3040.0,profit
item_4957,25,16.0,84,400.0,1344.0,profit
item_4958,17,85.0,78,1445.0,6630.0,profit
item_4959,17,123.0,54,2091.0,6642.0,profit
item_4960,28,127.0,34,3556.0,4318.0,profit
item_4961,3,61.0,85,183.0,5185.0,profit
item_4962,34,71.0,74,2414.0,5254.0,profit
item_4963,0,88.0,10,0.0,880.0,loss
item_4964,21,139.0,59,2919.0,8201.0,profit
item_4965,16,37.0,28,592.0,1036.0,profit
item_4966,30,100.0,82,3000.0,8200.0,profit
item_4967,12,66.0,34,792.0,2244.0,profit
item_4968,48,114.0,14,5472.0,1596.0,profit
item_4969,3,75.0,32,225.0,2400.0,profit
item_4970,48,85.0,10,4080.0,850.0,profit
item_4971,27,130.0,73,3510.0,9490.0,profit
item_4972,7,25.0,75,175.0,1875.0,profit
item_4973,22,48.0,63,1056.0,3024.0,profit
item_4974,0,62.0,58,0.0,3596.0,loss
item_4975,40,130.0,13,5200.0,1690.0,profit
item_4976,21,115.0,53,2415.0,6095.0,profit
item_4977,33,106.0,90,3498.0,9540.0,profit
item_4978,32,51.0,60,1632.0,3060.0,profit
item_4979,38,15.0,58,570.0,870.0,profit
item_4980,32,38.0,99,1216.0,3762.0,profit
item_4981,40,116.0,22,4640.0,2552.0,profit
item_4982,31,106.0,43,3286.0,4558.0,profit
item_4983,38,127.0,40,4826.0,5080.0,profit
item_4984,34,127.0,26,4318.0,3302.0,profit
item_4985,47,80.0,53,3760.0,4240.0,profit
item_4986,25,120.0,31,3000.0,3720.0,profit
item_4987,0,74.0,54,0.0,3996.0,loss
item_4988,29,28.0,42,812.0,1176.0,profit
item_4989,5,74.0,71,370.0,5254.0,profit
item_4990,43,122.0,24,5246.0,2928.0,profit
item_4991,18,123.0,89,2214.0,10947.0,profit
item_4992,24,25.0,25,600.0,625.0,profit
item_4993,15,91.0,17,1365.0,1547.0,profit
item_4994,24,78.0,95,1872.0,7410.0,profit
item_4995,34,23.0,56,782.0,1288.0,profit
item_4996,29,38.0,94,1102.0,3572.0,profit
item_4997,48,67.0,88,3216.0,5896.0,profit
item_4998,9,126.0,19,1134.0,2394.0,profit
item_4999,25,79.0,19,1975.0,1501.0,profit
item_5000,19,97.0,47,1843.0,4559.0,profit
item_5001,16,129.0,54,2064.0,6966.0,profit
item_5002,18,140.0,91,2520.0,12740.0,profit
item_5003,38,82.0,68,3116.0,5576.0,profit
item_5004,3,147.0,20,441.0,2940.0,profit
item_5005,42,119.0,76,4998.0,9044.0,profit
item_5006,50,26.0,62,1300.0,1612.0,profit
item_5007,43,52.0,59,2236.0,3068.0,profit
item_5008,6,115.0,40,690.0,4600.0,profit
item_5009,15,148.0,68,2220.0,10064.0,profit
item_5010,18,147.0,61,2646.0,8967.0,profit
item_5011,20,82.0,82,1640.0,6724.0,profit
item_5012,0,137.0,28,0.0,3836.0,loss
item_5013,49,126.0,66,6174.0,8316.0,profit
item_5014,36,50.0,100,1800.0,5000.0,profit
item_5015,26,103.0,59,2678.0,6077.0,profit
item_5016,2,44.0,37,88.0,1628.0,profit
item_5017,24,70.0,29,1680.0,2030.0,profit
item_5018,2,124.0,82,248.0,10168.0,profit
item_5019,18,98.0,84,1764.0,8232.0,profit
item_5020,25,20.0,33,500.0,660.0,profit
item_5021,38,84.0,64,3192.0,5376.0,profit
item_5022,34,150.0,92,5100.0,13800.0,profit
item_5023,33,127.0,50,4191.0,6350.0,profit
item_5024,4,33.0,14,132.0,462.0,profit
item_5025,49,135.0,22,6615.0,2970.0,profit
item_5026,32,66.0,53,2112.0,3498.0,profit
item_5027,15,104.0,76,1560.0,7904.0,profit
item_5028,39,117.0,77,4563.0,9009.0,profit
item_5029,41,104.0,63,4264.0,6552.0,profit
item_5030,5,122.0,75,610.0,9150.0,profit
item_5031,45,39.0,93,1755.0,3627.0,profit
item_5032,47,96.0,91,4512.0,8736.0,profit
item_5033,10,141.0,21,1410.0,2961.0,profit
item_5034,6,29.0,63,174.0,1827.0,profit
item_5035,14,101.0,25,1414.0,2525.0,profit
item_5036,4,137.0,90,548.0,12330.0,profit
item_5037,2,15.0,66,30.0,990.0,profit
item_5038,16,100.0,67,1600.0,6700.0,profit
item_5039,42,139.0,30,5838.0,4170.0,profit
item_5040,47,106.0,90,4982.0,9540.0,profit
item_5041,34,136.0,31,4624.0,4216.0,profit
item_5042,38,29.0,76,1102.0,2204.0,profit
item_5043,7,96.0,59,672.0,5664.0,profit
item_5044,23,36.0,87,828.0,3132.0,profit
item_5045,24,80.0,74,1920.0,5920.0,profit
item_5046,20,39.0,16,780.0,624.0,profit
item_5047,13,88.0,88,1144.0,7744.0,profit
item_5048,31,148.0,77,4588.0,11396.0,profit
item_5049,46,143.0,17,6578.0,2431.0,profit
item_5050,10,41.0,94,410.0,3854.0,profit
item_5051,49,141.0,99,6909.0,13959.0,profit
item_5052,12,111.0,47,1332.0,5217.0,profit
item_5053,38,111.0,87,4218.0,9657.0,profit
item_5054,41,28.0,11,1148.0,308.0,profit
item_5055,34,126.0,29,4284.0,3654.0,profit
item_5056,9,123.0,99,1107.0,12177.0,profit
item_5057,9,113.0,85,1017.0,9605.0,profit
item_5058,23,119.0,80,2737.0,9520.0,profit
item_5059,49,79.0,87,3871.0,6873.0,profit
item_5060,50,103.0,59,5150.0,6077.0,profit
item_5061,21,20.0,85,420.0,1700.0,profit
item_5062,17,110.0,86,1870.0,9460.0,profit
item_5063,36,93.0,58,3348.0,5394.0,profit
item_5064,44,93.0,10,4092.0,930.0,profit
item_5065,48,44.0,22,2112.0,968.0,profit
item_5066,41,75.0,32,3075.0,2400.0,profit
item_5067,30,62.0,79,1860.0,4898.0,profit
item_5068,34,36.0,15,1224.0,540.0,profit
item_5069,8,117.0,74,936.0,8658.0,profit
item_5070,5,60.0,42,300.0,2520.0,profit
item_5071,33,49.0,16,1617.0,784.0,profit
item_5072,45,48.0,18,2160.0,864.0,profit
item_5073,34,39.0,33,1326.0,1287.0,profit
item_5074,35,20.0,56,700.0,1120.0,profit
item_5075,30,144.0,98,4320.0,14112.0,profit
item_5076,20,101.0,39,2020.0,3939.0,profit
item_5077,19,55.0,63,1045.0,3465.0,profit
item_5078,15,118.0,90,1770.0,10620.0,profit
item_5079,8,53.0,50,424.0,2650.0,profit
item_5080,43,87.0,67,3741.0,5829.0,profit
item_5081,16,143.0,44,2288.0,6292.0,profit
item_5082,44,15.0,99,660.0,1485.0,profit
item_5083,43,90.0,14,3870.0,1260.0,profit
item_5084,19,53.0,41,1007.0,2173.0,profit
item_5085,40,58.0,44,2320.0,2552.0,profit
item_5086,35,75.0,75,2625.0,5625.0,profit
item_5087,20,31.0,77,620.0,2387.0,profit
item_5088,38,54.0,10,2052.0,540.0,profit
item_5089,8,45.0,85,360.0,3825.0,profit
item_5090,26,37.0,44,962.0,1628.0,profit
item_5091,19,37.0,76,703.0,2812.0,profit
item_5092,36,150.0,93,5400.0,13950.0,profit
item_5093,2,66.0,48,132.0,3168.0,profit
item_5094,7,29.0,50,203.0,1450.0,profit
item_5095,42,110.0,44,4620.0,4840.0,profit
item_5096,26,107.0,74,2782.0,7918.0,profit
item_5097,35,147.0,10,5145.0,1470.0,profit
item_5098,35,146.0,88,5110.0,12848.0,profit
item_5099,1,23.0,85,23.0,1955.0,profit
item_5100,44,121.0,17,5324.0,2057.0,profit
item_5101,13,36.0,76,468.0,2736.0,profit
item_5102,21,104.0,90,2184.0,9360.0,profit
item_5103,16,77.0,52,1232.0,4004.0,profit
item_5104,28,51.0,51,1428.0,2601.0,profit
item_5105,45,111.0,26,4995.0,2886.0,profit
item_5106,0,75.0,91,0.0,6825.0,loss
item_5107,37,61.0,42,2257.0,2562.0,profit
item_5108,10,127.0,71,1270.0,9017.0,profit
item_5109,26,105.0,31,2730.0,3255.0,profit
item_5110,50,116.0,36,5800.0,4176.0,profit
item_5111,47,69.0,26,3243.0,1794.0,profit
item_5112,6,21.0,53,126.0,1113.0,profit
item_5113,50,78.0,17,3900.0,1326.0,profit
item_5114,5,130.0,20,650.0,2600.0,profit
item_5115,45,143.0,61,6435.0,8723.0,profit
item_5116,28,89.0,66,2492.0,5874.0,profit
item_5117,37,70.0,92,2590.0,6440.0,profit
item_5118,13,126.0,46,1638.0,5796.0,profit
item_5119,4,145.0,18,580.0,2610.0,profit
item_5120,2,109.0,76,218.0,8284.0,profit
item_5121,45,36.0,100,1620.0,3600.0,profit
item_5122,42,82.0,44,3444.0,3608.0,profit
item_5123,25,60.0,12,1500.0,720.0,profit
item_5124,36,19.0,70,684.0,1330.0,profit
item_5125,47,93.0,56,4371.0,5208.0,profit
item_5126,26,30.0,67,780.0,2010.0,profit
item_5127,32,78.0,61,2496.0,4758.0,profit
item_5128,3,26.0,65,78.0,1690.0,profit
item_5129,40,99.0,25,3960.0,2475.0,profit
item_5130,29,83.0,61,2407.0,5063.0,profit
item_5131,37,93.0,60,3441.0,5580.0,profit
item_5132,14,34.0,85,476.0,2890.0,profit
item_5133,39,123.0,91,4797.0,11193.0,profit
item_5134,48,137.0,49,6576.0,6713.0,profit
item_5135,35,76.0,18,2660.0,1368.0,profit
item_5136,41,51.0,89,2091.0,4539.0,profit
item_5137,8,148.0,22,1184.0,3256.0,profit
item_5138,12,139.0,15,1668.0,2085.0,profit
item_5139,36,36.0,94,1296.0,3384.0,profit
item_5140,47,70.0,74,3290.0,5180.0,profit
item_5141,17,30.0,70,510.0,2100.0,profit
item_5142,45,119.0,70,5355.0,8330.0,profit
item_5143,39,61.0,97,2379.0,5917.0,profit
item_5144,2,54.0,93,108.0,5022.0,profit
item_5145,38,25.0,35,950.0,875.0,profit
item_5146,45,54.0,76,2430.0,4104.0,profit
item_5147,42,109.0,26,4578.0,2834.0,profit
item_5148,32,56.0,45,1792.0,2520.0,profit
item_5149,12,18.0,23,216.0,414.0,profit
item_5150,27,60.0,84,1620.0,5040.0,profit
item_5151,7,56.0,33,392.0,1848.0,profit
item_5152,49,142.0,36,6958.0,5112.0,profit
item_5153,7,62.0,80,434.0,4960.0,profit
item_5154,9,33.0,94,297.0,3102.0,profit
item_5155,15,146.0,92,2190.0,13432.0,profit
item_5156,30,90.0,22,2700.0,1980.0,profit
item_5157,6,135.0,39,810.0,5265.0,profit
item_5158,20,102.0,57,2040.0,5814.0,profit
item_5159,50,130.0,91,6500.0,11830.0,profit
item_5160,49,104.0,94,5096.0,9776.0,profit
item_5161,38,142.0,21,5396.0,2982.0,profit
item_5162,5,42.0,38,210.0,1596.0,profit
item_5163,37,139.0,65,5143.0,9035.0,profit
item_5164,35,122.0,78,4270.0,9516.0,profit
item_5165,1,142.0,39,142.0,5538.0,profit
item_5166,7,150.0,69,1050.0,10350.0,profit
item_5167,4,102.0,95,408.0,9690.0,profit
item_5168,5,23.0,52,115.0,1196.0,profit
item_5169,25,20.0,52,500.0,1040.0,profit
item_5170,26,101.0,78,2626.0,7878.0,profit
item_5171,32,69.0,20,2208.0,1380.0,profit
item_5172,47,149.0,85,7003.0,12665.0,profit
item_5173,6,95.0,68,570.0,6460.0,profit
item_5174,12,56.0,85,672.0,4760.0,profit
item_5175,8,95.0,41,760.0,3895.0,profit
item_5176,17,44.0,33,748.0,1452.0,profit
item_5177,38,134.0,26,5092.0,3484.0,profit
item_5178,1,38.0,75,38.0,2850.0,profit
item_5179,10,55.0,39,550.0,2145.0,profit
item_5180,37,135.0,35,4995.0,4725.0,profit
item_5181,46,104.0,94,4784.0,9776.0,profit
item_5182,11,80.0,71,880.0,5680.0,profit
item_5183,13,89.0,15,1157.0,1335.0,profit
item_5184,23,30.0,32,690.0,960.0,profit
item_5185,30,55.0,96,1650.0,5280.0,profit
item_5186,30,103.0,85,3090.0,8755.0,profit
item_5187,39,21.0,88,819.0,1848.0,profit
item_5188,12,124.0,70,1488.0,8680.0,profit
item_5189,45,66.0,82,2970.0,5412.0,profit
item_5190,50,18.0,87,900.0,1566.0,profit
item_5191,9,62.0,49,558.0,3038.0,profit
item_5192,28,23.0,12,644.0,276.0,profit
item_5193,17,40.0,23,680.0,920.0,profit
item_5194,21,69.0,55,1449.0,3795.0,profit
item_5195,20,99.0,28,1980.0,2772.0,profit
item_5196,9,73.0,36,657.0,2628.0,profit
item_5197,3,128.0,33,384.0,4224.0,profit
item_5198,12,139.0,41,1668.0,5699.0,profit
item_5199,23,133.0,25,3059.0,3325.0,profit
item_5200,1,115.0,24,115.0,2760.0,profit
item_5201,32,15.0,75,480.0,1125.0,profit
item_5202,31,71.0,32,2201.0,2272.0,profit
item_5203,39,150.0,45,5850.0,6750.0,profit
item_5204,14,24.0,41,336.0,984.0,profit
item_5205,9,129.0,35,1161.0,4515.0,profit
item_5206,27,135.0,46,3645.0,6210.0,profit
item_5207,45,48.0,36,2160.0,1728.0,profit
item_5208,24,124.0,52,2976.0,6448.0,profit
item_5209,18,66.0,71,1188.0,4686.0,profit
item_5210,22,124.0,42,2728.0,5208.0,profit
item_5211,18,47.0,43,846.0,2021.0,profit
item_5212,32,60.0,29,1920.0,1740.0,profit
item_5213,42,17.0,46,714.0,782.0,profit
item_5214,27,88.0,66,2376.0,5808.0,profit
item_5215,20,56.0,15,1120.0,840.0,profit
item_5216,38,31.0,41,1178.0,1271.0,profit
item_5217,22,76.0,78,1672.0,5928.0,profit
item_5218,2,85.0,100,170.0,8500.0,profit
item_5219,23,33.0,87,759.0,2871.0,profit
item_5220,14,27.0,28,378.0,756.0,profit
item_5221,32,44.0,63,1408.0,2772.0,profit
item_5222,13,58.0,81,754.0,4698.0,profit
item_5223,49,45.0,51,2205.0,2295.0,profit
item_5224,9,26.0,20,234.0,520.0,profit
item_5225,28,117.0,23,3276.0,2691.0,profit
item_5226,23,56.0,25,1288.0,1400.0,profit
item_5227,19,100.0,28,1900.0,2800.0,profit
item_5228,26,52.0,33,1352.0,1716.0,profit
item_5229,30,73.0,88,2190.0,6424.0,profit
item_5230,46,70.0,34,3220.0,2380.0,profit
item_5231,27,71.0,19,1917.0,1349.0,profit
item_5232,43,118.0,19,5074.0,2242.0,profit
item_5233,40,75.0,87,3000.0,6525.0,profit
item_5234,0,94.0,54,0.0,5076.0,loss
item_5235,37,96.0,13,3552.0,1248.0,profit
item_5236,20,141.0,80,2820.0,11280.0,profit
item_5237,12,100.0,43,1200.0,4300.0,profit
item_5238,43,68.0,93,2924.0,6324.0,profit
item_5239,40,119.0,39,4760.0,4641.0,profit
item_5240,40,41.0,18,1640.0,738.0,profit
item_5241,47,108.0,51,5076.0,5508.0,profit
item_5242,50,60.0,28,3000.0,1680.0,profit
item_5243,44,119.0,12,5236.0,1428.0,profit
item_5244,2,124.0,10,248.0,1240.0,profit
item_5245,16,90.0,25,1440.0,2250.0,profit
item_5246,38,70.0,91,2660.0,6370.0,profit
item_5247,16,18.0,13,288.0,234.0,profit
item_5248,12,94.0,10,1128.0,940.0,profit
item_5249,1,106.0,96,106.0,10176.0,profit
item_5250,25,43.0,58,1075.0,2494.0,profit
item_5251,50,66.0,60,3300.0,3960.0,profit
item_5252,10,29.0,19,290.0,551.0,profit
item_5253,6,43.0,29,258.0,1247.0,profit
item_5254,48,149.0,42,7152.0,6258.0,profit
item_5255,36,35.0,12,1260.0,420.0,profit
item_5256,39,46.0,35,1794.0,1610.0,profit
item_5257,15,28.0,93,420.0,2604.0,profit
item_5258,47,46.0,27,2162.0,1242.0,profit
item_5259,33,149.0,99,4917.0,14751.0,profit
item_5260,38,141.0,29,5358.0,4089.0,profit
item_5261,10,61.0,55,610.0,3355.0,profit
item_5262,17,66.0,95,1122.0,6270.0,profit
item_5263,9,146.0,100,1314.0,14600.0,profit
item_5264,46,31.0,35,1426.0,1085.0,profit
item_5265,34,28.0,44,952.0,1232.0,profit
item_5266,49,69.0,53,3381.0,3657.0,profit
item_5267,4,39.0,53,156.0,2067.0,profit
item_5268,31,147.0,37,4557.0,5439.0,profit
item_5269,11,128.0,36,1408.0,4608.0,profit
item_5270,21,127.0,38,2667.0,4826.0,profit
item_5271,43,76.0,87,3268.0,6612.0,profit
item_5272,2,140.0,100,280.0,14000.0,profit
item_5273,30,130.0,76,3900.0,9880.0,profit
item_5274,50,111.0,97,5550.0,10767.0,profit
item_5275,35,40.0,83,1400.0,3320.0,profit
item_5276,16,87.0,31,1392.0,2697.0,profit
item_5277,41,70.0,90,2870.0,6300.0,profit
item_5278,44,33.0,48,1452.0,1584.0,profit
item_5279,42,132.0,89,5544.0,11748.0,profit
item_5280,19,43.0,67,817.0,2881.0,profit
item_5281,24,149.0,51,3576.0,7599.0,profit
item_5282,36,69.0,54,2484.0,3726.0,profit
item_5283,22,39.0,88,858.0,3432.0,profit
item_5284,35,137.0,37,4795.0,5069.0,profit
item_5285,39,57.0,99,2223.0,5643.0,profit
item_5286,50,37.0,22,1850.0,814.0,profit
item_5287,32,124.0,45,3968.0,5580.0,profit
item_5288,40,135.0,77,5400.0,10395.0,profit
item_5289,39,99.0,29,3861.0,2871.0,profit
item_5290,22,26.0,42,572.0,1092.0,profit
item_5291,27,42.0,43,1134.0,1806.0,profit
item_5292,12,128.0,23,1536.0,2944.0,profit
item_5293,44,136.0,58,5984.0,7888.0,profit
item_5294,38,77.0,17,2926.0,1309.0,profit
item_5295,35,53.0,26,1855.0,1378.0,profit
item_5296,11,22.0,61,242.0,1342.0,profit
item_5297,13,140.0,37,1820.0,5180.0,profit
item_5298,5,113.0,54,565.0,6102.0,profit
item_5299,43,16.0,88,688.0,1408.0,profit
item_5300,35,20.0,46,700.0,920.0,profit
item_5301,19,76.0,21,1444.0,1596.0,profit
item_5302,10,138.0,20,1380.0,2760.0,profit
item_5303,35,138.0,46,4830.0,6348.0,profit
item_5304,42,103.0,93,4326.0,9579.0,profit
item_5305,28,76.0,64,2128.0,4864.0,profit
item_5306,9,63.0,57,567.0,3591.0,profit
item_5307,49,84.0,22,4116.0,1848.0,profit
item_5308,21,69.0,84,1449.0,5796.0,profit
item_5309,26,49.0,36,1274.0,1764.0,profit
item_5310,39,149.0,32,5811.0,4768.0,profit
item_5311,33,123.0,81,4059.0,9963.0,profit
item_5312,39,104.0,10,4056.0,1040.0,profit
item_5313,30,147.0,90,4410.0,13230.0,profit
item_5314,5,46.0,30,230.0,1380.0,profit
item_5315,11,134.0,95,1474.0,12730.0,profit
item_5316,5,57.0,20,285.0,1140.0,profit
item_5317,38,74.0,84,2812.0,6216.0,profit
item_5318,50,50.0,100,2500.0,5000.0,profit
item_5319,6,125.0,46,750.0,5750.0,profit
item_5320,24,66.0,60,1584.0,3960.0,profit
item_5321,38,43.0,81,1634.0,3483.0,profit
item_5322,3,101.0,93,303.0,9393.0,profit
item_5323,49,102.0,96,4998.0,9792.0,profit
item_5324,43,145.0,53,6235.0,7685.0,profit
item_5325,39,50.0,51,1950.0,2550.0,profit
item_5326,2,99.0,62,198.0,6138.0,profit
item_5327,33,55.0,27,1815.0,1485.0,profit
item_5328,1,65.0,95,65.0,6175.0,profit
item_5329,23,75.0,68,1725.0,5100.0,profit
item_5330,50,126.0,52,6300.0,6552.0,profit
item_5331,39,131.0,62,5109.0,8122.0,profit
item_5332,30,119.0,53,3570.0,6307.0,profit
item_5333,35,37.0,72,1295.0,2664.0,profit
item_5334,13,146.0,35,1898.0,5110.0,profit
item_5335,4,71.0,49,284.0,3479.0,profit
item_5336,2,20.0,25,40.0,500.0,profit
item_5337,49,52.0,50,2548.0,2600.0,profit
item_5338,11,137.0,80,1507.0,10960.0,profit
item_5339,29,130.0,17,3770.0,2210.0,profit
item_5340,13,24.0,13,312.0,312.0,profit
item_5341,15,129.0,66,1935.0,8514.0,profit
item_5342,30,27.0,11,810.0,297.0,profit
item_5343,4,46.0,63,184.0,2898.0,profit
item_5344,24,77.0,23,1848.0,1771.0,profit
item_5345,11,95.0,16,1045.0,1520.0,profit
item_5346,5,106.0,95,530.0,10070.0,profit
item_5347,18,32.0,25,576.0,800.0,profit
item_5348,30,88.0,81,2640.0,7128.0,profit
item_5349,4,114.0,83,456.0,9462.0,profit
item_5350,15,144.0,44,2160.0,6336.0,profit
item_5351,31,127.0,67,3937.0,8509.0,profit
item_5352,16,78.0,67,1248.0,5226.0,profit
item_5353,31,92.0,94,2852.0,8648.0,profit
item_5354,49,131.0,60,6419.0,7860.0,profit
item_5355,2,52.0,70,104.0,3640.0,profit
item_5356,5,51.0,68,255.0,3468.0,profit
item_5357,30,39.0,90,1170.0,3510.0,profit
item_5358,4,97.0,50,388.0,4850.0,profit
item_5359,44,85.0,40,3740.0,3400.0,profit
item_5360,37,112.0,51,4144.0,5712.0,profit
item_5361,11,44.0,80,484.0,3520.0,profit
item_5362,12,42.0,22,504.0,924.0,profit
item_5363,38,62.0,22,2356.0,1364.0,profit
item_5364,32,138.0,49,4416.0,6762.0,profit
item_5365,3,139.0,37,417.0,5143.0,profit
item_5366,50,60.0,49,3000.0,2940.0,profit
item_5367,10,66.0,98,660.0,6468.0,profit
item_5368,44,87.0,100,3828.0,8700.0,profit
item_5369,5,52.0,98,260.0,5096.0,profit
item_5370,47,56.0,89,2632.0,4984.0,profit
item_5371,24,18.0,22,432.0,396.0,profit
item_5372,46,70.0,99,3220.0,6930.0,profit
item_5373,35,134.0,15,4690.0,2010.0,profit
item_5374,18,143.0,35,2574.0,5005.0,profit
item_5375,23,28.0,22,644.0,616.0,profit
item_5376,19,64.0,60,1216.0,3840.0,profit
item_5377,17,141.0,21,2397.0,2961.0,profit
item_5378,30,102.0,51,3060.0,5202.0,profit
item_5379,19,105.0,72,1995.0,7560.0,profit
item_5380,23,126.0,40,2898.0,5040.0,profit
item_5381,21,33.0,93,693.0,3069.0,profit
item_5382,24,114.0,48,2736.0,5472.0,profit
item_5383,6,97.0,62,582.0,6014.0,profit
item_5384,44,149.0,19,6556.0,2831.0,profit
item_5385,31,27.0,61,837.0,1647.0,profit
item_5386,25,23.0,20,575.0,460.0,profit
item_5387,38,55.0,90,2090.0,4950.0,profit
item_5388,10,74.0,89,740.0,6586.0,profit
item_5389,29,22.0,33,638.0,726.0,profit
item_5390,8,33.0,38,264.0,1254.0,profit
item_5391,46,67.0,68,3082.0,4556.0,profit
item_5392,48,110.0,30,5280.0,3300.0,profit
item_5393,24,27.0,62,648.0,1674.0,profit
item_5394,50,73.0,70,3650.0,5110.0,profit
item_5395,33,138.0,63,4554.0,8694.0,profit
item_5396,37,19.0,80,703.0,1520.0,profit
item_5397,24,17.0,89,408.0,1513.0,profit
item_5398,9,128.0,12,1152.0,1536.0,profit
item_5399,46,149.0,98,6854.0,14602.0,profit
item_5400,22,45.0,60,990.0,2700.0,profit
item_5401,20,76.0,19,1520.0,1444.0,profit
item_5402,44,20.0,54,880.0,1080.0,profit
item_5403,20,132.0,42,2640.0,5544.0,profit
item_5404,20,18.0,65,360.0,1170.0,profit
item_5405,49,36.0,85,1764.0,3060.0,profit
item_5406,28,144.0,12,4032.0,1728.0,profit
item_5407,26,119.0,95,3094.0,11305.0,profit
item_5408,10,89.0,36,890.0,3204.0,profit
item_5409,6,15.0,91,90.0,1365.0,profit
item_5410,34,28.0,41,952.0,1148.0,profit
item_5411,2,149.0,95,298.0,14155.0,profit
item_5412,15,75.0,91,1125.0,6825.0,profit
item_5413,18,29.0,100,522.0,2900.0,profit
item_5414,39,124.0,63,4836.0,7812.0,profit
item_5415,39,121.0,43,4719.0,5203.0,profit
item_5416,36,19.0,66,684.0,1254.0,profit
item_5417,18,49.0,96,882.0,4704.0,profit
item_5418,24,141.0,80,3384.0,11280.0,profit
item_5419,21,27.0,18,567.0,486.0,profit
item_5420,18,147.0,44,2646.0,6468.0,profit
item_5421,23,134.0,38,3082.0,5092.0,profit
item_5422,28,27.0,62,756.0,1674.0,profit
item_5423,30,117.0,65,3510.0,7605.0,profit
item_5424,39,118.0,79,4602.0,9322.0,profit
item_5425,13,142.0,52,1846.0,7384.0,profit
item_5426,15,132.0,57,1980.0,7524.0,profit
item_5427,32,127.0,49,4064.0,6223.0,profit
item_5428,4,147.0,34,588.0,4998.0,profit
item_5429,0,148.0,37,0.0,5476.0,loss
item_5430,26,89.0,59,2314.0,5251.0,profit
item_5431,10,107.0,41,1070.0,4387.0,profit
item_5432,1,26.0,34,26.0,884.0,profit
item_5433,47,144.0,51,6768.0,7344.0,profit
item_5434,23,143.0,73,3289.0,10439.0,profit
item_5435,42,25.0,69,1050.0,1725.0,profit
item_5436,33,121.0,87,3993.0,10527.0,profit
item_5437,19,109.0,19,2071.0,2071.0,profit
item_5438,21,99.0,65,2079.0,6435.0,profit
item_5439,35,32.0,84,1120.0,2688.0,profit
item_5440,19,35.0,15,665.0,525.0,profit
item_5441,33,141.0,39,4653.0,5499.0,profit
item_5442,2,63.0,95,126.0,5985.0,profit
item_5443,36,25.0,82,900.0,2050.0,profit
item_5444,16,125.0,19,2000.0,2375.0,profit
item_5445,2,113.0,83,226.0,9379.0,profit
item_5446,47,37.0,65,1739.0,2405.0,profit
item_5447,14,56.0,86,784.0,4816.0,profit
item_5448,8,32.0,81,256.0,2592.0,profit
item_5449,0,33.0,16,0.0,528.0,loss
item_5450,47,61.0,77,2867.0,4697.0,profit
item_5451,36,80.0,19,2880.0,1520.0,profit
item_5452,49,36.0,43,1764.0,1548.0,profit
item_5453,4,76.0,43,304.0,3268.0,profit
item_5454,17,124.0,43,2108.0,5332.0,profit
item_5455,43,28.0,94,1204.0,2632.0,profit
item_5456,30,91.0,89,2730.0,8099.0,profit
item_5457,17,18.0,44,306.0,792.0,profit
item_5458,10,29.0,33,290.0,957.0,profit
item_5459,27,114.0,69,3078.0,7866.0,profit
item_5460,41,51.0,30,2091.0,1530.0,profit
item_5461,36,133.0,33,4788.0,4389.0,profit
item_5462,36,100.0,97,3600.0,9700.0,profit
item_5463,26,86.0,57,2236.0,4902.0,profit
item_5464,5,84.0,85,420.0,7140.0,profit
item_5465,8,65.0,90,520.0,5850.0,profit
item_5466,15,38.0,41,570.0,1558.0,profit
item_5467,33,137.0,67,4521.0,9179.0,profit
item_5468,46,87.0,45,4002.0,3915.0,profit
item_5469,46,61.0,87,2806.0,5307.0,profit
item_5470,10,115.0,94,1150.0,10810.0,profit
item_5471,9,61.0,85,549.0,5185.0,profit
item_5472,15,138.0,57,2070.0,7866.0,profit
item_5473,26,150.0,31,3900.0,4650.0,profit
item_5474,26,76.0,98,1976.0,7448.0,profit
item_5475,7,89.0,17,623.0,1513.0,profit
item_5476,8,117.0,100,936.0,11700.0,profit
item_5477,3,76.0,42,228.0,3192.0,profit
item_5478,30,38.0,11,1140.0,418.0,profit
item_5479,21,149.0,76,3129.0,11324.0,profit
item_5480,21,128.0,28,2688.0,3584.0,profit
item_5481,1,30.0,21,30.0,630.0,profit
item_5482,42,33.0,63,1386.0,2079.0,profit
item_5483,23,97.0,68,2231.0,6596.0,profit
item_5484,41,142.0,63,5822.0,8946.0,profit
item_5485,27,32.0,95,864.0,3040.0,profit
item_5486,32,85.0,56,2720.0,4760.0,profit
item_5487,39,24.0,56,936.0,1344.0,profit
item_5488,33,31.0,35,1023.0,1085.0,profit
item_5489,30,71.0,22,2130.0,1562.0,profit
item_5490,4,135.0,47,540.0,6345.0,profit
item_5491,8,30.0,30,240.0,900.0,profit
item_5492,45,36.0,99,1620.0,3564.0,profit
item_5493,36,100.0,45,3600.0,4500.0,profit
item_5494,23,75.0,96,1725.0,7200.0,profit
item_5495,33,103.0,75,3399.0,7725.0,profit
item_5496,31,74.0,82,2294.0,6068.0,profit
item_5497,30,95.0,84,2850.0,7980.0,profit
item_5498,25,110.0,53,2750.0,5830.0,profit
item_5499,26,83.0,43,2158.0,3569.0,profit
item_5500,40,98.0,55,3920.0,5390.0,profit
item_5501,29,63.0,28,1827.0,1764.0,profit
item_5502,17,24.0,48,408.0,1152.0,profit
item_5503,43,123.0,95,5289.0,11685.0,profit
item_5504,31,26.0,35,806.0,910.0,profit
item_5505,20,135.0,34,2700.0,4590.0,profit
item_5506,10,103.0,82,1030.0,8446.0,profit
item_5507,1,75.0,79,75.0,5925.0,profit
item_5508,11,119.0,31,1309.0,3689.0,profit
item_5509,33,31.0,59,1023.0,1829.0,profit
item_5510,46,77.0,91,3542.0,7007.0,profit
item_5511,27,34.0,49,918.0,1666.0,profit
item_5512,36,127.0,94,4572.0,11938.0,profit
item_5513,27,32.0,55,864.0,1760.0,profit
item_5514,42,136.0,49,5712.0,6664.0,profit
item_5515,29,60.0,27,1740.0,1620.0,profit
item_5516,42,74.0,13,3108.0,962.0,profit
item_5517,21,44.0,54,924.0,2376.0,profit
item_5518,43,16.0,41,688.0,656.0,profit
item_5519,38,40.0,93,1520.0,3720.0,profit
item_5520,49,76.0,41,3724.0,3116.0,profit
item_5521,41,128.0,44,5248.0,5632.0,profit
item_5522,8,33.0,24,264.0,792.0,profit
item_5523,29,143.0,54,4147.0,7722.0,profit
item_5524,36,127.0,33,4572.0,4191.0,profit
item_5525,3,102.0,93,306.0,9486.0,profit
item_5526,38,131.0,85,4978.0,11135.0,profit
item_5527,0,89.0,70,0.0,6230.0,loss
item_5528,34,18.0,43,612.0,774.0,profit
item_5529,38,58.0,15,2204.0,870.0,profit
item_5530,47,26.0,59,1222.0,1534.0,profit
item_5531,48,131.0,65,6288.0,8515.0,profit
item_5532,34,105.0,82,3570.0,8610.0,profit
item_5533,23,46.0,69,1058.0,3174.0,profit
item_5534,10,33.0,77,330.0,2541.0,profit
item_5535,18,122.0,52,2196.0,6344.0,profit
item_5536,36,72.0,17,2592.0,1224.0,profit
item_5537,35,71.0,63,2485.0,4473.0,profit
item_5538,37,139.0,14,5143.0,1946.0,profit
item_5539,40,141.0,16,5640.0,2256.0,profit
item_5540,48,106.0,96,5088.0,10176.0,profit
item_5541,4,88.0,53,352.0,4664.0,profit
item_5542,10,50.0,11,500.0,550.0,profit
item_5543,30,143.0,97,4290.0,13871.0,profit
item_5544,35,68.0,64,2380.0,4352.0,profit
item_5545,7,69.0,81,483.0,5589.0,profit
item_5546,34,150.0,97,5100.0,14550.0,profit
item_5547,11,138.0,87,1518.0,12006.0,profit
item_5548,15,70.0,55,1050.0,3850.0,profit
item_5549,34,91.0,21,3094.0,1911.0,profit
item_5550,25,127.0,36,3175.0,4572.0,profit
item_5551,6,114.0,70,684.0,7980.0,profit
item_5552,39,123.0,27,4797.0,3321.0,profit
item_5553,39,57.0,98,2223.0,5586.0,profit
item_5554,25,84.0,63,2100.0,5292.0,profit
item_5555,37,92.0,90,3404.0,8280.0,profit
item_5556,3,36.0,42,108.0,1512.0,profit
item_5557,1,102.0,64,102.0,6528.0,profit
item_5558,47,57.0,21,2679.0,1197.0,profit
item_5559,2,138.0,59,276.0,8142.0,profit
item_5560,20,150.0,56,3000.0,8400.0,profit
item_5561,7,88.0,23,616.0,2024.0,profit
item_5562,31,130.0,67,4030.0,8710.0,profit
item_5563,19,130.0,50,2470.0,6500.0,profit
item_5564,37,65.0,71,2405.0,4615.0,profit
item_5565,30,79.0,23,2370.0,1817.0,profit
item_5566,21,49.0,83,1029.0,4067.0,profit
item_5567,48,94.0,23,4512.0,2162.0,profit
item_5568,26,60.0,20,1560.0,1200.0,profit
item_5569,32,111.0,86,3552.0,9546.0,profit
item_5570,14,102.0,11,1428.0,1122.0,profit
item_5571,10,93.0,27,930.0,2511.0,profit
item_5572,21,37.0,27,777.0,999.0,profit
item_5573,7,90.0,21,630.0,1890.0,profit
item_5574,0,108.0,66,0.0,7128.0,loss
item_5575,14,40.0,63,560.0,2520.0,profit
item_5576,28,148.0,48,4144.0,7104.0,profit
item_5577,29,112.0,100,3248.0,11200.0,profit
item_5578,9,35.0,68,315.0,2380.0,profit
item_5579,21,79.0,20,1659.0,1580.0,profit
item_5580,12,131.0,15,1572.0,1965.0,profit
item_5581,35,65.0,63,2275.0,4095.0,profit
item_5582,1,52.0,62,52.0,3224.0,profit
item_5583,32,100.0,97,3200.0,9700.0,profit
item_5584,19,36.0,88,684.0,3168.0,profit
item_5585,7,106.0,70,742.0,7420.0,profit
item_5586,18,83.0,20,1494.0,1660.0,profit
item_5587,25,88.0,22,2200.0,1936.0,profit
item_5588,7,103.0,29,721.0,2987.0,profit
item_5589,49,140.0,59,6860.0,8260.0,profit
item_5590,0,37.0,99,0.0,3663.0,loss
item_5591,4,128.0,48,512.0,6144.0,profit
item_5592,37,144.0,32,5328.0,4608.0,profit
item_5593,3,100.0,36,300.0,3600.0,profit
item_5594,36,125.0,38,4500.0,4750.0,profit
item_5595,44,150.0,35,6600.0,5250.0,profit
item_5596,26,17.0,23,442.0,391.0,profit
item_5597,8,28.0,43,224.0,1204.0,profit
item_5598,4,39.0,26,156.0,1014.0,profit
item_5599,39,67.0,78,2613.0,5226.0,profit
item_5600,1,106.0,78,106.0,8268.0,profit
item_5601,48,64.0,62,3072.0,3968.0,profit
item_5602,10,46.0,66,460.0,3036.0,profit
item_5603,46,73.0,69,3358.0,5037.0,profit
item_5604,24,149.0,39,3576.0,5811.0,profit
item_5605,42,54.0,12,2268.0,648.0,profit
item_5606,22,134.0,54,2948.0,7236.0,profit
item_5607,40,73.0,79,2920.0,5767.0,profit
item_5608,14,46.0,83,644.0,3818.0,profit
item_5609,6,66.0,54,396.0,3564.0,profit
item_5610,45,67.0,99,3015.0,6633.0,profit
item_5611,14,102.0,62,1428.0,6324.0,profit
item_5612,8,122.0,18,976.0,2196.0,profit
item_5613,15,125.0,87,1875.0,10875.0,profit
item_5614,21,110.0,29,2310.0,3190.0,profit
item_5615,8,145.0,64,1160.0,9280.0,profit
item_5616,9,118.0,35,1062.0,4130.0,profit
item_5617,47,122.0,82,5734.0,10004.0,profit
item_5618,47,67.0,88,3149.0,5896.0,profit
item_5619,26,76.0,10,1976.0,760.0,profit
item_5620,11,145.0,82,1595.0,11890.0,profit
item_5621,6,51.0,73,306.0,3723.0,profit
item_5622,3,109.0,70,327.0,7630.0,profit
item_5623,10,57.0,59,570.0,3363.0,profit
item_5624,15,141.0,22,2115.0,3102.0,profit
item_5625,11,80.0,43,880.0,3440.0,profit
item_5626,3,40.0,77,120.0,3080.0,profit
item_5627,34,120.0,27,4080.0,3240.0,profit
item_5628,31,86.0,55,2666.0,4730.0,profit
item_5629,42,66.0,30,2772.0,1980.0,profit
item_5630,12,71.0,96,852.0,6816.0,profit
item_5631,37,32.0,71,1184.0,2272.0,profit
item_5632,41,143.0,53,5863.0,7579.0,profit
item_5633,45,72.0,72,3240.0,5184.0,profit
item_5634,39,59.0,60,2301.0,3540.0,profit
item_5635,37,53.0,82,1961.0,4346.0,profit
item_5636,6,123.0,29,738.0,3567.0,profit
item_5637,32,73.0,92,2336.0,6716.0,profit
item_5638,39,128.0,70,4992.0,8960.0,profit
item_5639,30,114.0,89,3420.0,10146.0,profit
item_5640,0,72.0,16,0.0,1152.0,loss
item_5641,38,97.0,88,3686.0,8536.0,profit
item_5642,1,110.0,39,110.0,4290.0,profit
item_5643,30,117.0,46,3510.0,5382.0,profit
item_5644,24,75.0,18,1800.0,1350.0,profit
item_5645,11,87.0,40,957.0,3480.0,profit
item_5646,20,96.0,60,1920.0,5760.0,profit
item_5647,38,74.0,80,2812.0,5920.0,profit
item_5648,0,62.0,23,0.0,1426.0,loss
item_5649,26,126.0,95,3276.0,11970.0,profit
item_5650,11,24.0,97,264.0,2328.0,profit
item_5651,20,113.0,58,2260.0,6554.0,profit
item_5652,6,88.0,50,528.0,4400.0,profit
item_5653,17,94.0,15,1598.0,1410.0,profit
item_5654,19,29.0,51,551.0,1479.0,profit
item_5655,35,30.0,33,1050.0,990.0,profit
item_5656,50,100.0,14,5000.0,1400.0,profit
item_5657,43,117.0,40,5031.0,4680.0,profit
item_5658,14,145.0,44,2030.0,6380.0,profit
item_5659,3,44.0,42,132.0,1848.0,profit
item_5660,44,105.0,63,4620.0,6615.0,profit
item_5661,47,143.0,19,6721.0,2717.0,profit
item_5662,20,45.0,38,900.0,1710.0,profit
item_5663,27,86.0,43,2322.0,3698.0,profit
item_5664,33,140.0,44,4620.0,6160.0,profit
item_5665,32,66.0,75,2112.0,4950.0,profit
item_5666,16,117.0,57,1872.0,6669.0,profit
item_5667,46,92.0,42,4232.0,3864.0,profit
item_5668,32,136.0,73,4352.0,9928.0,profit
item_5669,8,139.0,36,1112.0,5004.0,profit
item_5670,15,40.0,62,600.0,2480.0,profit
item_5671,19,78.0,54,1482.0,4212.0,profit
item_5672,20,125.0,64,2500.0,8000.0,profit
item_5673,21,101.0,25,2121.0,2525.0,profit
item_5674,0,38.0,34,0.0,1292.0,loss
item_5675,49,114.0,89,5586.0,10146.0,profit
item_5676,21,108.0,61,2268.0,6588.0,profit
item_5677,32,21.0,83,672.0,1743.0,profit
item_5678,36,70.0,78,2520.0,5460.0,profit
item_5679,7,68.0,30,476.0,2040.0,profit
item_5680,33,147.0,10,4851.0,1470.0,profit
item_5681,47,141.0,98,6627.0,13818.0,profit
item_5682,15,89.0,94,1335.0,8366.0,profit
item_5683,36,147.0,30,5292.0,4410.0,profit
item_5684,31,43.0,32,1333.0,1376.0,profit
item_5685,7,81.0,36,567.0,2916.0,profit
item_5686,20,67.0,27,1340.0,1809.0,profit
item_5687,12,108.0,50,1296.0,5400.0,profit
item_5688,35,126.0,69,4410.0,8694.0,profit
item_5689,22,32.0,61,704.0,1952.0,profit
item_5690,0,144.0,13,0.0,1872.0,loss
item_5691,5,28.0,32,140.0,896.0,profit
item_5692,42,118.0,32,4956.0,3776.0,profit
item_5693,23,42.0,37,966.0,1554.0,profit
item_5694,38,86.0,76,3268.0,6536.0,profit
item_5695,0,54.0,37,0.0,1998.0,loss
item_5696,18,53.0,61,954.0,3233.0,profit
item_5697,47,30.0,47,1410.0,1410.0,profit
item_5698,48,130.0,22,6240.0,2860.0,profit
item_5699,3,104.0,55,312.0,5720.0,profit
item_5700,7,85.0,33,595.0,2805.0,profit
item_5701,47,94.0,95,4418.0,8930.0,profit
item_5702,19,54.0,70,1026.0,3780.0,profit
item_5703,47,146.0,81,6862.0,11826.0,profit
item_5704,48,49.0,20,2352.0,980.0,profit
item_5705,9,109.0,96,981.0,10464.0,profit
item_5706,44,26.0,37,1144.0,962.0,profit
item_5707,30,134.0,23,4020.0,3082.0,profit
item_5708,13,144.0,80,1872.0,11520.0,profit
item_5709,32,139.0,33,4448.0,4587.0,profit
item_5710,28,100.0,88,2800.0,8800.0,profit
item_5711,46,73.0,58,3358.0,4234.0,profit
item_5712,17,145.0,99,2465.0,14355.0,profit
item_5713,29,90.0,84,2610.0,7560.0,profit
item_5714,14,122.0,65,1708.0,7930.0,profit
item_5715,42,24.0,75,1008.0,1800.0,profit
item_5716,38,121.0,72,4598.0,8712.0,profit
item_5717,27,90.0,72,2430.0,6480.0,profit
item_5718,21,44.0,54,924.0,2376.0,profit
item_5719,30,52.0,70,1560.0,3640.0,profit
item_5720,1,131.0,85,131.0,11135.0,profit
item_5721,39,112.0,70,4368.0,7840.0,profit
item_5722,28,91.0,52,2548.0,4732.0,profit
item_5723,40,130.0,89,5200.0,11570.0,profit
item_5724,4,120.0,60,480.0,7200.0,profit
item_5725,25,107.0,91,2675.0,9737.0,profit
item_5726,7,114.0,83,798.0,9462.0,profit
item_5727,1,104.0,57,104.0,5928.0,profit
item_5728,19,42.0,94,798.0,3948.0,profit
item_5729,0,39.0,75,0.0,2925.0,loss
item_5730,18,42.0,87,756.0,3654.0,profit
item_5731,50,33.0,95,1650.0,3135.0,profit
item_5732,22,118.0,91,2596.0,10738.0,profit
item_5733,39,56.0,43,2184.0,2408.0,profit
item_5734,10,138.0,66,1380.0,9108.0,profit
item_5735,25,48.0,100,1200.0,4800.0,profit
item_5736,13,64.0,12,832.0,768.0,profit
item_5737,6,16.0,67,96.0,1072.0,profit
item_5738,43,134.0,38,5762.0,5092.0,profit
item_5739,14,51.0,59,714.0,3009.0,profit
item_5740,30,94.0,54,2820.0,5076.0,profit
item_5741,26,34.0,60,884.0,2040.0,profit
item_5742,47,100.0,99,4700.0,9900.0,profit
item_5743,48,93.0,25,4464.0,2325.0,profit
item_5744,22,145.0,62,3190.0,8990.0,profit
item_5745,18,82.0,85,1476.0,6970.0,profit
item_5746,32,83.0,30,2656.0,2490.0,profit
item_5747,14,141.0,45,1974.0,6345.0,profit
item_5748,41,111.0,35,4551.0,3885.0,profit
item_5749,38,87.0,43,3306.0,3741.0,profit
item_5750,29,111.0,30,3219.0,3330.0,profit
item_5751,10,146.0,11,1460.0,1606.0,profit
item_5752,50,16.0,59,800.0,944.0,profit
item_5753,35,130.0,14,4550.0,1820.0,profit
item_5754,13,42.0,46,546.0,1932.0,profit
item_5755,41,71.0,94,2911.0,6674.0,profit
item_5756,13,38.0,39,494.0,1482.0,profit
item_5757,37,133.0,27,4921.0,3591.0,profit
item_5758,27,56.0,25,1512.0,1400.0,profit
item_5759,18,26.0,92,468.0,2392.0,profit
item_5760,17,39.0,89,663.0,3471.0,profit
item_5761,23,118.0,20,2714.0,2360.0,profit
item_5762,6,92.0,68,552.0,6256.0,profit
item_5763,48,49.0,99,2352.0,4851.0,profit
item_5764,14,109.0,24,1526.0,2616.0,profit
item_5765,41,142.0,95,5822.0,13490.0,profit
item_5766,26,42.0,73,1092.0,3066.0,profit
item_5767,12,68.0,50,816.0,3400.0,profit
item_5768,13,103.0,39,1339.0,4017.0,profit
item_5769,35,148.0,28,5180.0,4144.0,profit
item_5770,21,117.0,45,2457.0,5265.0,profit
item_5771,48,86.0,100,4128.0,8600.0,profit
item_5772,0,80.0,20,0.0,1600.0,loss
item_5773,7,58.0,88,406.0,5104.0,profit
item_5774,32,72.0,48,2304.0,3456.0,profit
item_5775,48,70.0,17,3360.0,1190.0,profit
item_5776,10,66.0,10,660.0,660.0,profit
item_5777,38,26.0,27,988.0,702.0,profit
item_5778,34,44.0,71,1496.0,3124.0,profit
item_5779,27,128.0,14,3456.0,1792.0,profit
item_5780,34,108.0,39,3672.0,4212.0,profit
item_5781,40,91.0,68,3640.0,6188.0,profit
item_5782,47,53.0,54,2491.0,2862.0,profit
item_5783,1,25.0,32,25.0,800.0,profit
item_5784,43,105.0,70,4515.0,7350.0,profit
item_5785,9,129.0,46,1161.0,5934.0,profit
item_5786,31,110.0,28,3410.0,3080.0,profit
item_5787,33,133.0,33,4389.0,4389.0,profit
item_5788,21,54.0,12,1134.0,648.0,profit
item_5789,3,105.0,37,315.0,3885.0,profit
item_5790,43,94.0,68,4042.0,6392.0,profit
item_5791,0,99.0,73,0.0,7227.0,loss
item_5792,1,133.0,73,133.0,9709.0,profit
item_5793,27,46.0,81,1242.0,3726.0,profit
item_5794,25,136.0,17,3400.0,2312.0,profit
item_5795,25,88.0,36,2200.0,3168.0,profit
item_5796,17,27.0,20,459.0,540.0,profit
item_5797,40,86.0,61,3440.0,5246.0,profit
item_5798,38,31.0,41,1178.0,1271.0,profit
item_5799,46,38.0,97,1748.0,3686.0,profit
item_5800,4,27.0,22,108.0,594.0,profit
item_5801,30,84.0,97,2520.0,8148.0,profit
item_5802,16,41.0,79,656.0,3239.0,profit
item_5803,6,108.0,53,648.0,5724.0,profit
item_5804,17,139.0,46,2363.0,6394.0,profit
item_5805,9,141.0,83,1269.0,11703.0,profit
item_5806,47,73.0,82,3431.0,5986.0,profit
item_5807,5,130.0,22,650.0,2860.0,profit
item_5808,40,138.0,29,5520.0,4002.0,profit
item_5809,44,119.0,92,5236.0,10948.0,profit
item_5810,16,42.0,67,672.0,2814.0,profit
item_5811,3,150.0,55,450.0,8250.0,profit
item_5812,33,79.0,79,2607.0,6241.0,profit
item_5813,14,83.0,71,1162.0,5893.0,profit
item_5814,7,98.0,53,686.0,5194.0,profit
item_5815,43,48.0,66,2064.0,3168.0,profit
item_5816,2,21.0,38,42.0,798.0,profit
item_5817,18,73.0,46,1314.0,3358.0,profit
item_5818,34,96.0,98,3264.0,9408.0,profit
item_5819,43,124.0,43,5332.0,5332.0,profit
item_5820,5,142.0,60,710.0,8520.0,profit
item_5821,17,64.0,76,1088.0,4864.0,profit
item_5822,36,99.0,45,3564.0,4455.0,profit
item_5823,26,88.0,71,2288.0,6248.0,profit
item_5824,47,72.0,84,3384.0,6048.0,profit
item_5825,12,94.0,34,1128.0,3196.0,profit
item_5826,20,19.0,94,380.0,1786.0,profit
item_5827,34,83.0,78,2822.0,6474.0,profit
item_5828,7,137.0,32,959.0,4384.0,profit
item_5829,2,124.0,100,248.0,12400.0,profit
item_5830,36,148.0,34,5328.0,5032.0,profit
item_5831,10,68.0,32,680.0,2176.0,profit
item_5832,41,40.0,75,1640.0,3000.0,profit
item_5833,16,32.0,54,512.0,1728.0,profit
item_5834,28,107.0,47,2996.0,5029.0,profit
item_5835,29,30.0,40,870.0,1200.0,profit
item_5836,21,57.0,68,1197.0,3876.0,profit
item_5837,14,28.0,69,392.0,1932.0,profit
item_5838,45,140.0,76,6300.0,10640.0,profit
item_5839,6,115.0,80,690.0,9200.0,profit
item_5840,28,94.0,58,2632.0,5452.0,profit
item_5841,48,127.0,26,6096.0,3302.0,profit
item_5842,4,32.0,36,128.0,1152.0,profit
item_5843,35,24.0,87,840.0,2088.0,profit
item_5844,18,142.0,13,2556.0,1846.0,profit
item_5845,14,142.0,13,1988.0,1846.0,profit
item_5846,14,80.0,62,1120.0,4960.0,profit
item_5847,22,75.0,89,1650.0,6675.0,profit
item_5848,43,74.0,16,3182.0,1184.0,profit
item_5849,43,25.0,38,1075.0,950.0,profit
item_5850,48,143.0,12,6864.0,1716.0,profit
item_5851,47,51.0,87,2397.0,4437.0,profit
item_5852,27,103.0,16,2781.0,1648.0,profit
item_5853,14,55.0,46,770.0,2530.0,profit
item_5854,2,125.0,43,250.0,5375.0,profit
item_5855,38,31.0,39,1178.0,1209.0,profit
item_5856,26,133.0,86,3458.0,11438.0,profit
item_5857,46,65.0,64,2990.0,4160.0,profit
item_5858,42,39.0,62,1638.0,2418.0,profit
item_5859,19,112.0,72,2128.0,8064.0,profit
item_5860,3,87.0,86,261.0,7482.0,profit
item_5861,26,105.0,54,2730.0,5670.0,profit
item_5862,7,130.0,83,910.0,10790.0,profit
item_5863,36,83.0,39,2988.0,3237.0,profit
item_5864,17,52.0,21,884.0,1092.0,profit
item_5865,28,88.0,64,2464.0,5632.0,profit
item_5866,17,68.0,35,1156.0,2380.0,profit
item_5867,10,19.0,85,190.0,1615.0,profit
item_5868,16,61.0,55,976.0,3355.0,profit
item_5869,6,47.0,42,282.0,1974.0,profit
item_5870,14,41.0,43,574.0,1763.0,profit
item_5871,18,99.0,38,1782.0,3762.0,profit
item_5872,25,54.0,55,1350.0,2970.0,profit
item_5873,41,83.0,21,3403.0,1743.0,profit
item_5874,11,15.0,96,165.0,1440.0,profit
item_5875,50,53.0,39,2650.0,2067.0,profit
item_5876,46,24.0,30,1104.0,720.0,profit
item_5877,45,145.0,76,6525.0,11020.0,profit
item_5878,12,22.0,67,264.0,1474.0,profit
item_5879,35,105.0,67,3675.0,7035.0,profit
item_5880,42,71.0,55,2982.0,3905.0,profit
item_5881,14,112.0,72,1568.0,8064.0,profit
item_5882,45,16.0,98,720.0,1568.0,profit
item_5883,3,82.0,10,246.0,820.0,profit
item_5884,22,84.0,31,1848.0,2604.0,profit
item_5885,2,67.0,89,134.0,5963.0,profit
item_5886,4,114.0,46,456.0,5244.0,profit
item_5887,24,46.0,71,1104.0,3266.0,profit
item_5888,46,106.0,59,4876.0,6254.0,profit
item_5889,17,71.0,53,1207.0,3763.0,profit
item_5890,2,124.0,29,248.0,3596.0,profit
item_5891,28,51.0,24,1428.0,1224.0,profit
item_5892,3,142.0,63,426.0,8946.0,profit
item_5893,41,33.0,36,1353.0,1188.0,profit
item_5894,32,93.0,45,2976.0,4185.0,profit
item_5895,46,56.0,87,2576.0,4872.0,profit
item_5896,46,146.0,53,6716.0,7738.0,profit
item_5897,50,141.0,54,7050.0,7614.0,profit
item_5898,45,143.0,75,6435.0,10725.0,profit
item_5899,28,135.0,100,3780.0,13500.0,profit
item_5900,18,113.0,25,2034.0,2825.0,profit
item_5901,32,43.0,59,1376.0,2537.0,profit
item_5902,19,102.0,70,1938.0,7140.0,profit
item_5903,43,118.0,49,5074.0,5782.0,profit
item_5904,1,134.0,64,134.0,8576.0,profit
item_5905,21,63.0,59,1323.0,3717.0,profit
item_5906,47,28.0,27,1316.0,756.0,profit
item_5907,44,50.0,36,2200.0,1800.0,profit
item_5908,5,69.0,28,345.0,1932.0,profit
item_5909,30,24.0,37,720.0,888.0,profit
item_5910,36,53.0,62,1908.0,3286.0,profit
item_5911,42,60.0,94,2520.0,5640.0,profit
item_5912,18,119.0,100,2142.0,11900.0,profit
item_5913,36,107.0,39,3852.0,4173.0,profit
item_5914,33,100.0,21,3300.0,2100.0,profit
item_5915,12,147.0,67,1764.0,9849.0,profit
item_5916,32,108.0,90,3456.0,9720.0,profit
item_5917,4,15.0,67,60.0,1005.0,profit
item_5918,25,116.0,60,2900.0,6960.0,profit
item_5919,36,77.0,45,2772.0,3465.0,profit
item_5920,25,125.0,23,3125.0,2875.0,profit
item_5921,4,19.0,60,76.0,1140.0,profit
item_5922,50,110.0,25,5500.0,2750.0,profit
item_5923,21,105.0,29,2205.0,3045.0,profit
item_5924,31,104.0,89,3224.0,9256.0,profit
item_5925,49,26.0,48,1274.0,1248.0,profit
item_5926,13,34.0,49,442.0,1666.0,profit
item_5927,20,24.0,58,480.0,1392.0,profit
item_5928,10,138.0,60,1380.0,8280.0,profit
item_5929,8,85.0,30,680.0,2550.0,profit
item_5930,33,116.0,68,3828.0,7888.0,profit
item_5931,43,16.0,97,688.0,1552.0,profit
item_5932,30,115.0,70,3450.0,8050.0,profit
item_5933,18,81.0,74,1458.0,5994.0,profit
item_5934,9,42.0,24,378.0,1008.0,profit
item_5935,49,46.0,16,2254.0,736.0,profit
item_5936,47,94.0,92,4418.0,8648.0,profit
item_5937,8,98.0,23,784.0,2254.0,profit
item_5938,19,46.0,75,874.0,3450.0,profit
item_5939,42,45.0,70,1890.0,3150.0,profit
item_5940,5,95.0,46,475.0,4370.0,profit
item_5941,29,133.0,43,3857.0,5719.0,profit
item_5942,37,133.0,27,4921.0,3591.0,profit
item_5943,43,142.0,25,6106.0,3550.0,profit
item_5944,37,72.0,94,2664.0,6768.0,profit
item_5945,4,40.0,16,160.0,640.0,profit
item_5946,0,96.0,37,0.0,3552.0,loss
item_5947,4,130.0,35,520.0,4550.0,profit
item_5948,23,127.0,92,2921.0,11684.0,profit
item_5949,41,88.0,72,3608.0,6336.0,profit
item_5950,17,127.0,84,2159.0,10668.0,profit
item_5951,23,38.0,22,874.0,836.0,profit
item_5952,28,18.0,39,504.0,702.0,profit
item_5953,22,23.0,62,506.0,1426.0,profit
item_5954,3,50.0,11,150.0,550.0,profit
item_5955,31,122.0,40,3782.0,4880.0,profit
item_5956,8,29.0,31,232.0,899.0,profit
item_5957,28,15.0,68,420.0,1020.0,profit
item_5958,25,108.0,87,2700.0,9396.0,profit
item_5959,26,130.0,98,3380.0,12740.0,profit
item_5960,32,36.0,69,1152.0,2484.0,profit
item_5961,44,29.0,40,1276.0,1160.0,profit
item_5962,15,60.0,52,900.0,3120.0,profit
item_5963,23,132.0,46,3036.0,6072.0,profit
item_5964,38,72.0,93,2736.0,6696.0,profit
item_5965,11,38.0,19,418.0,722.0,profit
item_5966,31,91.0,46,2821.0,4186.0,profit
item_5967,27,29.0,21,783.0,609.0,profit
item_5968,8,49.0,77,392.0,3773.0,profit
item_5969,23,21.0,37,483.0,777.0,profit
item_5970,15,28.0,82,420.0,2296.0,profit
item_5971,17,129.0,18,2193.0,2322.0,profit
item_5972,8,85.0,74,680.0,6290.0,profit
item_5973,43,136.0,33,5848.0,4488.0,profit
item_5974,45,150.0,82,6750.0,12300.0,profit
item_5975,38,140.0,33,5320.0,4620.0,profit
item_5976,24,15.0,80,360.0,1200.0,profit
item_5977,36,20.0,93,720.0,1860.0,profit
item_5978,0,35.0,56,0.0,1960.0,loss
item_5979,28,141.0,34,3948.0,4794.0,profit
item_5980,30,57.0,90,1710.0,5130.0,profit
item_5981,36,71.0,51,2556.0,3621.0,profit
item_5982,7,132.0,80,924.0,10560.0,profit
item_5983,4,20.0,88,80.0,1760.0,profit
item_5984,1,73.0,22,73.0,1606.0,profit
item_5985,43,30.0,66,1290.0,1980.0,profit
item_5986,48,90.0,85,4320.0,7650.0,profit
item_5987,50,99.0,34,4950.0,3366.0,profit
item_5988,0,94.0,56,0.0,5264.0,loss
item_5989,17,79.0,57,1343.0,4503.0,profit
item_5990,13,135.0,11,1755.0,1485.0,profit
item_5991,50,141.0,23,7050.0,3243.0,profit
item_5992,42,51.0,29,2142.0,1479.0,profit
item_5993,5,129.0,15,645.0,1935.0,profit
item_5994,9,102.0,20,918.0,2040.0,profit
item_5995,45,132.0,29,5940.0,3828.0,profit
item_5996,14,150.0,68,2100.0,10200.0,profit
item_5997,31,26.0,19,806.0,494.0,profit
item_5998,40,99.0,35,3960.0,3465.0,profit
item_5999,33,106.0,62,3498.0,6572.0,profit
item_6000,26,34.0,47,884.0,1598.0,profit
item_6001,15,131.0,69,1965.0,9039.0,profit
item_6002,36,73.0,59,2628.0,4307.0,profit
item_6003,46,68.0,45,3128.0,3060.0,profit
item_6004,36,62.0,88,2232.0,5456.0,profit
item_6005,40,143.0,90,5720.0,12870.0,profit
item_6006,7,40.0,15,280.0,600.0,profit
item_6007,31,72.0,72,2232.0,5184.0,profit
item_6008,2,68.0,55,136.0,3740.0,profit
item_6009,31,98.0,59,3038.0,5782.0,profit
item_6010,39,119.0,43,4641.0,5117.0,profit
item_6011,26,21.0,56,546.0,1176.0,profit
item_6012,16,128.0,41,2048.0,5248.0,profit
item_6013,6,78.0,83,468.0,6474.0,profit
item_6014,24,54.0,57,1296.0,3078.0,profit
item_6015,41,79.0,69,3239.0,5451.0,profit
item_6016,38,34.0,88,1292.0,2992.0,profit
item_6017,10,83.0,48,830.0,3984.0,profit
item_6018,33,44.0,51,1452.0,2244.0,profit
item_6019,40,98.0,41,3920.0,4018.0,profit
item_6020,31,129.0,64,3999.0,8256.0,profit
item_6021,13,26.0,38,338.0,988.0,profit
item_6022,28,116.0,94,3248.0,10904.0,profit
item_6023,35,57.0,34,1995.0,1938.0,profit
item_6024,15,91.0,29,1365.0,2639.0,profit
item_6025,37,91.0,71,3367.0,6461.0,profit
item_6026,30,120.0,51,3600.0,6120.0,profit
item_6027,23,113.0,67,2599.0,7571.0,profit
item_6028,9,65.0,64,585.0,4160.0,profit
item_6029,24,68.0,68,1632.0,4624.0,profit
item_6030,16,16.0,30,256.0,480.0,profit
item_6031,46,60.0,83,2760.0,4980.0,profit
item_6032,43,53.0,34,2279.0,1802.0,profit
item_6033,28,62.0,66,1736.0,4092.0,profit
item_6034,13,144.0,95,1872.0,13680.0,profit
item_6035,46,134.0,30,6164.0,4020.0,profit
item_6036,14,96.0,18,1344.0,1728.0,profit
item_6037,9,134.0,66,1206.0,8844.0,profit
item_6038,27,56.0,90,1512.0,5040.0,profit
item_6039,15,33.0,10,495.0,330.0,profit
item_6040,35,138.0,41,4830.0,5658.0,profit
item_6041,34,97.0,51,3298.0,4947.0,profit
item_6042,20,109.0,34,2180.0,3706.0,profit
item_6043,39,114.0,34,4446.0,3876.0,profit
item_6044,45,85.0,32,3825.0,2720.0,profit
item_6045,16,28.0,61,448.0,1708.0,profit
item_6046,12,120.0,93,1440.0,11160.0,profit
item_6047,38,141.0,21,5358.0,2961.0,profit
item_6048,6,62.0,60,372.0,3720.0,profit
item_6049,48,89.0,55,4272.0,4895.0,profit
item_6050,12,124.0,33,1488.0,4092.0,profit
item_6051,20,68.0,14,1360.0,952.0,profit
item_6052,30,101.0,72,3030.0,7272.0,profit
item_6053,8,115.0,15,920.0,1725.0,profit
item_6054,40,61.0,52,2440.0,3172.0,profit
item_6055,43,93.0,43,3999.0,3999.0,profit
item_6056,30,146.0,24,4380.0,3504.0,profit
item_6057,29,99.0,97,2871.0,9603.0,profit
item_6058,8,90.0,11,720.0,990.0,profit
item_6059,19,126.0,30,2394.0,3780.0,profit
item_6060,33,136.0,80,4488.0,10880.0,profit
item_6061,48,24.0,62,1152.0,1488.0,profit
item_6062,49,138.0,63,6762.0,8694.0,profit
item_6063,17,93.0,92,1581.0,8556.0,profit
item_6064,3,108.0,41,324.0,4428.0,profit
item_6065,18,34.0,88,612.0,2992.0,profit
item_6066,50,23.0,19,1150.0,437.0,profit
item_6067,26,105.0,39,2730.0,4095.0,profit
item_6068,5,80.0,21,400.0,1680.0,profit
item_6069,40,75.0,29,3000.0,2175.0,profit
item_6070,44,33.0,95,1452.0,3135.0,profit
item_6071,35,54.0,97,1890.0,5238.0,profit
item_6072,36,124.0,95,4464.0,11780.0,profit
item_6073,6,122.0,64,732.0,7808.0,profit
item_6074,35,144.0,47,5040.0,6768.0,profit
item_6075,29,51.0,62,1479.0,3162.0,profit
item_6076,27,76.0,91,2052.0,6916.0,profit
item_6077,37,144.0,78,5328.0,11232.0,profit
item_6078,7,112.0,87,784.0,9744.0,profit
item_6079,38,125.0,33,4750.0,4125.0,profit
item_6080,37,81.0,50,2997.0,4050.0,profit
item_6081,33,123.0,20,4059.0,2460.0,profit
item_6082,44,58.0,44,2552.0,2552.0,profit
item_6083,2,111.0,58,222.0,6438.0,profit
item_6084,35,89.0,61,3115.0,5429.0,profit
item_6085,1,100.0,71,100.0,7100.0,profit
item_6086,29,47.0,94,1363.0,4418.0,profit
item_6087,2,112.0,73,224.0,8176.0,profit
item_6088,16,27.0,84,432.0,2268.0,profit
item_6089,32,23.0,78,736.0,1794.0,profit
item_6090,15,133.0,26,1995.0,3458.0,profit
item_6091,27,15.0,28,405.0,420.0,profit
item_6092,47,86.0,88,4042.0,7568.0,profit
item_6093,16,108.0,88,1728.0,9504.0,profit
item_6094,48,108.0,27,5184.0,2916.0,profit
item_6095,37,23.0,91,851.0,2093.0,profit
item_6096,7,58.0,33,406.0,1914.0,profit
item_6097,49,110.0,94,5390.0,10340.0,profit
item_6098,24,84.0,13,2016.0,1092.0,profit
item_6099,47,47.0,95,2209.0,4465.0,profit
item_6100,19,85.0,70,1615.0,5950.0,profit
item_6101,44,138.0,36,6072.0,4968.0,profit
item_6102,12,72.0,29,864.0,2088.0,profit
item_6103,8,37.0,34,296.0,1258.0,profit
item_6104,6,135.0,93,810.0,12555.0,profit
item_6105,31,102.0,64,3162.0,6528.0,profit
item_6106,34,104.0,77,3536.0,8008.0,profit
item_6107,25,20.0,22,500.0,440.0,profit
item_6108,36,139.0,13,5004.0,1807.0,profit
item_6109,43,72.0,78,3096.0,5616.0,profit
item_6110,39,39.0,22,1521.0,858.0,profit
item_6111,6,77.0,60,462.0,4620.0,profit
item_6112,12,100.0,54,1200.0,5400.0,profit
item_6113,19,125.0,42,2375.0,5250.0,profit
item_6114,11,39.0,73,429.0,2847.0,profit
item_6115,6,131.0,61,786.0,7991.0,profit
item_6116,11,59.0,99,649.0,5841.0,profit
item_6117,21,70.0,78,1470.0,5460.0,profit
item_6118,36,63.0,46,2268.0,2898.0,profit
item_6119,44,92.0,97,4048.0,8924.0,profit
item_6120,20,144.0,36,2880.0,5184.0,profit
item_6121,31,148.0,41,4588.0,6068.0,profit
item_6122,23,17.0,55,391.0,935.0,profit
item_6123,2,147.0,51,294.0,7497.0,profit
item_6124,43,78.0,23,3354.0,1794.0,profit
item_6125,6,106.0,13,636.0,1378.0,profit
item_6126,45,18.0,65,810.0,1170.0,profit
item_6127,11,24.0,16,264.0,384.0,profit
item_6128,50,81.0,97,4050.0,7857.0,profit
item_6129,48,21.0,62,1008.0,1302.0,profit
item_6130,37,91.0,23,3367.0,2093.0,profit
item_6131,30,24.0,30,720.0,720.0,profit
item_6132,46,77.0,74,3542.0,5698.0,profit
item_6133,2,98.0,82,196.0,8036.0,profit
item_6134,12,114.0,15,1368.0,1710.0,profit
item_6135,37,102.0,34,3774.0,3468.0,profit
item_6136,11,15.0,54,165.0,810.0,profit
item_6137,17,120.0,12,2040.0,1440.0,profit
item_6138,19,56.0,42,1064.0,2352.0,profit
item_6139,14,50.0,34,700.0,1700.0,profit
item_6140,6,118.0,24,708.0,2832.0,profit
item_6141,2,38.0,40,76.0,1520.0,profit
item_6142,14,28.0,83,392.0,2324.0,profit
item_6143,12,106.0,20,1272.0,2120.0,profit
item_6144,18,57.0,80,1026.0,4560.0,profit
item_6145,40,42.0,27,1680.0,1134.0,profit
item_6146,44,96.0,44,4224.0,4224.0,profit
item_6147,16,139.0,43,2224.0,5977.0,profit
item_6148,0,130.0,21,0.0,2730.0,loss
item_6149,41,23.0,53,943.0,1219.0,profit
item_6150,25,30.0,25,750.0,750.0,profit
item_6151,4,51.0,83,204.0,4233.0,profit
item_6152,2,136.0,50,272.0,6800.0,profit
item_6153,39,147.0,93,5733.0,13671.0,profit
item_6154,24,48.0,26,1152.0,1248.0,profit
item_6155,19,88.0,94,1672.0,8272.0,profit
item_6156,3,88.0,38,264.0,3344.0,profit
item_6157,26,105.0,70,2730.0,7350.0,profit
item_6158,36,56.0,35,2016.0,1960.0,profit
item_6159,29,139.0,91,4031.0,12649.0,profit
item_6160,17,135.0,75,2295.0,10125.0,profit
item_6161,0,92.0,83,0.0,7636.0,loss
item_6162,14,35.0,68,490.0,2380.0,profit
item_6163,48,74.0,51,3552.0,3774.0,profit
item_6164,41,67.0,11,2747.0,737.0,profit
item_6165,44,17.0,63,748.0,1071.0,profit
item_6166,29,129.0,33,3741.0,4257.0,profit
item_6167,11,52.0,78,572.0,4056.0,profit
item_6168,38,109.0,97,4142.0,10573.0,profit
item_6169,21,31.0,17,651.0,527.0,profit
item_6170,34,135.0,59,4590.0,7965.0,profit
item_6171,20,34.0,48,680.0,1632.0,profit
item_6172,26,117.0,40,3042.0,4680.0,profit
item_6173,34,74.0,54,2516.0,3996.0,profit
item_6174,47,74.0,55,3478.0,4070.0,profit
item_6175,17,22.0,89,374.0,1958.0,profit
item_6176,49,21.0,20,1029.0,420.0,profit
item_6177,18,89.0,13,1602.0,1157.0,profit
item_6178,10,101.0,30,1010.0,3030.0,profit
item_6179,17,62.0,65,1054.0,4030.0,profit
item_6180,20,76.0,46,1520.0,3496.0,profit
item_6181,46,112.0,50,5152.0,5600.0,profit
item_6182,5,75.0,51,375.0,3825.0,profit
item_6183,27,136.0,100,3672.0,13600.0,profit
item_6184,34,45.0,78,1530.0,3510.0,profit
item_6185,32,94.0,51,3008.0,4794.0,profit
item_6186,4,148.0,42,592.0,6216.0,profit
item_6187,2,25.0,65,50.0,1625.0,profit
item_6188,38,75.0,59,2850.0,4425.0,profit
item_6189,27,143.0,37,3861.0,5291.0,profit
item_6190,16,126.0,48,2016.0,6048.0,profit
item_6191,5,103.0,63,515.0,6489.0,profit
item_6192,30,146.0,39,4380.0,5694.0,profit
item_6193,48,149.0,68,7152.0,10132.0,profit
item_6194,1,80.0,89,80.0,7120.0,profit
item_6195,32,24.0,57,768.0,1368.0,profit
item_6196,31,140.0,55,4340.0,7700.0,profit
item_6197,47,50.0,22,2350.0,1100.0,profit
item_6198,18,82.0,56,1476.0,4592.0,profit
item_6199,31,57.0,23,1767.0,1311.0,profit
item_6200,35,115.0,53,4025.0,6095.0,profit
item_6201,23,124.0,99,2852.0,12276.0,profit
item_6202,6,100.0,32,600.0,3200.0,profit
item_6203,43,59.0,57,2537.0,3363.0,profit
item_6204,3,86.0,57,258.0,4902.0,profit
item_6205,10,53.0,73,530.0,3869.0,profit
item_6206,1,37.0,82,37.0,3034.0,profit
item_6207,9,102.0,85,918.0,8670.0,profit
item_6208,23,50.0,18,1150.0,900.0,profit
item_6209,34,59.0,19,2006.0,1121.0,profit
item_6210,19,149.0,30,2831.0,4470.0,profit
item_6211,10,136.0,91,1360.0,12376.0,profit
item_6212,7,99.0,66,693.0,6534.0,profit
item_6213,46,99.0,73,4554.0,7227.0,profit
item_6214,47,139.0,33,6533.0,4587.0,profit
item_6215,11,74.0,85,814.0,6290.0,profit
item_6216,11,132.0,14,1452.0,1848.0,profit
item_6217,30,109.0,95,3270.0,10355.0,profit
item_6218,38,25.0,96,950.0,2400.0,profit
item_6219,40,89.0,63,3560.0,5607.0,profit
item_6220,32,143.0,80,4576.0,11440.0,profit
item_6221,47,139.0,12,6533.0,1668.0,profit
item_6222,44,123.0,58,5412.0,7134.0,profit
item_6223,23,92.0,33,2116.0,3036.0,profit
item_6224,21,40.0,80,840.0,3200.0,profit
item_6225,24,22.0,63,528.0,1386.0,profit
item_6226,38,16.0,10,608.0,160.0,profit
item_6227,2,146.0,88,292.0,12848.0,profit
item_6228,43,15.0,83,645.0,1245.0,profit
item_6229,46,112.0,73,5152.0,8176.0,profit
item_6230,15,17.0,42,255.0,714.0,profit
item_6231,12,125.0,72,1500.0,9000.0,profit
item_6232,24,48.0,86,1152.0,4128.0,profit
item_6233,43,135.0,43,5805.0,5805.0,profit
item_6234,6,48.0,18,288.0,864.0,profit
item_6235,29,38.0,38,1102.0,1444.0,profit
item_6236,0,108.0,29,0.0,3132.0,loss
item_6237,2,24.0,26,48.0,624.0,profit
item_6238,12,88.0,20,1056.0,1760.0,profit
item_6239,23,23.0,97,529.0,2231.0,profit
item_6240,40,33.0,59,1320.0,1947.0,profit
item_6241,22,43.0,66,946.0,2838.0,profit
item_6242,40,48.0,57,1920.0,2736.0,profit
item_6243,41,81.0,24,3321.0,1944.0,profit
item_6244,7,55.0,24,385.0,1320.0,profit
item_6245,11,115.0,24,1265.0,2760.0,profit
item_6246,34,96.0,52,3264.0,4992.0,profit
item_6247,41,74.0,48,3034.0,3552.0,profit
item_6248,33,18.0,21,594.0,378.0,profit
item_6249,16,130.0,90,2080.0,11700.0,profit
item_6250,12,119.0,74,1428.0,8806.0,profit
item_6251,15,131.0,13,1965.0,1703.0,profit
item_6252,25,140.0,82,3500.0,11480.0,profit
item_6253,37,27.0,45,999.0,1215.0,profit
item_6254,49,143.0,52,7007.0,7436.0,profit
item_6255,28,149.0,83,4172.0,12367.0,profit
item_6256,39,40.0,42,1560.0,1680.0,profit
item_6257,26,29.0,77,754.0,2233.0,profit
item_6258,11,16.0,17,176.0,272.0,profit
item_6259,47,143.0,35,6721.0,5005.0,profit
item_6260,25,78.0,18,1950.0,1404.0,profit
item_6261,8,97.0,27,776.0,2619.0,profit
item_6262,21,16.0,20,336.0,320.0,profit
item_6263,16,111.0,41,1776.0,4551.0,profit
item_6264,1,130.0,42,130.0,5460.0,profit
item_6265,40,94.0,25,3760.0,2350.0,profit
item_6266,39,139.0,31,5421.0,4309.0,profit
item_6267,19,87.0,35,1653.0,3045.0,profit
item_6268,9,51.0,11,459.0,561.0,profit
item_6269,38,53.0,21,2014.0,1113.0,profit
item_6270,1,150.0,23,150.0,3450.0,profit
item_6271,7,49.0,88,343.0,4312.0,profit
item_6272,21,70.0,50,1470.0,3500.0,profit
item_6273,27,144.0,62,3888.0,8928.0,profit
item_6274,37,42.0,15,1554.0,630.0,profit
item_6275,17,61.0,55,1037.0,3355.0,profit
item_6276,29,99.0,47,2871.0,4653.0,profit
item_6277,34,150.0,36,5100.0,5400.0,profit
item_6278,3,30.0,89,90.0,2670.0,profit
item_6279,10,90.0,21,900.0,1890.0,profit
item_6280,24,48.0,10,1152.0,480.0,profit
item_6281,15,92.0,69,1380.0,6348.0,profit
item_6282,18,144.0,31,2592.0,4464.0,profit
item_6283,2,118.0,11,236.0,1298.0,profit
item_6284,34,111.0,64,3774.0,7104.0,profit
item_6285,37,94.0,97,3478.0,9118.0,profit
item_6286,4,110.0,63,440.0,6930.0,profit
item_6287,48,141.0,92,6768.0,12972.0,profit
item_6288,32,65.0,97,2080.0,6305.0,profit
item_6289,49,57.0,78,2793.0,4446.0,profit
item_6290,7,25.0,39,175.0,975.0,profit
item_6291,10,150.0,64,1500.0,9600.0,profit
item_6292,44,96.0,87,4224.0,8352.0,profit
item_6293,44,69.0,90,3036.0,6210.0,profit
item_6294,49,127.0,79,6223.0,10033.0,profit
item_6295,7,119.0,93,833.0,11067.0,profit
item_6296,48,97.0,97,4656.0,9409.0,profit
item_6297,9,84.0,74,756.0,6216.0,profit
item_6298,5,58.0,13,290.0,754.0,profit
item_6299,35,69.0,36,2415.0,2484.0,profit
item_6300,30,64.0,60,1920.0,3840.0,profit
item_6301,37,131.0,12,4847.0,1572.0,profit
item_6302,8,120.0,71,960.0,8520.0,profit
item_6303,3,84.0,24,252.0,2016.0,profit
item_6304,38,66.0,35,2508.0,2310.0,profit
item_6305,26,105.0,26,2730.0,2730.0,profit
item_6306,46,88.0,60,4048.0,5280.0,profit
item_6307,23,147.0,43,3381.0,6321.0,profit
item_6308,44,140.0,26,6160.0,3640.0,profit
item_6309,2,41.0,23,82.0,943.0,profit
item_6310,44,138.0,99,6072.0,13662.0,profit
item_6311,44,113.0,20,4972.0,2260.0,profit
item_6312,0,23.0,27,0.0,621.0,loss
item_6313,30,51.0,77,1530.0,3927.0,profit
item_6314,46,70.0,31,3220.0,2170.0,profit
item_6315,3,76.0,23,228.0,1748.0,profit
item_6316,23,132.0,74,3036.0,9768.0,profit
item_6317,46,121.0,55,5566.0,6655.0,profit
item_6318,37,54.0,47,1998.0,2538.0,profit
item_6319,5,143.0,30,715.0,4290.0,profit
item_6320,21,39.0,51,819.0,1989.0,profit
item_6321,32,63.0,40,2016.0,2520.0,profit
item_6322,48,78.0,62,3744.0,4836.0,profit
item_6323,34,72.0,39,2448.0,2808.0,profit
item_6324,50,52.0,52,2600.0,2704.0,profit
item_6325,10,56.0,33,560.0,1848.0,profit
item_6326,39,69.0,52,2691.0,3588.0,profit
item_6327,5,89.0,62,445.0,5518.0,profit
item_6328,44,39.0,77,1716.0,3003.0,profit
item_6329,7,121.0,49,847.0,5929.0,profit
item_6330,26,59.0,33,1534.0,1947.0,profit
item_6331,28,47.0,21,1316.0,987.0,profit
item_6332,14,76.0,99,1064.0,7524.0,profit
item_6333,47,132.0,28,6204.0,3696.0,profit
item_6334,15,127.0,25,1905.0,3175.0,profit
item_6335,48,97.0,97,4656.0,9409.0,profit
item_6336,3,46.0,45,138.0,2070.0,profit
item_6337,19,22.0,65,418.0,1430.0,profit
item_6338,32,50.0,99,1600.0,4950.0,profit
item_6339,19,136.0,96,2584.0,13056.0,profit
item_6340,18,138.0,89,2484.0,12282.0,profit
item_6341,46,76.0,71,3496.0,5396.0,profit
item_6342,23,31.0,72,713.0,2232.0,profit
item_6343,0,124.0,38,0.0,4712.0,loss
item_6344,23,109.0,48,2507.0,5232.0,profit
item_6345,48,58.0,62,2784.0,3596.0,profit
item_6346,8,125.0,49,1000.0,6125.0,profit
item_6347,22,31.0,74,682.0,2294.0,profit
item_6348,32,149.0,15,4768.0,2235.0,profit
item_6349,48,147.0,72,7056.0,10584.0,profit
item_6350,22,120.0,62,2640.0,7440.0,profit
item_6351,4,18.0,51,72.0,918.0,profit
item_6352,13,37.0,62,481.0,2294.0,profit
item_6353,15,115.0,73,1725.0,8395.0,profit
item_6354,30,22.0,79,660.0,1738.0,profit
item_6355,16,137.0,32,2192.0,4384.0,profit
item_6356,3,23.0,29,69.0,667.0,profit
item_6357,3,38.0,23,114.0,874.0,profit
item_6358,24,69.0,89,1656.0,6141.0,profit
item_6359,18,124.0,77,2232.0,9548.0,profit
item_6360,21,45.0,95,945.0,4275.0,profit
item_6361,36,35.0,90,1260.0,3150.0,profit
item_6362,19,43.0,89,817.0,3827.0,profit
item_6363,10,126.0,51,1260.0,6426.0,profit
item_6364,2,119.0,43,238.0,5117.0,profit
item_6365,34,88.0,88,2992.0,7744.0,profit
item_6366,22,147.0,29,3234.0,4263.0,profit
item_6367,45,139.0,75,6255.0,10425.0,profit
item_6368,20,88.0,59,1760.0,5192.0,profit
item_6369,0,45.0,65,0.0,2925.0,loss
item_6370,5,27.0,14,135.0,378.0,profit
item_6371,31,52.0,46,1612.0,2392.0,profit
item_6372,25,68.0,74,1700.0,5032.0,profit
item_6373,46,57.0,89,2622.0,5073.0,profit
item_6374,25,48.0,89,1200.0,4272.0,profit
item_6375,2,140.0,57,280.0,7980.0,profit
item_6376,40,139.0,70,5560.0,9730.0,profit
item_6377,10,104.0,29,1040.0,3016.0,profit
item_6378,38,138.0,67,5244.0,9246.0,profit
item_6379,37,129.0,10,4773.0,1290.0,profit
item_6380,24,132.0,43,3168.0,5676.0,profit
item_6381,34,101.0,94,3434.0,9494.0,profit
item_6382,48,141.0,97,6768.0,13677.0,profit
item_6383,18,103.0,66,1854.0,6798.0,profit
item_6384,18,24.0,93,432.0,2232.0,profit
item_6385,6,20.0,33,120.0,660.0,profit
item_6386,44,127.0,94,5588.0,11938.0,profit
item_6387,32,66.0,74,2112.0,4884.0,profit
item_6388,3,150.0,81,450.0,12150.0,profit
item_6389,34,121.0,15,4114.0,1815.0,profit
item_6390,13,39.0,35,507.0,1365.0,profit
item_6391,33,62.0,10,2046.0,620.0,profit
item_6392,20,103.0,35,2060.0,3605.0,profit
item_6393,40,43.0,30,1720.0,1290.0,profit
item_6394,39,128.0,63,4992.0,8064.0,profit
item_6395,30,45.0,71,1350.0,3195.0,profit
item_6396,29,148.0,56,4292.0,8288.0,profit
item_6397,15,109.0,70,1635.0,7630.0,profit
item_6398,8,22.0,26,176.0,572.0,profit
item_6399,0,69.0,71,0.0,4899.0,loss
item_6400,16,75.0,10,1200.0,750.0,profit
item_6401,19,137.0,49,2603.0,6713.0,profit
item_6402,25,93.0,75,2325.0,6975.0,profit
item_6403,13,139.0,15,1807.0,2085.0,profit
item_6404,5,41.0,45,205.0,1845.0,profit
item_6405,26,45.0,79,1170.0,3555.0,profit
item_6406,6,94.0,41,564.0,3854.0,profit
item_6407,29,145.0,15,4205.0,2175.0,profit
item_6408,6,86.0,22,516.0,1892.0,profit
item_6409,11,84.0,42,924.0,3528.0,profit
item_6410,24,85.0,28,2040.0,2380.0,profit
item_6411,48,69.0,61,3312.0,4209.0,profit
item_6412,9,104.0,58,936.0,6032.0,profit
item_6413,38,33.0,19,1254.0,627.0,profit
item_6414,12,55.0,60,660.0,3300.0,profit
item_6415,40,16.0,64,640.0,1024.0,profit
item_6416,30,45.0,28,1350.0,1260.0,profit
item_6417,20,57.0,39,1140.0,2223.0,profit
item_6418,47,20.0,54,940.0,1080.0,profit
item_6419,44,127.0,79,5588.0,10033.0,profit
item_6420,8,90.0,61,720.0,5490.0,profit
item_6421,16,36.0,26,576.0,936.0,profit
item_6422,37,47.0,92,1739.0,4324.0,profit
item_6423,31,105.0,60,3255.0,6300.0,profit
item_6424,22,74.0,97,1628.0,7178.0,profit
item_6425,4,99.0,33,396.0,3267.0,profit
item_6426,1,95.0,56,95.0,5320.0,profit
item_6427,26,130.0,11,3380.0,1430.0,profit
item_6428,39,128.0,31,4992.0,3968.0,profit
item_6429,29,63.0,38,1827.0,2394.0,profit
item_6430,45,56.0,100,2520.0,5600.0,profit
item_6431,17,102.0,29,1734.0,2958.0,profit
item_6432,3,34.0,34,102.0,1156.0,profit
item_6433,43,31.0,47,1333.0,1457.0,profit
item_6434,1,108.0,68,108.0,7344.0,profit
item_6435,48,85.0,81,4080.0,6885.0,profit
item_6436,37,117.0,68,4329.0,7956.0,profit
item_6437,40,28.0,52,1120.0,1456.0,profit
item_6438,50,56.0,36,2800.0,2016.0,profit
item_6439,44,60.0,28,2640.0,1680.0,profit
item_6440,33,73.0,23,2409.0,1679.0,profit
item_6441,37,33.0,61,1221.0,2013.0,profit
item_6442,1,42.0,85,42.0,3570.0,profit
item_6443,47,25.0,83,1175.0,2075.0,profit
item_6444,20,46.0,39,920.0,1794.0,profit
item_6445,27,133.0,93,3591.0,12369.0,profit
item_6446,34,18.0,46,612.0,828.0,profit
item_6447,15,101.0,97,1515.0,9797.0,profit
item_6448,35,65.0,29,2275.0,1885.0,profit
item_6449,37,17.0,19,629.0,323.0,profit
item_6450,45,34.0,39,1530.0,1326.0,profit
item_6451,2,69.0,44,138.0,3036.0,profit
item_6452,14,88.0,93,1232.0,8184.0,profit
item_6453,37,60.0,37,2220.0,2220.0,profit
item_6454,3,33.0,59,99.0,1947.0,profit
item_6455,24,87.0,44,2088.0,3828.0,profit
item_6456,44,122.0,97,5368.0,11834.0,profit
item_6457,22,68.0,92,1496.0,6256.0,profit
item_6458,28,144.0,78,4032.0,11232.0,profit
item_6459,49,78.0,31,3822.0,2418.0,profit
item_6460,22,65.0,16,1430.0,1040.0,profit
item_6461,4,61.0,30,244.0,1830.0,profit
item_6462,9,42.0,29,378.0,1218.0,profit
item_6463,17,67.0,28,1139.0,1876.0,profit
item_6464,46,87.0,11,4002.0,957.0,profit
item_6465,26,48.0,97,1248.0,4656.0,profit
item_6466,16,43.0,84,688.0,3612.0,profit
item_6467,40,123.0,71,4920.0,8733.0,profit
item_6468,23,62.0,80,1426.0,4960.0,profit
item_6469,18,126.0,85,2268.0,10710.0,profit
item_6470,32,44.0,74,1408.0,3256.0,profit
item_6471,7,82.0,93,574.0,7626.0,profit
item_6472,22,21.0,50,462.0,1050.0,profit
item_6473,41,115.0,21,4715.0,2415.0,profit
item_6474,26,86.0,29,2236.0,2494.0,profit
item_6475,18,117.0,90,2106.0,10530.0,profit
item_6476,32,99.0,47,3168.0,4653.0,profit
item_6477,3,132.0,67,396.0,8844.0,profit
item_6478,46,129.0,67,5934.0,8643.0,profit
item_6479,21,89.0,59,1869.0,5251.0,profit
item_6480,38,64.0,44,2432.0,2816.0,profit
item_6481,36,110.0,91,3960.0,10010.0,profit
item_6482,24,87.0,31,2088.0,2697.0,profit
item_6483,12,114.0,29,1368.0,3306.0,profit
item_6484,45,58.0,76,2610.0,4408.0,profit
item_6485,43,125.0,24,5375.0,3000.0,profit
item_6486,15,89.0,14,1335.0,1246.0,profit
item_6487,25,37.0,20,925.0,740.0,profit
item_6488,19,102.0,64,1938.0,6528.0,profit
item_6489,24,30.0,91,720.0,2730.0,profit
item_6490,22,33.0,98,726.0,3234.0,profit
item_6491,4,103.0,71,412.0,7313.0,profit
item_6492,10,59.0,90,590.0,5310.0,profit
item_6493,27,84.0,13,2268.0,1092.0,profit
item_6494,21,139.0,88,2919.0,12232.0,profit
item_6495,1,118.0,59,118.0,6962.0,profit
item_6496,45,16.0,39,720.0,624.0,profit
item_6497,8,122.0,65,976.0,7930.0,profit
item_6498,16,93.0,16,1488.0,1488.0,profit
item_6499,36,34.0,19,1224.0,646.0,profit
item_6500,12,61.0,69,732.0,4209.0,profit
item_6501,33,149.0,91,4917.0,13559.0,profit
item_6502,0,135.0,57,0.0,7695.0,loss
item_6503,24,74.0,50,1776.0,3700.0,profit
item_6504,7,62.0,32,434.0,1984.0,profit
item_6505,11,132.0,80,1452.0,10560.0,profit
item_6506,32,115.0,62,3680.0,7130.0,profit
item_6507,27,93.0,61,2511.0,5673.0,profit
item_6508,26,55.0,31,1430.0,1705.0,profit
item_6509,2,106.0,99,212.0,10494.0,profit
item_6510,44,144.0,96,6336.0,13824.0,profit
item_6511,19,89.0,85,1691.0,7565.0,profit
item_6512,1,74.0,32,74.0,2368.0,profit
item_6513,29,73.0,34,2117.0,2482.0,profit
item_6514,7,124.0,67,868.0,8308.0,profit
item_6515,50,27.0,52,1350.0,1404.0,profit
item_6516,50,16.0,47,800.0,752.0,profit
item_6517,46,25.0,79,1150.0,1975.0,profit
item_6518,20,117.0,69,2340.0,8073.0,profit
item_6519,33,33.0,54,1089.0,1782.0,profit
item_6520,45,71.0,28,3195.0,1988.0,profit
item_6521,19,98.0,69,1862.0,6762.0,profit
item_6522,20,71.0,54,1420.0,3834.0,profit
item_6523,20,117.0,20,2340.0,2340.0,profit
item_6524,47,132.0,85,6204.0,11220.0,profit
item_6525,47,42.0,57,1974.0,2394.0,profit
item_6526,48,59.0,22,2832.0,1298.0,profit
item_6527,10,118.0,93,1180.0,10974.0,profit
item_6528,6,98.0,48,588.0,4704.0,profit
item_6529,10,69.0,32,690.0,2208.0,profit
item_6530,33,73.0,43,2409.0,3139.0,profit
item_6531,40,78.0,23,3120.0,1794.0,profit
item_6532,43,64.0,29,2752.0,1856.0,profit
item_6533,12,19.0,23,228.0,437.0,profit
item_6534,37,23.0,46,851.0,1058.0,profit
item_6535,37,50.0,63,1850.0,3150.0,profit
item_6536,49,38.0,79,1862.0,3002.0,profit
item_6537,5,77.0,22,385.0,1694.0,profit
item_6538,6,53.0,91,318.0,4823.0,profit
item_6539,43,121.0,57,5203.0,6897.0,profit
item_6540,32,135.0,58,4320.0,7830.0,profit
item_6541,23,34.0,28,782.0,952.0,profit
item_6542,6,23.0,84,138.0,1932.0,profit
item_6543,36,75.0,40,2700.0,3000.0,profit
item_6544,26,31.0,91,806.0,2821.0,profit
item_6545,32,67.0,21,2144.0,1407.0,profit
item_6546,46,50.0,55,2300.0,2750.0,profit
item_6547,45,25.0,42,1125.0,1050.0,profit
item_6548,10,15.0,99,150.0,1485.0,profit
item_6549,27,114.0,68,3078.0,7752.0,profit
item_6550,0,133.0,59,0.0,7847.0,loss
item_6551,11,35.0,52,385.0,1820.0,profit
item_6552,45,25.0,40,1125.0,1000.0,profit
item_6553,33,61.0,94,2013.0,5734.0,profit
item_6554,45,78.0,28,3510.0,2184.0,profit
item_6555,29,128.0,14,3712.0,1792.0,profit
item_6556,1,115.0,50,115.0,5750.0,profit
item_6557,44,124.0,71,5456.0,8804.0,profit
item_6558,2,27.0,39,54.0,1053.0,profit
item_6559,16,64.0,30,1024.0,1920.0,profit
item_6560,10,139.0,63,1390.0,8757.0,profit
item_6561,28,139.0,58,3892.0,8062.0,profit
item_6562,42,30.0,30,1260.0,900.0,profit
item_6563,47,93.0,26,4371.0,2418.0,profit
item_6564,9,44.0,24,396.0,1056.0,profit
item_6565,33,78.0,80,2574.0,6240.0,profit
item_6566,49,82.0,84,4018.0,6888.0,profit
item_6567,36,76.0,70,2736.0,5320.0,profit
item_6568,27,134.0,55,3618.0,7370.0,profit
item_6569,9,35.0,37,315.0,1295.0,profit
item_6570,21,136.0,95,2856.0,12920.0,profit
item_6571,23,133.0,82,3059.0,10906.0,profit
item_6572,42,22.0,93,924.0,2046.0,profit
item_6573,8,121.0,66,968.0,7986.0,profit
item_6574,23,110.0,98,2530.0,10780.0,profit
item_6575,15,114.0,90,1710.0,10260.0,profit
item_6576,37,144.0,62,5328.0,8928.0,profit
item_6577,32,41.0,80,1312.0,3280.0,profit
item_6578,50,148.0,41,7400.0,6068.0,profit
item_6579,24,53.0,36,1272.0,1908.0,profit
item_6580,12,56.0,35,672.0,1960.0,profit
item_6581,2,116.0,20,232.0,2320.0,profit
item_6582,20,41.0,70,820.0,2870.0,profit
item_6583,26,16.0,29,416.0,464.0,profit
item_6584,49,85.0,80,4165.0,6800.0,profit
item_6585,13,145.0,56,1885.0,8120.0,profit
item_6586,3,24.0,49,72.0,1176.0,profit
item_6587,10,80.0,24,800.0,1920.0,profit
item_6588,4,125.0,68,500.0,8500.0,profit
item_6589,47,98.0,25,4606.0,2450.0,profit
item_6590,10,89.0,97,890.0,8633.0,profit
item_6591,20,54.0,20,1080.0,1080.0,profit
item_6592,39,57.0,32,2223.0,1824.0,profit
item_6593,32,96.0,13,3072.0,1248.0,profit
item_6594,13,66.0,29,858.0,1914.0,profit
item_6595,25,131.0,23,3275.0,3013.0,profit
item_6596,25,109.0,80,2725.0,8720.0,profit
item_6597,15,25.0,38,375.0,950.0,profit
item_6598,47,45.0,64,2115.0,2880.0,profit
item_6599,8,145.0,73,1160.0,10585.0,profit
item_6600,18,141.0,93,2538.0,13113.0,profit
item_6601,47,103.0,30,4841.0,3090.0,profit
item_6602,19,99.0,60,1881.0,5940.0,profit
item_6603,4,124.0,79,496.0,9796.0,profit
item_6604,33,41.0,38,1353.0,1558.0,profit
item_6605,50,51.0,58,2550.0,2958.0,profit
item_6606,23,15.0,65,345.0,975.0,profit
item_6607,2,37.0,63,74.0,2331.0,profit
item_6608,25,133.0,22,3325.0,2926.0,profit
item_6609,27,120.0,12,3240.0,1440.0,profit
item_6610,20,41.0,40,820.0,1640.0,profit
item_6611,44,86.0,99,3784.0,8514.0,profit
item_6612,12,139.0,11,1668.0,1529.0,profit
item_6613,21,62.0,20,1302.0,1240.0,profit
item_6614,0,23.0,57,0.0,1311.0,loss
item_6615,3,124.0,45,372.0,5580.0,profit
item_6616,1,24.0,41,24.0,984.0,profit
item_6617,3,92.0,36,276.0,3312.0,profit
item_6618,15,143.0,57,2145.0,8151.0,profit
item_6619,36,126.0,18,4536.0,2268.0,profit
item_6620,43,29.0,67,1247.0,1943.0,profit
item_6621,3,123.0,27,369.0,3321.0,profit
item_6622,41,91.0,97,3731.0,8827.0,profit
item_6623,40,85.0,18,3400.0,1530.0,profit
item_6624,36,47.0,83,1692.0,3901.0,profit
item_6625,40,138.0,83,5520.0,11454.0,profit
item_6626,1,83.0,27,83.0,2241.0,profit
item_6627,47,78.0,79,3666.0,6162.0,profit
item_6628,20,48.0,82,960.0,3936.0,profit
item_6629,50,149.0,70,7450.0,10430.0,profit
item_6630,3,72.0,37,216.0,2664.0,profit
item_6631,16,87.0,18,1392.0,1566.0,profit
item_6632,19,69.0,83,1311.0,5727.0,profit
item_6633,30,122.0,34,3660.0,4148.0,profit
item_6634,31,97.0,14,3007.0,1358.0,profit
item_6635,32,64.0,36,2048.0,2304.0,profit
item_6636,25,146.0,23,3650.0,3358.0,profit
item_6637,46,127.0,19,5842.0,2413.0,profit
item_6638,50,135.0,76,6750.0,10260.0,profit
item_6639,19,117.0,53,2223.0,6201.0,profit
item_6640,42,19.0,22,798.0,418.0,profit
item_6641,45,46.0,59,2070.0,2714.0,profit
item_6642,15,90.0,76,1350.0,6840.0,profit
item_6643,37,118.0,50,4366.0,5900.0,profit
item_6644,43,78.0,17,3354.0,1326.0,profit
item_6645,12,87.0,89,1044.0,7743.0,profit
item_6646,3,94.0,73,282.0,6862.0,profit
item_6647,49,123.0,88,6027.0,10824.0,profit
item_6648,50,85.0,61,4250.0,5185.0,profit
item_6649,16,108.0,78,1728.0,8424.0,profit
item_6650,15,136.0,73,2040.0,9928.0,profit
item_6651,24,125.0,58,3000.0,7250.0,profit
item_6652,45,28.0,11,1260.0,308.0,profit
item_6653,42,134.0,69,5628.0,9246.0,profit
item_6654,49,148.0,13,7252.0,1924.0,profit
item_6655,27,55.0,55,1485.0,3025.0,profit
item_6656,13,24.0,14,312.0,336.0,profit
item_6657,37,128.0,21,4736.0,2688.0,profit
item_6658,4,150.0,66,600.0,9900.0,profit
item_6659,11,31.0,79,341.0,2449.0,profit
item_6660,38,127.0,54,4826.0,6858.0,profit
item_6661,41,143.0,31,5863.0,4433.0,profit
item_6662,4,16.0,67,64.0,1072.0,profit
item_6663,33,21.0,40,693.0,840.0,profit
item_6664,31,104.0,44,3224.0,4576.0,profit
item_6665,34,89.0,11,3026.0,979.0,profit
item_6666,27,143.0,51,3861.0,7293.0,profit
item_6667,32,90.0,17,2880.0,1530.0,profit
item_6668,34,73.0,94,2482.0,6862.0,profit
item_6669,32,82.0,54,2624.0,4428.0,profit
item_6670,24,107.0,83,2568.0,8881.0,profit
item_6671,34,65.0,91,2210.0,5915.0,profit
item_6672,18,54.0,18,972.0,972.0,profit
item_6673,24,32.0,28,768.0,896.0,profit
item_6674,12,139.0,56,1668.0,7784.0,profit
item_6675,36,35.0,15,1260.0,525.0,profit
item_6676,43,145.0,63,6235.0,9135.0,profit
item_6677,6,45.0,59,270.0,2655.0,profit
item_6678,1,131.0,43,131.0,5633.0,profit
item_6679,33,106.0,61,3498.0,6466.0,profit
item_6680,19,53.0,65,1007.0,3445.0,profit
item_6681,10,134.0,36,1340.0,4824.0,profit
item_6682,11,54.0,16,594.0,864.0,profit
item_6683,26,80.0,69,2080.0,5520.0,profit
item_6684,36,105.0,16,3780.0,1680.0,profit
item_6685,36,22.0,63,792.0,1386.0,profit
item_6686,6,87.0,90,522.0,7830.0,profit
item_6687,8,101.0,98,808.0,9898.0,profit
item_6688,47,102.0,64,4794.0,6528.0,profit
item_6689,8,71.0,58,568.0,4118.0,profit
item_6690,0,97.0,87,0.0,8439.0,loss
item_6691,34,108.0,96,3672.0,10368.0,profit
item_6692,4,16.0,21,64.0,336.0,profit
item_6693,29,93.0,61,2697.0,5673.0,profit
item_6694,22,149.0,93,3278.0,13857.0,profit
item_6695,50,139.0,47,6950.0,6533.0,profit
item_6696,36,61.0,40,2196.0,2440.0,profit
item_6697,36,61.0,75,2196.0,4575.0,profit
item_6698,1,116.0,48,116.0,5568.0,profit
item_6699,11,96.0,16,1056.0,1536.0,profit
item_6700,37,74.0,71,2738.0,5254.0,profit
item_6701,35,49.0,92,1715.0,4508.0,profit
item_6702,11,33.0,62,363.0,2046.0,profit
item_6703,42,70.0,40,2940.0,2800.0,profit
item_6704,2,71.0,31,142.0,2201.0,profit
item_6705,35,109.0,34,3815.0,3706.0,profit
item_6706,8,27.0,17,216.0,459.0,profit
item_6707,30,59.0,28,1770.0,1652.0,profit
item_6708,25,112.0,22,2800.0,2464.0,profit
item_6709,40,95.0,17,3800.0,1615.0,profit
item_6710,48,121.0,97,5808.0,11737.0,profit
item_6711,13,29.0,25,377.0,725.0,profit
item_6712,50,92.0,76,4600.0,6992.0,profit
item_6713,43,56.0,94,2408.0,5264.0,profit
item_6714,14,110.0,42,1540.0,4620.0,profit
item_6715,50,116.0,45,5800.0,5220.0,profit
item_6716,16,87.0,94,1392.0,8178.0,profit
item_6717,30,128.0,38,3840.0,4864.0,profit
item_6718,49,132.0,57,6468.0,7524.0,profit
item_6719,34,125.0,34,4250.0,4250.0,profit
item_6720,11,55.0,50,605.0,2750.0,profit
item_6721,21,61.0,58,1281.0,3538.0,profit
item_6722,44,85.0,48,3740.0,4080.0,profit
item_6723,36,96.0,46,3456.0,4416.0,profit
item_6724,5,28.0,85,140.0,2380.0,profit
item_6725,50,134.0,39,6700.0,5226.0,profit
item_6726,42,46.0,27,1932.0,1242.0,profit
item_6727,6,139.0,42,834.0,5838.0,profit
item_6728,45,83.0,58,3735.0,4814.0,profit
item_6729,36,49.0,100,1764.0,4900.0,profit
item_6730,35,122.0,93,4270.0,11346.0,profit
item_6731,28,150.0,44,4200.0,6600.0,profit
item_6732,25,25.0,97,625.0,2425.0,profit
item_6733,21,38.0,43,798.0,1634.0,profit
item_6734,20,97.0,11,1940.0,1067.0,profit
item_6735,49,74.0,40,3626.0,2960.0,profit
item_6736,24,100.0,22,2400.0,2200.0,profit
item_6737,21,119.0,38,2499.0,4522.0,profit
item_6738,4,109.0,59,436.0,6431.0,profit
item_6739,4,86.0,37,344.0,3182.0,profit
item_6740,21,45.0,80,945.0,3600.0,profit
item_6741,18,131.0,35,2358.0,4585.0,profit
item_6742,21,129.0,16,2709.0,2064.0,profit
item_6743,39,16.0,19,624.0,304.0,profit
item_6744,44,118.0,27,5192.0,3186.0,profit
item_6745,15,28.0,52,420.0,1456.0,profit
item_6746,16,26.0,40,416.0,1040.0,profit
item_6747,47,83.0,65,3901.0,5395.0,profit
item_6748,28,74.0,99,2072.0,7326.0,profit
item_6749,22,43.0,30,946.0,1290.0,profit
item_6750,0,38.0,96,0.0,3648.0,loss
item_6751,45,68.0,25,3060.0,1700.0,profit
item_6752,15,85.0,34,1275.0,2890.0,profit
item_6753,14,89.0,81,1246.0,7209.0,profit
item_6754,7,67.0,10,469.0,670.0,profit
item_6755,33,107.0,100,3531.0,10700.0,profit
item_6756,48,86.0,48,4128.0,4128.0,profit
item_6757,42,137.0,81,5754.0,11097.0,profit
item_6758,50,29.0,44,1450.0,1276.0,profit
item_6759,33,89.0,53,2937.0,4717.0,profit
item_6760,34,62.0,75,2108.0,4650.0,profit
item_6761,30,57.0,68,1710.0,3876.0,profit
item_6762,21,105.0,62,2205.0,6510.0,profit
item_6763,48,147.0,86,7056.0,12642.0,profit
item_6764,26,101.0,14,2626.0,1414.0,profit
item_6765,24,37.0,87,888.0,3219.0,profit
item_6766,7,47.0,13,329.0,611.0,profit
item_6767,3,147.0,98,441.0,14406.0,profit
item_6768,12,145.0,38,1740.0,5510.0,profit
item_6769,8,130.0,28,1040.0,3640.0,profit
item_6770,47,150.0,73,7050.0,10950.0,profit
item_6771,35,116.0,95,4060.0,11020.0,profit
item_6772,12,142.0,59,1704.0,8378.0,profit
item_6773,45,98.0,29,4410.0,2842.0,profit
item_6774,39,74.0,58,2886.0,4292.0,profit
item_6775,46,102.0,97,4692.0,9894.0,profit
item_6776,8,133.0,41,1064.0,5453.0,profit
item_6777,2,105.0,17,210.0,1785.0,profit
item_6778,22,16.0,13,352.0,208.0,profit
item_6779,10,84.0,26,840.0,2184.0,profit
item_6780,4,25.0,23,100.0,575.0,profit
item_6781,4,100.0,42,400.0,4200.0,profit
item_6782,25,104.0,92,2600.0,9568.0,profit
item_6783,19,66.0,90,1254.0,5940.0,profit
item_6784,15,148.0,70,2220.0,10360.0,profit
item_6785,22,53.0,22,1166.0,1166.0,profit
item_6786,7,41.0,83,287.0,3403.0,profit
item_6787,29,37.0,45,1073.0,1665.0,profit
item_6788,10,142.0,98,1420.0,13916.0,profit
item_6789,31,25.0,27,775.0,675.0,profit
item_6790,39,52.0,61,2028.0,3172.0,profit
item_6791,35,89.0,41,3115.0,3649.0,profit
item_6792,46,141.0,87,6486.0,12267.0,profit
item_6793,45,27.0,45,1215.0,1215.0,profit
item_6794,12,133.0,57,1596.0,7581.0,profit
item_6795,49,23.0,78,1127.0,1794.0,profit
item_6796,19,147.0,27,2793.0,3969.0,profit
item_6797,49,103.0,16,5047.0,1648.0,profit
item_6798,25,117.0,99,2925.0,11583.0,profit
item_6799,30,88.0,18,2640.0,1584.0,profit
item_6800,30,147.0,93,4410.0,13671.0,profit
item_6801,22,69.0,39,1518.0,2691.0,profit
item_6802,49,150.0,23,7350.0,3450.0,profit
item_6803,46,48.0,100,2208.0,4800.0,profit
item_6804,14,63.0,73,882.0,4599.0,profit
item_6805,45,99.0,91,4455.0,9009.0,profit
item_6806,13,134.0,78,1742.0,10452.0,profit
item_6807,18,103.0,12,1854.0,1236.0,profit
item_6808,3,136.0,71,408.0,9656.0,profit
item_6809,45,58.0,97,2610.0,5626.0,profit
item_6810,24,71.0,24,1704.0,1704.0,profit
item_6811,41,65.0,86,2665.0,5590.0,profit
item_6812,14,79.0,75,1106.0,5925.0,profit
item_6813,38,54.0,68,2052.0,3672.0,profit
item_6814,23,80.0,87,1840.0,6960.0,profit
item_6815,0,86.0,48,0.0,4128.0,loss
item_6816,36,36.0,55,1296.0,1980.0,profit
item_6817,4,85.0,64,340.0,5440.0,profit
item_6818,7,67.0,88,469.0,5896.0,profit
item_6819,15,22.0,54,330.0,1188.0,profit
item_6820,30,27.0,10,810.0,270.0,profit
item_6821,37,147.0,90,5439.0,13230.0,profit
item_6822,44,116.0,17,5104.0,1972.0,profit
item_6823,14,100.0,42,1400.0,4200.0,profit
item_6824,6,92.0,74,552.0,6808.0,profit
item_6825,50,124.0,95,6200.0,11780.0,profit
item_6826,19,71.0,22,1349.0,1562.0,profit
item_6827,13,131.0,47,1703.0,6157.0,profit
item_6828,41,66.0,78,2706.0,5148.0,profit
item_6829,45,147.0,63,6615.0,9261.0,profit
item_6830,27,144.0,91,3888.0,13104.0,profit
item_6831,15,26.0,18,390.0,468.0,profit
item_6832,41,125.0,86,5125.0,10750.0,profit
item_6833,18,72.0,95,1296.0,6840.0,profit
item_6834,3,17.0,63,51.0,1071.0,profit
item_6835,2,31.0,65,62.0,2015.0,profit
item_6836,21,92.0,16,1932.0,1472.0,profit
item_6837,28,58.0,49,1624.0,2842.0,profit
item_6838,12,143.0,20,1716.0,2860.0,profit
item_6839,47,32.0,88,1504.0,2816.0,profit
item_6840,50,126.0,100,6300.0,12600.0,profit
item_6841,3,17.0,26,51.0,442.0,profit
item_6842,39,39.0,54,1521.0,2106.0,profit
item_6843,44,116.0,39,5104.0,4524.0,profit
item_6844,31,110.0,66,3410.0,7260.0,profit
item_6845,40,76.0,29,3040.0,2204.0,profit
item_6846,35,91.0,10,3185.0,910.0,profit
item_6847,11,117.0,63,1287.0,7371.0,profit
item_6848,27,68.0,44,1836.0,2992.0,profit
item_6849,24,21.0,70,504.0,1470.0,profit
item_6850,15,150.0,20,2250.0,3000.0,profit
item_6851,9,115.0,59,1035.0,6785.0,profit
item_6852,44,86.0,83,3784.0,7138.0,profit
item_6853,44,96.0,68,4224.0,6528.0,profit
item_6854,27,71.0,47,1917.0,3337.0,profit
item_6855,18,38.0,40,684.0,1520.0,profit
item_6856,16,110.0,50,1760.0,5500.0,profit
item_6857,1,108.0,66,108.0,7128.0,profit
item_6858,15,81.0,27,1215.0,2187.0,profit
item_6859,11,132.0,45,1452.0,5940.0,profit
item_6860,21,65.0,18,1365.0,1170.0,profit
item_6861,34,149.0,39,5066.0,5811.0,profit
item_6862,27,68.0,23,1836.0,1564.0,profit
item_6863,35,106.0,79,3710.0,8374.0,profit
item_6864,0,138.0,27,0.0,3726.0,loss
item_6865,48,117.0,52,5616.0,6084.0,profit
item_6866,32,28.0,76,896.0,2128.0,profit
item_6867,1,72.0,83,72.0,5976.0,profit
item_6868,45,125.0,28,5625.0,3500.0,profit
item_6869,38,150.0,48,5700.0,7200.0,profit
item_6870,46,44.0,43,2024.0,1892.0,profit
item_6871,30,149.0,41,4470.0,6109.0,profit
item_6872,9,67.0,39,603.0,2613.0,profit
item_6873,28,146.0,47,4088.0,6862.0,profit
item_6874,17,56.0,55,952.0,3080.0,profit
item_6875,16,95.0,72,1520.0,6840.0,profit
item_6876,6,62.0,20,372.0,1240.0,profit
item_6877,18,112.0,82,2016.0,9184.0,profit
item_6878,12,115.0,72,1380.0,8280.0,profit
item_6879,26,23.0,11,598.0,253.0,profit
item_6880,1,137.0,35,137.0,4795.0,profit
item_6881,34,106.0,49,3604.0,5194.0,profit
item_6882,0,99.0,64,0.0,6336.0,loss
item_6883,21,104.0,74,2184.0,7696.0,profit
item_6884,17,32.0,46,544.0,1472.0,profit
item_6885,40,150.0,72,6000.0,10800.0,profit
item_6886,10,30.0,72,300.0,2160.0,profit
item_6887,47,108.0,67,5076.0,7236.0,profit
item_6888,40,42.0,42,1680.0,1764.0,profit
item_6889,50,124.0,84,6200.0,10416.0,profit
item_6890,19,58.0,87,1102.0,5046.0,profit
item_6891,28,65.0,59,1820.0,3835.0,profit
item_6892,34,131.0,12,4454.0,1572.0,profit
item_6893,45,76.0,92,3420.0,6992.0,profit
item_6894,8,131.0,22,1048.0,2882.0,profit
item_6895,19,147.0,50,2793.0,7350.0,profit
item_6896,35,63.0,96,2205.0,6048.0,profit
item_6897,2,29.0,80,58.0,2320.0,profit
item_6898,39,58.0,20,2262.0,1160.0,profit
item_6899,28,144.0,92,4032.0,13248.0,profit
item_6900,1,50.0,52,50.0,2600.0,profit
item_6901,0,145.0,81,0.0,11745.0,loss
item_6902,3,74.0,99,222.0,7326.0,profit
item_6903,48,40.0,100,1920.0,4000.0,profit
item_6904,24,89.0,75,2136.0,6675.0,profit
item_6905,39,35.0,39,1365.0,1365.0,profit
item_6906,46,15.0,56,690.0,840.0,profit
item_6907,5,125.0,51,625.0,6375.0,profit
item_6908,42,124.0,91,5208.0,11284.0,profit
item_6909,16,36.0,81,576.0,2916.0,profit
item_6910,41,24.0,58,984.0,1392.0,profit
item_6911,47,53.0,12,2491.0,636.0,profit
item_6912,36,121.0,23,4356.0,2783.0,profit
item_6913,47,38.0,42,1786.0,1596.0,profit
item_6914,47,62.0,10,2914.0,620.0,profit
item_6915,43,40.0,86,1720.0,3440.0,profit
item_6916,1,118.0,63,118.0,7434.0,profit
item_6917,31,146.0,76,4526.0,11096.0,profit
item_6918,6,61.0,56,366.0,3416.0,profit
item_6919,6,99.0,24,594.0,2376.0,profit
item_6920,18,37.0,28,666.0,1036.0,profit
item_6921,26,144.0,45,3744.0,6480.0,profit
item_6922,16,98.0,29,1568.0,2842.0,profit
item_6923,47,55.0,98,2585.0,5390.0,profit
item_6924,6,123.0,34,738.0,4182.0,profit
item_6925,5,16.0,32,80.0,512.0,profit
item_6926,34,147.0,60,4998.0,8820.0,profit
item_6927,23,60.0,57,1380.0,3420.0,profit
item_6928,44,93.0,47,4092.0,4371.0,profit
item_6929,21,31.0,84,651.0,2604.0,profit
item_6930,9,84.0,17,756.0,1428.0,profit
item_6931,36,75.0,19,2700.0,1425.0,profit
item_6932,17,106.0,17,1802.0,1802.0,profit
item_6933,30,140.0,18,4200.0,2520.0,profit
item_6934,10,18.0,38,180.0,684.0,profit
item_6935,19,122.0,33,2318.0,4026.0,profit
item_6936,7,53.0,65,371.0,3445.0,profit
item_6937,22,30.0,91,660.0,2730.0,profit
item_6938,37,133.0,64,4921.0,8512.0,profit
item_6939,1,98.0,62,98.0,6076.0,profit
item_6940,11,24.0,30,264.0,720.0,profit
item_6941,12,148.0,75,1776.0,11100.0,profit
item_6942,42,132.0,18,5544.0,2376.0,profit
item_6943,13,83.0,80,1079.0,6640.0,profit
item_6944,36,109.0,76,3924.0,8284.0,profit
item_6945,37,32.0,46,1184.0,1472.0,profit
item_6946,14,139.0,16,1946.0,2224.0,profit
item_6947,38,34.0,76,1292.0,2584.0,profit
item_6948,14,108.0,62,1512.0,6696.0,profit
item_6949,37,32.0,98,1184.0,3136.0,profit
item_6950,14,143.0,49,2002.0,7007.0,profit
item_6951,47,33.0,13,1551.0,429.0,profit
item_6952,37,59.0,62,2183.0,3658.0,profit
item_6953,32,42.0,35,1344.0,1470.0,profit
item_6954,39,79.0,89,3081.0,7031.0,profit
item_6955,12,83.0,70,996.0,5810.0,profit
item_6956,39,111.0,69,4329.0,7659.0,profit
item_6957,47,77.0,90,3619.0,6930.0,profit
item_6958,10,65.0,36,650.0,2340.0,profit
item_6959,40,142.0,64,5680.0,9088.0,profit
item_6960,29,100.0,39,2900.0,3900.0,profit
item_6961,18,110.0,88,1980.0,9680.0,profit
item_6962,25,146.0,52,3650.0,7592.0,profit
item_6963,6,21.0,35,126.0,735.0,profit
item_6964,22,80.0,68,1760.0,5440.0,profit
item_6965,4,54.0,74,216.0,3996.0,profit
item_6966,24,108.0,71,2592.0,7668.0,profit
item_6967,5,95.0,13,475.0,1235.0,profit
item_6968,20,98.0,15,1960.0,1470.0,profit
item_6969,25,60.0,81,1500.0,4860.0,profit
item_6970,15,115.0,73,1725.0,8395.0,profit
item_6971,25,146.0,76,3650.0,11096.0,profit
item_6972,6,15.0,94,90.0,1410.0,profit
item_6973,34,73.0,63,2482.0,4599.0,profit
item_6974,5,140.0,36,700.0,5040.0,profit
item_6975,36,98.0,98,3528.0,9604.0,profit
item_6976,2,112.0,34,224.0,3808.0,profit
item_6977,6,50.0,59,300.0,2950.0,profit
item_6978,9,85.0,72,765.0,6120.0,profit
item_6979,23,57.0,27,1311.0,1539.0,profit
item_6980,32,95.0,53,3040.0,5035.0,profit
item_6981,45,75.0,28,3375.0,2100.0,profit
item_6982,50,134.0,54,6700.0,7236.0,profit
item_6983,10,15.0,77,150.0,1155.0,profit
item_6984,10,61.0,52,610.0,3172.0,profit
item_6985,22,23.0,56,506.0,1288.0,profit
item_6986,17,124.0,43,2108.0,5332.0,profit
item_6987,7,87.0,21,609.0,1827.0,profit
item_6988,24,100.0,36,2400.0,3600.0,profit
item_6989,2,87.0,100,174.0,8700.0,profit
item_6990,50,29.0,32,1450.0,928.0,profit
item_6991,43,68.0,17,2924.0,1156.0,profit
item_6992,41,66.0,24,2706.0,1584.0,profit
item_6993,23,90.0,34,2070.0,3060.0,profit
item_6994,13,43.0,25,559.0,1075.0,profit
item_6995,5,149.0,23,745.0,3427.0,profit
item_6996,10,87.0,85,870.0,7395.0,profit
item_6997,16,48.0,62,768.0,2976.0,profit
item_6998,27,122.0,85,3294.0,10370.0,profit
item_6999,17,122.0,67,2074.0,8174.0,profit
item_7000,4,33.0,45,132.0,1485.0,profit
item_7001,13,143.0,54,1859.0,7722.0,profit
item_7002,1,121.0,53,121.0,6413.0,profit
item_7003,19,54.0,22,1026.0,1188.0,profit
item_7004,18,145.0,98,2610.0,14210.0,profit
item_7005,2,68.0,17,136.0,1156.0,profit
item_7006,14,89.0,39,1246.0,3471.0,profit
item_7007,49,36.0,33,1764.0,1188.0,profit
item_7008,44,92.0,41,4048.0,3772.0,profit
item_7009,41,76.0,25,3116.0,1900.0,profit
item_7010,31,32.0,26,992.0,832.0,profit
item_7011,1,71.0,11,71.0,781.0,profit
item_7012,43,141.0,33,6063.0,4653.0,profit
item_7013,21,102.0,76,2142.0,7752.0,profit
item_7014,38,87.0,59,3306.0,5133.0,profit
item_7015,32,36.0,28,1152.0,1008.0,profit
item_7016,6,118.0,24,708.0,2832.0,profit
item_7017,18,128.0,36,2304.0,4608.0,profit
item_7018,31,104.0,50,3224.0,5200.0,profit
item_7019,27,91.0,56,2457.0,5096.0,profit
item_7020,1,80.0,98,80.0,7840.0,profit
item_7021,26,68.0,53,1768.0,3604.0,profit
item_7022,0,48.0,50,0.0,2400.0,loss
item_7023,24,50.0,89,1200.0,4450.0,profit
item_7024,19,131.0,19,2489.0,2489.0,profit
item_7025,25,144.0,21,3600.0,3024.0,profit
item_7026,26,97.0,21,2522.0,2037.0,profit
item_7027,11,94.0,75,1034.0,7050.0,profit
item_7028,12,79.0,82,948.0,6478.0,profit
item_7029,7,54.0,16,378.0,864.0,profit
item_7030,4,94.0,11,376.0,1034.0,profit
item_7031,6,113.0,18,678.0,2034.0,profit
item_7032,30,140.0,68,4200.0,9520.0,profit
item_7033,12,134.0,35,1608.0,4690.0,profit
item_7034,3,127.0,10,381.0,1270.0,profit
item_7035,16,77.0,37,1232.0,2849.0,profit
item_7036,9,129.0,92,1161.0,11868.0,profit
item_7037,13,83.0,85,1079.0,7055.0,profit
item_7038,16,52.0,56,832.0,2912.0,profit
item_7039,4,107.0,73,428.0,7811.0,profit
item_7040,16,38.0,92,608.0,3496.0,profit
item_7041,34,111.0,33,3774.0,3663.0,profit
item_7042,5,97.0,22,485.0,2134.0,profit
item_7043,41,24.0,77,984.0,1848.0,profit
item_7044,30,37.0,28,1110.0,1036.0,profit
item_7045,46,75.0,30,3450.0,2250.0,profit
item_7046,12,113.0,34,1356.0,3842.0,profit
item_7047,22,68.0,69,1496.0,4692.0,profit
item_7048,47,101.0,19,4747.0,1919.0,profit
item_7049,14,135.0,27,1890.0,3645.0,profit
item_7050,44,92.0,90,4048.0,8280.0,profit
item_7051,31,103.0,53,3193.0,5459.0,profit
item_7052,4,134.0,93,536.0,12462.0,profit
item_7053,28,122.0,49,3416.0,5978.0,profit
item_7054,14,20.0,34,280.0,680.0,profit
item_7055,39,116.0,13,4524.0,1508.0,profit
item_7056,34,59.0,56,2006.0,3304.0,profit
item_7057,38,59.0,39,2242.0,2301.0,profit
item_7058,42,62.0,78,2604.0,4836.0,profit
item_7059,25,24.0,40,600.0,960.0,profit
item_7060,45,138.0,62,6210.0,8556.0,profit
item_7061,24,149.0,98,3576.0,14602.0,profit
item_7062,16,145.0,92,2320.0,13340.0,profit
item_7063,17,107.0,41,1819.0,4387.0,profit
item_7064,19,24.0,38,456.0,912.0,profit
item_7065,42,17.0,69,714.0,1173.0,profit
item_7066,30,49.0,56,1470.0,2744.0,profit
item_7067,22,135.0,68,2970.0,9180.0,profit
item_7068,9,126.0,15,1134.0,1890.0,profit
item_7069,9,140.0,83,1260.0,11620.0,profit
item_7070,27,31.0,65,837.0,2015.0,profit
item_7071,4,115.0,24,460.0,2760.0,profit
item_7072,17,71.0,83,1207.0,5893.0,profit
item_7073,30,127.0,24,3810.0,3048.0,profit
item_7074,29,24.0,45,696.0,1080.0,profit
item_7075,1,22.0,61,22.0,1342.0,profit
item_7076,17,33.0,91,561.0,3003.0,profit
item_7077,4,72.0,82,288.0,5904.0,profit
item_7078,13,140.0,18,1820.0,2520.0,profit
item_7079,14,52.0,67,728.0,3484.0,profit
item_7080,18,72.0,57,1296.0,4104.0,profit
item_7081,26,65.0,29,1690.0,1885.0,profit
item_7082,5,25.0,13,125.0,325.0,profit
item_7083,44,104.0,81,4576.0,8424.0,profit
item_7084,39,150.0,34,5850.0,5100.0,profit
item_7085,40,117.0,89,4680.0,10413.0,profit
item_7086,8,118.0,87,944.0,10266.0,profit
item_7087,13,141.0,80,1833.0,11280.0,profit
item_7088,18,119.0,87,2142.0,10353.0,profit
item_7089,33,144.0,58,4752.0,8352.0,profit
item_7090,5,65.0,97,325.0,6305.0,profit
item_7091,46,47.0,90,2162.0,4230.0,profit
item_7092,26,95.0,46,2470.0,4370.0,profit
item_7093,24,79.0,74,1896.0,5846.0,profit
item_7094,10,61.0,80,610.0,4880.0,profit
item_7095,33,55.0,14,1815.0,770.0,profit
item_7096,43,94.0,60,4042.0,5640.0,profit
item_7097,40,83.0,91,3320.0,7553.0,profit
item_7098,42,98.0,50,4116.0,4900.0,profit
item_7099,27,56.0,87,1512.0,4872.0,profit
item_7100,40,73.0,64,2920.0,4672.0,profit
item_7101,44,110.0,98,4840.0,10780.0,profit
item_7102,44,138.0,66,6072.0,9108.0,profit
item_7103,26,107.0,31,2782.0,3317.0,profit
item_7104,38,122.0,25,4636.0,3050.0,profit
item_7105,9,119.0,47,1071.0,5593.0,profit
item_7106,45,55.0,96,2475.0,5280.0,profit
item_7107,34,71.0,31,2414.0,2201.0,profit
item_7108,45,85.0,88,3825.0,7480.0,profit
item_7109,25,90.0,64,2250.0,5760.0,profit
item_7110,47,103.0,70,4841.0,7210.0,profit
item_7111,30,87.0,44,2610.0,3828.0,profit
item_7112,33,82.0,86,2706.0,7052.0,profit
item_7113,23,101.0,61,2323.0,6161.0,profit
item_7114,2,114.0,44,228.0,5016.0,profit
item_7115,11,16.0,42,176.0,672.0,profit
item_7116,5,78.0,64,390.0,4992.0,profit
item_7117,3,131.0,86,393.0,11266.0,profit
item_7118,17,44.0,33,748.0,1452.0,profit
item_7119,6,18.0,65,108.0,1170.0,profit
item_7120,38,112.0,72,4256.0,8064.0,profit
item_7121,47,122.0,18,5734.0,2196.0,profit
item_7122,18,44.0,38,792.0,1672.0,profit
item_7123,12,28.0,10,336.0,280.0,profit
item_7124,15,30.0,46,450.0,1380.0,profit
item_7125,44,28.0,98,1232.0,2744.0,profit
item_7126,8,97.0,14,776.0,1358.0,profit
item_7127,10,85.0,82,850.0,6970.0,profit
item_7128,7,30.0,27,210.0,810.0,profit
item_7129,37,120.0,42,4440.0,5040.0,profit
item_7130,14,126.0,67,1764.0,8442.0,profit
item_7131,14,16.0,47,224.0,752.0,profit
item_7132,5,20.0,22,100.0,440.0,profit
item_7133,37,116.0,58,4292.0,6728.0,profit
item_7134,6,143.0,16,858.0,2288.0,profit
item_7135,31,69.0,67,2139.0,4623.0,profit
item_7136,50,111.0,70,5550.0,7770.0,profit
item_7137,0,83.0,45,0.0,3735.0,loss
item_7138,32,102.0,32,3264.0,3264.0,profit
item_7139,49,145.0,91,7105.0,13195.0,profit
item_7140,19,99.0,73,1881.0,7227.0,profit
item_7141,11,15.0,71,165.0,1065.0,profit
item_7142,2,110.0,15,220.0,1650.0,profit
item_7143,4,138.0,20,552.0,2760.0,profit
item_7144,32,57.0,98,1824.0,5586.0,profit
item_7145,39,43.0,15,1677.0,645.0,profit
item_7146,20,44.0,30,880.0,1320.0,profit
item_7147,1,66.0,21,66.0,1386.0,profit
item_7148,49,59.0,13,2891.0,767.0,profit
item_7149,46,131.0,38,6026.0,4978.0,profit
item_7150,6,56.0,70,336.0,3920.0,profit
item_7151,27,49.0,80,1323.0,3920.0,profit
item_7152,36,125.0,25,4500.0,3125.0,profit
item_7153,43,61.0,94,2623.0,5734.0,profit
item_7154,0,31.0,77,0.0,2387.0,loss
item_7155,16,102.0,75,1632.0,7650.0,profit
item_7156,14,74.0,55,1036.0,4070.0,profit
item_7157,30,128.0,77,3840.0,9856.0,profit
item_7158,8,110.0,45,880.0,4950.0,profit
item_7159,21,16.0,91,336.0,1456.0,profit
item_7160,31,40.0,18,1240.0,720.0,profit
item_7161,11,53.0,67,583.0,3551.0,profit
item_7162,15,115.0,78,1725.0,8970.0,profit
item_7163,3,93.0,45,279.0,4185.0,profit
item_7164,3,67.0,37,201.0,2479.0,profit
item_7165,1,113.0,55,113.0,6215.0,profit
item_7166,34,128.0,65,4352.0,8320.0,profit
item_7167,38,114.0,57,4332.0,6498.0,profit
item_7168,28,124.0,43,3472.0,5332.0,profit
item_7169,47,38.0,78,1786.0,2964.0,profit
item_7170,6,78.0,54,468.0,4212.0,profit
item_7171,47,89.0,45,4183.0,4005.0,profit
item_7172,46,50.0,99,2300.0,4950.0,profit
item_7173,10,110.0,10,1100.0,1100.0,profit
item_7174,31,38.0,98,1178.0,3724.0,profit
item_7175,12,61.0,11,732.0,671.0,profit
item_7176,4,67.0,80,268.0,5360.0,profit
item_7177,44,50.0,87,2200.0,4350.0,profit
item_7178,13,95.0,51,1235.0,4845.0,profit
item_7179,3,98.0,78,294.0,7644.0,profit
item_7180,15,42.0,18,630.0,756.0,profit
item_7181,3,17.0,86,51.0,1462.0,profit
item_7182,45,73.0,26,3285.0,1898.0,profit
item_7183,29,43.0,84,1247.0,3612.0,profit
item_7184,29,27.0,83,783.0,2241.0,profit
item_7185,0,80.0,11,0.0,880.0,loss
item_7186,43,17.0,83,731.0,1411.0,profit
item_7187,38,65.0,69,2470.0,4485.0,profit
item_7188,46,16.0,50,736.0,800.0,profit
item_7189,40,143.0,47,5720.0,6721.0,profit
item_7190,32,145.0,54,4640.0,7830.0,profit
item_7191,20,50.0,32,1000.0,1600.0,profit
item_7192,23,104.0,53,2392.0,5512.0,profit
item_7193,3,137.0,47,411.0,6439.0,profit
item_7194,8,76.0,100,608.0,7600.0,profit
item_7195,38,146.0,53,5548.0,7738.0,profit
item_7196,15,41.0,70,615.0,2870.0,profit
item_7197,3,94.0,70,282.0,6580.0,profit
item_7198,43,68.0,47,2924.0,3196.0,profit
item_7199,38,91.0,14,3458.0,1274.0,profit
item_7200,14,45.0,39,630.0,1755.0,profit
item_7201,24,132.0,79,3168.0,10428.0,profit
item_7202,3,89.0,85,267.0,7565.0,profit
item_7203,16,39.0,44,624.0,1716.0,profit
item_7204,25,33.0,42,825.0,1386.0,profit
item_7205,12,142.0,31,1704.0,4402.0,profit
item_7206,39,42.0,84,1638.0,3528.0,profit
item_7207,0,148.0,58,0.0,8584.0,loss
item_7208,7,127.0,17,889.0,2159.0,profit
item_7209,45,145.0,35,6525.0,5075.0,profit
item_7210,6,114.0,52,684.0,5928.0,profit
item_7211,13,56.0,15,728.0,840.0,profit
item_7212,40,33.0,92,1320.0,3036.0,profit
item_7213,25,30.0,76,750.0,2280.0,profit
item_7214,0,106.0,32,0.0,3392.0,loss
item_7215,17,58.0,99,986.0,5742.0,profit
item_7216,20,92.0,85,1840.0,7820.0,profit
item_7217,14,52.0,82,728.0,4264.0,profit
item_7218,26,131.0,39,3406.0,5109.0,profit
item_7219,18,136.0,36,2448.0,4896.0,profit
item_7220,36,139.0,52,5004.0,7228.0,profit
item_7221,36,89.0,51,3204.0,4539.0,profit
item_7222,40,19.0,14,760.0,266.0,profit
item_7223,38,82.0,46,3116.0,3772.0,profit
item_7224,32,129.0,42,4128.0,5418.0,profit
item_7225,21,54.0,28,1134.0,1512.0,profit
item_7226,39,28.0,70,1092.0,1960.0,profit
item_7227,7,123.0,37,861.0,4551.0,profit
item_7228,6,97.0,66,582.0,6402.0,profit
item_7229,6,15.0,87,90.0,1305.0,profit
item_7230,45,95.0,45,4275.0,4275.0,profit
item_7231,21,129.0,83,2709.0,10707.0,profit
item_7232,27,142.0,43,3834.0,6106.0,profit
item_7233,46,98.0,63,4508.0,6174.0,profit
item_7234,39,128.0,65,4992.0,8320.0,profit
item_7235,44,50.0,52,2200.0,2600.0,profit
item_7236,10,126.0,34,1260.0,4284.0,profit
item_7237,34,142.0,53,4828.0,7526.0,profit
item_7238,39,33.0,37,1287.0,1221.0,profit
item_7239,15,137.0,61,2055.0,8357.0,profit
item_7240,43,16.0,88,688.0,1408.0,profit
item_7241,10,54.0,23,540.0,1242.0,profit
item_7242,34,140.0,42,4760.0,5880.0,profit
item_7243,29,45.0,26,1305.0,1170.0,profit
item_7244,10,52.0,33,520.0,1716.0,profit
item_7245,11,62.0,59,682.0,3658.0,profit
item_7246,31,81.0,69,2511.0,5589.0,profit
item_7247,40,21.0,15,840.0,315.0,profit
item_7248,11,123.0,25,1353.0,3075.0,profit
item_7249,43,59.0,43,2537.0,2537.0,profit
item_7250,33,137.0,47,4521.0,6439.0,profit
item_7251,34,77.0,55,2618.0,4235.0,profit
item_7252,27,78.0,47,2106.0,3666.0,profit
item_7253,44,36.0,26,1584.0,936.0,profit
item_7254,47,23.0,56,1081.0,1288.0,profit
item_7255,41,98.0,81,4018.0,7938.0,profit
item_7256,48,43.0,77,2064.0,3311.0,profit
item_7257,6,94.0,75,564.0,7050.0,profit
item_7258,36,66.0,28,2376.0,1848.0,profit
item_7259,33,16.0,83,528.0,1328.0,profit
item_7260,3,109.0,25,327.0,2725.0,profit
item_7261,0,150.0,26,0.0,3900.0,loss
item_7262,27,137.0,44,3699.0,6028.0,profit
item_7263,11,19.0,37,209.0,703.0,profit
item_7264,23,125.0,51,2875.0,6375.0,profit
item_7265,10,119.0,60,1190.0,7140.0,profit
item_7266,9,74.0,68,666.0,5032.0,profit
item_7267,31,70.0,56,2170.0,3920.0,profit
item_7268,13,48.0,83,624.0,3984.0,profit
item_7269,8,22.0,100,176.0,2200.0,profit
item_7270,25,28.0,47,700.0,1316.0,profit
item_7271,43,113.0,91,4859.0,10283.0,profit
item_7272,6,53.0,31,318.0,1643.0,profit
item_7273,8,80.0,51,640.0,4080.0,profit
item_7274,5,85.0,61,425.0,5185.0,profit
item_7275,22,81.0,78,1782.0,6318.0,profit
item_7276,23,150.0,81,3450.0,12150.0,profit
item_7277,46,21.0,65,966.0,1365.0,profit
item_7278,38,72.0,75,2736.0,5400.0,profit
item_7279,26,70.0,79,1820.0,5530.0,profit
item_7280,20,94.0,93,1880.0,8742.0,profit
item_7281,34,120.0,49,4080.0,5880.0,profit
item_7282,38,52.0,43,1976.0,2236.0,profit
item_7283,0,115.0,96,0.0,11040.0,loss
item_7284,26,83.0,100,2158.0,8300.0,profit
item_7285,41,85.0,53,3485.0,4505.0,profit
item_7286,19,114.0,95,2166.0,10830.0,profit
item_7287,33,137.0,86,4521.0,11782.0,profit
item_7288,46,134.0,73,6164.0,9782.0,profit
item_7289,15,69.0,66,1035.0,4554.0,profit
item_7290,39,32.0,51,1248.0,1632.0,profit
item_7291,29,87.0,56,2523.0,4872.0,profit
item_7292,47,90.0,12,4230.0,1080.0,profit
item_7293,18,105.0,82,1890.0,8610.0,profit
item_7294,27,139.0,61,3753.0,8479.0,profit
item_7295,8,71.0,55,568.0,3905.0,profit
item_7296,25,99.0,99,2475.0,9801.0,profit
item_7297,44,61.0,39,2684.0,2379.0,profit
item_7298,35,102.0,14,3570.0,1428.0,profit
item_7299,21,44.0,35,924.0,1540.0,profit
item_7300,26,94.0,28,2444.0,2632.0,profit
item_7301,26,129.0,71,3354.0,9159.0,profit
item_7302,8,41.0,99,328.0,4059.0,profit
item_7303,49,67.0,70,3283.0,4690.0,profit
item_7304,15,130.0,62,1950.0,8060.0,profit
item_7305,14,72.0,62,1008.0,4464.0,profit
item_7306,25,70.0,66,1750.0,4620.0,profit
item_7307,18,97.0,11,1746.0,1067.0,profit
item_7308,19,113.0,100,2147.0,11300.0,profit
item_7309,43,114.0,94,4902.0,10716.0,profit
item_7310,32,36.0,86,1152.0,3096.0,profit
item_7311,24,26.0,34,624.0,884.0,profit
item_7312,26,145.0,38,3770.0,5510.0,profit
item_7313,11,49.0,22,539.0,1078.0,profit
item_7314,6,118.0,62,708.0,7316.0,profit
item_7315,19,53.0,51,1007.0,2703.0,profit
item_7316,45,86.0,11,3870.0,946.0,profit
item_7317,18,91.0,52,1638.0,4732.0,profit
item_7318,1,109.0,98,109.0,10682.0,profit
item_7319,31,72.0,44,2232.0,3168.0,profit
item_7320,31,73.0,72,2263.0,5256.0,profit
item_7321,35,144.0,74,5040.0,10656.0,profit
item_7322,41,39.0,35,1599.0,1365.0,profit
item_7323,27,127.0,46,3429.0,5842.0,profit
item_7324,17,149.0,60,2533.0,8940.0,profit
item_7325,20,29.0,36,580.0,1044.0,profit
item_7326,4,24.0,87,96.0,2088.0,profit
item_7327,14,123.0,16,1722.0,1968.0,profit
item_7328,9,59.0,21,531.0,1239.0,profit
item_7329,50,18.0,14,900.0,252.0,profit
item_7330,32,80.0,98,2560.0,7840.0,profit
item_7331,23,125.0,87,2875.0,10875.0,profit
item_7332,31,51.0,76,1581.0,3876.0,profit
item_7333,42,113.0,70,4746.0,7910.0,profit
item_7334,31,32.0,37,992.0,1184.0,profit
item_7335,21,80.0,52,1680.0,4160.0,profit
item_7336,19,150.0,72,2850.0,10800.0,profit
item_7337,20,89.0,98,1780.0,8722.0,profit
item_7338,46,144.0,66,6624.0,9504.0,profit
item_7339,13,133.0,74,1729.0,9842.0,profit
item_7340,6,145.0,21,870.0,3045.0,profit
item_7341,19,72.0,41,1368.0,2952.0,profit
item_7342,9,121.0,44,1089.0,5324.0,profit
item_7343,38,54.0,94,2052.0,5076.0,profit
item_7344,25,61.0,84,1525.0,5124.0,profit
item_7345,16,136.0,89,2176.0,12104.0,profit
item_7346,37,67.0,52,2479.0,3484.0,profit
item_7347,35,74.0,67,2590.0,4958.0,profit
item_7348,9,37.0,56,333.0,2072.0,profit
item_7349,47,147.0,72,6909.0,10584.0,profit
item_7350,40,144.0,16,5760.0,2304.0,profit
item_7351,10,135.0,52,1350.0,7020.0,profit
item_7352,48,26.0,51,1248.0,1326.0,profit
item_7353,30,80.0,57,2400.0,4560.0,profit
item_7354,48,130.0,35,6240.0,4550.0,profit
item_7355,28,106.0,24,2968.0,2544.0,profit
item_7356,12,124.0,70,1488.0,8680.0,profit
item_7357,29,109.0,33,3161.0,3597.0,profit
item_7358,18,102.0,58,1836.0,5916.0,profit
item_7359,44,72.0,95,3168.0,6840.0,profit
item_7360,26,54.0,41,1404.0,2214.0,profit
item_7361,11,137.0,32,1507.0,4384.0,profit
item_7362,4,113.0,96,452.0,10848.0,profit
item_7363,9,49.0,11,441.0,539.0,profit
item_7364,20,57.0,12,1140.0,684.0,profit
item_7365,28,59.0,45,1652.0,2655.0,profit
item_7366,10,147.0,55,1470.0,8085.0,profit
item_7367,45,101.0,30,4545.0,3030.0,profit
item_7368,45,56.0,20,2520.0,1120.0,profit
item_7369,10,55.0,44,550.0,2420.0,profit
item_7370,24,35.0,51,840.0,1785.0,profit
item_7371,40,27.0,47,1080.0,1269.0,profit
item_7372,12,60.0,22,720.0,1320.0,profit
item_7373,8,105.0,19,840.0,1995.0,profit
item_7374,1,125.0,76,125.0,9500.0,profit
item_7375,44,98.0,35,4312.0,3430.0,profit
item_7376,45,15.0,55,675.0,825.0,profit
item_7377,8,29.0,32,232.0,928.0,profit
item_7378,42,48.0,41,2016.0,1968.0,profit
item_7379,6,85.0,81,510.0,6885.0,profit
item_7380,39,38.0,60,1482.0,2280.0,profit
item_7381,4,118.0,96,472.0,11328.0,profit
item_7382,50,149.0,55,7450.0,8195.0,profit
item_7383,45,133.0,43,5985.0,5719.0,profit
item_7384,3,75.0,30,225.0,2250.0,profit
item_7385,7,75.0,82,525.0,6150.0,profit
item_7386,37,59.0,97,2183.0,5723.0,profit
item_7387,47,74.0,67,3478.0,4958.0,profit
item_7388,40,15.0,14,600.0,210.0,profit
item_7389,49,85.0,29,4165.0,2465.0,profit
item_7390,32,132.0,72,4224.0,9504.0,profit
item_7391,14,62.0,71,868.0,4402.0,profit
item_7392,31,136.0,98,4216.0,13328.0,profit
item_7393,4,90.0,19,360.0,1710.0,profit
item_7394,39,81.0,10,3159.0,810.0,profit
item_7395,40,93.0,30,3720.0,2790.0,profit
item_7396,46,117.0,85,5382.0,9945.0,profit
item_7397,12,37.0,48,444.0,1776.0,profit
item_7398,34,17.0,71,578.0,1207.0,profit
item_7399,9,21.0,60,189.0,1260.0,profit
item_7400,29,23.0,59,667.0,1357.0,profit
item_7401,28,110.0,67,3080.0,7370.0,profit
item_7402,50,74.0,42,3700.0,3108.0,profit
item_7403,41,60.0,57,2460.0,3420.0,profit
item_7404,33,52.0,58,1716.0,3016.0,profit
item_7405,20,58.0,28,1160.0,1624.0,profit
item_7406,24,87.0,42,2088.0,3654.0,profit
item_7407,4,62.0,91,248.0,5642.0,profit
item_7408,48,86.0,60,4128.0,5160.0,profit
item_7409,9,73.0,51,657.0,3723.0,profit
item_7410,18,63.0,77,1134.0,4851.0,profit
item_7411,44,18.0,80,792.0,1440.0,profit
item_7412,32,84.0,45,2688.0,3780.0,profit
item_7413,50,101.0,17,5050.0,1717.0,profit
item_7414,41,72.0,85,2952.0,6120.0,profit
item_7415,29,93.0,97,2697.0,9021.0,profit
item_7416,35,87.0,34,3045.0,2958.0,profit
item_7417,6,51.0,55,306.0,2805.0,profit
item_7418,29,84.0,43,2436.0,3612.0,profit
item_7419,34,41.0,30,1394.0,1230.0,profit
item_7420,36,50.0,34,1800.0,1700.0,profit
item_7421,35,34.0,98,1190.0,3332.0,profit
item_7422,38,146.0,69,5548.0,10074.0,profit
item_7423,5,16.0,35,80.0,560.0,profit
item_7424,37,75.0,83,2775.0,6225.0,profit
item_7425,47,138.0,67,6486.0,9246.0,profit
item_7426,42,109.0,69,4578.0,7521.0,profit
item_7427,4,97.0,43,388.0,4171.0,profit
item_7428,20,56.0,49,1120.0,2744.0,profit
item_7429,46,27.0,15,1242.0,405.0,profit
item_7430,40,97.0,47,3880.0,4559.0,profit
item_7431,38,79.0,85,3002.0,6715.0,profit
item_7432,10,44.0,57,440.0,2508.0,profit
item_7433,49,107.0,64,5243.0,6848.0,profit
item_7434,23,109.0,93,2507.0,10137.0,profit
item_7435,13,132.0,59,1716.0,7788.0,profit
item_7436,5,140.0,80,700.0,11200.0,profit
item_7437,29,29.0,13,841.0,377.0,profit
item_7438,1,147.0,19,147.0,2793.0,profit
item_7439,45,125.0,27,5625.0,3375.0,profit
item_7440,50,29.0,43,1450.0,1247.0,profit
item_7441,22,145.0,53,3190.0,7685.0,profit
item_7442,24,121.0,50,2904.0,6050.0,profit
item_7443,13,75.0,67,975.0,5025.0,profit
item_7444,31,28.0,33,868.0,924.0,profit
item_7445,13,90.0,15,1170.0,1350.0,profit
item_7446,9,49.0,57,441.0,2793.0,profit
item_7447,11,30.0,79,330.0,2370.0,profit
item_7448,25,40.0,64,1000.0,2560.0,profit
item_7449,37,83.0,44,3071.0,3652.0,profit
item_7450,36,91.0,79,3276.0,7189.0,profit
item_7451,42,93.0,71,3906.0,6603.0,profit
item_7452,41,81.0,30,3321.0,2430.0,profit
item_7453,27,24.0,64,648.0,1536.0,profit
item_7454,39,121.0,16,4719.0,1936.0,profit
item_7455,26,124.0,74,3224.0,9176.0,profit
item_7456,30,132.0,28,3960.0,3696.0,profit
item_7457,25,117.0,81,2925.0,9477.0,profit
item_7458,48,130.0,86,6240.0,11180.0,profit
item_7459,6,60.0,59,360.0,3540.0,profit
item_7460,15,148.0,37,2220.0,5476.0,profit
item_7461,14,89.0,76,1246.0,6764.0,profit
item_7462,48,94.0,12,4512.0,1128.0,profit
item_7463,46,28.0,55,1288.0,1540.0,profit
item_7464,3,81.0,91,243.0,7371.0,profit
item_7465,36,149.0,52,5364.0,7748.0,profit
item_7466,45,87.0,82,3915.0,7134.0,profit
item_7467,43,19.0,14,817.0,266.0,profit
item_7468,13,80.0,58,1040.0,4640.0,profit
item_7469,45,88.0,51,3960.0,4488.0,profit
item_7470,12,23.0,70,276.0,1610.0,profit
item_7471,50,124.0,87,6200.0,10788.0,profit
item_7472,36,141.0,96,5076.0,13536.0,profit
item_7473,46,25.0,75,1150.0,1875.0,profit
item_7474,31,46.0,16,1426.0,736.0,profit
item_7475,34,118.0,64,4012.0,7552.0,profit
item_7476,1,140.0,77,140.0,10780.0,profit
item_7477,11,75.0,54,825.0,4050.0,profit
item_7478,13,137.0,93,1781.0,12741.0,profit
item_7479,36,114.0,81,4104.0,9234.0,profit
item_7480,25,104.0,28,2600.0,2912.0,profit
item_7481,11,85.0,79,935.0,6715.0,profit
item_7482,9,90.0,29,810.0,2610.0,profit
item_7483,27,47.0,25,1269.0,1175.0,profit
item_7484,44,44.0,65,1936.0,2860.0,profit
item_7485,9,94.0,50,846.0,4700.0,profit
item_7486,23,122.0,32,2806.0,3904.0,profit
item_7487,16,30.0,56,480.0,1680.0,profit
item_7488,18,39.0,25,702.0,975.0,profit
item_7489,12,51.0,81,612.0,4131.0,profit
item_7490,36,113.0,57,4068.0,6441.0,profit
item_7491,31,129.0,13,3999.0,1677.0,profit
item_7492,20,51.0,32,1020.0,1632.0,profit
item_7493,22,89.0,15,1958.0,1335.0,profit
item_7494,27,111.0,35,2997.0,3885.0,profit
item_7495,19,71.0,17,1349.0,1207.0,profit
item_7496,15,36.0,56,540.0,2016.0,profit
item_7497,50,92.0,52,4600.0,4784.0,profit
item_7498,36,104.0,86,3744.0,8944.0,profit
item_7499,19,125.0,80,2375.0,10000.0,profit
item_7500,46,96.0,46,4416.0,4416.0,profit
item_7501,39,123.0,81,4797.0,9963.0,profit
item_7502,15,38.0,66,570.0,2508.0,profit
item_7503,15,90.0,39,1350.0,3510.0,profit
item_7504,9,104.0,36,936.0,3744.0,profit
item_7505,21,48.0,39,1008.0,1872.0,profit
item_7506,41,33.0,60,1353.0,1980.0,profit
item_7507,11,99.0,43,1089.0,4257.0,profit
item_7508,25,123.0,49,3075.0,6027.0,profit
item_7509,26,39.0,42,1014.0,1638.0,profit
item_7510,48,44.0,70,2112.0,3080.0,profit
item_7511,9,69.0,88,621.0,6072.0,profit
item_7512,42,92.0,43,3864.0,3956.0,profit
item_7513,21,43.0,81,903.0,3483.0,profit
item_7514,33,21.0,94,693.0,1974.0,profit
item_7515,19,136.0,11,2584.0,1496.0,profit
item_7516,20,91.0,99,1820.0,9009.0,profit
item_7517,32,112.0,96,3584.0,10752.0,profit
item_7518,7,16.0,70,112.0,1120.0,profit
item_7519,7,72.0,18,504.0,1296.0,profit
item_7520,46,36.0,39,1656.0,1404.0,profit
item_7521,1,121.0,46,121.0,5566.0,profit
item_7522,26,29.0,53,754.0,1537.0,profit
item_7523,18,128.0,90,2304.0,11520.0,profit
item_7524,11,123.0,72,1353.0,8856.0,profit
item_7525,21,126.0,66,2646.0,8316.0,profit
item_7526,16,41.0,82,656.0,3362.0,profit
item_7527,12,100.0,25,1200.0,2500.0,profit
item_7528,30,147.0,48,4410.0,7056.0,profit
item_7529,6,21.0,80,126.0,1680.0,profit
item_7530,22,18.0,60,396.0,1080.0,profit
item_7531,39,124.0,30,4836.0,3720.0,profit
item_7532,7,135.0,35,945.0,4725.0,profit
item_7533,31,140.0,23,4340.0,3220.0,profit
item_7534,0,35.0,16,0.0,560.0,loss
item_7535,7,110.0,20,770.0,2200.0,profit
item_7536,50,60.0,66,3000.0,3960.0,profit
item_7537,32,61.0,38,1952.0,2318.0,profit
item_7538,47,68.0,54,3196.0,3672.0,profit
item_7539,20,88.0,39,1760.0,3432.0,profit
item_7540,25,72.0,83,1800.0,5976.0,profit
item_7541,33,87.0,63,2871.0,5481.0,profit
item_7542,22,86.0,62,1892.0,5332.0,profit
item_7543,16,55.0,37,880.0,2035.0,profit
item_7544,0,107.0,51,0.0,5457.0,loss
item_7545,11,79.0,31,869.0,2449.0,profit
item_7546,35,22.0,89,770.0,1958.0,profit
item_7547,38,108.0,85,4104.0,9180.0,profit
item_7548,5,142.0,97,710.0,13774.0,profit
item_7549,50,59.0,47,2950.0,2773.0,profit
item_7550,42,91.0,67,3822.0,6097.0,profit
item_7551,25,140.0,37,3500.0,5180.0,profit
item_7552,9,78.0,51,702.0,3978.0,profit
item_7553,32,126.0,82,4032.0,10332.0,profit
item_7554,23,99.0,44,2277.0,4356.0,profit
item_7555,9,39.0,50,351.0,1950.0,profit
item_7556,48,58.0,55,2784.0,3190.0,profit
item_7557,7,98.0,26,686.0,2548.0,profit
item_7558,29,124.0,75,3596.0,9300.0,profit
item_7559,6,16.0,29,96.0,464.0,profit
item_7560,25,18.0,61,450.0,1098.0,profit
item_7561,13,31.0,43,403.0,1333.0,profit
item_7562,4,102.0,55,408.0,5610.0,profit
item_7563,18,49.0,64,882.0,3136.0,profit
item_7564,33,86.0,57,2838.0,4902.0,profit
item_7565,7,36.0,45,252.0,1620.0,profit
item_7566,16,111.0,79,1776.0,8769.0,profit
item_7567,25,145.0,38,3625.0,5510.0,profit
item_7568,28,132.0,24,3696.0,3168.0,profit
item_7569,25,32.0,60,800.0,1920.0,profit
item_7570,34,73.0,37,2482.0,2701.0,profit
item_7571,40,77.0,10,3080.0,770.0,profit
item_7572,6,130.0,10,780.0,1300.0,profit
item_7573,31,99.0,18,3069.0,1782.0,profit
item_7574,38,123.0,43,4674.0,5289.0,profit
item_7575,27,51.0,90,1377.0,4590.0,profit
item_7576,42,130.0,84,5460.0,10920.0,profit
item_7577,42,82.0,78,3444.0,6396.0,profit
item_7578,47,145.0,32,6815.0,4640.0,profit
item_7579,38,47.0,72,1786.0,3384.0,profit
item_7580,5,106.0,89,530.0,9434.0,profit
item_7581,18,114.0,50,2052.0,5700.0,profit
item_7582,28,118.0,54,3304.0,6372.0,profit
item_7583,0,30.0,98,0.0,2940.0,loss
item_7584,27,44.0,80,1188.0,3520.0,profit
item_7585,33,84.0,28,2772.0,2352.0,profit
item_7586,7,107.0,59,749.0,6313.0,profit
item_7587,31,62.0,58,1922.0,3596.0,profit
item_7588,45,45.0,97,2025.0,4365.0,profit
item_7589,3,146.0,14,438.0,2044.0,profit
item_7590,45,97.0,72,4365.0,6984.0,profit
item_7591,14,65.0,84,910.0,5460.0,profit
item_7592,15,121.0,22,1815.0,2662.0,profit
item_7593,1,23.0,44,23.0,1012.0,profit
item_7594,27,31.0,45,837.0,1395.0,profit
item_7595,43,70.0,73,3010.0,5110.0,profit
item_7596,31,75.0,77,2325.0,5775.0,profit
item_7597,1,81.0,76,81.0,6156.0,profit
item_7598,45,51.0,19,2295.0,969.0,profit
item_7599,2,86.0,20,172.0,1720.0,profit
item_7600,27,119.0,94,3213.0,11186.0,profit
item_7601,20,127.0,12,2540.0,1524.0,profit
item_7602,45,85.0,21,3825.0,1785.0,profit
item_7603,38,144.0,64,5472.0,9216.0,profit
item_7604,29,74.0,31,2146.0,2294.0,profit
item_7605,21,45.0,38,945.0,1710.0,profit
item_7606,7,35.0,68,245.0,2380.0,profit
item_7607,23,147.0,37,3381.0,5439.0,profit
item_7608,2,120.0,59,240.0,7080.0,profit
item_7609,28,48.0,41,1344.0,1968.0,profit
item_7610,39,102.0,77,3978.0,7854.0,profit
item_7611,37,55.0,63,2035.0,3465.0,profit
item_7612,21,84.0,14,1764.0,1176.0,profit
item_7613,44,147.0,61,6468.0,8967.0,profit
item_7614,16,137.0,72,2192.0,9864.0,profit
item_7615,41,124.0,27,5084.0,3348.0,profit
item_7616,10,127.0,20,1270.0,2540.0,profit
item_7617,36,137.0,77,4932.0,10549.0,profit
item_7618,29,142.0,28,4118.0,3976.0,profit
item_7619,31,98.0,49,3038.0,4802.0,profit
item_7620,47,45.0,46,2115.0,2070.0,profit
item_7621,0,65.0,19,0.0,1235.0,loss
item_7622,47,53.0,65,2491.0,3445.0,profit
item_7623,2,28.0,37,56.0,1036.0,profit
item_7624,2,16.0,30,32.0,480.0,profit
item_7625,29,123.0,32,3567.0,3936.0,profit
item_7626,10,21.0,25,210.0,525.0,profit
item_7627,25,150.0,79,3750.0,11850.0,profit
item_7628,21,19.0,96,399.0,1824.0,profit
item_7629,21,107.0,15,2247.0,1605.0,profit
item_7630,22,37.0,30,814.0,1110.0,profit
item_7631,3,79.0,41,237.0,3239.0,profit
item_7632,3,117.0,49,351.0,5733.0,profit
item_7633,10,141.0,13,1410.0,1833.0,profit
item_7634,25,31.0,13,775.0,403.0,profit
item_7635,41,107.0,95,4387.0,10165.0,profit
item_7636,49,114.0,69,5586.0,7866.0,profit
item_7637,31,17.0,35,527.0,595.0,profit
item_7638,49,103.0,17,5047.0,1751.0,profit
item_7639,50,66.0,71,3300.0,4686.0,profit
item_7640,19,32.0,38,608.0,1216.0,profit
item_7641,6,89.0,26,534.0,2314.0,profit
item_7642,29,128.0,78,3712.0,9984.0,profit
item_7643,37,113.0,91,4181.0,10283.0,profit
item_7644,7,114.0,70,798.0,7980.0,profit
item_7645,5,121.0,60,605.0,7260.0,profit
item_7646,38,58.0,20,2204.0,1160.0,profit
item_7647,5,130.0,18,650.0,2340.0,profit
item_7648,19,100.0,26,1900.0,2600.0,profit
item_7649,28,48.0,63,1344.0,3024.0,profit
item_7650,2,53.0,31,106.0,1643.0,profit
item_7651,9,31.0,33,279.0,1023.0,profit
item_7652,0,19.0,22,0.0,418.0,loss
item_7653,39,68.0,94,2652.0,6392.0,profit
item_7654,10,120.0,28,1200.0,3360.0,profit
item_7655,4,142.0,15,568.0,2130.0,profit
item_7656,15,54.0,36,810.0,1944.0,profit
item_7657,39,56.0,25,2184.0,1400.0,profit
item_7658,46,106.0,25,4876.0,2650.0,profit
item_7659,26,89.0,44,2314.0,3916.0,profit
item_7660,38,31.0,22,1178.0,682.0,profit
item_7661,50,36.0,77,1800.0,2772.0,profit
item_7662,3,98.0,70,294.0,6860.0,profit
item_7663,2,140.0,30,280.0,4200.0,profit
item_7664,14,144.0,41,2016.0,5904.0,profit
item_7665,43,116.0,19,4988.0,2204.0,profit
item_7666,49,90.0,90,4410.0,8100.0,profit
item_7667,44,95.0,85,4180.0,8075.0,profit
item_7668,47,150.0,65,7050.0,9750.0,profit
item_7669,30,18.0,13,540.0,234.0,profit
item_7670,13,53.0,25,689.0,1325.0,profit
item_7671,35,62.0,80,2170.0,4960.0,profit
item_7672,11,47.0,77,517.0,3619.0,profit
item_7673,49,147.0,35,7203.0,5145.0,profit
item_7674,40,129.0,96,5160.0,12384.0,profit
item_7675,37,46.0,34,1702.0,1564.0,profit
item_7676,10,129.0,67,1290.0,8643.0,profit
item_7677,9,83.0,25,747.0,2075.0,profit
item_7678,31,98.0,61,3038.0,5978.0,profit
item_7679,0,41.0,80,0.0,3280.0,loss
item_7680,21,27.0,87,567.0,2349.0,profit
item_7681,2,87.0,88,174.0,7656.0,profit
item_7682,14,137.0,31,1918.0,4247.0,profit
item_7683,23,120.0,28,2760.0,3360.0,profit
item_7684,48,88.0,32,4224.0,2816.0,profit
item_7685,39,140.0,84,5460.0,11760.0,profit
item_7686,37,101.0,88,3737.0,8888.0,profit
item_7687,0,18.0,79,0.0,1422.0,loss
item_7688,9,33.0,97,297.0,3201.0,profit
item_7689,9,125.0,88,1125.0,11000.0,profit
item_7690,40,47.0,100,1880.0,4700.0,profit
item_7691,31,76.0,88,2356.0,6688.0,profit
item_7692,40,67.0,34,2680.0,2278.0,profit
item_7693,24,131.0,45,3144.0,5895.0,profit
item_7694,15,105.0,95,1575.0,9975.0,profit
item_7695,1,75.0,57,75.0,4275.0,profit
item_7696,3,104.0,38,312.0,3952.0,profit
item_7697,8,96.0,98,768.0,9408.0,profit
item_7698,35,107.0,63,3745.0,6741.0,profit
item_7699,12,124.0,65,1488.0,8060.0,profit
item_7700,48,91.0,69,4368.0,6279.0,profit
item_7701,49,59.0,74,2891.0,4366.0,profit
item_7702,32,95.0,60,3040.0,5700.0,profit
item_7703,6,39.0,100,234.0,3900.0,profit
item_7704,21,127.0,27,2667.0,3429.0,profit
item_7705,17,101.0,21,1717.0,2121.0,profit
item_7706,13,65.0,42,845.0,2730.0,profit
item_7707,27,68.0,66,1836.0,4488.0,profit
item_7708,10,148.0,26,1480.0,3848.0,profit
item_7709,0,77.0,95,0.0,7315.0,loss
item_7710,43,138.0,67,5934.0,9246.0,profit
item_7711,9,42.0,100,378.0,4200.0,profit
item_7712,49,66.0,52,3234.0,3432.0,profit
item_7713,28,15.0,74,420.0,1110.0,profit
item_7714,43,58.0,51,2494.0,2958.0,profit
item_7715,28,110.0,16,3080.0,1760.0,profit
item_7716,49,135.0,82,6615.0,11070.0,profit
item_7717,37,22.0,57,814.0,1254.0,profit
item_7718,32,137.0,44,4384.0,6028.0,profit
item_7719,27,113.0,66,3051.0,7458.0,profit
item_7720,14,83.0,37,1162.0,3071.0,profit
item_7721,25,94.0,53,2350.0,4982.0,profit
item_7722,48,96.0,26,4608.0,2496.0,profit
item_7723,46,22.0,100,1012.0,2200.0,profit
item_7724,47,137.0,76,6439.0,10412.0,profit
item_7725,1,150.0,38,150.0,5700.0,profit
item_7726,29,97.0,62,2813.0,6014.0,profit
item_7727,29,33.0,16,957.0,528.0,profit
item_7728,38,127.0,87,4826.0,11049.0,profit
item_7729,37,111.0,67,4107.0,7437.0,profit
item_7730,40,16.0,100,640.0,1600.0,profit
item_7731,18,92.0,94,1656.0,8648.0,profit
item_7732,50,65.0,67,3250.0,4355.0,profit
item_7733,28,48.0,86,1344.0,4128.0,profit
item_7734,20,35.0,81,700.0,2835.0,profit
item_7735,8,99.0,95,792.0,9405.0,profit
item_7736,48,61.0,82,2928.0,5002.0,profit
item_7737,27,117.0,52,3159.0,6084.0,profit
item_7738,20,133.0,56,2660.0,7448.0,profit
item_7739,5,124.0,83,620.0,10292.0,profit
item_7740,9,58.0,69,522.0,4002.0,profit
item_7741,3,86.0,19,258.0,1634.0,profit
item_7742,21,113.0,19,2373.0,2147.0,profit
item_7743,11,51.0,78,561.0,3978.0,profit
item_7744,6,111.0,98,666.0,10878.0,profit
item_7745,8,132.0,48,1056.0,6336.0,profit
item_7746,48,22.0,91,1056.0,2002.0,profit
item_7747,50,69.0,81,3450.0,5589.0,profit
item_7748,12,119.0,78,1428.0,9282.0,profit
item_7749,40,140.0,76,5600.0,10640.0,profit
item_7750,5,123.0,96,615.0,11808.0,profit
item_7751,0,18.0,88,0.0,1584.0,loss
item_7752,27,59.0,86,1593.0,5074.0,profit
item_7753,20,81.0,70,1620.0,5670.0,profit
item_7754,19,73.0,33,1387.0,2409.0,profit
item_7755,10,33.0,66,330.0,2178.0,profit
item_7756,23,65.0,44,1495.0,2860.0,profit
item_7757,30,62.0,27,1860.0,1674.0,profit
item_7758,17,72.0,70,1224.0,5040.0,profit
item_7759,3,140.0,86,420.0,12040.0,profit
item_7760,50,149.0,60,7450.0,8940.0,profit
item_7761,12,16.0,31,192.0,496.0,profit
item_7762,2,68.0,78,136.0,5304.0,profit
item_7763,27,23.0,25,621.0,575.0,profit
item_7764,43,77.0,26,3311.0,2002.0,profit
item_7765,0,71.0,19,0.0,1349.0,loss
item_7766,10,18.0,13,180.0,234.0,profit
item_7767,28,17.0,56,476.0,952.0,profit
item_7768,29,129.0,33,3741.0,4257.0,profit
item_7769,31,20.0,54,620.0,1080.0,profit
item_7770,29,54.0,72,1566.0,3888.0,profit
item_7771,44,69.0,82,3036.0,5658.0,profit
item_7772,21,111.0,97,2331.0,10767.0,profit
item_7773,2,84.0,57,168.0,4788.0,profit
item_7774,19,126.0,89,2394.0,11214.0,profit
item_7775,22,63.0,11,1386.0,693.0,profit
item_7776,31,38.0,52,1178.0,1976.0,profit
item_7777,42,48.0,52,2016.0,2496.0,profit
item_7778,4,146.0,68,584.0,9928.0,profit
item_7779,50,23.0,21,1150.0,483.0,profit
item_7780,26,52.0,15,1352.0,780.0,profit
item_7781,26,44.0,49,1144.0,2156.0,profit
item_7782,44,98.0,56,4312.0,5488.0,profit
item_7783,30,51.0,94,1530.0,4794.0,profit
item_7784,25,136.0,58,3400.0,7888.0,profit
item_7785,41,65.0,90,2665.0,5850.0,profit
item_7786,15,27.0,26,405.0,702.0,profit
item_7787,21,127.0,81,2667.0,10287.0,profit
item_7788,5,98.0,27,490.0,2646.0,profit
item_7789,12,133.0,74,1596.0,9842.0,profit
item_7790,6,120.0,65,720.0,7800.0,profit
item_7791,27,107.0,47,2889.0,5029.0,profit
item_7792,42,74.0,17,3108.0,1258.0,profit
item_7793,29,131.0,56,3799.0,7336.0,profit
item_7794,46,20.0,85,920.0,1700.0,profit
item_7795,3,115.0,12,345.0,1380.0,profit
item_7796,3,76.0,47,228.0,3572.0,profit
item_7797,49,32.0,54,1568.0,1728.0,profit
item_7798,1,129.0,92,129.0,11868.0,profit
item_7799,31,88.0,48,2728.0,4224.0,profit
item_7800,35,83.0,35,2905.0,2905.0,profit
item_7801,37,106.0,81,3922.0,8586.0,profit
item_7802,21,102.0,39,2142.0,3978.0,profit
item_7803,15,42.0,73,630.0,3066.0,profit
item_7804,31,63.0,95,1953.0,5985.0,profit
item_7805,19,27.0,79,513.0,2133.0,profit
item_7806,37,120.0,71,4440.0,8520.0,profit
item_7807,40,47.0,95,1880.0,4465.0,profit
item_7808,29,117.0,33,3393.0,3861.0,profit
item_7809,2,114.0,19,228.0,2166.0,profit
item_7810,7,134.0,87,938.0,11658.0,profit
item_7811,10,144.0,91,1440.0,13104.0,profit
item_7812,14,75.0,82,1050.0,6150.0,profit
item_7813,11,40.0,65,440.0,2600.0,profit
item_7814,43,46.0,93,1978.0,4278.0,profit
item_7815,36,44.0,44,1584.0,1936.0,profit
item_7816,4,140.0,66,560.0,9240.0,profit
item_7817,0,100.0,64,0.0,6400.0,loss
item_7818,7,95.0,95,665.0,9025.0,profit
item_7819,24,80.0,72,1920.0,5760.0,profit
item_7820,26,72.0,23,1872.0,1656.0,profit
item_7821,11,124.0,42,1364.0,5208.0,profit
item_7822,10,69.0,44,690.0,3036.0,profit
item_7823,14,87.0,16,1218.0,1392.0,profit
item_7824,22,58.0,98,1276.0,5684.0,profit
item_7825,19,114.0,77,2166.0,8778.0,profit
item_7826,10,97.0,47,970.0,4559.0,profit
item_7827,5,62.0,19,310.0,1178.0,profit
item_7828,20,72.0,50,1440.0,3600.0,profit
item_7829,25,90.0,96,2250.0,8640.0,profit
item_7830,27,127.0,35,3429.0,4445.0,profit
item_7831,27,147.0,64,3969.0,9408.0,profit
item_7832,9,22.0,99,198.0,2178.0,profit
item_7833,18,87.0,49,1566.0,4263.0,profit
item_7834,32,44.0,50,1408.0,2200.0,profit
item_7835,26,100.0,54,2600.0,5400.0,profit
item_7836,42,20.0,44,840.0,880.0,profit
item_7837,28,98.0,41,2744.0,4018.0,profit
item_7838,25,120.0,67,3000.0,8040.0,profit
item_7839,41,48.0,52,1968.0,2496.0,profit
item_7840,5,41.0,90,205.0,3690.0,profit
item_7841,11,106.0,40,1166.0,4240.0,profit
item_7842,18,115.0,21,2070.0,2415.0,profit
item_7843,39,129.0,15,5031.0,1935.0,profit
item_7844,35,34.0,98,1190.0,3332.0,profit
item_7845,42,134.0,87,5628.0,11658.0,profit
item_7846,32,38.0,42,1216.0,1596.0,profit
item_7847,49,54.0,11,2646.0,594.0,profit
item_7848,43,104.0,43,4472.0,4472.0,profit
item_7849,50,138.0,98,6900.0,13524.0,profit
item_7850,19,54.0,63,1026.0,3402.0,profit
item_7851,2,135.0,71,270.0,9585.0,profit
item_7852,42,123.0,46,5166.0,5658.0,profit
item_7853,11,23.0,19,253.0,437.0,profit
item_7854,16,101.0,36,1616.0,3636.0,profit
item_7855,20,130.0,67,2600.0,8710.0,profit
item_7856,31,23.0,59,713.0,1357.0,profit
item_7857,15,20.0,69,300.0,1380.0,profit
item_7858,43,70.0,53,3010.0,3710.0,profit
item_7859,47,15.0,73,705.0,1095.0,profit
item_7860,35,71.0,27,2485.0,1917.0,profit
item_7861,15,56.0,63,840.0,3528.0,profit
item_7862,37,16.0,51,592.0,816.0,profit
item_7863,42,85.0,28,3570.0,2380.0,profit
item_7864,27,41.0,51,1107.0,2091.0,profit
item_7865,37,27.0,81,999.0,2187.0,profit
item_7866,19,93.0,100,1767.0,9300.0,profit
item_7867,18,28.0,54,504.0,1512.0,profit
item_7868,30,54.0,53,1620.0,2862.0,profit
item_7869,27,96.0,69,2592.0,6624.0,profit
item_7870,44,116.0,41,5104.0,4756.0,profit
item_7871,10,31.0,86,310.0,2666.0,profit
item_7872,29,86.0,22,2494.0,1892.0,profit
item_7873,39,28.0,89,1092.0,2492.0,profit
item_7874,48,148.0,93,7104.0,13764.0,profit
item_7875,37,72.0,73,2664.0,5256.0,profit
item_7876,3,113.0,97,339.0,10961.0,profit
item_7877,40,23.0,32,920.0,736.0,profit
item_7878,1,140.0,24,140.0,3360.0,profit
item_7879,14,49.0,86,686.0,4214.0,profit
item_7880,36,43.0,20,1548.0,860.0,profit
item_7881,34,75.0,73,2550.0,5475.0,profit
item_7882,25,131.0,48,3275.0,6288.0,profit
item_7883,4,111.0,94,444.0,10434.0,profit
item_7884,37,133.0,80,4921.0,10640.0,profit
item_7885,10,108.0,68,1080.0,7344.0,profit
item_7886,15,90.0,54,1350.0,4860.0,profit
item_7887,2,39.0,79,78.0,3081.0,profit
item_7888,4,81.0,56,324.0,4536.0,profit
item_7889,1,80.0,43,80.0,3440.0,profit
item_7890,3,67.0,23,201.0,1541.0,profit
item_7891,30,41.0,76,1230.0,3116.0,profit
item_7892,10,137.0,13,1370.0,1781.0,profit
item_7893,0,149.0,50,0.0,7450.0,loss
item_7894,33,47.0,38,1551.0,1786.0,profit
item_7895,2,75.0,48,150.0,3600.0,profit
item_7896,3,22.0,83,66.0,1826.0,profit
item_7897,31,110.0,72,3410.0,7920.0,profit
item_7898,50,128.0,12,6400.0,1536.0,profit
item_7899,23,129.0,19,2967.0,2451.0,profit
item_7900,43,74.0,23,3182.0,1702.0,profit
item_7901,31,142.0,41,4402.0,5822.0,profit
item_7902,21,39.0,12,819.0,468.0,profit
item_7903,11,139.0,79,1529.0,10981.0,profit
item_7904,12,118.0,48,1416.0,5664.0,profit
item_7905,1,120.0,95,120.0,11400.0,profit
item_7906,1,60.0,31,60.0,1860.0,profit
item_7907,33,36.0,85,1188.0,3060.0,profit
item_7908,39,80.0,98,3120.0,7840.0,profit
item_7909,48,16.0,53,768.0,848.0,profit
item_7910,42,127.0,81,5334.0,10287.0,profit
item_7911,23,104.0,30,2392.0,3120.0,profit
item_7912,27,28.0,76,756.0,2128.0,profit
item_7913,6,80.0,95,480.0,7600.0,profit
item_7914,18,18.0,33,324.0,594.0,profit
item_7915,8,70.0,27,560.0,1890.0,profit
item_7916,5,18.0,77,90.0,1386.0,profit
item_7917,26,54.0,37,1404.0,1998.0,profit
item_7918,49,122.0,13,5978.0,1586.0,profit
item_7919,9,95.0,53,855.0,5035.0,profit
item_7920,22,110.0,29,2420.0,3190.0,profit
item_7921,11,90.0,88,990.0,7920.0,profit
item_7922,15,70.0,21,1050.0,1470.0,profit
item_7923,6,139.0,73,834.0,10147.0,profit
item_7924,16,49.0,33,784.0,1617.0,profit
item_7925,19,134.0,96,2546.0,12864.0,profit
item_7926,0,58.0,66,0.0,3828.0,loss
item_7927,27,15.0,78,405.0,1170.0,profit
item_7928,17,38.0,56,646.0,2128.0,profit
item_7929,21,144.0,95,3024.0,13680.0,profit
item_7930,30,71.0,68,2130.0,4828.0,profit
item_7931,7,73.0,62,511.0,4526.0,profit
item_7932,22,132.0,21,2904.0,2772.0,profit
item_7933,15,77.0,19,1155.0,1463.0,profit
item_7934,40,74.0,40,2960.0,2960.0,profit
item_7935,12,54.0,58,648.0,3132.0,profit
item_7936,14,101.0,62,1414.0,6262.0,profit
item_7937,11,120.0,19,1320.0,2280.0,profit
item_7938,0,35.0,53,0.0,1855.0,loss
item_7939,48,32.0,94,1536.0,3008.0,profit
item_7940,5,106.0,35,530.0,3710.0,profit
item_7941,24,87.0,28,2088.0,2436.0,profit
item_7942,32,147.0,79,4704.0,11613.0,profit
item_7943,22,150.0,71,3300.0,10650.0,profit
item_7944,8,36.0,100,288.0,3600.0,profit
item_7945,47,91.0,49,4277.0,4459.0,profit
item_7946,50,47.0,95,2350.0,4465.0,profit
item_7947,40,76.0,11,3040.0,836.0,profit
item_7948,41,131.0,21,5371.0,2751.0,profit
item_7949,50,73.0,47,3650.0,3431.0,profit
item_7950,46,101.0,88,4646.0,8888.0,profit
item_7951,23,78.0,49,1794.0,3822.0,profit
item_7952,20,27.0,10,540.0,270.0,profit
item_7953,37,66.0,73,2442.0,4818.0,profit
item_7954,25,30.0,43,750.0,1290.0,profit
item_7955,35,52.0,40,1820.0,2080.0,profit
item_7956,33,51.0,10,1683.0,510.0,profit
item_7957,39,113.0,73,4407.0,8249.0,profit
item_7958,50,134.0,14,6700.0,1876.0,profit
item_7959,36,16.0,30,576.0,480.0,profit
item_7960,33,59.0,36,1947.0,2124.0,profit
item_7961,40,108.0,86,4320.0,9288.0,profit
item_7962,47,66.0,27,3102.0,1782.0,profit
item_7963,25,45.0,92,1125.0,4140.0,profit
item_7964,11,141.0,77,1551.0,10857.0,profit
item_7965,18,115.0,46,2070.0,5290.0,profit
item_7966,5,141.0,35,705.0,4935.0,profit
item_7967,45,23.0,69,1035.0,1587.0,profit
item_7968,9,141.0,96,1269.0,13536.0,profit
item_7969,45,37.0,63,1665.0,2331.0,profit
item_7970,11,130.0,62,1430.0,8060.0,profit
item_7971,45,47.0,22,2115.0,1034.0,profit
item_7972,19,44.0,46,836.0,2024.0,profit
item_7973,9,114.0,48,1026.0,5472.0,profit
item_7974,21,140.0,66,2940.0,9240.0,profit
item_7975,17,139.0,95,2363.0,13205.0,profit
item_7976,37,132.0,68,4884.0,8976.0,profit
item_7977,32,114.0,18,3648.0,2052.0,profit
item_7978,48,25.0,42,1200.0,1050.0,profit
item_7979,47,141.0,11,6627.0,1551.0,profit
item_7980,40,128.0,51,5120.0,6528.0,profit
item_7981,37,101.0,29,3737.0,2929.0,profit
item_7982,23,91.0,11,2093.0,1001.0,profit
item_7983,46,117.0,97,5382.0,11349.0,profit
item_7984,21,39.0,62,819.0,2418.0,profit
item_7985,50,143.0,77,7150.0,11011.0,profit
item_7986,45,78.0,30,3510.0,2340.0,profit
item_7987,19,123.0,18,2337.0,2214.0,profit
item_7988,31,138.0,94,4278.0,12972.0,profit
item_7989,1,101.0,37,101.0,3737.0,profit
item_7990,4,19.0,72,76.0,1368.0,profit
item_7991,39,62.0,14,2418.0,868.0,profit
item_7992,16,19.0,20,304.0,380.0,profit
item_7993,47,22.0,68,1034.0,1496.0,profit
item_7994,36,61.0,37,2196.0,2257.0,profit
item_7995,28,59.0,74,1652.0,4366.0,profit
item_7996,45,20.0,69,900.0,1380.0,profit
item_7997,15,85.0,48,1275.0,4080.0,profit
item_7998,7,133.0,59,931.0,7847.0,profit
item_7999,17,112.0,27,1904.0,3024.0,profit
item_8000,31,130.0,68,4030.0,8840.0,profit
item_8001,13,26.0,78,338.0,2028.0,profit
item_8002,12,77.0,10,924.0,770.0,profit
item_8003,18,78.0,11,1404.0,858.0,profit
item_8004,25,43.0,87,1075.0,3741.0,profit
item_8005,11,112.0,72,1232.0,8064.0,profit
item_8006,22,55.0,48,1210.0,2640.0,profit
item_8007,39,51.0,29,1989.0,1479.0,profit
item_8008,11,70.0,36,770.0,2520.0,profit
item_8009,50,136.0,42,6800.0,5712.0,profit
item_8010,25,42.0,65,1050.0,2730.0,profit
item_8011,26,101.0,81,2626.0,8181.0,profit
item_8012,32,26.0,38,832.0,988.0,profit
item_8013,0,90.0,97,0.0,8730.0,loss
item_8014,31,105.0,99,3255.0,10395.0,profit
item_8015,2,144.0,62,288.0,8928.0,profit
item_8016,21,16.0,68,336.0,1088.0,profit
item_8017,3,66.0,36,198.0,2376.0,profit
item_8018,3,58.0,35,174.0,2030.0,profit
item_8019,14,60.0,92,840.0,5520.0,profit
item_8020,5,124.0,96,620.0,11904.0,profit
item_8021,28,34.0,29,952.0,986.0,profit
item_8022,3,109.0,89,327.0,9701.0,profit
item_8023,3,102.0,61,306.0,6222.0,profit
item_8024,25,128.0,78,3200.0,9984.0,profit
item_8025,13,101.0,87,1313.0,8787.0,profit
item_8026,28,41.0,15,1148.0,615.0,profit
item_8027,28,114.0,76,3192.0,8664.0,profit
item_8028,50,65.0,34,3250.0,2210.0,profit
item_8029,25,116.0,69,2900.0,8004.0,profit
item_8030,11,69.0,40,759.0,2760.0,profit
item_8031,4,142.0,51,568.0,7242.0,profit
item_8032,41,141.0,12,5781.0,1692.0,profit
item_8033,9,146.0,89,1314.0,12994.0,profit
item_8034,25,140.0,20,3500.0,2800.0,profit
item_8035,30,133.0,18,3990.0,2394.0,profit
item_8036,26,83.0,23,2158.0,1909.0,profit
item_8037,48,100.0,92,4800.0,9200.0,profit
item_8038,42,147.0,69,6174.0,10143.0,profit
item_8039,30,88.0,86,2640.0,7568.0,profit
item_8040,30,67.0,100,2010.0,6700.0,profit
item_8041,43,140.0,31,6020.0,4340.0,profit
item_8042,27,42.0,13,1134.0,546.0,profit
item_8043,18,48.0,12,864.0,576.0,profit
item_8044,18,124.0,34,2232.0,4216.0,profit
item_8045,29,98.0,26,2842.0,2548.0,profit
item_8046,15,21.0,47,315.0,987.0,profit
item_8047,33,44.0,48,1452.0,2112.0,profit
item_8048,19,119.0,74,2261.0,8806.0,profit
item_8049,2,145.0,71,290.0,10295.0,profit
item_8050,37,97.0,24,3589.0,2328.0,profit
item_8051,22,32.0,30,704.0,960.0,profit
item_8052,14,112.0,33,1568.0,3696.0,profit
item_8053,4,55.0,83,220.0,4565.0,profit
item_8054,48,91.0,63,4368.0,5733.0,profit
item_8055,4,130.0,89,520.0,11570.0,profit
item_8056,48,82.0,73,3936.0,5986.0,profit
item_8057,28,91.0,53,2548.0,4823.0,profit
item_8058,48,87.0,26,4176.0,2262.0,profit
item_8059,45,108.0,45,4860.0,4860.0,profit
item_8060,1,108.0,52,108.0,5616.0,profit
item_8061,22,50.0,97,1100.0,4850.0,profit
item_8062,43,60.0,57,2580.0,3420.0,profit
item_8063,6,31.0,24,186.0,744.0,profit
item_8064,34,29.0,27,986.0,783.0,profit
item_8065,5,41.0,47,205.0,1927.0,profit
item_8066,24,127.0,97,3048.0,12319.0,profit
item_8067,26,133.0,81,3458.0,10773.0,profit
item_8068,45,22.0,22,990.0,484.0,profit
item_8069,36,37.0,50,1332.0,1850.0,profit
item_8070,4,53.0,94,212.0,4982.0,profit
item_8071,35,35.0,43,1225.0,1505.0,profit
item_8072,14,28.0,58,392.0,1624.0,profit
item_8073,41,52.0,94,2132.0,4888.0,profit
item_8074,26,141.0,89,3666.0,12549.0,profit
item_8075,17,85.0,32,1445.0,2720.0,profit
item_8076,6,145.0,23,870.0,3335.0,profit
item_8077,20,101.0,79,2020.0,7979.0,profit
item_8078,2,144.0,86,288.0,12384.0,profit
item_8079,33,87.0,79,2871.0,6873.0,profit
item_8080,19,112.0,72,2128.0,8064.0,profit
item_8081,35,64.0,94,2240.0,6016.0,profit
item_8082,10,127.0,34,1270.0,4318.0,profit
item_8083,46,91.0,100,4186.0,9100.0,profit
item_8084,15,51.0,26,765.0,1326.0,profit
item_8085,6,72.0,12,432.0,864.0,profit
item_8086,3,35.0,72,105.0,2520.0,profit
item_8087,36,28.0,94,1008.0,2632.0,profit
item_8088,15,125.0,48,1875.0,6000.0,profit
item_8089,36,48.0,33,1728.0,1584.0,profit
item_8090,24,62.0,34,1488.0,2108.0,profit
item_8091,39,125.0,28,4875.0,3500.0,profit
item_8092,50,142.0,88,7100.0,12496.0,profit
item_8093,5,149.0,53,745.0,7897.0,profit
item_8094,47,20.0,20,940.0,400.0,profit
item_8095,43,83.0,79,3569.0,6557.0,profit
item_8096,33,68.0,48,2244.0,3264.0,profit
item_8097,14,38.0,39,532.0,1482.0,profit
item_8098,12,127.0,95,1524.0,12065.0,profit
item_8099,12,85.0,84,1020.0,7140.0,profit
item_8100,31,66.0,75,2046.0,4950.0,profit
item_8101,35,140.0,75,4900.0,10500.0,profit
item_8102,37,84.0,18,3108.0,1512.0,profit
item_8103,21,103.0,75,2163.0,7725.0,profit
item_8104,37,86.0,89,3182.0,7654.0,profit
item_8105,44,39.0,13,1716.0,507.0,profit
item_8106,10,32.0,27,320.0,864.0,profit
item_8107,11,99.0,13,1089.0,1287.0,profit
item_8108,20,114.0,17,2280.0,1938.0,profit
item_8109,39,117.0,48,4563.0,5616.0,profit
item_8110,11,42.0,53,462.0,2226.0,profit
item_8111,12,134.0,51,1608.0,6834.0,profit
item_8112,47,20.0,82,940.0,1640.0,profit
item_8113,29,48.0,65,1392.0,3120.0,profit
item_8114,38,17.0,82,646.0,1394.0,profit
item_8115,6,27.0,62,162.0,1674.0,profit
item_8116,40,132.0,29,5280.0,3828.0,profit
item_8117,41,105.0,75,4305.0,7875.0,profit
item_8118,50,59.0,81,2950.0,4779.0,profit
item_8119,46,27.0,98,1242.0,2646.0,profit
item_8120,9,139.0,92,1251.0,12788.0,profit
item_8121,32,128.0,38,4096.0,4864.0,profit
item_8122,13,104.0,67,1352.0,6968.0,profit
item_8123,41,74.0,67,3034.0,4958.0,profit
item_8124,43,100.0,55,4300.0,5500.0,profit
item_8125,40,90.0,91,3600.0,8190.0,profit
item_8126,48,22.0,90,1056.0,1980.0,profit
item_8127,15,147.0,63,2205.0,9261.0,profit
item_8128,14,133.0,33,1862.0,4389.0,profit
item_8129,8,76.0,74,608.0,5624.0,profit
item_8130,21,93.0,20,1953.0,1860.0,profit
item_8131,1,95.0,90,95.0,8550.0,profit
item_8132,8,97.0,73,776.0,7081.0,profit
item_8133,0,148.0,83,0.0,12284.0,loss
item_8134,17,69.0,42,1173.0,2898.0,profit
item_8135,13,120.0,99,1560.0,11880.0,profit
item_8136,12,146.0,34,1752.0,4964.0,profit
item_8137,48,134.0,20,6432.0,2680.0,profit
item_8138,35,42.0,87,1470.0,3654.0,profit
item_8139,49,135.0,25,6615.0,3375.0,profit
item_8140,26,124.0,15,3224.0,1860.0,profit
item_8141,31,97.0,98,3007.0,9506.0,profit
item_8142,2,145.0,80,290.0,11600.0,profit
item_8143,26,101.0,42,2626.0,4242.0,profit
item_8144,33,81.0,66,2673.0,5346.0,profit
item_8145,37,74.0,13,2738.0,962.0,profit
item_8146,18,48.0,76,864.0,3648.0,profit
item_8147,16,28.0,72,448.0,2016.0,profit
item_8148,37,150.0,19,5550.0,2850.0,profit
item_8149,12,115.0,59,1380.0,6785.0,profit
item_8150,40,95.0,94,3800.0,8930.0,profit
item_8151,11,100.0,99,1100.0,9900.0,profit
item_8152,15,102.0,64,1530.0,6528.0,profit
item_8153,44,82.0,53,3608.0,4346.0,profit
item_8154,19,131.0,62,2489.0,8122.0,profit
item_8155,25,135.0,99,3375.0,13365.0,profit
item_8156,29,32.0,88,928.0,2816.0,profit
item_8157,3,15.0,99,45.0,1485.0,profit
item_8158,26,43.0,67,1118.0,2881.0,profit
item_8159,12,89.0,56,1068.0,4984.0,profit
item_8160,30,83.0,100,2490.0,8300.0,profit
item_8161,44,49.0,87,2156.0,4263.0,profit
item_8162,17,39.0,36,663.0,1404.0,profit
item_8163,37,83.0,86,3071.0,7138.0,profit
item_8164,11,22.0,27,242.0,594.0,profit
item_8165,38,133.0,17,5054.0,2261.0,profit
item_8166,26,71.0,34,1846.0,2414.0,profit
item_8167,27,83.0,94,2241.0,7802.0,profit
item_8168,8,70.0,21,560.0,1470.0,profit
item_8169,0,122.0,90,0.0,10980.0,loss
item_8170,30,18.0,56,540.0,1008.0,profit
item_8171,19,23.0,13,437.0,299.0,profit
item_8172,16,17.0,88,272.0,1496.0,profit
item_8173,11,97.0,86,1067.0,8342.0,profit
item_8174,19,18.0,53,342.0,954.0,profit
item_8175,48,86.0,53,4128.0,4558.0,profit
item_8176,3,117.0,25,351.0,2925.0,profit
item_8177,43,80.0,29,3440.0,2320.0,profit
item_8178,46,63.0,14,2898.0,882.0,profit
item_8179,37,61.0,42,2257.0,2562.0,profit
item_8180,0,144.0,24,0.0,3456.0,loss
item_8181,25,31.0,91,775.0,2821.0,profit
item_8182,34,140.0,13,4760.0,1820.0,profit
item_8183,42,91.0,28,3822.0,2548.0,profit
item_8184,49,116.0,85,5684.0,9860.0,profit
item_8185,25,82.0,53,2050.0,4346.0,profit
item_8186,18,56.0,75,1008.0,4200.0,profit
item_8187,39,47.0,45,1833.0,2115.0,profit
item_8188,1,122.0,59,122.0,7198.0,profit
item_8189,20,46.0,49,920.0,2254.0,profit
item_8190,6,60.0,54,360.0,3240.0,profit
item_8191,15,79.0,20,1185.0,1580.0,profit
item_8192,45,105.0,55,4725.0,5775.0,profit
item_8193,6,37.0,61,222.0,2257.0,profit
item_8194,16,39.0,74,624.0,2886.0,profit
item_8195,48,105.0,68,5040.0,7140.0,profit
item_8196,39,56.0,99,2184.0,5544.0,profit
item_8197,8,99.0,20,792.0,1980.0,profit
item_8198,20,29.0,91,580.0,2639.0,profit
item_8199,24,122.0,64,2928.0,7808.0,profit
item_8200,29,18.0,41,522.0,738.0,profit
item_8201,41,89.0,65,3649.0,5785.0,profit
item_8202,11,69.0,79,759.0,5451.0,profit
item_8203,3,94.0,87,282.0,8178.0,profit
item_8204,42,23.0,58,966.0,1334.0,profit
item_8205,6,83.0,50,498.0,4150.0,profit
item_8206,0,98.0,94,0.0,9212.0,loss
item_8207,0,45.0,31,0.0,1395.0,loss
item_8208,44,46.0,61,2024.0,2806.0,profit
item_8209,5,27.0,39,135.0,1053.0,profit
item_8210,50,96.0,83,4800.0,7968.0,profit
item_8211,24,21.0,57,504.0,1197.0,profit
item_8212,50,19.0,85,950.0,1615.0,profit
item_8213,44,67.0,83,2948.0,5561.0,profit
item_8214,41,87.0,66,3567.0,5742.0,profit
item_8215,21,62.0,81,1302.0,5022.0,profit
item_8216,39,109.0,51,4251.0,5559.0,profit
item_8217,35,46.0,89,1610.0,4094.0,profit
item_8218,31,41.0,90,1271.0,3690.0,profit
item_8219,10,38.0,55,380.0,2090.0,profit
item_8220,14,39.0,55,546.0,2145.0,profit
item_8221,42,30.0,89,1260.0,2670.0,profit
item_8222,31,82.0,39,2542.0,3198.0,profit
item_8223,28,23.0,44,644.0,1012.0,profit
item_8224,34,136.0,57,4624.0,7752.0,profit
item_8225,48,42.0,65,2016.0,2730.0,profit
item_8226,35,36.0,81,1260.0,2916.0,profit
item_8227,31,54.0,78,1674.0,4212.0,profit
item_8228,47,34.0,83,1598.0,2822.0,profit
item_8229,2,64.0,39,128.0,2496.0,profit
item_8230,33,63.0,81,2079.0,5103.0,profit
item_8231,15,121.0,13,1815.0,1573.0,profit
item_8232,21,60.0,94,1260.0,5640.0,profit
item_8233,8,102.0,68,816.0,6936.0,profit
item_8234,8,23.0,30,184.0,690.0,profit
item_8235,0,109.0,98,0.0,10682.0,loss
item_8236,26,46.0,73,1196.0,3358.0,profit
item_8237,11,100.0,76,1100.0,7600.0,profit
item_8238,3,56.0,64,168.0,3584.0,profit
item_8239,30,73.0,87,2190.0,6351.0,profit
item_8240,14,55.0,56,770.0,3080.0,profit
item_8241,15,36.0,96,540.0,3456.0,profit
item_8242,27,44.0,48,1188.0,2112.0,profit
item_8243,0,92.0,11,0.0,1012.0,loss
item_8244,1,109.0,44,109.0,4796.0,profit
item_8245,32,95.0,53,3040.0,5035.0,profit
item_8246,38,24.0,22,912.0,528.0,profit
item_8247,20,126.0,86,2520.0,10836.0,profit
item_8248,20,113.0,35,2260.0,3955.0,profit
item_8249,33,134.0,66,4422.0,8844.0,profit
item_8250,39,110.0,34,4290.0,3740.0,profit
item_8251,5,95.0,16,475.0,1520.0,profit
item_8252,48,109.0,51,5232.0,5559.0,profit
item_8253,29,74.0,31,2146.0,2294.0,profit
item_8254,36,24.0,60,864.0,1440.0,profit
item_8255,0,59.0,72,0.0,4248.0,loss
item_8256,42,39.0,94,1638.0,3666.0,profit
item_8257,42,22.0,100,924.0,2200.0,profit
item_8258,47,136.0,95,6392.0,12920.0,profit
item_8259,0,46.0,14,0.0,644.0,loss
item_8260,17,62.0,29,1054.0,1798.0,profit
item_8261,42,67.0,41,2814.0,2747.0,profit
item_8262,31,103.0,85,3193.0,8755.0,profit
item_8263,6,117.0,39,702.0,4563.0,profit
item_8264,36,110.0,34,3960.0,3740.0,profit
item_8265,22,52.0,67,1144.0,3484.0,profit
item_8266,17,121.0,24,2057.0,2904.0,profit
item_8267,28,110.0,69,3080.0,7590.0,profit
item_8268,28,79.0,35,2212.0,2765.0,profit
item_8269,34,27.0,54,918.0,1458.0,profit
item_8270,24,70.0,61,1680.0,4270.0,profit
item_8271,50,97.0,76,4850.0,7372.0,profit
item_8272,4,84.0,92,336.0,7728.0,profit
item_8273,33,48.0,56,1584.0,2688.0,profit
item_8274,19,65.0,47,1235.0,3055.0,profit
item_8275,11,109.0,28,1199.0,3052.0,profit
item_8276,44,24.0,43,1056.0,1032.0,profit
item_8277,47,35.0,14,1645.0,490.0,profit
item_8278,28,77.0,90,2156.0,6930.0,profit
item_8279,38,137.0,70,5206.0,9590.0,profit
item_8280,38,34.0,35,1292.0,1190.0,profit
item_8281,42,62.0,59,2604.0,3658.0,profit
item_8282,24,62.0,52,1488.0,3224.0,profit
item_8283,7,130.0,19,910.0,2470.0,profit
item_8284,45,36.0,26,1620.0,936.0,profit
item_8285,28,20.0,37,560.0,740.0,profit
item_8286,0,109.0,59,0.0,6431.0,loss
item_8287,43,144.0,35,6192.0,5040.0,profit
item_8288,3,61.0,12,183.0,732.0,profit
item_8289,7,71.0,84,497.0,5964.0,profit
item_8290,14,41.0,24,574.0,984.0,profit
item_8291,4,36.0,25,144.0,900.0,profit
item_8292,23,102.0,37,2346.0,3774.0,profit
item_8293,13,45.0,37,585.0,1665.0,profit
item_8294,48,108.0,69,5184.0,7452.0,profit
item_8295,4,116.0,51,464.0,5916.0,profit
item_8296,50,30.0,40,1500.0,1200.0,profit
item_8297,7,122.0,57,854.0,6954.0,profit
item_8298,50,115.0,60,5750.0,6900.0,profit
item_8299,1,32.0,44,32.0,1408.0,profit
item_8300,3,39.0,16,117.0,624.0,profit
item_8301,28,65.0,84,1820.0,5460.0,profit
item_8302,5,106.0,58,530.0,6148.0,profit
item_8303,20,86.0,42,1720.0,3612.0,profit
item_8304,40,103.0,11,4120.0,1133.0,profit
item_8305,40,108.0,40,4320.0,4320.0,profit
item_8306,4,116.0,16,464.0,1856.0,profit
item_8307,37,118.0,29,4366.0,3422.0,profit
item_8308,2,29.0,14,58.0,406.0,profit
item_8309,13,35.0,11,455.0,385.0,profit
item_8310,22,132.0,89,2904.0,11748.0,profit
item_8311,34,55.0,15,1870.0,825.0,profit
item_8312,31,76.0,86,2356.0,6536.0,profit
item_8313,24,73.0,59,1752.0,4307.0,profit
item_8314,42,84.0,11,3528.0,924.0,profit
item_8315,14,103.0,29,1442.0,2987.0,profit
item_8316,16,103.0,14,1648.0,1442.0,profit
item_8317,36,39.0,54,1404.0,2106.0,profit
item_8318,5,96.0,23,480.0,2208.0,profit
item_8319,18,99.0,12,1782.0,1188.0,profit
item_8320,45,129.0,19,5805.0,2451.0,profit
item_8321,31,17.0,71,527.0,1207.0,profit
item_8322,33,133.0,61,4389.0,8113.0,profit
item_8323,48,83.0,90,3984.0,7470.0,profit
item_8324,0,84.0,29,0.0,2436.0,loss
item_8325,38,137.0,33,5206.0,4521.0,profit
item_8326,49,108.0,63,5292.0,6804.0,profit
item_8327,1,137.0,48,137.0,6576.0,profit
item_8328,23,139.0,12,3197.0,1668.0,profit
item_8329,46,96.0,69,4416.0,6624.0,profit
item_8330,31,109.0,82,3379.0,8938.0,profit
item_8331,28,31.0,54,868.0,1674.0,profit
item_8332,7,20.0,43,140.0,860.0,profit
item_8333,29,46.0,80,1334.0,3680.0,profit
item_8334,1,149.0,36,149.0,5364.0,profit
item_8335,40,73.0,11,2920.0,803.0,profit
item_8336,12,46.0,51,552.0,2346.0,profit
item_8337,6,82.0,15,492.0,1230.0,profit
item_8338,5,103.0,82,515.0,8446.0,profit
item_8339,22,76.0,40,1672.0,3040.0,profit
item_8340,47,145.0,62,6815.0,8990.0,profit
item_8341,41,35.0,16,1435.0,560.0,profit
item_8342,19,115.0,45,2185.0,5175.0,profit
item_8343,27,69.0,14,1863.0,966.0,profit
item_8344,16,121.0,47,1936.0,5687.0,profit
item_8345,3,18.0,89,54.0,1602.0,profit
item_8346,47,38.0,99,1786.0,3762.0,profit
item_8347,29,140.0,66,4060.0,9240.0,profit
item_8348,24,147.0,63,3528.0,9261.0,profit
item_8349,22,105.0,93,2310.0,9765.0,profit
item_8350,38,72.0,64,2736.0,4608.0,profit
item_8351,17,38.0,48,646.0,1824.0,profit
item_8352,7,67.0,93,469.0,6231.0,profit
item_8353,32,107.0,51,3424.0,5457.0,profit
item_8354,50,40.0,65,2000.0,2600.0,profit
item_8355,16,125.0,24,2000.0,3000.0,profit
item_8356,18,57.0,15,1026.0,855.0,profit
item_8357,41,17.0,53,697.0,901.0,profit
item_8358,13,76.0,12,988.0,912.0,profit
item_8359,31,114.0,63,3534.0,7182.0,profit
item_8360,4,58.0,92,232.0,5336.0,profit
item_8361,48,28.0,41,1344.0,1148.0,profit
item_8362,44,112.0,18,4928.0,2016.0,profit
item_8363,50,97.0,48,4850.0,4656.0,profit
item_8364,28,24.0,18,672.0,432.0,profit
item_8365,29,83.0,29,2407.0,2407.0,profit
item_8366,46,91.0,35,4186.0,3185.0,profit
item_8367,50,100.0,23,5000.0,2300.0,profit
item_8368,21,143.0,80,3003.0,11440.0,profit
item_8369,23,52.0,93,1196.0,4836.0,profit
item_8370,39,130.0,12,5070.0,1560.0,profit
item_8371,36,146.0,88,5256.0,12848.0,profit
item_8372,14,63.0,81,882.0,5103.0,profit
item_8373,38,60.0,20,2280.0,1200.0,profit
item_8374,8,42.0,26,336.0,1092.0,profit
item_8375,0,119.0,98,0.0,11662.0,loss
item_8376,20,53.0,13,1060.0,689.0,profit
item_8377,9,20.0,56,180.0,1120.0,profit
item_8378,14,68.0,86,952.0,5848.0,profit
item_8379,14,128.0,32,1792.0,4096.0,profit
item_8380,45,80.0,90,3600.0,7200.0,profit
item_8381,8,37.0,47,296.0,1739.0,profit
item_8382,44,138.0,81,6072.0,11178.0,profit
item_8383,44,95.0,93,4180.0,8835.0,profit
item_8384,23,75.0,10,1725.0,750.0,profit
item_8385,31,98.0,83,3038.0,8134.0,profit
item_8386,3,139.0,24,417.0,3336.0,profit
item_8387,47,52.0,81,2444.0,4212.0,profit
item_8388,39,60.0,71,2340.0,4260.0,profit
item_8389,39,87.0,14,3393.0,1218.0,profit
item_8390,1,110.0,38,110.0,4180.0,profit
item_8391,27,51.0,100,1377.0,5100.0,profit
item_8392,12,142.0,74,1704.0,10508.0,profit
item_8393,25,74.0,84,1850.0,6216.0,profit
item_8394,31,75.0,71,2325.0,5325.0,profit
item_8395,31,31.0,53,961.0,1643.0,profit
item_8396,45,141.0,54,6345.0,7614.0,profit
item_8397,49,33.0,45,1617.0,1485.0,profit
item_8398,26,131.0,86,3406.0,11266.0,profit
item_8399,37,90.0,69,3330.0,6210.0,profit
item_8400,21,144.0,56,3024.0,8064.0,profit
item_8401,34,27.0,88,918.0,2376.0,profit
item_8402,3,117.0,39,351.0,4563.0,profit
item_8403,25,143.0,65,3575.0,9295.0,profit
item_8404,39,15.0,87,585.0,1305.0,profit
item_8405,47,78.0,81,3666.0,6318.0,profit
item_8406,37,126.0,66,4662.0,8316.0,profit
item_8407,28,128.0,18,3584.0,2304.0,profit
item_8408,49,106.0,49,5194.0,5194.0,profit
item_8409,24,139.0,29,3336.0,4031.0,profit
item_8410,12,47.0,95,564.0,4465.0,profit
item_8411,10,139.0,90,1390.0,12510.0,profit
item_8412,41,87.0,60,3567.0,5220.0,profit
item_8413,35,140.0,76,4900.0,10640.0,profit
item_8414,13,86.0,16,1118.0,1376.0,profit
item_8415,48,113.0,13,5424.0,1469.0,profit
item_8416,40,125.0,52,5000.0,6500.0,profit
item_8417,30,103.0,37,3090.0,3811.0,profit
item_8418,40,35.0,25,1400.0,875.0,profit
item_8419,22,18.0,80,396.0,1440.0,profit
item_8420,47,128.0,20,6016.0,2560.0,profit
item_8421,24,100.0,52,2400.0,5200.0,profit
item_8422,23,34.0,63,782.0,2142.0,profit
item_8423,24,117.0,56,2808.0,6552.0,profit
item_8424,40,124.0,31,4960.0,3844.0,profit
item_8425,31,43.0,75,1333.0,3225.0,profit
item_8426,31,142.0,34,4402.0,4828.0,profit
item_8427,45,65.0,23,2925.0,1495.0,profit
item_8428,31,63.0,44,1953.0,2772.0,profit
item_8429,49,107.0,50,5243.0,5350.0,profit
item_8430,42,48.0,37,2016.0,1776.0,profit
item_8431,11,27.0,53,297.0,1431.0,profit
item_8432,28,125.0,98,3500.0,12250.0,profit
item_8433,8,103.0,25,824.0,2575.0,profit
item_8434,5,142.0,15,710.0,2130.0,profit
item_8435,15,36.0,73,540.0,2628.0,profit
item_8436,38,62.0,70,2356.0,4340.0,profit
item_8437,1,90.0,41,90.0,3690.0,profit
item_8438,16,107.0,56,1712.0,5992.0,profit
item_8439,13,60.0,96,780.0,5760.0,profit
item_8440,17,37.0,92,629.0,3404.0,profit
item_8441,6,37.0,49,222.0,1813.0,profit
item_8442,20,130.0,10,2600.0,1300.0,profit
item_8443,15,58.0,76,870.0,4408.0,profit
item_8444,23,96.0,86,2208.0,8256.0,profit
item_8445,34,42.0,22,1428.0,924.0,profit
item_8446,2,122.0,65,244.0,7930.0,profit
item_8447,18,82.0,80,1476.0,6560.0,profit
item_8448,49,122.0,37,5978.0,4514.0,profit
item_8449,7,148.0,31,1036.0,4588.0,profit
item_8450,40,118.0,73,4720.0,8614.0,profit
item_8451,43,133.0,77,5719.0,10241.0,profit
item_8452,7,41.0,63,287.0,2583.0,profit
item_8453,28,68.0,75,1904.0,5100.0,profit
item_8454,46,53.0,27,2438.0,1431.0,profit
item_8455,15,44.0,37,660.0,1628.0,profit
item_8456,28,51.0,65,1428.0,3315.0,profit
item_8457,38,54.0,44,2052.0,2376.0,profit
item_8458,30,49.0,56,1470.0,2744.0,profit
item_8459,10,77.0,68,770.0,5236.0,profit
item_8460,40,58.0,56,2320.0,3248.0,profit
item_8461,4,114.0,41,456.0,4674.0,profit
item_8462,1,43.0,52,43.0,2236.0,profit
item_8463,42,110.0,60,4620.0,6600.0,profit
item_8464,11,49.0,64,539.0,3136.0,profit
item_8465,17,62.0,58,1054.0,3596.0,profit
item_8466,16,66.0,72,1056.0,4752.0,profit
item_8467,30,53.0,41,1590.0,2173.0,profit
item_8468,18,58.0,20,1044.0,1160.0,profit
item_8469,42,94.0,47,3948.0,4418.0,profit
item_8470,9,29.0,73,261.0,2117.0,profit
item_8471,0,44.0,42,0.0,1848.0,loss
item_8472,48,108.0,30,5184.0,3240.0,profit
item_8473,48,101.0,13,4848.0,1313.0,profit
item_8474,48,80.0,71,3840.0,5680.0,profit
item_8475,50,42.0,82,2100.0,3444.0,profit
item_8476,6,53.0,80,318.0,4240.0,profit
item_8477,50,50.0,91,2500.0,4550.0,profit
item_8478,13,77.0,74,1001.0,5698.0,profit
item_8479,35,128.0,61,4480.0,7808.0,profit
item_8480,31,18.0,28,558.0,504.0,profit
item_8481,3,108.0,72,324.0,7776.0,profit
item_8482,37,28.0,54,1036.0,1512.0,profit
item_8483,8,73.0,64,584.0,4672.0,profit
item_8484,19,95.0,63,1805.0,5985.0,profit
item_8485,42,47.0,24,1974.0,1128.0,profit
item_8486,2,46.0,70,92.0,3220.0,profit
item_8487,46,120.0,75,5520.0,9000.0,profit
item_8488,5,38.0,75,190.0,2850.0,profit
item_8489,5,46.0,59,230.0,2714.0,profit
item_8490,24,61.0,46,1464.0,2806.0,profit
item_8491,20,139.0,61,2780.0,8479.0,profit
item_8492,11,21.0,98,231.0,2058.0,profit
item_8493,19,137.0,82,2603.0,11234.0,profit
item_8494,9,41.0,89,369.0,3649.0,profit
item_8495,18,135.0,85,2430.0,11475.0,profit
item_8496,36,58.0,16,2088.0,928.0,profit
item_8497,8,148.0,82,1184.0,12136.0,profit
item_8498,7,19.0,44,133.0,836.0,profit
item_8499,20,115.0,73,2300.0,8395.0,profit
item_8500,14,66.0,75,924.0,4950.0,profit
item_8501,41,99.0,75,4059.0,7425.0,profit
item_8502,16,73.0,25,1168.0,1825.0,profit
item_8503,22,149.0,39,3278.0,5811.0,profit
item_8504,50,59.0,89,2950.0,5251.0,profit
item_8505,50,59.0,45,2950.0,2655.0,profit
item_8506,28,100.0,39,2800.0,3900.0,profit
item_8507,29,33.0,51,957.0,1683.0,profit
item_8508,44,134.0,24,5896.0,3216.0,profit
item_8509,12,35.0,85,420.0,2975.0,profit
item_8510,49,32.0,32,1568.0,1024.0,profit
item_8511,49,143.0,51,7007.0,7293.0,profit
item_8512,11,37.0,34,407.0,1258.0,profit
item_8513,31,139.0,64,4309.0,8896.0,profit
item_8514,46,96.0,29,4416.0,2784.0,profit
item_8515,18,49.0,85,882.0,4165.0,profit
item_8516,37,91.0,43,3367.0,3913.0,profit
item_8517,3,81.0,28,243.0,2268.0,profit
item_8518,39,64.0,88,2496.0,5632.0,profit
item_8519,34,79.0,30,2686.0,2370.0,profit
item_8520,28,31.0,65,868.0,2015.0,profit
item_8521,39,41.0,57,1599.0,2337.0,profit
item_8522,49,126.0,34,6174.0,4284.0,profit
item_8523,15,26.0,69,390.0,1794.0,profit
item_8524,16,137.0,92,2192.0,12604.0,profit
item_8525,1,129.0,49,129.0,6321.0,profit
item_8526,44,139.0,22,6116.0,3058.0,profit
item_8527,36,139.0,47,5004.0,6533.0,profit
item_8528,43,135.0,54,5805.0,7290.0,profit
item_8529,43,104.0,17,4472.0,1768.0,profit
item_8530,11,132.0,43,1452.0,5676.0,profit
item_8531,3,20.0,33,60.0,660.0,profit
item_8532,18,69.0,79,1242.0,5451.0,profit
item_8533,48,112.0,91,5376.0,10192.0,profit
item_8534,29,81.0,62,2349.0,5022.0,profit
item_8535,22,44.0,48,968.0,2112.0,profit
item_8536,5,61.0,71,305.0,4331.0,profit
item_8537,14,20.0,31,280.0,620.0,profit
item_8538,3,147.0,25,441.0,3675.0,profit
item_8539,39,70.0,54,2730.0,3780.0,profit
item_8540,19,74.0,61,1406.0,4514.0,profit
item_8541,5,84.0,90,420.0,7560.0,profit
item_8542,49,144.0,87,7056.0,12528.0,profit
item_8543,20,123.0,29,2460.0,3567.0,profit
item_8544,48,51.0,52,2448.0,2652.0,profit
item_8545,10,90.0,46,900.0,4140.0,profit
item_8546,49,42.0,37,2058.0,1554.0,profit
item_8547,26,59.0,36,1534.0,2124.0,profit
item_8548,38,73.0,40,2774.0,2920.0,profit
item_8549,27,113.0,99,3051.0,11187.0,profit
item_8550,44,84.0,13,3696.0,1092.0,profit
item_8551,21,16.0,38,336.0,608.0,profit
item_8552,13,81.0,35,1053.0,2835.0,profit
item_8553,9,68.0,99,612.0,6732.0,profit
item_8554,21,141.0,90,2961.0,12690.0,profit
item_8555,19,72.0,50,1368.0,3600.0,profit
item_8556,23,30.0,61,690.0,1830.0,profit
item_8557,9,21.0,98,189.0,2058.0,profit
item_8558,43,36.0,88,1548.0,3168.0,profit
item_8559,0,37.0,90,0.0,3330.0,loss
item_8560,38,140.0,38,5320.0,5320.0,profit
item_8561,27,78.0,90,2106.0,7020.0,profit
item_8562,40,119.0,61,4760.0,7259.0,profit
item_8563,16,144.0,53,2304.0,7632.0,profit
item_8564,8,94.0,60,752.0,5640.0,profit
item_8565,35,127.0,76,4445.0,9652.0,profit
item_8566,21,80.0,54,1680.0,4320.0,profit
item_8567,40,49.0,97,1960.0,4753.0,profit
item_8568,45,73.0,37,3285.0,2701.0,profit
item_8569,30,53.0,70,1590.0,3710.0,profit
item_8570,32,122.0,29,3904.0,3538.0,profit
item_8571,13,144.0,37,1872.0,5328.0,profit
item_8572,6,55.0,30,330.0,1650.0,profit
item_8573,35,129.0,26,4515.0,3354.0,profit
item_8574,29,124.0,37,3596.0,4588.0,profit
item_8575,22,126.0,99,2772.0,12474.0,profit
item_8576,14,132.0,17,1848.0,2244.0,profit
item_8577,40,98.0,60,3920.0,5880.0,profit
item_8578,47,144.0,64,6768.0,9216.0,profit
item_8579,3,80.0,28,240.0,2240.0,profit
item_8580,23,137.0,86,3151.0,11782.0,profit
item_8581,11,93.0,96,1023.0,8928.0,profit
item_8582,23,67.0,17,1541.0,1139.0,profit
item_8583,46,150.0,54,6900.0,8100.0,profit
item_8584,38,67.0,67,2546.0,4489.0,profit
item_8585,0,98.0,48,0.0,4704.0,loss
item_8586,4,57.0,75,228.0,4275.0,profit
item_8587,23,53.0,63,1219.0,3339.0,profit
item_8588,15,26.0,10,390.0,260.0,profit
item_8589,0,108.0,95,0.0,10260.0,loss
item_8590,22,43.0,79,946.0,3397.0,profit
item_8591,23,148.0,60,3404.0,8880.0,profit
item_8592,41,18.0,23,738.0,414.0,profit
item_8593,14,23.0,25,322.0,575.0,profit
item_8594,41,75.0,84,3075.0,6300.0,profit
item_8595,35,130.0,59,4550.0,7670.0,profit
item_8596,22,120.0,76,2640.0,9120.0,profit
item_8597,26,81.0,78,2106.0,6318.0,profit
item_8598,6,148.0,80,888.0,11840.0,profit
item_8599,31,88.0,73,2728.0,6424.0,profit
item_8600,32,39.0,73,1248.0,2847.0,profit
item_8601,8,38.0,15,304.0,570.0,profit
item_8602,13,136.0,99,1768.0,13464.0,profit
item_8603,32,45.0,11,1440.0,495.0,profit
item_8604,7,99.0,80,693.0,7920.0,profit
item_8605,10,130.0,66,1300.0,8580.0,profit
item_8606,20,94.0,23,1880.0,2162.0,profit
item_8607,40,77.0,62,3080.0,4774.0,profit
item_8608,4,52.0,25,208.0,1300.0,profit
item_8609,10,57.0,75,570.0,4275.0,profit
item_8610,13,33.0,72,429.0,2376.0,profit
item_8611,37,125.0,49,4625.0,6125.0,profit
item_8612,44,129.0,70,5676.0,9030.0,profit
item_8613,8,71.0,23,568.0,1633.0,profit
item_8614,5,139.0,46,695.0,6394.0,profit
item_8615,40,139.0,31,5560.0,4309.0,profit
item_8616,26,31.0,37,806.0,1147.0,profit
item_8617,34,56.0,41,1904.0,2296.0,profit
item_8618,26,65.0,54,1690.0,3510.0,profit
item_8619,50,25.0,46,1250.0,1150.0,profit
item_8620,24,60.0,93,1440.0,5580.0,profit
item_8621,14,23.0,41,322.0,943.0,profit
item_8622,4,119.0,18,476.0,2142.0,profit
item_8623,42,36.0,75,1512.0,2700.0,profit
item_8624,31,34.0,90,1054.0,3060.0,profit
item_8625,48,128.0,79,6144.0,10112.0,profit
