item_id,purchase_count,price,stocks,sales,stock_value,profit_status,date,predicted_sales,predicted_profit
item_0075,0,28.0,11,0.0,308.0,0,2025-01-01,3585.9,profit
item_0070,0,81.0,81,0.0,6561.0,0,2025-01-01,3586.31,profit
item_0142,0,60.0,49,0.0,2940.0,0,2025-01-01,3584.88,profit
item_0154,0,37.0,99,0.0,3663.0,0,2025-01-01,3586.31,profit
item_0095,0,83.0,45,0.0,3735.0,0,2025-01-01,3586.78,profit
item_0104,0,42.0,58,0.0,2436.0,0,2025-01-01,3584.94,profit
item_0132,0,38.0,89,0.0,3382.0,0,2025-01-01,3584.88,profit
item_0054,0,113.0,13,0.0,1469.0,0,2025-01-01,3586.32,profit
item_0098,0,31.0,77,0.0,2387.0,0,2025-01-01,3585.58,profit
item_0110,0,80.0,20,0.0,1600.0,0,2025-01-01,3584.83,profit
item_0072,0,22.0,36,0.0,792.0,0,2025-01-01,3584.95,profit
item_0135,0,124.0,38,0.0,4712.0,0,2025-01-01,3585.22,profit
item_0160,0,23.0,57,0.0,1311.0,0,2025-01-01,3584.75,profit
item_0139,0,130.0,21,0.0,2730.0,0,2025-01-01,3585.21,profit
item_0105,0,88.0,10,0.0,880.0,0,2025-01-01,3585.79,profit
item_0146,0,94.0,56,0.0,5264.0,0,2025-01-01,3584.81,profit
item_0137,0,119.0,98,0.0,11662.0,0,2025-01-01,3586.65,profit
item_0131,0,127.0,100,0.0,12700.0,0,2025-01-01,3586.29,profit
item_0128,0,59.0,22,0.0,1298.0,0,2025-01-01,3584.95,profit
item_0100,0,107.0,51,0.0,5457.0,0,2025-01-01,3586.6,profit
item_0079,0,35.0,16,0.0,560.0,0,2025-01-01,3586.0,profit
item_0165,0,89.0,70,0.0,6230.0,0,2025-01-01,3586.75,profit
item_0140,0,45.0,65,0.0,2925.0,0,2025-01-01,3584.81,profit
item_0047,0,46.0,62,0.0,2852.0,0,2025-01-01,3585.05,profit
item_0114,0,36.0,33,0.0,1188.0,0,2025-01-01,3586.26,profit
item_0058,0,106.0,32,0.0,3392.0,0,2025-01-01,3584.49,profit
item_0057,0,148.0,58,0.0,8584.0,0,2025-01-01,3584.97,profit
item_0157,0,148.0,83,0.0,12284.0,0,2025-01-01,3585.51,profit
item_0096,0,111.0,72,0.0,7992.0,0,2025-01-01,3585.8,profit
item_0069,0,30.0,52,0.0,1560.0,0,2025-01-01,3585.29,profit
item_0115,0,54.0,37,0.0,1998.0,0,2025-01-01,3586.32,profit
item_0033,0,75.0,91,0.0,6825.0,0,2025-01-01,3585.47,profit
item_0059,0,134.0,67,0.0,8978.0,0,2025-01-01,3585.24,profit
item_0108,0,99.0,73,0.0,7227.0,0,2025-01-01,3585.4,profit
item_0109,0,135.0,57,0.0,7695.0,0,2025-01-01,3585.42,profit
item_0078,0,80.0,11,0.0,880.0,0,2025-01-01,3586.5,profit
item_0119,0,126.0,23,0.0,2898.0,0,2025-01-01,3585.09,profit
item_0144,0,84.0,29,0.0,2436.0,0,2025-01-01,3585.71,profit
item_0145,0,145.0,52,0.0,7540.0,0,2025-01-01,3585.56,profit
item_0111,0,39.0,75,0.0,2925.0,0,2025-01-01,3585.59,profit
item_0094,0,30.0,98,0.0,2940.0,0,2025-01-01,3586.29,profit
item_0089,0,52.0,57,0.0,2964.0,0,2025-01-01,3586.93,profit
item_0093,0,44.0,44,0.0,1936.0,0,2025-01-01,3585.73,profit
item_0097,0,101.0,13,0.0,1313.0,0,2025-01-01,3585.38,profit
item_0087,0,24.0,31,0.0,744.0,0,2025-01-01,3587.09,profit
item_0101,0,109.0,60,0.0,6540.0,0,2025-01-01,3585.63,profit
item_0083,0,19.0,22,0.0,418.0,0,2025-01-01,3586.39,profit
item_0074,0,70.0,81,0.0,5670.0,0,2025-01-01,3585.8,profit
item_0050,0,74.0,54,0.0,3996.0,0,2025-01-01,3585.11,profit
item_0121,0,133.0,59,0.0,7847.0,0,2025-01-01,3586.1,profit
item_0086,0,22.0,82,0.0,1804.0,0,2025-01-01,3586.04,profit
item_0085,0,94.0,25,0.0,2350.0,0,2025-01-01,3586.5,profit
item_0039,0,137.0,28,0.0,3836.0,0,2025-01-01,3584.92,profit
item_0084,0,58.0,42,0.0,2436.0,0,2025-01-01,3586.74,profit
item_0155,0,137.0,13,0.0,1781.0,0,2025-01-01,3586.73,profit
item_0082,0,36.0,22,0.0,792.0,0,2025-01-01,3585.72,profit
item_0077,0,23.0,27,0.0,621.0,0,2025-01-01,3585.87,profit
item_0080,0,104.0,37,0.0,3848.0,0,2025-01-01,3586.68,profit
item_0064,1,19.0,56,19.0,1064.0,1,2025-01-01,3584.39,profit
item_0040,0,126.0,11,0.0,1386.0,0,2025-01-01,3585.19,profit
item_0169,0,126.0,91,0.0,11466.0,0,2025-01-01,3584.89,profit
item_0073,0,76.0,70,0.0,5320.0,0,2025-01-01,3586.2,profit
item_0032,0,90.0,97,0.0,8730.0,0,2025-01-01,3586.6,profit
item_0051,0,117.0,61,0.0,7137.0,0,2025-01-01,3585.97,profit
item_0042,0,62.0,58,0.0,3596.0,0,2025-01-01,3585.98,profit
item_0052,0,54.0,87,0.0,4698.0,0,2025-01-01,3585.29,profit
item_0156,0,108.0,66,0.0,7128.0,0,2025-01-01,3585.26,profit
item_0043,0,37.0,24,0.0,888.0,0,2025-01-01,3586.26,profit
item_0129,0,131.0,29,0.0,3799.0,0,2025-01-01,3586.05,profit
item_0147,0,35.0,56,0.0,1960.0,0,2025-01-01,3585.47,profit
item_0118,0,143.0,67,0.0,9581.0,0,2025-01-01,3586.64,profit
item_0149,0,96.0,37,0.0,3552.0,0,2025-01-01,3585.29,profit
item_0125,0,44.0,42,0.0,1848.0,0,2025-01-01,3585.63,profit
item_0164,0,15.0,42,0.0,630.0,0,2025-01-01,3585.8,profit
item_0167,0,52.0,91,0.0,4732.0,0,2025-01-01,3586.51,profit
item_0152,0,143.0,25,0.0,3575.0,0,2025-01-01,3585.85,profit
item_0053,0,41.0,80,0.0,3280.0,0,2025-01-01,3586.17,profit
item_0106,0,84.0,83,0.0,6972.0,0,2025-01-01,3585.44,profit
item_0116,0,144.0,13,0.0,1872.0,0,2025-01-01,3586.3,profit
item_0138,0,92.0,83,0.0,7636.0,0,2025-01-01,3584.93,profit
item_0061,0,103.0,71,0.0,7313.0,0,2025-01-01,3586.39,profit
item_0136,0,26.0,89,0.0,2314.0,0,2025-01-01,3585.21,profit
item_0113,1,20.0,29,20.0,580.0,1,2025-01-01,3585.07,profit
item_0062,0,112.0,96,0.0,10752.0,0,2025-01-01,3585.23,profit
item_0091,0,82.0,96,0.0,7872.0,0,2025-01-01,3585.03,profit
item_0103,0,108.0,95,0.0,10260.0,0,2025-01-01,3585.95,profit
item_0037,0,35.0,53,0.0,1855.0,0,2025-01-01,3585.53,profit
item_0163,0,97.0,87,0.0,8439.0,0,2025-01-01,3586.73,profit
item_0107,0,92.0,11,0.0,1012.0,0,2025-01-01,3585.49,profit
item_0036,0,98.0,48,0.0,4704.0,0,2025-01-01,3584.98,profit
item_0081,0,103.0,80,0.0,8240.0,0,2025-01-01,3585.95,profit
item_0158,0,33.0,16,0.0,528.0,0,2025-01-01,3584.58,profit
item_0153,0,46.0,14,0.0,644.0,0,2025-01-01,3585.05,profit
item_0134,0,108.0,29,0.0,3132.0,0,2025-01-01,3585.5,profit
item_0141,0,130.0,60,0.0,7800.0,0,2025-01-01,3586.17,profit
item_0063,0,147.0,54,0.0,7938.0,0,2025-01-01,3584.93,profit
item_0117,0,38.0,34,0.0,1292.0,0,2025-01-01,3585.34,profit
item_0130,0,59.0,72,0.0,4248.0,0,2025-01-01,3585.37,profit
item_0120,0,62.0,23,0.0,1426.0,0,2025-01-01,3585.35,profit
item_0162,1,19.0,18,19.0,342.0,1,2025-01-01,3586.36,profit
item_0060,0,36.0,91,0.0,3276.0,0,2025-01-01,3584.88,profit
item_0035,0,132.0,33,0.0,4356.0,0,2025-01-01,3585.26,profit
item_0088,0,21.0,45,0.0,945.0,0,2025-01-01,3586.71,profit
item_0090,0,134.0,93,0.0,12462.0,0,2025-01-01,3586.55,profit
item_0122,0,45.0,31,0.0,1395.0,0,2025-01-01,3585.1,profit
item_0124,0,98.0,94,0.0,9212.0,0,2025-01-01,3586.02,profit
item_0148,0,103.0,74,0.0,7622.0,0,2025-01-01,3586.32,profit
item_0038,0,149.0,50,0.0,7450.0,0,2025-01-01,3586.47,profit
item_0143,0,69.0,71,0.0,4899.0,0,2025-01-01,3585.7,profit
item_0123,0,72.0,16,0.0,1152.0,0,2025-01-01,3586.23,profit
item_0046,0,145.0,69,0.0,10005.0,0,2025-01-01,3586.28,profit
item_0112,0,109.0,98,0.0,10682.0,0,2025-01-01,3586.28,profit
item_0151,0,68.0,48,0.0,3264.0,0,2025-01-01,3585.32,profit
item_0056,0,120.0,95,0.0,11400.0,0,2025-01-01,3585.08,profit
item_0044,0,58.0,66,0.0,3828.0,0,2025-01-01,3586.45,profit
item_0055,0,136.0,62,0.0,8432.0,0,2025-01-01,3585.39,profit
item_0031,0,38.0,96,0.0,3648.0,0,2025-01-01,3585.08,profit
item_0166,0,37.0,52,0.0,1924.0,0,2025-01-01,3585.83,profit
item_0127,0,144.0,24,0.0,3456.0,0,2025-01-01,3584.8,profit
item_0034,0,96.0,63,0.0,6048.0,0,2025-01-01,3585.59,profit
item_0092,0,65.0,19,0.0,1235.0,0,2025-01-01,3585.62,profit
item_0168,0,148.0,37,0.0,5476.0,0,2025-01-01,3586.35,profit
item_0159,0,138.0,94,0.0,12972.0,0,2025-01-01,3586.13,profit
item_0066,0,150.0,26,0.0,3900.0,0,2025-01-01,3585.75,profit
item_0099,0,20.0,23,0.0,460.0,0,2025-01-01,3586.7,profit
item_0065,0,68.0,27,0.0,1836.0,0,2025-01-01,3586.3,profit
item_0045,0,54.0,22,0.0,1188.0,0,2025-01-01,3586.37,profit
item_0068,0,105.0,68,0.0,7140.0,0,2025-01-01,3586.08,profit
item_0071,0,115.0,96,0.0,11040.0,0,2025-01-01,3585.7,profit
item_0170,0,122.0,90,0.0,10980.0,0,2025-01-01,3584.93,profit
item_0150,0,109.0,59,0.0,6431.0,0,2025-01-01,3585.43,profit
item_0041,0,86.0,48,0.0,4128.0,0,2025-01-01,3585.48,profit
item_0067,0,63.0,63,0.0,3969.0,0,2025-01-01,3584.97,profit
item_0048,0,51.0,88,0.0,4488.0,0,2025-01-01,3586.32,profit
item_0133,0,77.0,74,0.0,5698.0,0,2025-01-01,3586.2,profit
item_0161,0,23.0,13,0.0,299.0,0,2025-01-01,3586.45,profit
item_0076,0,83.0,91,0.0,7553.0,0,2025-01-01,3586.31,profit
item_0049,0,138.0,27,0.0,3726.0,0,2025-01-01,3586.3,profit
item_0102,0,64.0,89,0.0,5696.0,0,2025-01-01,3585.37,profit
item_0126,0,140.0,69,0.0,9660.0,0,2025-01-01,3586.2,profit
item_0190,1,32.0,28,32.0,896.0,1,2025-01-02,3586.86,profit
item_0177,1,30.0,21,30.0,630.0,1,2025-01-02,3587.03,profit
item_0183,1,27.0,99,27.0,2673.0,1,2025-01-02,3586.82,profit
item_0195,1,37.0,82,37.0,3034.0,1,2025-01-02,3586.98,profit
item_0192,2,17.0,51,34.0,867.0,1,2025-01-02,3586.88,profit
item_0179,1,22.0,61,22.0,1342.0,1,2025-01-02,3586.66,profit
item_0200,1,29.0,48,29.0,1392.0,1,2025-01-02,3586.87,profit
item_0199,1,31.0,50,31.0,1550.0,1,2025-01-02,3586.85,profit
item_0180,1,37.0,30,37.0,1110.0,1,2025-01-02,3587.05,profit
item_0188,1,40.0,14,40.0,560.0,1,2025-01-02,3586.8,profit
item_0184,2,15.0,66,30.0,990.0,1,2025-01-02,3587.11,profit
item_0182,1,32.0,44,32.0,1408.0,1,2025-01-02,3586.94,profit
item_0181,2,16.0,30,32.0,480.0,1,2025-01-02,3586.63,profit
item_0178,1,27.0,10,27.0,270.0,1,2025-01-02,3586.58,profit
item_0191,1,37.0,50,37.0,1850.0,1,2025-01-02,3586.82,profit
item_0187,1,23.0,44,23.0,1012.0,1,2025-01-02,3586.93,profit
item_0173,1,25.0,32,25.0,800.0,1,2025-01-02,3586.3,profit
item_0175,2,20.0,25,40.0,500.0,1,2025-01-02,3586.55,profit
item_0174,1,38.0,39,38.0,1482.0,1,2025-01-02,3586.48,profit
item_0196,1,35.0,23,35.0,805.0,1,2025-01-02,3586.96,profit
item_0171,1,38.0,75,38.0,2850.0,1,2025-01-02,3584.75,profit
item_0185,2,19.0,41,38.0,779.0,1,2025-01-02,3586.97,profit
item_0198,1,29.0,18,29.0,522.0,1,2025-01-02,3586.62,profit
item_0176,1,23.0,85,23.0,1955.0,1,2025-01-02,3586.77,profit
item_0189,2,15.0,11,30.0,165.0,1,2025-01-02,3586.58,profit
item_0172,1,24.0,41,24.0,984.0,1,2025-01-02,3586.07,profit
item_0193,1,24.0,14,24.0,336.0,1,2025-01-02,3587.13,profit
item_0197,1,41.0,13,41.0,533.0,1,2025-01-02,3586.65,profit
item_0186,2,19.0,48,38.0,912.0,1,2025-01-02,3586.83,profit
item_0194,1,26.0,34,26.0,884.0,1,2025-01-02,3586.79,profit
item_0215,1,56.0,72,56.0,4032.0,1,2025-01-03,3585.99,profit
item_0209,2,29.0,64,58.0,1856.0,1,2025-01-03,3586.55,profit
item_0218,2,27.0,39,54.0,1053.0,1,2025-01-03,3585.79,profit
item_0234,1,58.0,31,58.0,1798.0,1,2025-01-03,3586.26,profit
item_0233,1,52.0,62,52.0,3224.0,1,2025-01-03,3586.97,profit
item_0202,1,42.0,85,42.0,3570.0,1,2025-01-03,3586.16,profit
item_0225,2,22.0,76,44.0,1672.0,1,2025-01-03,3586.71,profit
item_0213,2,25.0,22,50.0,550.0,1,2025-01-03,3587.06,profit
item_0214,1,57.0,99,57.0,5643.0,1,2025-01-03,3586.3,profit
item_0212,3,18.0,89,54.0,1602.0,1,2025-01-03,3586.66,profit
item_0224,2,23.0,86,46.0,1978.0,1,2025-01-03,3586.25,profit
item_0235,3,15.0,99,45.0,1485.0,1,2025-01-03,3586.18,profit
item_0210,1,59.0,14,59.0,826.0,1,2025-01-03,3586.6,profit
item_0206,3,17.0,86,51.0,1462.0,1,2025-01-03,3586.66,profit
item_0216,3,20.0,50,60.0,1000.0,1,2025-01-03,3585.74,profit
item_0204,2,29.0,14,58.0,406.0,1,2025-01-03,3586.01,profit
item_0221,1,60.0,31,60.0,1860.0,1,2025-01-03,3586.22,profit
item_0229,1,44.0,46,44.0,2024.0,1,2025-01-03,3586.62,profit
item_0230,2,28.0,37,56.0,1036.0,1,2025-01-03,3586.48,profit
item_0208,3,20.0,33,60.0,660.0,1,2025-01-03,3586.53,profit
item_0231,1,50.0,52,50.0,2600.0,1,2025-01-03,3586.71,profit
item_0223,1,58.0,87,58.0,5046.0,1,2025-01-03,3586.55,profit
item_0203,1,49.0,61,49.0,2989.0,1,2025-01-03,3586.24,profit
item_0232,4,15.0,67,60.0,1005.0,1,2025-01-03,3586.45,profit
item_0220,1,43.0,52,43.0,2236.0,1,2025-01-03,3586.6,profit
item_0227,3,17.0,63,51.0,1071.0,1,2025-01-03,3586.15,profit
item_0205,2,25.0,65,50.0,1625.0,1,2025-01-03,3586.17,profit
item_0211,2,24.0,26,48.0,624.0,1,2025-01-03,3586.06,profit
item_0207,2,21.0,64,42.0,1344.0,1,2025-01-03,3586.73,profit
item_0217,1,45.0,21,45.0,945.0,1,2025-01-03,3586.15,profit
item_0228,2,21.0,38,42.0,798.0,1,2025-01-03,3586.68,profit
item_0222,3,17.0,26,51.0,442.0,1,2025-01-03,3585.95,profit
item_0201,1,54.0,73,54.0,3942.0,1,2025-01-03,3586.62,profit
item_0219,2,29.0,80,58.0,2320.0,1,2025-01-03,3586.33,profit
item_0226,1,51.0,83,51.0,4233.0,1,2025-01-03,3586.55,profit
item_0260,1,66.0,11,66.0,726.0,1,2025-01-04,3586.85,profit
item_0246,4,17.0,67,68.0,1139.0,1,2025-01-04,3586.67,profit
item_0278,4,19.0,60,76.0,1140.0,1,2025-01-04,3586.05,profit
item_0261,5,16.0,35,80.0,560.0,1,2025-01-04,3586.04,profit
item_0265,1,73.0,41,73.0,2993.0,1,2025-01-04,3586.5,profit
item_3503,1,65.0,95,65.0,6175.0,1,2025-01-04,3586.59,profit
item_0281,3,23.0,29,69.0,667.0,1,2025-01-04,3586.99,profit
item_0272,1,75.0,79,75.0,5925.0,1,2025-01-04,3586.98,profit
item_0250,4,18.0,82,72.0,1476.0,1,2025-01-04,3586.56,profit
item_0257,1,75.0,57,75.0,4275.0,1,2025-01-04,3586.14,profit
item_0263,3,22.0,46,66.0,1012.0,1,2025-01-04,3586.78,profit
item_0280,4,20.0,88,80.0,1760.0,1,2025-01-04,3587.03,profit
item_0273,2,37.0,63,74.0,2331.0,1,2025-01-04,3586.06,profit
item_0291,1,73.0,22,73.0,1606.0,1,2025-01-04,3586.72,profit
item_0249,4,17.0,24,68.0,408.0,1,2025-01-04,3586.59,profit
item_0283,1,73.0,80,73.0,5840.0,1,2025-01-04,3586.49,profit
item_0238,1,64.0,42,64.0,2688.0,1,2025-01-04,3585.96,profit
item_0279,4,19.0,82,76.0,1558.0,1,2025-01-04,3586.99,profit
item_0239,1,79.0,24,79.0,1896.0,1,2025-01-04,3585.95,profit
item_0285,1,64.0,100,64.0,6400.0,1,2025-01-04,3586.72,profit
item_0236,2,39.0,80,78.0,3120.0,1,2025-01-04,3587.11,profit
item_0288,1,74.0,34,74.0,2516.0,1,2025-01-04,3585.73,profit
item_0269,4,16.0,21,64.0,336.0,1,2025-01-04,3586.9,profit
item_0243,1,65.0,19,65.0,1235.0,1,2025-01-04,3585.89,profit
item_0282,2,38.0,40,76.0,1520.0,1,2025-01-04,3586.59,profit
item_0270,5,16.0,32,80.0,512.0,1,2025-01-04,3586.2,profit
item_0264,2,41.0,23,82.0,943.0,1,2025-01-04,3586.75,profit
item_0276,2,31.0,65,62.0,2015.0,1,2025-01-04,3586.15,profit
item_0277,1,74.0,32,74.0,2368.0,1,2025-01-04,3586.81,profit
item_0259,3,22.0,83,66.0,1826.0,1,2025-01-04,3586.58,profit
item_0271,4,16.0,67,64.0,1072.0,1,2025-01-04,3586.69,profit
item_0241,3,24.0,54,72.0,1296.0,1,2025-01-04,3586.61,profit
item_0255,1,79.0,14,79.0,1106.0,1,2025-01-04,3586.68,profit
item_0247,1,74.0,67,74.0,4958.0,1,2025-01-04,3586.75,profit
item_0258,2,36.0,65,72.0,2340.0,1,2025-01-04,3586.05,profit
item_0287,1,65.0,26,65.0,1690.0,1,2025-01-04,3585.63,profit
item_0256,1,62.0,23,62.0,1426.0,1,2025-01-04,3585.77,profit
item_0284,4,18.0,51,72.0,918.0,1,2025-01-04,3586.01,profit
item_0237,1,62.0,67,62.0,4154.0,1,2025-01-04,3586.43,profit
item_0290,2,38.0,67,76.0,2546.0,1,2025-01-04,3586.03,profit
item_0286,1,80.0,98,80.0,7840.0,1,2025-01-04,3586.12,profit
item_0244,1,81.0,76,81.0,6156.0,1,2025-01-04,3586.16,profit
item_0266,3,26.0,65,78.0,1690.0,1,2025-01-04,3586.2,profit
item_0248,2,34.0,83,68.0,2822.0,1,2025-01-04,3585.92,profit
item_0275,1,66.0,21,66.0,1386.0,1,2025-01-04,3586.68,profit
item_0268,4,17.0,89,68.0,1513.0,1,2025-01-04,3586.03,profit
item_0240,2,39.0,79,78.0,3081.0,1,2025-01-04,3585.83,profit
item_0274,3,24.0,49,72.0,1176.0,1,2025-01-04,3586.51,profit
item_0242,1,80.0,43,80.0,3440.0,1,2025-01-04,3586.71,profit
item_0267,1,72.0,83,72.0,5976.0,1,2025-01-04,3586.88,profit
item_0251,1,66.0,28,66.0,1848.0,1,2025-01-04,3587.01,profit
item_0253,1,80.0,98,80.0,7840.0,1,2025-01-04,3586.77,profit
item_0289,1,71.0,11,71.0,781.0,1,2025-01-04,3585.82,profit
item_0254,4,19.0,72,76.0,1368.0,1,2025-01-04,3585.85,profit
item_0245,3,23.0,72,69.0,1656.0,1,2025-01-04,3585.94,profit
item_0262,2,39.0,88,78.0,3432.0,1,2025-01-04,3586.95,profit
item_0252,2,37.0,82,74.0,3034.0,1,2025-01-04,3586.12,profit
item_0292,1,80.0,89,80.0,7120.0,1,2025-01-04,3586.03,profit
item_0297,1,99.0,61,99.0,6039.0,1,2025-01-05,3587.03,profit
item_0339,2,46.0,95,92.0,4370.0,1,2025-01-05,3585.62,profit
item_0332,1,90.0,41,90.0,3690.0,1,2025-01-05,3586.64,profit
item_0322,6,15.0,91,90.0,1365.0,1,2025-01-05,3585.88,profit
item_0319,2,50.0,66,100.0,3300.0,1,2025-01-05,3586.42,profit
item_0323,1,95.0,90,95.0,8550.0,1,2025-01-05,3587.14,profit
item_0314,3,33.0,59,99.0,1947.0,1,2025-01-05,3586.43,profit
item_0309,2,51.0,36,102.0,1836.0,1,2025-01-05,3586.63,profit
item_0307,3,34.0,91,102.0,3094.0,1,2025-01-05,3586.93,profit
item_0337,6,15.0,87,90.0,1305.0,1,2025-01-05,3585.96,profit
item_0340,2,48.0,15,96.0,720.0,1,2025-01-05,3586.61,profit
item_0310,1,100.0,71,100.0,7100.0,1,2025-01-05,3586.14,profit
item_0341,1,96.0,77,96.0,7392.0,1,2025-01-05,3586.2,profit
item_0326,1,91.0,11,91.0,1001.0,1,2025-01-05,3586.23,profit
item_0317,4,21.0,49,84.0,1029.0,1,2025-01-05,3586.3,profit
item_0328,4,25.0,23,100.0,575.0,1,2025-01-05,3586.63,profit
item_0305,4,24.0,87,96.0,2088.0,1,2025-01-05,3586.35,profit
item_0325,2,49.0,48,98.0,2352.0,1,2025-01-05,3586.8,profit
item_0329,1,101.0,37,101.0,3737.0,1,2025-01-05,3586.7,profit
item_0303,6,15.0,94,90.0,1410.0,1,2025-01-05,3586.19,profit
item_0324,6,17.0,79,102.0,1343.0,1,2025-01-05,3585.53,profit
item_0343,2,45.0,92,90.0,4140.0,1,2025-01-05,3586.61,profit
item_0304,2,47.0,87,94.0,4089.0,1,2025-01-05,3587.09,profit
item_0344,1,94.0,68,94.0,6392.0,1,2025-01-05,3586.3,profit
item_0345,4,21.0,76,84.0,1596.0,1,2025-01-05,3585.44,profit
item_0316,2,49.0,66,98.0,3234.0,1,2025-01-05,3586.97,profit
item_0333,1,93.0,47,93.0,4371.0,1,2025-01-05,3585.98,profit
item_0321,1,83.0,27,83.0,2241.0,1,2025-01-05,3585.62,profit
item_0320,1,102.0,64,102.0,6528.0,1,2025-01-05,3586.52,profit
item_0295,4,25.0,30,100.0,750.0,1,2025-01-05,3586.47,profit
item_0315,6,16.0,67,96.0,1072.0,1,2025-01-05,3586.67,profit
item_0299,1,85.0,70,85.0,5950.0,1,2025-01-05,3586.35,profit
item_0294,3,31.0,47,93.0,1457.0,1,2025-01-05,3585.76,profit
item_0336,1,92.0,70,92.0,6440.0,1,2025-01-05,3585.95,profit
item_0296,5,18.0,77,90.0,1386.0,1,2025-01-05,3586.62,profit
item_0327,2,46.0,70,92.0,3220.0,1,2025-01-05,3585.85,profit
item_0313,3,34.0,34,102.0,1156.0,1,2025-01-05,3585.58,profit
item_0318,2,44.0,37,88.0,1628.0,1,2025-01-05,3586.71,profit
item_0335,1,95.0,14,95.0,1330.0,1,2025-01-05,3586.89,profit
item_0342,3,32.0,93,96.0,2976.0,1,2025-01-05,3585.67,profit
item_0338,1,101.0,11,101.0,1111.0,1,2025-01-05,3587.09,profit
item_0302,2,45.0,21,90.0,945.0,1,2025-01-05,3585.58,profit
item_0346,5,20.0,22,100.0,440.0,1,2025-01-05,3586.66,profit
item_0300,1,98.0,62,98.0,6076.0,1,2025-01-05,3585.62,profit
item_0308,3,30.0,89,90.0,2670.0,1,2025-01-05,3586.58,profit
item_0306,6,15.0,90,90.0,1350.0,1,2025-01-05,3586.74,profit
item_0334,6,16.0,29,96.0,464.0,1,2025-01-05,3585.91,profit
item_0331,3,32.0,37,96.0,1184.0,1,2025-01-05,3586.91,profit
item_0330,3,28.0,74,84.0,2072.0,1,2025-01-05,3585.84,profit
item_0301,1,90.0,37,90.0,3330.0,1,2025-01-05,3585.43,profit
item_0311,4,25.0,83,100.0,2075.0,1,2025-01-05,3585.54,profit
item_0293,1,83.0,69,83.0,5727.0,1,2025-01-05,3585.98,profit
item_0312,1,95.0,56,95.0,5320.0,1,2025-01-05,3586.75,profit
item_0298,2,49.0,78,98.0,3822.0,1,2025-01-05,3585.59,profit
item_0401,1,119.0,16,119.0,1904.0,1,2025-01-06,3586.3,profit
item_0378,1,104.0,42,104.0,4368.0,1,2025-01-06,3586.35,profit
item_0347,1,120.0,50,120.0,6000.0,1,2025-01-06,3586.5,profit
item_0350,4,28.0,16,112.0,448.0,1,2025-01-06,3585.57,profit
item_0414,1,116.0,66,116.0,7656.0,1,2025-01-06,3585.18,profit
item_0389,1,119.0,15,119.0,1785.0,1,2025-01-06,3585.31,profit
item_0384,1,119.0,15,119.0,1785.0,1,2025-01-06,3585.47,profit
item_0388,1,122.0,59,122.0,7198.0,1,2025-01-06,3585.59,profit
item_0370,1,109.0,98,109.0,10682.0,1,2025-01-06,3585.63,profit
item_0376,1,108.0,68,108.0,7344.0,1,2025-01-06,3586.46,profit
item_0381,1,109.0,44,109.0,4796.0,1,2025-01-06,3585.52,profit
item_0409,1,120.0,95,120.0,11400.0,1,2025-01-06,3585.26,profit
item_0354,1,114.0,70,114.0,7980.0,1,2025-01-06,3585.52,profit
item_0356,5,23.0,52,115.0,1196.0,1,2025-01-06,3585.17,profit
item_0386,1,110.0,39,110.0,4290.0,1,2025-01-06,3586.4,profit
item_0407,4,27.0,61,108.0,1647.0,1,2025-01-06,3585.19,profit
item_0399,1,105.0,16,105.0,1680.0,1,2025-01-06,3586.79,profit
item_0385,2,52.0,28,104.0,1456.0,1,2025-01-06,3585.43,profit
item_0348,1,116.0,48,116.0,5568.0,1,2025-01-06,3585.4,profit
item_0382,2,54.0,86,108.0,4644.0,1,2025-01-06,3585.56,profit
item_0391,3,40.0,77,120.0,3080.0,1,2025-01-06,3585.66,profit
item_0410,1,121.0,85,121.0,10285.0,1,2025-01-06,3584.87,profit
item_0364,1,106.0,96,106.0,10176.0,1,2025-01-06,3584.74,profit
item_0379,4,27.0,22,108.0,594.0,1,2025-01-06,3585.66,profit
item_0355,1,115.0,24,115.0,2760.0,1,2025-01-06,3585.17,profit
item_0404,1,118.0,63,118.0,7434.0,1,2025-01-06,3585.48,profit
item_0411,7,17.0,23,119.0,391.0,1,2025-01-06,3584.69,profit
item_3582,1,113.0,55,113.0,6215.0,1,2025-01-06,3585.37,profit
item_0375,3,40.0,31,120.0,1240.0,1,2025-01-06,3586.66,profit
item_0398,4,28.0,66,112.0,1848.0,1,2025-01-06,3586.94,profit
item_0405,2,53.0,31,106.0,1643.0,1,2025-01-06,3585.3,profit
item_0396,4,27.0,17,108.0,459.0,1,2025-01-06,3586.47,profit
item_0397,5,22.0,74,110.0,1628.0,1,2025-01-06,3586.4,profit
item_0374,6,20.0,33,120.0,660.0,1,2025-01-06,3586.12,profit
item_0387,1,115.0,50,115.0,5750.0,1,2025-01-06,3585.74,profit
item_0383,1,104.0,57,104.0,5928.0,1,2025-01-06,3586.36,profit
item_0390,1,111.0,26,111.0,2886.0,1,2025-01-06,3585.45,profit
item_0366,1,111.0,41,111.0,4551.0,1,2025-01-06,3586.09,profit
item_0413,1,121.0,53,121.0,6413.0,1,2025-01-06,3586.66,profit
item_0360,2,53.0,75,106.0,3975.0,1,2025-01-06,3586.54,profit
item_0365,3,36.0,42,108.0,1512.0,1,2025-01-06,3584.99,profit
item_0369,1,110.0,38,110.0,4180.0,1,2025-01-06,3586.45,profit
item_0395,3,35.0,72,105.0,2520.0,1,2025-01-06,3585.3,profit
item_0361,1,120.0,100,120.0,12000.0,1,2025-01-06,3585.97,profit
item_0352,1,119.0,12,119.0,1428.0,1,2025-01-06,3586.47,profit
item_0412,6,18.0,65,108.0,1170.0,1,2025-01-06,3586.2,profit
item_0371,1,110.0,92,110.0,10120.0,1,2025-01-06,3585.42,profit
item_0400,2,59.0,43,118.0,2537.0,1,2025-01-06,3585.7,profit
item_0351,2,52.0,70,104.0,3640.0,1,2025-01-06,3586.51,profit
item_0358,1,115.0,98,115.0,11270.0,1,2025-01-06,3586.17,profit
item_0357,2,54.0,93,108.0,5022.0,1,2025-01-06,3586.6,profit
item_0353,1,108.0,52,108.0,5616.0,1,2025-01-06,3585.52,profit
item_0362,1,117.0,99,117.0,11583.0,1,2025-01-06,3584.81,profit
item_0408,1,108.0,66,108.0,7128.0,1,2025-01-06,3586.4,profit
item_0377,3,39.0,16,117.0,624.0,1,2025-01-06,3585.57,profit
item_0394,1,105.0,46,105.0,4830.0,1,2025-01-06,3586.12,profit
item_0392,1,106.0,78,106.0,8268.0,1,2025-01-06,3586.67,profit
item_0373,3,38.0,23,114.0,874.0,1,2025-01-06,3586.43,profit
item_0393,2,52.0,69,104.0,3588.0,1,2025-01-06,3585.37,profit
item_0406,1,111.0,97,111.0,10767.0,1,2025-01-06,3586.01,profit
item_0368,3,35.0,22,105.0,770.0,1,2025-01-06,3586.16,profit
item_0359,7,16.0,70,112.0,1120.0,1,2025-01-06,3584.94,profit
item_0363,1,121.0,46,121.0,5566.0,1,2025-01-06,3584.67,profit
item_0403,1,119.0,22,119.0,2618.0,1,2025-01-06,3586.62,profit
item_0380,1,118.0,59,118.0,6962.0,1,2025-01-06,3586.64,profit
item_0402,4,28.0,42,112.0,1176.0,1,2025-01-06,3585.45,profit
item_0372,5,23.0,72,115.0,1656.0,1,2025-01-06,3585.07,profit
item_0349,1,104.0,36,104.0,3744.0,1,2025-01-06,3585.43,profit
item_0367,2,55.0,49,110.0,2695.0,1,2025-01-06,3585.29,profit
item_0447,1,135.0,66,135.0,8910.0,1,2025-01-07,3586.6,profit
item_0432,3,43.0,100,129.0,4300.0,1,2025-01-07,3586.75,profit
item_0480,1,135.0,66,135.0,8910.0,1,2025-01-07,3586.36,profit
item_0423,5,27.0,39,135.0,1053.0,1,2025-01-07,3586.57,profit
item_0438,2,68.0,90,136.0,6120.0,1,2025-01-07,3586.45,profit
item_0460,1,140.0,77,140.0,10780.0,1,2025-01-07,3586.55,profit
item_0461,1,136.0,52,136.0,7072.0,1,2025-01-07,3584.81,profit
item_0453,6,21.0,58,126.0,1218.0,1,2025-01-07,3586.5,profit
item_0482,1,129.0,92,129.0,11868.0,1,2025-01-07,3586.07,profit
item_0484,7,19.0,31,133.0,589.0,1,2025-01-07,3585.64,profit
item_0471,4,32.0,65,128.0,2080.0,1,2025-01-07,3585.88,profit
item_0442,5,27.0,14,135.0,378.0,1,2025-01-07,3586.87,profit
item_0472,2,71.0,36,142.0,2556.0,1,2025-01-07,3586.81,profit
item_0424,4,32.0,38,128.0,1216.0,1,2025-01-07,3586.5,profit
item_0450,2,63.0,100,126.0,6300.0,1,2025-01-07,3584.86,profit
item_0481,2,63.0,95,126.0,5985.0,1,2025-01-07,3585.09,profit
item_0422,4,35.0,76,140.0,2660.0,1,2025-01-07,3586.28,profit
item_0428,2,68.0,78,136.0,5304.0,1,2025-01-07,3585.4,profit
item_0487,6,21.0,80,126.0,1680.0,1,2025-01-07,3585.35,profit
item_0426,3,44.0,66,132.0,2904.0,1,2025-01-07,3586.13,profit
item_0436,1,130.0,42,130.0,5460.0,1,2025-01-07,3585.24,profit
item_0475,1,124.0,71,124.0,8804.0,1,2025-01-07,3585.37,profit
item_0437,3,46.0,45,138.0,2070.0,1,2025-01-07,3585.35,profit
item_0468,1,140.0,24,140.0,3360.0,1,2025-01-07,3584.82,profit
item_0467,1,134.0,91,134.0,12194.0,1,2025-01-07,3586.61,profit
item_0488,7,18.0,86,126.0,1548.0,1,2025-01-07,3587.0,profit
item_0451,2,69.0,44,138.0,3036.0,1,2025-01-07,3585.83,profit
item_0440,1,138.0,27,138.0,3726.0,1,2025-01-07,3586.45,profit
item_0415,1,133.0,73,133.0,9709.0,1,2025-01-07,3585.21,profit
item_0458,4,33.0,70,132.0,2310.0,1,2025-01-07,3586.1,profit
item_0478,1,142.0,39,142.0,5538.0,1,2025-01-07,3586.37,profit
item_0474,1,129.0,49,129.0,6321.0,1,2025-01-07,3586.56,profit
item_0425,2,68.0,25,136.0,1700.0,1,2025-01-07,3586.49,profit
item_0459,4,33.0,65,132.0,2145.0,1,2025-01-07,3586.57,profit
item_0448,1,137.0,48,137.0,6576.0,1,2025-01-07,3584.96,profit
item_0452,7,19.0,44,133.0,836.0,1,2025-01-07,3585.62,profit
item_0485,6,21.0,35,126.0,735.0,1,2025-01-07,3586.61,profit
item_0443,1,127.0,35,127.0,4445.0,1,2025-01-07,3586.74,profit
item_0466,6,22.0,42,132.0,924.0,1,2025-01-07,3586.78,profit
item_0429,4,33.0,45,132.0,1485.0,1,2025-01-07,3586.21,profit
item_0427,1,128.0,14,128.0,1792.0,1,2025-01-07,3586.57,profit
item_0417,2,68.0,17,136.0,1156.0,1,2025-01-07,3586.05,profit
item_0457,2,64.0,55,128.0,3520.0,1,2025-01-07,3586.06,profit
item_0434,1,141.0,44,141.0,6204.0,1,2025-01-07,3586.14,profit
item_0477,4,33.0,14,132.0,462.0,1,2025-01-07,3586.53,profit
item_0439,5,25.0,13,125.0,325.0,1,2025-01-07,3586.14,profit
item_0430,5,28.0,32,140.0,896.0,1,2025-01-07,3586.54,profit
item_0419,6,23.0,84,138.0,1932.0,1,2025-01-07,3585.03,profit
item_0416,3,44.0,30,132.0,1320.0,1,2025-01-07,3584.79,profit
item_0449,1,129.0,51,129.0,6579.0,1,2025-01-07,3584.84,profit
item_0418,1,131.0,85,131.0,11135.0,1,2025-01-07,3585.92,profit
item_0470,2,66.0,48,132.0,3168.0,1,2025-01-07,3586.61,profit
item_3583,6,21.0,53,126.0,1113.0,1,2025-01-07,3586.58,profit
item_0456,2,68.0,55,136.0,3740.0,1,2025-01-07,3585.26,profit
item_0455,1,127.0,10,127.0,1270.0,1,2025-01-07,3584.96,profit
item_0476,4,31.0,64,124.0,1984.0,1,2025-01-07,3585.24,profit
item_0463,1,137.0,35,137.0,4795.0,1,2025-01-07,3585.77,profit
item_0446,7,20.0,43,140.0,860.0,1,2025-01-07,3585.08,profit
item_0421,3,44.0,42,132.0,1848.0,1,2025-01-07,3585.89,profit
item_0435,1,143.0,12,143.0,1716.0,1,2025-01-07,3584.98,profit
item_0464,3,42.0,50,126.0,2100.0,1,2025-01-07,3585.0,profit
item_0445,1,125.0,76,125.0,9500.0,1,2025-01-07,3586.79,profit
item_0441,7,19.0,25,133.0,475.0,1,2025-01-07,3585.25,profit
item_0462,2,71.0,31,142.0,2201.0,1,2025-01-07,3584.88,profit
item_0469,5,28.0,85,140.0,2380.0,1,2025-01-07,3584.8,profit
item_0420,2,64.0,39,128.0,2496.0,1,2025-01-07,3586.72,profit
item_0483,2,67.0,27,134.0,1809.0,1,2025-01-07,3584.69,profit
item_0433,2,67.0,89,134.0,5963.0,1,2025-01-07,3586.81,profit
item_0431,4,32.0,36,128.0,1152.0,1,2025-01-07,3586.67,profit
item_0473,3,43.0,35,129.0,1505.0,1,2025-01-07,3586.11,profit
item_0454,1,134.0,64,134.0,8576.0,1,2025-01-07,3586.68,profit
item_0479,3,46.0,25,138.0,1150.0,1,2025-01-07,3585.2,profit
item_0486,1,131.0,43,131.0,5633.0,1,2025-01-07,3586.78,profit
item_0444,4,34.0,67,136.0,2278.0,1,2025-01-07,3585.58,profit
item_0465,7,20.0,67,140.0,1340.0,1,2025-01-07,3586.29,profit
item_0519,10,15.0,99,150.0,1485.0,1,2025-01-08,3585.78,profit
item_0501,3,48.0,35,144.0,1680.0,1,2025-01-08,3586.37,profit
item_0507,3,48.0,92,144.0,4416.0,1,2025-01-08,3587.16,profit
item_0518,2,81.0,17,162.0,1377.0,1,2025-01-08,3584.83,profit
item_0496,2,78.0,13,156.0,1014.0,1,2025-01-08,3584.88,profit
item_0497,4,37.0,67,148.0,2479.0,1,2025-01-08,3585.83,profit
item_0526,5,31.0,48,155.0,1488.0,1,2025-01-08,3586.34,profit
item_0490,5,30.0,62,150.0,1860.0,1,2025-01-08,3586.78,profit
item_0538,4,39.0,49,156.0,1911.0,1,2025-01-08,3584.91,profit
item_0522,6,27.0,62,162.0,1674.0,1,2025-01-08,3586.73,profit
item_0511,4,36.0,79,144.0,2844.0,1,2025-01-08,3586.53,profit
item_0521,8,20.0,51,160.0,1020.0,1,2025-01-08,3586.52,profit
item_0527,1,147.0,67,147.0,9849.0,1,2025-01-08,3586.55,profit
item_0495,1,149.0,36,149.0,5364.0,1,2025-01-08,3586.72,profit
item_0502,7,22.0,29,154.0,638.0,1,2025-01-08,3586.16,profit
item_0524,1,150.0,53,150.0,7950.0,1,2025-01-08,3585.0,profit
item_0530,3,50.0,11,150.0,550.0,1,2025-01-08,3586.39,profit
item_0512,5,29.0,12,145.0,348.0,1,2025-01-08,3586.38,profit
item_0492,1,150.0,23,150.0,3450.0,1,2025-01-08,3584.6,profit
item_0505,5,29.0,55,145.0,1595.0,1,2025-01-08,3586.17,profit
item_0523,1,150.0,38,150.0,5700.0,1,2025-01-08,3586.75,profit
item_0533,1,148.0,11,148.0,1628.0,1,2025-01-08,3586.1,profit
item_0509,1,150.0,77,150.0,11550.0,1,2025-01-08,3586.39,profit
item_0529,4,40.0,16,160.0,640.0,1,2025-01-08,3586.1,profit
item_0503,1,147.0,27,147.0,3969.0,1,2025-01-08,3586.71,profit
item_0506,10,15.0,77,150.0,1155.0,1,2025-01-08,3586.81,profit
item_0535,4,40.0,75,160.0,3000.0,1,2025-01-08,3586.6,profit
item_0510,4,38.0,100,152.0,3800.0,1,2025-01-08,3584.82,profit
item_0500,4,41.0,82,164.0,3362.0,1,2025-01-08,3587.0,profit
item_0516,5,29.0,58,145.0,1682.0,1,2025-01-08,3585.37,profit
item_0491,1,150.0,81,150.0,12150.0,1,2025-01-08,3586.58,profit
item_0489,6,25.0,83,150.0,2075.0,1,2025-01-08,3587.0,profit
item_0498,2,81.0,60,162.0,4860.0,1,2025-01-08,3586.62,profit
item_0494,5,31.0,93,155.0,2883.0,1,2025-01-08,3585.88,profit
item_0520,4,38.0,75,152.0,2850.0,1,2025-01-08,3587.2,profit
item_0493,2,75.0,48,150.0,3600.0,1,2025-01-08,3584.83,profit
item_0528,3,48.0,10,144.0,480.0,1,2025-01-08,3584.8,profit
item_0536,2,79.0,84,158.0,6636.0,1,2025-01-08,3586.79,profit
item_0504,2,72.0,23,144.0,1656.0,1,2025-01-08,3585.25,profit
item_0517,1,148.0,79,148.0,11692.0,1,2025-01-08,3586.94,profit
item_0499,9,17.0,94,153.0,1598.0,1,2025-01-08,3585.82,profit
item_0508,4,39.0,26,156.0,1014.0,1,2025-01-08,3586.5,profit
item_0531,4,36.0,25,144.0,900.0,1,2025-01-08,3586.37,profit
item_0514,4,41.0,18,164.0,738.0,1,2025-01-08,3586.03,profit
item_0532,2,82.0,80,164.0,6560.0,1,2025-01-08,3586.7,profit
item_0513,2,75.0,59,150.0,4425.0,1,2025-01-08,3586.28,profit
item_0515,1,147.0,19,147.0,2793.0,1,2025-01-08,3586.46,profit
item_0534,4,38.0,20,152.0,760.0,1,2025-01-08,3585.22,profit
item_0537,1,144.0,41,144.0,5904.0,1,2025-01-08,3585.96,profit
item_0525,4,39.0,53,156.0,2067.0,1,2025-01-08,3584.84,profit
item_0562,2,91.0,34,182.0,3094.0,1,2025-01-09,3586.77,profit
item_0556,11,15.0,67,165.0,1005.0,1,2025-01-09,3585.61,profit
item_0549,5,35.0,39,175.0,1365.0,1,2025-01-09,3585.7,profit
item_0582,4,46.0,63,184.0,2898.0,1,2025-01-09,3585.82,profit
item_0550,2,88.0,50,176.0,4400.0,1,2025-01-09,3586.37,profit
item_0580,5,33.0,91,165.0,3003.0,1,2025-01-09,3587.19,profit
item_0557,11,16.0,69,176.0,1104.0,1,2025-01-09,3586.82,profit
item_0539,3,59.0,97,177.0,5723.0,1,2025-01-09,3586.44,profit
item_0542,5,34.0,18,170.0,612.0,1,2025-01-09,3586.6,profit
item_0551,8,23.0,88,184.0,2024.0,1,2025-01-09,3585.71,profit
item_0586,2,86.0,20,172.0,1720.0,1,2025-01-09,3586.79,profit
item_0565,8,22.0,26,176.0,572.0,1,2025-01-09,3586.84,profit
item_0548,2,90.0,82,180.0,7380.0,1,2025-01-09,3586.69,profit
item_0546,2,83.0,12,166.0,996.0,1,2025-01-09,3586.66,profit
item_0543,2,87.0,100,174.0,8700.0,1,2025-01-09,3586.6,profit
item_0579,11,16.0,82,176.0,1312.0,1,2025-01-09,3586.37,profit
item_0577,6,29.0,63,174.0,1827.0,1,2025-01-09,3587.26,profit
item_0547,4,42.0,85,168.0,3570.0,1,2025-01-09,3585.9,profit
item_0588,2,87.0,88,174.0,7656.0,1,2025-01-09,3587.0,profit
item_0553,8,23.0,30,184.0,690.0,1,2025-01-09,3586.12,profit
item_0567,9,19.0,85,171.0,1615.0,1,2025-01-09,3587.32,profit
item_0564,9,19.0,51,171.0,969.0,1,2025-01-09,3587.04,profit
item_0552,3,56.0,64,168.0,3584.0,1,2025-01-09,3586.9,profit
item_0576,11,15.0,54,165.0,810.0,1,2025-01-09,3587.07,profit
item_0585,6,29.0,76,174.0,2204.0,1,2025-01-09,3586.57,profit
item_0571,11,16.0,42,176.0,672.0,1,2025-01-09,3586.47,profit
item_0561,8,21.0,89,168.0,1869.0,1,2025-01-09,3586.8,profit
item_0570,4,43.0,57,172.0,2451.0,1,2025-01-09,3585.76,profit
item_0554,3,61.0,85,183.0,5185.0,1,2025-01-09,3586.57,profit
item_0578,3,59.0,67,177.0,3953.0,1,2025-01-09,3586.95,profit
item_0568,11,15.0,71,165.0,1065.0,1,2025-01-09,3587.01,profit
item_0569,2,85.0,45,170.0,3825.0,1,2025-01-09,3587.02,profit
item_0566,11,15.0,96,165.0,1440.0,1,2025-01-09,3586.76,profit
item_0541,10,18.0,13,180.0,234.0,1,2025-01-09,3585.95,profit
item_0545,10,18.0,38,180.0,684.0,1,2025-01-09,3586.15,profit
item_0560,8,22.0,100,176.0,2200.0,1,2025-01-09,3585.63,profit
item_0558,7,25.0,75,175.0,1875.0,1,2025-01-09,3586.72,profit
item_0573,9,20.0,56,180.0,1120.0,1,2025-01-09,3586.33,profit
item_0555,2,84.0,57,168.0,4788.0,1,2025-01-09,3586.12,profit
item_0587,11,16.0,17,176.0,272.0,1,2025-01-09,3585.9,profit
item_0574,5,34.0,32,170.0,1088.0,1,2025-01-09,3587.16,profit
item_0583,2,85.0,100,170.0,8500.0,1,2025-01-09,3586.49,profit
item_0563,10,18.0,86,180.0,1548.0,1,2025-01-09,3585.56,profit
item_0544,3,60.0,96,180.0,5760.0,1,2025-01-09,3585.9,profit
item_0559,2,84.0,90,168.0,7560.0,1,2025-01-09,3586.64,profit
item_0540,3,58.0,35,174.0,2030.0,1,2025-01-09,3586.17,profit
item_0572,3,61.0,12,183.0,732.0,1,2025-01-09,3586.97,profit
item_0584,7,25.0,39,175.0,975.0,1,2025-01-09,3585.81,profit
item_0575,9,19.0,41,171.0,779.0,1,2025-01-09,3586.7,profit
item_0581,2,84.0,42,168.0,3528.0,1,2025-01-09,3586.77,profit
item_0593,7,27.0,28,189.0,756.0,1,2025-01-10,3586.02,profit
item_0606,6,32.0,17,192.0,544.0,1,2025-01-10,3586.62,profit
item_0635,6,32.0,52,192.0,1664.0,1,2025-01-10,3585.46,profit
item_0607,2,98.0,82,196.0,8036.0,1,2025-01-10,3586.53,profit
item_0604,9,21.0,98,189.0,2058.0,1,2025-01-10,3586.4,profit
item_0611,10,20.0,68,200.0,1360.0,1,2025-01-10,3586.24,profit
item_0637,3,66.0,27,198.0,1782.0,1,2025-01-10,3587.11,profit
item_0629,7,28.0,53,196.0,1484.0,1,2025-01-10,3586.47,profit
item_0596,7,28.0,83,196.0,2324.0,1,2025-01-10,3585.68,profit
item_0600,4,51.0,83,204.0,4233.0,1,2025-01-10,3585.57,profit
item_0594,12,16.0,31,192.0,496.0,1,2025-01-10,3586.66,profit
item_0605,5,38.0,75,190.0,2850.0,1,2025-01-10,3587.18,profit
item_0590,2,99.0,100,198.0,9900.0,1,2025-01-10,3587.05,profit
item_0603,5,37.0,22,185.0,814.0,1,2025-01-10,3586.74,profit
item_0601,3,64.0,69,192.0,4416.0,1,2025-01-10,3586.26,profit
item_0614,3,66.0,36,198.0,2376.0,1,2025-01-10,3586.8,profit
item_0617,12,16.0,71,192.0,1136.0,1,2025-01-10,3586.84,profit
item_0609,3,63.0,35,189.0,2205.0,1,2025-01-10,3586.93,profit
item_0612,4,50.0,47,200.0,2350.0,1,2025-01-10,3586.86,profit
item_0634,2,99.0,62,198.0,6138.0,1,2025-01-10,3585.54,profit
item_0626,2,95.0,73,190.0,6935.0,1,2025-01-10,3586.98,profit
item_0621,3,67.0,42,201.0,2814.0,1,2025-01-10,3586.54,profit
item_0608,9,21.0,72,189.0,1512.0,1,2025-01-10,3585.75,profit
item_0640,5,37.0,41,185.0,1517.0,1,2025-01-10,3585.61,profit
item_0599,2,100.0,65,200.0,6500.0,1,2025-01-10,3586.4,profit
item_0630,3,67.0,23,201.0,1541.0,1,2025-01-10,3586.79,profit
item_0624,2,97.0,71,194.0,6887.0,1,2025-01-10,3586.56,profit
item_0628,5,41.0,45,205.0,1845.0,1,2025-01-10,3586.31,profit
item_0631,2,94.0,69,188.0,6486.0,1,2025-01-10,3586.17,profit
item_0591,5,41.0,31,205.0,1271.0,1,2025-01-10,3585.38,profit
item_0597,13,15.0,64,195.0,960.0,1,2025-01-10,3586.72,profit
item_0615,5,37.0,96,185.0,3552.0,1,2025-01-10,3586.26,profit
item_0602,9,21.0,60,189.0,1260.0,1,2025-01-10,3585.93,profit
item_0589,10,19.0,85,190.0,1615.0,1,2025-01-10,3586.02,profit
item_0592,3,67.0,37,201.0,2479.0,1,2025-01-10,3586.15,profit
item_0595,2,101.0,86,202.0,8686.0,1,2025-01-10,3586.99,profit
item_0632,7,29.0,50,203.0,1450.0,1,2025-01-10,3585.82,profit
item_0623,6,33.0,42,198.0,1386.0,1,2025-01-10,3586.61,profit
item_0618,9,21.0,79,189.0,1659.0,1,2025-01-10,3587.06,profit
item_0620,5,39.0,85,195.0,3315.0,1,2025-01-10,3586.12,profit
item_0639,2,93.0,79,186.0,7347.0,1,2025-01-10,3586.67,profit
item_0625,9,22.0,99,198.0,2178.0,1,2025-01-10,3585.7,profit
item_0622,5,40.0,86,200.0,3440.0,1,2025-01-10,3585.99,profit
item_0610,3,63.0,96,189.0,6048.0,1,2025-01-10,3586.11,profit
item_0638,5,41.0,90,205.0,3690.0,1,2025-01-10,3586.04,profit
item_0598,6,31.0,24,186.0,744.0,1,2025-01-10,3586.86,profit
item_0633,2,102.0,84,204.0,8568.0,1,2025-01-10,3586.7,profit
item_0627,5,41.0,47,205.0,1927.0,1,2025-01-10,3585.47,profit
item_0619,3,63.0,54,189.0,3402.0,1,2025-01-10,3586.95,profit
item_0613,12,17.0,19,204.0,323.0,1,2025-01-10,3586.29,profit
item_0636,13,15.0,79,195.0,1185.0,1,2025-01-10,3586.47,profit
item_0616,7,28.0,85,196.0,2380.0,1,2025-01-10,3586.84,profit
item_0695,2,113.0,83,226.0,9379.0,1,2025-01-11,3587.06,profit
item_0655,4,56.0,63,224.0,3528.0,1,2025-01-11,3586.56,profit
item_0693,2,103.0,61,206.0,6283.0,1,2025-01-11,3586.78,profit
item_0673,6,36.0,82,216.0,2952.0,1,2025-01-11,3585.53,profit
item_0682,5,43.0,47,215.0,2021.0,1,2025-01-11,3586.57,profit
item_0642,2,111.0,19,222.0,2109.0,1,2025-01-11,3586.44,profit
item_0659,4,53.0,98,212.0,5194.0,1,2025-01-11,3586.63,profit
item_0698,3,72.0,37,216.0,2664.0,1,2025-01-11,3586.03,profit
item_0686,3,74.0,99,222.0,7326.0,1,2025-01-11,3586.01,profit
item_0657,3,70.0,55,210.0,3850.0,1,2025-01-11,3586.69,profit
item_0658,5,43.0,78,215.0,3354.0,1,2025-01-11,3586.19,profit
item_0684,2,103.0,93,206.0,9579.0,1,2025-01-11,3586.37,profit
item_0675,13,16.0,34,208.0,544.0,1,2025-01-11,3585.95,profit
item_0702,2,105.0,17,210.0,1785.0,1,2025-01-11,3586.08,profit
item_0694,11,19.0,94,209.0,1786.0,1,2025-01-11,3585.64,profit
item_0685,4,52.0,25,208.0,1300.0,1,2025-01-11,3585.4,profit
item_0644,6,37.0,61,222.0,2257.0,1,2025-01-11,3586.18,profit
item_0656,9,23.0,20,207.0,460.0,1,2025-01-11,3586.36,profit
item_0645,2,104.0,39,208.0,4056.0,1,2025-01-11,3586.82,profit
item_0660,8,27.0,70,216.0,1890.0,1,2025-01-11,3586.37,profit
item_0648,9,24.0,72,216.0,1728.0,1,2025-01-11,3586.68,profit
item_0646,4,55.0,43,220.0,2365.0,1,2025-01-11,3585.72,profit
item_0654,8,27.0,17,216.0,459.0,1,2025-01-11,3585.47,profit
item_0677,5,42.0,38,210.0,1596.0,1,2025-01-11,3586.79,profit
item_0671,7,30.0,27,210.0,810.0,1,2025-01-11,3585.29,profit
item_0697,4,56.0,44,224.0,2464.0,1,2025-01-11,3586.05,profit
item_0696,4,55.0,78,220.0,4290.0,1,2025-01-11,3585.13,profit
item_0670,2,112.0,73,224.0,8176.0,1,2025-01-11,3586.47,profit
item_0647,6,37.0,49,222.0,1813.0,1,2025-01-11,3586.39,profit
item_0676,10,21.0,25,210.0,525.0,1,2025-01-11,3586.81,profit
item_0678,4,55.0,83,220.0,4565.0,1,2025-01-11,3586.63,profit
item_0681,6,35.0,28,210.0,980.0,1,2025-01-11,3585.58,profit
item_0653,2,111.0,58,222.0,6438.0,1,2025-01-11,3585.46,profit
item_0651,14,16.0,87,224.0,1392.0,1,2025-01-11,3585.48,profit
item_0643,3,75.0,30,225.0,2250.0,1,2025-01-11,3585.59,profit
item_0667,11,19.0,35,209.0,665.0,1,2025-01-11,3585.65,profit
item_0688,2,109.0,76,218.0,8284.0,1,2025-01-11,3586.15,profit
item_0668,2,111.0,88,222.0,9768.0,1,2025-01-11,3586.97,profit
item_0687,4,53.0,94,212.0,4982.0,1,2025-01-11,3585.93,profit
item_0664,2,104.0,51,208.0,5304.0,1,2025-01-11,3586.97,profit
item_0666,2,105.0,28,210.0,2940.0,1,2025-01-11,3587.05,profit
item_0700,14,16.0,17,224.0,272.0,1,2025-01-11,3586.3,profit
item_0689,8,28.0,60,224.0,1680.0,1,2025-01-11,3585.07,profit
item_0665,14,16.0,47,224.0,752.0,1,2025-01-11,3585.71,profit
item_0641,5,43.0,57,215.0,2451.0,1,2025-01-11,3586.34,profit
item_0669,9,25.0,26,225.0,650.0,1,2025-01-11,3585.4,profit
item_0652,2,103.0,27,206.0,2781.0,1,2025-01-11,3587.04,profit
item_0661,4,56.0,11,224.0,616.0,1,2025-01-11,3586.72,profit
item_0650,2,106.0,99,212.0,10494.0,1,2025-01-11,3586.92,profit
item_0691,8,28.0,43,224.0,1204.0,1,2025-01-11,3585.17,profit
item_0701,3,75.0,32,225.0,2400.0,1,2025-01-11,3586.75,profit
item_0699,4,55.0,64,220.0,3520.0,1,2025-01-11,3585.89,profit
item_0672,2,109.0,35,218.0,3815.0,1,2025-01-11,3586.42,profit
item_0692,12,18.0,23,216.0,414.0,1,2025-01-11,3586.57,profit
item_0662,2,110.0,15,220.0,1650.0,1,2025-01-11,3586.15,profit
item_0680,2,111.0,23,222.0,2553.0,1,2025-01-11,3585.56,profit
item_0683,4,54.0,74,216.0,3996.0,1,2025-01-11,3586.57,profit
item_0663,8,26.0,45,208.0,1170.0,1,2025-01-11,3585.79,profit
item_0690,2,112.0,35,224.0,3920.0,1,2025-01-11,3586.34,profit
item_0679,2,112.0,34,224.0,3808.0,1,2025-01-11,3586.51,profit
item_0674,3,72.0,69,216.0,4968.0,1,2025-01-11,3586.73,profit
item_0649,11,19.0,37,209.0,703.0,1,2025-01-11,3587.01,profit
item_0738,2,121.0,91,242.0,11011.0,1,2025-01-12,3585.94,profit
item_0706,2,121.0,56,242.0,6776.0,1,2025-01-12,3586.05,profit
item_0754,3,77.0,42,231.0,3234.0,1,2025-01-12,3586.98,profit
item_0764,8,29.0,32,232.0,928.0,1,2025-01-12,3585.9,profit
item_0711,3,76.0,42,228.0,3192.0,1,2025-01-12,3586.87,profit
item_0714,11,22.0,61,242.0,1342.0,1,2025-01-12,3586.07,profit
item_0725,12,19.0,23,228.0,437.0,1,2025-01-12,3585.3,profit
item_0742,16,15.0,62,240.0,930.0,1,2025-01-12,3585.01,profit
item_0734,10,24.0,59,240.0,1416.0,1,2025-01-12,3586.63,profit
item_0704,3,77.0,57,231.0,4389.0,1,2025-01-12,3585.35,profit
item_0729,2,123.0,21,246.0,2583.0,1,2025-01-12,3586.26,profit
item_0732,5,46.0,30,230.0,1380.0,1,2025-01-12,3585.46,profit
item_0749,3,78.0,47,234.0,3666.0,1,2025-01-12,3586.62,profit
item_0726,2,114.0,44,228.0,5016.0,1,2025-01-12,3586.6,profit
item_0752,2,119.0,43,238.0,5117.0,1,2025-01-12,3585.37,profit
item_0728,5,49.0,30,245.0,1470.0,1,2025-01-12,3586.35,profit
item_0757,5,48.0,58,240.0,2784.0,1,2025-01-12,3586.19,profit
item_0747,10,24.0,94,240.0,2256.0,1,2025-01-12,3586.36,profit
item_0709,4,59.0,23,236.0,1357.0,1,2025-01-12,3586.59,profit
item_0762,3,81.0,91,243.0,7371.0,1,2025-01-12,3586.34,profit
item_0761,5,48.0,18,240.0,864.0,1,2025-01-12,3586.83,profit
item_0743,4,61.0,30,244.0,1830.0,1,2025-01-12,3586.85,profit
item_0755,5,47.0,41,235.0,1927.0,1,2025-01-12,3585.78,profit
item_0723,5,49.0,58,245.0,2842.0,1,2025-01-12,3586.59,profit
item_0751,2,118.0,11,236.0,1298.0,1,2025-01-12,3586.15,profit
item_0720,6,40.0,90,240.0,3600.0,1,2025-01-12,3585.42,profit
item_0716,6,41.0,30,246.0,1230.0,1,2025-01-12,3586.74,profit
item_0763,3,76.0,47,228.0,3572.0,1,2025-01-12,3585.98,profit
item_0736,2,116.0,20,232.0,2320.0,1,2025-01-12,3585.96,profit
item_0744,6,40.0,87,240.0,3480.0,1,2025-01-12,3585.94,profit
item_0717,9,26.0,20,234.0,520.0,1,2025-01-12,3586.64,profit
item_0718,2,121.0,65,242.0,7865.0,1,2025-01-12,3586.87,profit
item_0759,2,114.0,19,228.0,2166.0,1,2025-01-12,3585.78,profit
item_0750,4,57.0,81,228.0,4617.0,1,2025-01-12,3585.77,profit
item_0735,3,79.0,41,237.0,3239.0,1,2025-01-12,3586.99,profit
item_0703,2,114.0,94,228.0,10716.0,1,2025-01-12,3585.78,profit
item_0753,13,18.0,62,234.0,1116.0,1,2025-01-12,3585.42,profit
item_0745,7,34.0,64,238.0,2176.0,1,2025-01-12,3586.53,profit
item_0758,3,76.0,23,228.0,1748.0,1,2025-01-12,3586.13,profit
item_0731,2,120.0,59,240.0,7080.0,1,2025-01-12,3586.91,profit
item_0724,2,116.0,79,232.0,9164.0,1,2025-01-12,3586.5,profit
item_0710,7,35.0,68,245.0,2380.0,1,2025-01-12,3586.28,profit
item_0713,3,82.0,54,246.0,4428.0,1,2025-01-12,3586.67,profit
item_0748,6,39.0,100,234.0,3900.0,1,2025-01-12,3587.13,profit
item_0760,9,27.0,46,243.0,1242.0,1,2025-01-12,3585.51,profit
item_0719,2,119.0,39,238.0,4641.0,1,2025-01-12,3585.48,profit
item_0721,4,58.0,14,232.0,812.0,1,2025-01-12,3586.62,profit
item_0739,3,82.0,10,246.0,820.0,1,2025-01-12,3585.14,profit
item_0737,3,81.0,28,243.0,2268.0,1,2025-01-12,3585.46,profit
item_0705,4,57.0,75,228.0,4275.0,1,2025-01-12,3585.68,profit
item_0733,8,29.0,16,232.0,464.0,1,2025-01-12,3586.43,profit
item_0746,6,39.0,18,234.0,702.0,1,2025-01-12,3586.52,profit
item_0707,3,80.0,28,240.0,2240.0,1,2025-01-12,3585.1,profit
item_0727,5,49.0,62,245.0,3038.0,1,2025-01-12,3585.36,profit
item_0708,8,30.0,30,240.0,900.0,1,2025-01-12,3585.78,profit
item_0740,11,21.0,98,231.0,2058.0,1,2025-01-12,3585.67,profit
item_0756,4,58.0,92,232.0,5336.0,1,2025-01-12,3586.31,profit
item_0722,5,46.0,59,230.0,2714.0,1,2025-01-12,3586.1,profit
item_0712,6,39.0,40,234.0,1560.0,1,2025-01-12,3586.11,profit
item_0715,8,29.0,31,232.0,899.0,1,2025-01-12,3587.0,profit
item_0730,11,22.0,27,242.0,594.0,1,2025-01-12,3585.45,profit
item_0741,2,122.0,65,244.0,7930.0,1,2025-01-12,3586.99,profit
item_0780,2,130.0,81,260.0,10530.0,1,2025-01-13,3586.68,profit
item_0827,8,33.0,24,264.0,792.0,1,2025-01-13,3587.08,profit
item_0829,8,32.0,69,256.0,2208.0,1,2025-01-13,3585.48,profit
item_0782,8,31.0,53,248.0,1643.0,1,2025-01-13,3586.34,profit
item_0810,7,36.0,45,252.0,1620.0,1,2025-01-13,3586.01,profit
item_0779,8,32.0,79,256.0,2528.0,1,2025-01-13,3586.21,profit
item_0767,11,24.0,16,264.0,384.0,1,2025-01-13,3585.79,profit
item_0788,2,129.0,22,258.0,2838.0,1,2025-01-13,3585.6,profit
item_0815,6,44.0,87,264.0,3828.0,1,2025-01-13,3585.78,profit
item_0792,4,65.0,35,260.0,2275.0,1,2025-01-13,3587.03,profit
item_0766,3,89.0,85,267.0,7565.0,1,2025-01-13,3585.38,profit
item_0811,2,130.0,77,260.0,10010.0,1,2025-01-13,3586.6,profit
item_0775,7,36.0,72,252.0,2592.0,1,2025-01-13,3585.16,profit
item_0801,4,62.0,22,248.0,1364.0,1,2025-01-13,3586.59,profit
item_0802,3,86.0,26,258.0,2236.0,1,2025-01-13,3586.12,profit
item_0777,12,22.0,72,264.0,1584.0,1,2025-01-13,3586.67,profit
item_0786,15,17.0,70,255.0,1190.0,1,2025-01-13,3585.6,profit
item_0776,8,32.0,93,256.0,2976.0,1,2025-01-13,3586.46,profit
item_0825,5,51.0,68,255.0,3468.0,1,2025-01-13,3586.79,profit
item_0800,7,37.0,64,259.0,2368.0,1,2025-01-13,3585.08,profit
item_0781,8,33.0,38,264.0,1254.0,1,2025-01-13,3584.84,profit
item_0816,9,29.0,73,261.0,2117.0,1,2025-01-13,3586.46,profit
item_0778,5,51.0,57,255.0,2907.0,1,2025-01-13,3586.8,profit
item_0787,3,84.0,36,252.0,3024.0,1,2025-01-13,3586.76,profit
item_0769,2,124.0,82,248.0,10168.0,1,2025-01-13,3586.44,profit
item_0772,7,38.0,18,266.0,684.0,1,2025-01-13,3587.22,profit
item_0796,5,51.0,60,255.0,3060.0,1,2025-01-13,3586.28,profit
item_0822,3,85.0,94,255.0,7990.0,1,2025-01-13,3587.18,profit
item_0808,3,86.0,19,258.0,1634.0,1,2025-01-13,3587.18,profit
item_0768,5,52.0,98,260.0,5096.0,1,2025-01-13,3586.59,profit
item_0773,8,33.0,26,264.0,858.0,1,2025-01-13,3586.36,profit
item_0832,3,88.0,38,264.0,3344.0,1,2025-01-13,3586.24,profit
item_0812,11,23.0,83,253.0,1909.0,1,2025-01-13,3585.08,profit
item_0813,11,24.0,30,264.0,720.0,1,2025-01-13,3586.84,profit
item_0798,2,130.0,87,260.0,11310.0,1,2025-01-13,3585.38,profit
item_0831,4,63.0,33,252.0,2079.0,1,2025-01-13,3586.62,profit
item_0820,3,84.0,24,252.0,2016.0,1,2025-01-13,3586.52,profit
item_0770,3,84.0,13,252.0,1092.0,1,2025-01-13,3585.03,profit
item_0789,7,38.0,20,266.0,760.0,1,2025-01-13,3585.28,profit
item_0803,12,21.0,99,252.0,2079.0,1,2025-01-13,3586.02,profit
item_0793,10,25.0,63,250.0,1575.0,1,2025-01-13,3586.21,profit
item_0817,12,21.0,20,252.0,420.0,1,2025-01-13,3586.6,profit
item_0805,2,133.0,12,266.0,1596.0,1,2025-01-13,3586.86,profit
item_0821,17,15.0,27,255.0,405.0,1,2025-01-13,3586.04,profit
item_0790,8,32.0,81,256.0,2592.0,1,2025-01-13,3586.54,profit
item_0834,7,36.0,64,252.0,2304.0,1,2025-01-13,3586.84,profit
item_0824,11,23.0,19,253.0,437.0,1,2025-01-13,3586.91,profit
item_0830,8,32.0,37,256.0,1184.0,1,2025-01-13,3586.88,profit
item_0819,6,43.0,29,258.0,1247.0,1,2025-01-13,3586.81,profit
item_0774,2,124.0,100,248.0,12400.0,1,2025-01-13,3586.69,profit
item_0797,2,124.0,29,248.0,3596.0,1,2025-01-13,3586.28,profit
item_0833,9,29.0,65,261.0,1885.0,1,2025-01-13,3585.97,profit
item_0794,12,22.0,67,264.0,1474.0,1,2025-01-13,3586.99,profit
item_0814,3,89.0,58,267.0,5162.0,1,2025-01-13,3586.61,profit
item_0765,2,125.0,43,250.0,5375.0,1,2025-01-13,3586.6,profit
item_0785,3,87.0,86,261.0,7482.0,1,2025-01-13,3585.79,profit
item_0806,5,53.0,28,265.0,1484.0,1,2025-01-13,3585.44,profit
item_0804,12,22.0,44,264.0,968.0,1,2025-01-13,3587.34,profit
item_0807,12,22.0,72,264.0,1584.0,1,2025-01-13,3586.5,profit
item_0818,9,29.0,59,261.0,1711.0,1,2025-01-13,3586.6,profit
item_0783,4,63.0,25,252.0,1575.0,1,2025-01-13,3586.56,profit
item_0826,11,24.0,97,264.0,2328.0,1,2025-01-13,3586.56,profit
item_0771,17,15.0,91,255.0,1365.0,1,2025-01-13,3585.65,profit
item_0791,15,17.0,42,255.0,714.0,1,2025-01-13,3586.92,profit
item_0809,3,86.0,57,258.0,4902.0,1,2025-01-13,3585.97,profit
item_0799,2,132.0,21,264.0,2772.0,1,2025-01-13,3585.03,profit
item_0784,3,88.0,90,264.0,7920.0,1,2025-01-13,3586.1,profit
item_0828,2,124.0,10,248.0,1240.0,1,2025-01-13,3586.5,profit
item_0823,16,16.0,30,256.0,480.0,1,2025-01-13,3586.01,profit
item_0795,4,62.0,91,248.0,5642.0,1,2025-01-13,3587.07,profit
item_0843,9,31.0,33,279.0,1023.0,1,2025-01-14,3586.92,profit
item_0861,19,15.0,30,285.0,450.0,1,2025-01-14,3586.64,profit
item_0879,17,16.0,70,272.0,1120.0,1,2025-01-14,3586.07,profit
item_0848,3,95.0,62,285.0,5890.0,1,2025-01-14,3586.58,profit
item_0869,13,22.0,49,286.0,1078.0,1,2025-01-14,3586.44,profit
item_0866,8,34.0,23,272.0,782.0,1,2025-01-14,3585.72,profit
item_0888,2,140.0,100,280.0,14000.0,1,2025-01-14,3586.49,profit
item_0860,9,31.0,42,279.0,1302.0,1,2025-01-14,3585.07,profit
item_0858,2,140.0,57,280.0,7980.0,1,2025-01-14,3585.1,profit
item_0865,3,95.0,81,285.0,7695.0,1,2025-01-14,3587.26,profit
item_0837,10,28.0,52,280.0,1456.0,1,2025-01-14,3586.52,profit
item_0856,13,22.0,81,286.0,1782.0,1,2025-01-14,3586.01,profit
item_0882,16,17.0,88,272.0,1496.0,1,2025-01-14,3584.85,profit
item_0851,18,15.0,37,270.0,555.0,1,2025-01-14,3585.0,profit
item_0854,7,41.0,63,287.0,2583.0,1,2025-01-14,3586.72,profit
item_0864,14,20.0,67,280.0,1340.0,1,2025-01-14,3586.38,profit
item_0850,2,136.0,50,272.0,6800.0,1,2025-01-14,3586.8,profit
item_0839,2,138.0,59,276.0,8142.0,1,2025-01-14,3586.85,profit
item_0862,13,22.0,46,286.0,1012.0,1,2025-01-14,3587.05,profit
item_0840,12,23.0,70,276.0,1610.0,1,2025-01-14,3585.12,profit
item_0846,14,20.0,34,280.0,680.0,1,2025-01-14,3586.4,profit
item_0868,6,47.0,42,282.0,1974.0,1,2025-01-14,3586.35,profit
item_0852,13,21.0,73,273.0,1533.0,1,2025-01-14,3586.93,profit
item_0853,10,27.0,63,270.0,1701.0,1,2025-01-14,3586.89,profit
item_0867,5,57.0,70,285.0,3990.0,1,2025-01-14,3586.45,profit
item_0844,3,92.0,36,276.0,3312.0,1,2025-01-14,3586.5,profit
item_0871,2,140.0,30,280.0,4200.0,1,2025-01-14,3586.18,profit
item_0855,4,70.0,69,280.0,4830.0,1,2025-01-14,3586.52,profit
item_0889,3,94.0,87,282.0,8178.0,1,2025-01-14,3584.78,profit
item_0880,9,31.0,98,279.0,3038.0,1,2025-01-14,3587.17,profit
item_0835,3,94.0,73,282.0,6862.0,1,2025-01-14,3586.63,profit
item_0872,3,94.0,83,282.0,7802.0,1,2025-01-14,3585.1,profit
item_0870,4,67.0,80,268.0,5360.0,1,2025-01-14,3586.95,profit
item_0884,3,94.0,70,282.0,6580.0,1,2025-01-14,3586.76,profit
item_0881,2,135.0,71,270.0,9585.0,1,2025-01-14,3586.81,profit
item_0859,2,141.0,27,282.0,3807.0,1,2025-01-14,3585.04,profit
item_0841,9,30.0,69,270.0,2070.0,1,2025-01-14,3586.94,profit
item_0874,5,54.0,20,270.0,1080.0,1,2025-01-14,3586.93,profit
item_0878,4,71.0,49,284.0,3479.0,1,2025-01-14,3586.52,profit
item_0863,5,57.0,20,285.0,1140.0,1,2025-01-14,3587.01,profit
item_0887,7,40.0,15,280.0,600.0,1,2025-01-14,3585.86,profit
item_0842,12,23.0,93,276.0,2139.0,1,2025-01-14,3586.67,profit
item_0847,7,40.0,53,280.0,2120.0,1,2025-01-14,3586.8,profit
item_0873,17,16.0,70,272.0,1120.0,1,2025-01-14,3585.57,profit
item_0876,3,93.0,45,279.0,4185.0,1,2025-01-14,3586.64,profit
item_0836,7,41.0,83,287.0,3403.0,1,2025-01-14,3585.66,profit
item_0883,13,21.0,73,273.0,1533.0,1,2025-01-14,3586.96,profit
item_0857,2,139.0,17,278.0,2363.0,1,2025-01-14,3586.86,profit
item_0877,6,45.0,59,270.0,2655.0,1,2025-01-14,3585.78,profit
item_0875,7,40.0,67,280.0,2680.0,1,2025-01-14,3586.09,profit
item_0885,5,55.0,65,275.0,3575.0,1,2025-01-14,3585.49,profit
item_0886,4,70.0,14,280.0,980.0,1,2025-01-14,3586.1,profit
item_0838,14,20.0,31,280.0,620.0,1,2025-01-14,3586.62,profit
item_0849,11,25.0,68,275.0,1700.0,1,2025-01-14,3585.66,profit
item_0845,6,47.0,49,282.0,2303.0,1,2025-01-14,3585.76,profit
item_0905,10,29.0,19,290.0,551.0,1,2025-01-15,3587.08,profit
item_0918,3,100.0,36,300.0,3600.0,1,2025-01-15,3586.42,profit
item_0909,3,101.0,93,303.0,9393.0,1,2025-01-15,3587.13,profit
item_0894,4,77.0,11,308.0,847.0,1,2025-01-15,3585.4,profit
item_0946,11,28.0,95,308.0,2660.0,1,2025-01-15,3586.82,profit
item_0949,8,37.0,34,296.0,1258.0,1,2025-01-15,3586.87,profit
item_0923,3,102.0,61,306.0,6222.0,1,2025-01-15,3585.13,profit
item_0911,8,38.0,28,304.0,1064.0,1,2025-01-15,3586.25,profit
item_0930,2,144.0,62,288.0,8928.0,1,2025-01-15,3586.91,profit
item_0963,9,33.0,97,297.0,3201.0,1,2025-01-15,3585.06,profit
item_0929,16,18.0,13,288.0,234.0,1,2025-01-15,3586.93,profit
item_0925,6,51.0,73,306.0,3723.0,1,2025-01-15,3586.86,profit
item_0935,9,33.0,94,297.0,3102.0,1,2025-01-15,3586.68,profit
item_0948,11,27.0,53,297.0,1431.0,1,2025-01-15,3586.19,profit
item_0937,9,33.0,84,297.0,2772.0,1,2025-01-15,3585.49,profit
item_0900,20,15.0,65,300.0,975.0,1,2025-01-15,3586.83,profit
item_0957,2,145.0,80,290.0,11600.0,1,2025-01-15,3586.53,profit
item_0916,7,44.0,25,308.0,1100.0,1,2025-01-15,3584.6,profit
item_0913,5,58.0,13,290.0,754.0,1,2025-01-15,3585.07,profit
item_0915,2,145.0,71,290.0,10295.0,1,2025-01-15,3584.84,profit
item_0891,16,19.0,63,304.0,1197.0,1,2025-01-15,3584.73,profit
item_0960,5,60.0,42,300.0,2520.0,1,2025-01-15,3586.19,profit
item_0912,2,146.0,44,292.0,6424.0,1,2025-01-15,3586.43,profit
item_0897,8,37.0,43,296.0,1591.0,1,2025-01-15,3586.54,profit
item_0890,2,144.0,25,288.0,3600.0,1,2025-01-15,3585.3,profit
item_0919,2,145.0,65,290.0,9425.0,1,2025-01-15,3585.75,profit
item_0956,9,32.0,44,288.0,1408.0,1,2025-01-15,3584.73,profit
item_0955,2,147.0,51,294.0,7497.0,1,2025-01-15,3586.66,profit
item_0903,17,17.0,92,289.0,1564.0,1,2025-01-15,3586.47,profit
item_0951,9,32.0,84,288.0,2688.0,1,2025-01-15,3586.21,profit
item_0893,3,98.0,22,294.0,2156.0,1,2025-01-15,3584.51,profit
item_0936,3,98.0,78,294.0,7644.0,1,2025-01-15,3586.76,profit
item_0901,3,97.0,57,291.0,5529.0,1,2025-01-15,3587.37,profit
item_0907,3,98.0,70,294.0,6860.0,1,2025-01-15,3586.85,profit
item_0914,2,144.0,86,288.0,12384.0,1,2025-01-15,3586.24,profit
item_0953,18,16.0,96,288.0,1536.0,1,2025-01-15,3586.6,profit
item_0927,4,73.0,28,292.0,2044.0,1,2025-01-15,3586.14,profit
item_0898,7,44.0,59,308.0,2596.0,1,2025-01-15,3586.83,profit
item_0931,4,72.0,82,288.0,5904.0,1,2025-01-15,3585.11,profit
item_0895,17,18.0,13,306.0,234.0,1,2025-01-15,3585.88,profit
item_0933,6,51.0,55,306.0,2805.0,1,2025-01-15,3586.83,profit
item_0952,8,37.0,47,296.0,1739.0,1,2025-01-15,3586.97,profit
item_0942,2,145.0,34,290.0,4930.0,1,2025-01-15,3586.23,profit
item_0922,3,97.0,90,291.0,8730.0,1,2025-01-15,3585.4,profit
item_0959,5,61.0,71,305.0,4331.0,1,2025-01-15,3586.8,profit
item_0928,10,30.0,72,300.0,2160.0,1,2025-01-15,3586.05,profit
item_0941,8,37.0,24,296.0,888.0,1,2025-01-15,3584.5,profit
item_0921,3,102.0,93,306.0,9486.0,1,2025-01-15,3586.29,profit
item_0944,6,51.0,30,306.0,1530.0,1,2025-01-15,3585.69,profit
item_0932,12,24.0,85,288.0,2040.0,1,2025-01-15,3586.04,profit
item_0961,16,19.0,20,304.0,380.0,1,2025-01-15,3586.19,profit
item_0917,7,42.0,23,294.0,966.0,1,2025-01-15,3586.12,profit
item_0902,6,49.0,92,294.0,4508.0,1,2025-01-15,3585.76,profit
item_0904,17,18.0,93,306.0,1674.0,1,2025-01-15,3587.09,profit
item_0892,2,146.0,88,292.0,12848.0,1,2025-01-15,3586.88,profit
item_0924,17,17.0,100,289.0,1700.0,1,2025-01-15,3585.03,profit
item_0926,6,48.0,25,288.0,1200.0,1,2025-01-15,3586.04,profit
item_0934,10,30.0,68,300.0,2040.0,1,2025-01-15,3586.19,profit
item_0920,8,38.0,15,304.0,570.0,1,2025-01-15,3584.87,profit
item_0940,2,149.0,95,298.0,14155.0,1,2025-01-15,3586.95,profit
item_0964,17,18.0,75,306.0,1350.0,1,2025-01-15,3586.87,profit
item_0943,3,101.0,43,303.0,4343.0,1,2025-01-15,3585.0,profit
item_0939,19,16.0,47,304.0,752.0,1,2025-01-15,3586.45,profit
item_0906,12,25.0,23,300.0,575.0,1,2025-01-15,3586.5,profit
item_0954,8,36.0,100,288.0,3600.0,1,2025-01-15,3587.34,profit
item_0896,6,48.0,18,288.0,864.0,1,2025-01-15,3586.92,profit
item_0945,9,32.0,77,288.0,2464.0,1,2025-01-15,3586.33,profit
item_0899,10,29.0,33,290.0,957.0,1,2025-01-15,3586.72,profit
item_0958,17,18.0,44,306.0,792.0,1,2025-01-15,3584.73,profit
item_0910,6,50.0,59,300.0,2950.0,1,2025-01-15,3585.51,profit
item_0908,15,20.0,69,300.0,1380.0,1,2025-01-15,3585.85,profit
item_0938,8,37.0,61,296.0,2257.0,1,2025-01-15,3586.6,profit
item_0962,2,149.0,54,298.0,8046.0,1,2025-01-15,3586.92,profit
item_0947,5,58.0,44,290.0,2552.0,1,2025-01-15,3586.94,profit
item_0950,4,76.0,43,304.0,3268.0,1,2025-01-15,3586.64,profit
item_1019,4,78.0,88,312.0,6864.0,1,2025-01-16,3586.78,profit
item_1013,7,46.0,37,322.0,1702.0,1,2025-01-16,3586.74,profit
item_0981,12,26.0,45,312.0,1170.0,1,2025-01-16,3586.32,profit
item_0973,10,31.0,86,310.0,2666.0,1,2025-01-16,3586.87,profit
item_0969,13,24.0,13,312.0,312.0,1,2025-01-16,3585.53,profit
item_0971,3,105.0,37,315.0,3885.0,1,2025-01-16,3586.9,profit
item_0976,10,31.0,36,310.0,1116.0,1,2025-01-16,3585.51,profit
item_1021,14,23.0,25,322.0,575.0,1,2025-01-16,3586.58,profit
item_0977,3,109.0,63,327.0,6867.0,1,2025-01-16,3586.62,profit
item_0984,13,24.0,14,312.0,336.0,1,2025-01-16,3586.37,profit
item_0974,15,21.0,47,315.0,987.0,1,2025-01-16,3586.89,profit
item_0996,8,41.0,99,328.0,4059.0,1,2025-01-16,3585.32,profit
item_1010,3,104.0,55,312.0,5720.0,1,2025-01-16,3586.82,profit
item_0992,10,32.0,35,320.0,1120.0,1,2025-01-16,3587.22,profit
item_1029,8,41.0,34,328.0,1394.0,1,2025-01-16,3586.32,profit
item_0983,5,65.0,55,325.0,3575.0,1,2025-01-16,3586.11,profit
item_1015,4,79.0,55,316.0,4345.0,1,2025-01-16,3586.3,profit
item_1006,8,40.0,54,320.0,2160.0,1,2025-01-16,3585.9,profit
item_1005,5,63.0,43,315.0,2709.0,1,2025-01-16,3586.58,profit
item_0986,3,105.0,97,315.0,10185.0,1,2025-01-16,3586.35,profit
item_1028,7,45.0,98,315.0,4410.0,1,2025-01-16,3585.19,profit
item_0988,12,26.0,36,312.0,936.0,1,2025-01-16,3586.6,profit
item_1023,7,45.0,93,315.0,4185.0,1,2025-01-16,3586.18,profit
item_0989,20,16.0,36,320.0,576.0,1,2025-01-16,3586.67,profit
item_1011,10,32.0,66,320.0,2112.0,1,2025-01-16,3585.56,profit
item_1026,19,17.0,69,323.0,1173.0,1,2025-01-16,3585.41,profit
item_1007,3,108.0,41,324.0,4428.0,1,2025-01-16,3586.48,profit
item_0978,3,103.0,73,309.0,7519.0,1,2025-01-16,3585.5,profit
item_1004,10,32.0,90,320.0,2880.0,1,2025-01-16,3585.73,profit
item_0994,3,109.0,70,327.0,7630.0,1,2025-01-16,3586.37,profit
item_0997,10,31.0,59,310.0,1829.0,1,2025-01-16,3586.41,profit
item_0970,10,32.0,71,320.0,2272.0,1,2025-01-16,3586.81,profit
item_0979,13,24.0,47,312.0,1128.0,1,2025-01-16,3585.48,profit
item_1025,3,108.0,72,324.0,7776.0,1,2025-01-16,3585.93,profit
item_1020,10,32.0,27,320.0,864.0,1,2025-01-16,3586.07,profit
item_1016,6,53.0,80,318.0,4240.0,1,2025-01-16,3585.9,profit
item_1027,3,109.0,89,327.0,9701.0,1,2025-01-16,3586.99,profit
item_1003,4,82.0,90,328.0,7380.0,1,2025-01-16,3585.53,profit
item_1001,3,104.0,38,312.0,3952.0,1,2025-01-16,3586.84,profit
item_0966,9,35.0,37,315.0,1295.0,1,2025-01-16,3587.06,profit
item_1030,12,26.0,36,312.0,936.0,1,2025-01-16,3586.19,profit
item_0980,6,54.0,44,324.0,2376.0,1,2025-01-16,3586.74,profit
item_1008,18,18.0,33,324.0,594.0,1,2025-01-16,3585.47,profit
item_1009,14,23.0,41,322.0,943.0,1,2025-01-16,3586.86,profit
item_1002,3,109.0,71,327.0,7739.0,1,2025-01-16,3585.71,profit
item_0993,6,53.0,31,318.0,1643.0,1,2025-01-16,3586.63,profit
item_0968,3,109.0,25,327.0,2725.0,1,2025-01-16,3586.93,profit
item_0987,9,35.0,68,315.0,2380.0,1,2025-01-16,3585.71,profit
item_0991,17,19.0,80,323.0,1520.0,1,2025-01-16,3586.61,profit
item_0972,11,29.0,56,319.0,1624.0,1,2025-01-16,3585.67,profit
item_0995,3,107.0,85,321.0,9095.0,1,2025-01-16,3585.54,profit
item_0990,7,45.0,68,315.0,3060.0,1,2025-01-16,3587.07,profit
item_1022,4,78.0,34,312.0,2652.0,1,2025-01-16,3586.88,profit
item_0999,6,53.0,91,318.0,4823.0,1,2025-01-16,3586.0,profit
item_0982,4,79.0,26,316.0,2054.0,1,2025-01-16,3586.89,profit
item_0975,3,109.0,60,327.0,6540.0,1,2025-01-16,3586.92,profit
item_1017,4,80.0,22,320.0,1760.0,1,2025-01-16,3586.3,profit
item_1012,14,23.0,30,322.0,690.0,1,2025-01-16,3586.69,profit
item_1014,5,65.0,97,325.0,6305.0,1,2025-01-16,3586.47,profit
item_1018,11,29.0,35,319.0,1015.0,1,2025-01-16,3585.81,profit
item_1000,19,17.0,15,323.0,255.0,1,2025-01-16,3586.48,profit
item_0967,10,32.0,97,320.0,3104.0,1,2025-01-16,3586.58,profit
item_1024,4,81.0,56,324.0,4536.0,1,2025-01-16,3586.81,profit
item_0985,5,65.0,13,325.0,845.0,1,2025-01-16,3586.84,profit
item_0998,5,62.0,19,310.0,1178.0,1,2025-01-16,3586.41,profit
item_0965,21,15.0,52,315.0,780.0,1,2025-01-16,3587.04,profit
item_1057,3,110.0,11,330.0,1210.0,1,2025-01-17,3587.24,profit
item_1052,11,30.0,19,330.0,570.0,1,2025-01-17,3586.92,profit
item_1039,11,31.0,79,341.0,2449.0,1,2025-01-17,3586.92,profit
item_1076,18,19.0,44,342.0,836.0,1,2025-01-17,3585.03,profit
item_1050,15,22.0,54,330.0,1188.0,1,2025-01-17,3586.87,profit
item_1040,4,85.0,64,340.0,5440.0,1,2025-01-17,3586.88,profit
item_1068,3,110.0,11,330.0,1210.0,1,2025-01-17,3585.77,profit
item_1051,13,26.0,38,338.0,988.0,1,2025-01-17,3587.04,profit
item_1066,23,15.0,27,345.0,405.0,1,2025-01-17,3585.65,profit
item_1047,6,55.0,80,330.0,4400.0,1,2025-01-17,3585.34,profit
item_1053,12,28.0,15,336.0,420.0,1,2025-01-17,3586.84,profit
item_1055,4,84.0,92,336.0,7728.0,1,2025-01-17,3587.56,profit
item_1065,3,110.0,75,330.0,8250.0,1,2025-01-17,3585.76,profit
item_1072,8,43.0,23,344.0,989.0,1,2025-01-17,3586.85,profit
item_1056,23,15.0,76,345.0,1140.0,1,2025-01-17,3585.99,profit
item_1035,6,55.0,30,330.0,1650.0,1,2025-01-17,3585.75,profit
item_1075,3,113.0,97,339.0,10961.0,1,2025-01-17,3586.05,profit
item_1038,10,33.0,77,330.0,2541.0,1,2025-01-17,3586.34,profit
item_1054,21,16.0,68,336.0,1088.0,1,2025-01-17,3586.96,profit
item_1058,13,26.0,78,338.0,2028.0,1,2025-01-17,3585.48,profit
item_1043,12,29.0,88,348.0,2552.0,1,2025-01-17,3585.06,profit
item_1059,21,16.0,38,336.0,608.0,1,2025-01-17,3586.99,profit
item_1081,11,30.0,79,330.0,2370.0,1,2025-01-17,3585.65,profit
item_1031,14,24.0,41,336.0,984.0,1,2025-01-17,3586.74,profit
item_1073,6,55.0,98,330.0,5390.0,1,2025-01-17,3586.6,profit
item_1045,3,110.0,92,330.0,10120.0,1,2025-01-17,3584.93,profit
item_1049,21,16.0,20,336.0,320.0,1,2025-01-17,3586.92,profit
item_1034,4,86.0,37,344.0,3182.0,1,2025-01-17,3587.21,profit
item_1036,5,66.0,67,330.0,4422.0,1,2025-01-17,3586.28,profit
item_1078,5,67.0,29,335.0,1943.0,1,2025-01-17,3587.02,profit
item_1033,23,15.0,65,345.0,975.0,1,2025-01-17,3585.99,profit
item_1069,18,19.0,88,342.0,1672.0,1,2025-01-17,3585.95,profit
item_1064,3,110.0,14,330.0,1540.0,1,2025-01-17,3586.59,profit
item_1082,10,33.0,66,330.0,2178.0,1,2025-01-17,3586.93,profit
item_1041,7,49.0,88,343.0,4312.0,1,2025-01-17,3585.79,profit
item_1046,4,87.0,21,348.0,1827.0,1,2025-01-17,3584.87,profit
item_1062,12,28.0,10,336.0,280.0,1,2025-01-17,3586.51,profit
item_1084,22,15.0,20,330.0,300.0,1,2025-01-17,3586.3,profit
item_1060,9,38.0,68,342.0,2584.0,1,2025-01-17,3587.04,profit
item_1077,21,16.0,91,336.0,1456.0,1,2025-01-17,3586.62,profit
item_1080,3,110.0,25,330.0,2750.0,1,2025-01-17,3585.49,profit
item_1037,7,47.0,13,329.0,611.0,1,2025-01-17,3586.21,profit
item_1074,5,68.0,68,340.0,4624.0,1,2025-01-17,3586.59,profit
item_1063,6,56.0,70,336.0,3920.0,1,2025-01-17,3586.8,profit
item_1079,3,115.0,12,345.0,1380.0,1,2025-01-17,3585.81,profit
item_1061,8,42.0,26,336.0,1092.0,1,2025-01-17,3586.71,profit
item_1070,5,69.0,28,345.0,1932.0,1,2025-01-17,3587.55,profit
item_1042,3,116.0,89,348.0,10324.0,1,2025-01-17,3586.38,profit
item_1071,9,37.0,56,333.0,2072.0,1,2025-01-17,3586.24,profit
item_1044,3,112.0,100,336.0,11200.0,1,2025-01-17,3586.64,profit
item_1032,4,83.0,70,332.0,5810.0,1,2025-01-17,3586.96,profit
item_1083,6,58.0,89,348.0,5162.0,1,2025-01-17,3586.71,profit
item_1067,3,111.0,10,333.0,1110.0,1,2025-01-17,3587.09,profit
item_1048,19,18.0,53,342.0,954.0,1,2025-01-17,3586.17,profit
item_1111,4,88.0,94,352.0,8272.0,1,2025-01-18,3586.7,profit
item_1110,11,33.0,62,363.0,2046.0,1,2025-01-18,3586.48,profit
item_1136,9,41.0,66,369.0,2706.0,1,2025-01-18,3586.17,profit
item_1123,8,44.0,20,352.0,880.0,1,2025-01-18,3585.97,profit
item_1093,22,16.0,13,352.0,208.0,1,2025-01-18,3586.16,profit
item_1107,5,71.0,51,355.0,3621.0,1,2025-01-18,3585.2,profit
item_1108,6,60.0,54,360.0,3240.0,1,2025-01-18,3585.85,profit
item_1120,4,92.0,80,368.0,7360.0,1,2025-01-18,3586.77,profit
item_1098,4,90.0,19,360.0,1710.0,1,2025-01-18,3585.26,profit
item_1089,18,20.0,30,360.0,600.0,1,2025-01-18,3586.18,profit
item_1137,13,28.0,47,364.0,1316.0,1,2025-01-18,3586.82,profit
item_1097,3,117.0,75,351.0,8775.0,1,2025-01-18,3586.24,profit
item_1135,5,70.0,16,350.0,1120.0,1,2025-01-18,3586.72,profit
item_1113,3,122.0,73,366.0,8906.0,1,2025-01-18,3587.02,profit
item_1128,6,60.0,13,360.0,780.0,1,2025-01-18,3586.85,profit
item_1122,5,70.0,21,350.0,1470.0,1,2025-01-18,3585.17,profit
item_1118,3,117.0,25,351.0,2925.0,1,2025-01-18,3586.74,profit
item_1094,11,32.0,27,352.0,864.0,1,2025-01-18,3587.01,profit
item_1088,6,60.0,11,360.0,660.0,1,2025-01-18,3585.83,profit
item_1131,4,92.0,58,368.0,5336.0,1,2025-01-18,3585.49,profit
item_1115,15,24.0,45,360.0,1080.0,1,2025-01-18,3585.25,profit
item_1130,3,117.0,49,351.0,5733.0,1,2025-01-18,3587.38,profit
item_1140,11,32.0,39,352.0,1248.0,1,2025-01-18,3585.73,profit
item_1132,23,16.0,68,368.0,1088.0,1,2025-01-18,3585.75,profit
item_1100,5,72.0,90,360.0,6480.0,1,2025-01-18,3586.26,profit
item_1138,13,28.0,10,364.0,280.0,1,2025-01-18,3586.93,profit
item_1090,4,90.0,66,360.0,5940.0,1,2025-01-18,3587.03,profit
item_1099,6,61.0,56,366.0,3416.0,1,2025-01-18,3585.72,profit
item_1134,11,32.0,50,352.0,1600.0,1,2025-01-18,3586.3,profit
item_1139,3,123.0,27,369.0,3321.0,1,2025-01-18,3586.82,profit
item_1087,4,89.0,36,356.0,3204.0,1,2025-01-18,3587.23,profit
item_1112,24,15.0,80,360.0,1200.0,1,2025-01-18,3585.63,profit
item_1086,20,18.0,65,360.0,1170.0,1,2025-01-18,3586.04,profit
item_1126,4,88.0,53,352.0,4664.0,1,2025-01-18,3585.46,profit
item_1119,9,41.0,89,369.0,3649.0,1,2025-01-18,3585.51,profit
item_1125,3,122.0,47,366.0,5734.0,1,2025-01-18,3586.63,profit
item_1104,11,32.0,81,352.0,2592.0,1,2025-01-18,3585.22,profit
item_1124,7,51.0,59,357.0,3009.0,1,2025-01-18,3586.52,profit
item_1129,19,19.0,70,361.0,1330.0,1,2025-01-18,3586.3,profit
item_1103,3,122.0,71,366.0,8662.0,1,2025-01-18,3585.63,profit
item_1133,7,52.0,50,364.0,2600.0,1,2025-01-18,3587.22,profit
item_1101,3,117.0,78,351.0,9126.0,1,2025-01-18,3586.07,profit
item_1121,3,117.0,39,351.0,4563.0,1,2025-01-18,3585.58,profit
item_1095,8,45.0,85,360.0,3825.0,1,2025-01-18,3586.82,profit
item_1096,6,60.0,59,360.0,3540.0,1,2025-01-18,3586.7,profit
item_1085,5,70.0,10,350.0,700.0,1,2025-01-18,3586.88,profit
item_1116,13,28.0,72,364.0,2016.0,1,2025-01-18,3586.42,profit
item_1105,5,72.0,27,360.0,1944.0,1,2025-01-18,3586.68,profit
item_1114,4,91.0,94,364.0,8554.0,1,2025-01-18,3584.77,profit
item_1117,22,16.0,13,352.0,208.0,1,2025-01-18,3586.59,profit
item_1102,4,92.0,12,368.0,1104.0,1,2025-01-18,3585.13,profit
item_1091,9,39.0,90,351.0,3510.0,1,2025-01-18,3585.8,profit
item_1109,9,39.0,50,351.0,1950.0,1,2025-01-18,3586.07,profit
item_1106,3,122.0,60,366.0,7320.0,1,2025-01-18,3585.8,profit
item_1092,7,52.0,12,364.0,624.0,1,2025-01-18,3586.61,profit
item_1127,15,24.0,39,360.0,936.0,1,2025-01-18,3585.87,profit
item_1178,15,26.0,10,390.0,260.0,1,2025-01-19,3587.1,profit
item_1185,15,26.0,18,390.0,468.0,1,2025-01-19,3586.8,profit
item_1201,8,48.0,42,384.0,2016.0,1,2025-01-19,3586.94,profit
item_1157,9,42.0,24,378.0,1008.0,1,2025-01-19,3586.71,profit
item_1162,3,129.0,53,387.0,6837.0,1,2025-01-19,3586.67,profit
item_1165,25,15.0,45,375.0,675.0,1,2025-01-19,3586.75,profit
item_1188,11,35.0,17,385.0,595.0,1,2025-01-19,3586.91,profit
item_1181,15,25.0,38,375.0,950.0,1,2025-01-19,3585.81,profit
item_1163,26,15.0,19,390.0,285.0,1,2025-01-19,3585.19,profit
item_1159,4,94.0,11,376.0,1034.0,1,2025-01-19,3585.35,profit
item_1172,7,54.0,16,378.0,864.0,1,2025-01-19,3587.08,profit
item_1144,10,39.0,47,390.0,1833.0,1,2025-01-19,3586.51,profit
item_1196,9,43.0,81,387.0,3483.0,1,2025-01-19,3586.03,profit
item_1192,20,19.0,94,380.0,1786.0,1,2025-01-19,3586.12,profit
item_1193,5,77.0,34,385.0,2618.0,1,2025-01-19,3587.17,profit
item_1177,15,26.0,94,390.0,2444.0,1,2025-01-19,3586.07,profit
item_1199,5,74.0,71,370.0,5254.0,1,2025-01-19,3586.87,profit
item_1143,9,42.0,29,378.0,1218.0,1,2025-01-19,3586.12,profit
item_1161,13,29.0,25,377.0,725.0,1,2025-01-19,3586.31,profit
item_1168,3,127.0,10,381.0,1270.0,1,2025-01-19,3585.72,profit
item_1194,4,97.0,43,388.0,4171.0,1,2025-01-19,3585.85,profit
item_1164,13,29.0,59,377.0,1711.0,1,2025-01-19,3586.95,profit
item_1156,11,35.0,52,385.0,1820.0,1,2025-01-19,3586.74,profit
item_1200,14,27.0,76,378.0,2052.0,1,2025-01-19,3586.16,profit
item_1160,6,62.0,60,372.0,3720.0,1,2025-01-19,3585.82,profit
item_1183,4,93.0,42,372.0,3906.0,1,2025-01-19,3586.49,profit
item_1149,16,24.0,45,384.0,1080.0,1,2025-01-19,3585.23,profit
item_1190,6,65.0,75,390.0,4875.0,1,2025-01-19,3586.51,profit
item_1173,7,54.0,91,378.0,4914.0,1,2025-01-19,3586.1,profit
item_1187,17,22.0,42,374.0,924.0,1,2025-01-19,3586.94,profit
item_1171,21,18.0,84,378.0,1512.0,1,2025-01-19,3586.71,profit
item_1186,15,26.0,69,390.0,1794.0,1,2025-01-19,3586.59,profit
item_1153,10,38.0,55,380.0,2090.0,1,2025-01-19,3586.54,profit
item_1147,3,128.0,33,384.0,4224.0,1,2025-01-19,3587.09,profit
item_1151,15,25.0,41,375.0,1025.0,1,2025-01-19,3586.76,profit
item_1180,5,78.0,64,390.0,4992.0,1,2025-01-19,3586.04,profit
item_1148,3,126.0,54,378.0,6804.0,1,2025-01-19,3585.21,profit
item_1195,5,77.0,22,385.0,1694.0,1,2025-01-19,3585.7,profit
item_1167,4,95.0,42,380.0,3990.0,1,2025-01-19,3585.91,profit
item_1158,3,130.0,54,390.0,7020.0,1,2025-01-19,3586.52,profit
item_1145,7,53.0,65,371.0,3445.0,1,2025-01-19,3586.65,profit
item_1191,6,63.0,53,378.0,3339.0,1,2025-01-19,3586.17,profit
item_1176,6,62.0,20,372.0,1240.0,1,2025-01-19,3585.91,profit
item_1155,14,27.0,28,378.0,756.0,1,2025-01-19,3585.2,profit
item_1169,3,124.0,45,372.0,5580.0,1,2025-01-19,3585.48,profit
item_1189,7,54.0,73,378.0,3942.0,1,2025-01-19,3586.55,profit
item_1175,5,78.0,71,390.0,5538.0,1,2025-01-19,3585.63,profit
item_1150,12,31.0,100,372.0,3100.0,1,2025-01-19,3586.77,profit
item_1179,5,78.0,90,390.0,7020.0,1,2025-01-19,3586.63,profit
item_1170,9,42.0,100,378.0,4200.0,1,2025-01-19,3585.46,profit
item_1142,5,75.0,51,375.0,3825.0,1,2025-01-19,3585.49,profit
item_1182,9,43.0,87,387.0,3741.0,1,2025-01-19,3586.68,profit
item_1146,17,22.0,89,374.0,1958.0,1,2025-01-19,3586.44,profit
item_1174,4,97.0,50,388.0,4850.0,1,2025-01-19,3586.47,profit
item_1141,3,127.0,48,381.0,6096.0,1,2025-01-19,3586.99,profit
item_1166,5,78.0,38,390.0,2964.0,1,2025-01-19,3587.14,profit
item_1198,11,34.0,53,374.0,1802.0,1,2025-01-19,3586.3,profit
item_1152,9,43.0,99,387.0,4257.0,1,2025-01-19,3586.59,profit
item_1184,15,25.0,71,375.0,1775.0,1,2025-01-19,3585.54,profit
item_1197,7,55.0,24,385.0,1320.0,1,2025-01-19,3586.73,profit
item_1154,3,130.0,31,390.0,4030.0,1,2025-01-19,3586.46,profit
item_1249,9,44.0,24,396.0,1056.0,1,2025-01-20,3586.32,profit
item_1245,12,33.0,15,396.0,495.0,1,2025-01-20,3586.04,profit
item_1220,22,18.0,60,396.0,1080.0,1,2025-01-20,3586.45,profit
item_1247,14,28.0,69,392.0,1932.0,1,2025-01-20,3587.17,profit
item_1265,22,18.0,80,396.0,1440.0,1,2025-01-20,3585.79,profit
item_1258,8,49.0,77,392.0,3773.0,1,2025-01-20,3587.08,profit
item_1214,23,17.0,21,391.0,357.0,1,2025-01-20,3584.92,profit
item_1231,25,16.0,40,400.0,640.0,1,2025-01-20,3586.84,profit
item_1210,15,27.0,26,405.0,702.0,1,2025-01-20,3586.0,profit
item_1224,4,102.0,95,408.0,9690.0,1,2025-01-20,3586.98,profit
item_1232,14,29.0,33,406.0,957.0,1,2025-01-20,3587.13,profit
item_1246,14,28.0,83,392.0,2324.0,1,2025-01-20,3586.78,profit
item_1225,27,15.0,78,405.0,1170.0,1,2025-01-20,3585.36,profit
item_1264,4,99.0,33,396.0,3267.0,1,2025-01-20,3587.11,profit
item_1262,17,24.0,48,408.0,1152.0,1,2025-01-20,3584.99,profit
item_1208,3,136.0,100,408.0,13600.0,1,2025-01-20,3584.93,profit
item_1234,6,67.0,68,402.0,4556.0,1,2025-01-20,3586.97,profit
item_1228,24,17.0,15,408.0,255.0,1,2025-01-20,3586.33,profit
item_1263,27,15.0,28,405.0,420.0,1,2025-01-20,3586.82,profit
item_1248,7,58.0,33,406.0,1914.0,1,2025-01-20,3586.99,profit
item_1216,25,16.0,84,400.0,1344.0,1,2025-01-20,3586.62,profit
item_1206,21,19.0,43,399.0,817.0,1,2025-01-20,3585.67,profit
item_1236,3,131.0,97,393.0,12707.0,1,2025-01-20,3587.2,profit
item_1205,4,99.0,14,396.0,1386.0,1,2025-01-20,3586.34,profit
item_1243,23,17.0,55,391.0,935.0,1,2025-01-20,3586.76,profit
item_1253,21,19.0,96,399.0,1824.0,1,2025-01-20,3586.22,profit
item_1213,3,136.0,71,408.0,9656.0,1,2025-01-20,3585.96,profit
item_1226,21,19.0,93,399.0,1767.0,1,2025-01-20,3587.12,profit
item_1261,3,134.0,71,402.0,9514.0,1,2025-01-20,3586.38,profit
item_1202,20,20.0,56,400.0,1120.0,1,2025-01-20,3586.35,profit
item_1211,9,44.0,48,396.0,2112.0,1,2025-01-20,3586.61,profit
item_1255,3,132.0,67,396.0,8844.0,1,2025-01-20,3585.04,profit
item_1203,3,131.0,86,393.0,11266.0,1,2025-01-20,3587.14,profit
item_1222,3,135.0,44,405.0,5940.0,1,2025-01-20,3586.12,profit
item_1217,7,56.0,33,392.0,1848.0,1,2025-01-20,3587.18,profit
item_1241,4,102.0,55,408.0,5610.0,1,2025-01-20,3586.78,profit
item_1242,13,31.0,43,403.0,1333.0,1,2025-01-20,3585.64,profit
item_1227,11,36.0,14,396.0,504.0,1,2025-01-20,3586.99,profit
item_1215,10,41.0,94,410.0,3854.0,1,2025-01-20,3586.76,profit
item_1239,13,31.0,73,403.0,2263.0,1,2025-01-20,3584.92,profit
item_1223,19,21.0,61,399.0,1281.0,1,2025-01-20,3585.07,profit
item_1229,8,51.0,43,408.0,2193.0,1,2025-01-20,3587.06,profit
item_1238,3,134.0,59,402.0,7906.0,1,2025-01-20,3586.77,profit
item_1209,10,41.0,14,410.0,574.0,1,2025-01-20,3584.59,profit
item_1212,5,80.0,59,400.0,4720.0,1,2025-01-20,3586.56,profit
item_1204,10,41.0,37,410.0,1517.0,1,2025-01-20,3584.99,profit
item_1218,4,100.0,42,400.0,4200.0,1,2025-01-20,3586.1,profit
item_1219,8,50.0,49,400.0,2450.0,1,2025-01-20,3585.69,profit
item_1257,27,15.0,75,405.0,1125.0,1,2025-01-20,3587.07,profit
item_1233,14,28.0,58,392.0,1624.0,1,2025-01-20,3586.81,profit
item_1259,11,37.0,98,407.0,3626.0,1,2025-01-20,3586.28,profit
item_1235,19,21.0,82,399.0,1722.0,1,2025-01-20,3586.25,profit
item_1252,7,58.0,88,406.0,5104.0,1,2025-01-20,3586.01,profit
item_1244,5,80.0,21,400.0,1680.0,1,2025-01-20,3587.2,profit
item_1237,25,16.0,21,400.0,336.0,1,2025-01-20,3584.87,profit
item_1230,10,41.0,96,410.0,3936.0,1,2025-01-20,3586.56,profit
item_1240,17,23.0,36,391.0,828.0,1,2025-01-20,3586.71,profit
item_1256,24,17.0,89,408.0,1513.0,1,2025-01-20,3585.0,profit
item_1250,6,66.0,54,396.0,3564.0,1,2025-01-20,3586.62,profit
item_1207,3,136.0,89,408.0,12104.0,1,2025-01-20,3587.2,profit
item_1260,11,37.0,34,407.0,1258.0,1,2025-01-20,3586.63,profit
item_1221,6,68.0,65,408.0,4420.0,1,2025-01-20,3587.17,profit
item_1251,5,82.0,98,410.0,8036.0,1,2025-01-20,3586.41,profit
item_1254,3,135.0,23,405.0,3105.0,1,2025-01-20,3587.11,profit
item_1273,28,15.0,68,420.0,1020.0,1,2025-01-21,3587.29,profit
item_1323,5,84.0,90,420.0,7560.0,1,2025-01-21,3587.02,profit
item_1280,7,60.0,46,420.0,2760.0,1,2025-01-21,3586.94,profit
item_1297,4,107.0,29,428.0,3103.0,1,2025-01-21,3586.62,profit
item_1308,7,60.0,17,420.0,1020.0,1,2025-01-21,3585.06,profit
item_1299,19,22.0,65,418.0,1430.0,1,2025-01-21,3585.43,profit
item_1288,21,20.0,80,420.0,1600.0,1,2025-01-21,3587.44,profit
item_1271,25,17.0,15,425.0,255.0,1,2025-01-21,3586.27,profit
item_1313,15,28.0,84,420.0,2352.0,1,2025-01-21,3587.39,profit
item_1314,4,104.0,95,416.0,9880.0,1,2025-01-21,3586.97,profit
item_1293,16,26.0,87,416.0,2262.0,1,2025-01-21,3585.9,profit
item_1301,7,60.0,19,420.0,1140.0,1,2025-01-21,3584.66,profit
item_1302,21,20.0,85,420.0,1700.0,1,2025-01-21,3585.96,profit
item_1324,11,38.0,19,418.0,722.0,1,2025-01-21,3585.75,profit
item_1317,25,17.0,85,425.0,1445.0,1,2025-01-21,3585.63,profit
item_1296,12,35.0,85,420.0,2975.0,1,2025-01-21,3585.73,profit
item_1300,3,140.0,86,420.0,12040.0,1,2025-01-21,3586.91,profit
item_1319,18,23.0,42,414.0,966.0,1,2025-01-21,3584.76,profit
item_1309,8,53.0,52,424.0,2756.0,1,2025-01-21,3586.2,profit
item_1306,5,85.0,61,425.0,5185.0,1,2025-01-21,3584.98,profit
item_1284,15,28.0,82,420.0,2296.0,1,2025-01-21,3586.41,profit
item_1277,4,104.0,47,416.0,4888.0,1,2025-01-21,3586.54,profit
item_1283,8,52.0,89,416.0,4628.0,1,2025-01-21,3585.06,profit
item_1291,3,140.0,86,420.0,12040.0,1,2025-01-21,3586.44,profit
item_1321,21,20.0,34,420.0,680.0,1,2025-01-21,3585.5,profit
item_1316,5,85.0,82,425.0,6970.0,1,2025-01-21,3584.83,profit
item_1295,5,84.0,85,420.0,7140.0,1,2025-01-21,3586.42,profit
item_1305,3,139.0,24,417.0,3336.0,1,2025-01-21,3587.01,profit
item_1310,18,23.0,11,414.0,253.0,1,2025-01-21,3586.49,profit
item_1285,7,59.0,68,413.0,4012.0,1,2025-01-21,3586.84,profit
item_1272,26,16.0,50,416.0,800.0,1,2025-01-21,3586.97,profit
item_1322,15,28.0,93,420.0,2604.0,1,2025-01-21,3586.88,profit
item_1298,4,107.0,73,428.0,7811.0,1,2025-01-21,3585.43,profit
item_1311,23,18.0,26,414.0,468.0,1,2025-01-21,3586.91,profit
item_1307,3,139.0,37,417.0,5143.0,1,2025-01-21,3585.8,profit
item_1303,4,105.0,70,420.0,7350.0,1,2025-01-21,3587.19,profit
item_1294,9,47.0,65,423.0,3055.0,1,2025-01-21,3587.01,profit
item_1318,3,139.0,54,417.0,7506.0,1,2025-01-21,3587.07,profit
item_1290,8,53.0,28,424.0,1484.0,1,2025-01-21,3586.57,profit
item_1279,13,33.0,72,429.0,2376.0,1,2025-01-21,3586.57,profit
item_1278,11,38.0,33,418.0,1254.0,1,2025-01-21,3585.46,profit
item_1287,28,15.0,74,420.0,1110.0,1,2025-01-21,3585.83,profit
item_1274,25,17.0,88,425.0,1496.0,1,2025-01-21,3587.39,profit
item_1269,23,18.0,61,414.0,1098.0,1,2025-01-21,3585.6,profit
item_1268,4,103.0,66,412.0,6798.0,1,2025-01-21,3586.9,profit
item_1315,3,137.0,47,411.0,6439.0,1,2025-01-21,3585.33,profit
item_1276,11,39.0,73,429.0,2847.0,1,2025-01-21,3584.88,profit
item_1292,6,70.0,22,420.0,1540.0,1,2025-01-21,3584.92,profit
item_1282,3,142.0,63,426.0,8946.0,1,2025-01-21,3586.98,profit
item_1270,8,53.0,50,424.0,2650.0,1,2025-01-21,3587.08,profit
item_1286,5,84.0,22,420.0,1848.0,1,2025-01-21,3586.16,profit
item_1275,3,141.0,63,423.0,8883.0,1,2025-01-21,3587.34,profit
item_1266,26,16.0,29,416.0,464.0,1,2025-01-21,3587.37,profit
item_1320,4,103.0,71,412.0,7313.0,1,2025-01-21,3586.77,profit
item_1267,16,26.0,40,416.0,1040.0,1,2025-01-21,3587.03,profit
item_1289,15,28.0,13,420.0,364.0,1,2025-01-21,3587.14,profit
item_1304,18,23.0,99,414.0,2277.0,1,2025-01-21,3585.42,profit
item_1281,15,28.0,52,420.0,1456.0,1,2025-01-21,3586.35,profit
item_1312,19,22.0,92,418.0,2024.0,1,2025-01-21,3587.25,profit
item_1358,30,15.0,22,450.0,330.0,1,2025-01-22,3585.26,profit
item_1394,9,48.0,47,432.0,2256.0,1,2025-01-22,3586.03,profit
item_1404,20,22.0,35,440.0,770.0,1,2025-01-22,3586.7,profit
item_1380,4,110.0,81,440.0,8910.0,1,2025-01-22,3586.1,profit
item_1339,10,44.0,57,440.0,2508.0,1,2025-01-22,3587.14,profit
item_1354,21,21.0,92,441.0,1932.0,1,2025-01-22,3586.4,profit
item_1392,7,62.0,32,434.0,1984.0,1,2025-01-22,3585.42,profit
item_1347,3,148.0,91,444.0,13468.0,1,2025-01-22,3586.69,profit
item_1353,9,48.0,33,432.0,1584.0,1,2025-01-22,3586.07,profit
item_1369,3,150.0,18,450.0,2700.0,1,2025-01-22,3587.01,profit
item_1346,13,34.0,49,442.0,1666.0,1,2025-01-22,3586.84,profit
item_1338,27,16.0,47,432.0,752.0,1,2025-01-22,3586.97,profit
item_1327,5,88.0,73,440.0,6424.0,1,2025-01-22,3586.21,profit
item_1342,3,150.0,81,450.0,12150.0,1,2025-01-22,3585.73,profit
item_1360,8,56.0,97,448.0,5432.0,1,2025-01-22,3586.21,profit
item_1348,18,24.0,74,432.0,1776.0,1,2025-01-22,3584.63,profit
item_1344,15,30.0,75,450.0,2250.0,1,2025-01-22,3587.12,profit
item_1375,11,40.0,65,440.0,2600.0,1,2025-01-22,3586.97,profit
item_1326,7,64.0,45,448.0,2880.0,1,2025-01-22,3585.84,profit
item_1372,7,64.0,55,448.0,3520.0,1,2025-01-22,3584.8,profit
item_1329,3,150.0,55,450.0,8250.0,1,2025-01-22,3585.11,profit
item_1400,9,49.0,57,441.0,2793.0,1,2025-01-22,3587.33,profit
item_1325,5,89.0,62,445.0,5518.0,1,2025-01-22,3586.38,profit
item_1368,18,24.0,93,432.0,2232.0,1,2025-01-22,3586.04,profit
item_1335,7,62.0,80,434.0,4960.0,1,2025-01-22,3586.48,profit
item_1362,11,41.0,71,451.0,2911.0,1,2025-01-22,3584.47,profit
item_1381,19,23.0,13,437.0,299.0,1,2025-01-22,3585.17,profit
item_1377,25,18.0,19,450.0,342.0,1,2025-01-22,3585.48,profit
item_1356,4,109.0,22,436.0,2398.0,1,2025-01-22,3586.98,profit
item_1340,6,72.0,12,432.0,864.0,1,2025-01-22,3586.53,profit
item_1350,25,18.0,61,450.0,1098.0,1,2025-01-22,3586.72,profit
item_1352,6,75.0,67,450.0,5025.0,1,2025-01-22,3586.82,profit
item_1336,3,146.0,14,438.0,2044.0,1,2025-01-22,3585.9,profit
item_1337,18,24.0,70,432.0,1680.0,1,2025-01-22,3584.9,profit
item_1391,3,149.0,10,447.0,1490.0,1,2025-01-22,3586.52,profit
item_1393,5,88.0,38,440.0,3344.0,1,2025-01-22,3586.5,profit
item_1403,15,30.0,46,450.0,1380.0,1,2025-01-22,3585.73,profit
item_1379,7,64.0,77,448.0,4928.0,1,2025-01-22,3584.87,profit
item_1367,6,73.0,84,438.0,6132.0,1,2025-01-22,3586.59,profit
item_1390,10,45.0,14,450.0,630.0,1,2025-01-22,3586.46,profit
item_1333,7,62.0,84,434.0,5208.0,1,2025-01-22,3585.78,profit
item_1366,12,37.0,48,444.0,1776.0,1,2025-01-22,3586.56,profit
item_1383,3,146.0,66,438.0,9636.0,1,2025-01-22,3585.26,profit
item_1357,3,147.0,25,441.0,3675.0,1,2025-01-22,3585.57,profit
item_1349,16,27.0,65,432.0,1755.0,1,2025-01-22,3586.78,profit
item_1345,16,28.0,61,448.0,1708.0,1,2025-01-22,3586.81,profit
item_1402,5,89.0,60,445.0,5340.0,1,2025-01-22,3585.4,profit
item_1389,9,48.0,40,432.0,1920.0,1,2025-01-22,3585.55,profit
item_1371,3,150.0,91,450.0,13650.0,1,2025-01-22,3586.46,profit
item_1387,8,54.0,46,432.0,2484.0,1,2025-01-22,3585.75,profit
item_1382,4,111.0,94,444.0,10434.0,1,2025-01-22,3586.57,profit
item_1386,5,87.0,42,435.0,3654.0,1,2025-01-22,3584.8,profit
item_1385,3,147.0,57,441.0,8379.0,1,2025-01-22,3586.73,profit
item_1359,6,75.0,62,450.0,4650.0,1,2025-01-22,3587.36,profit
item_1378,3,149.0,59,447.0,8791.0,1,2025-01-22,3586.93,profit
item_1384,24,18.0,22,432.0,396.0,1,2025-01-22,3584.63,profit
item_1355,16,27.0,84,432.0,2268.0,1,2025-01-22,3587.33,profit
item_1363,4,113.0,96,452.0,10848.0,1,2025-01-22,3586.28,profit
item_1370,9,49.0,11,441.0,539.0,1,2025-01-22,3584.97,profit
item_1334,12,37.0,100,444.0,3700.0,1,2025-01-22,3585.98,profit
item_1376,4,110.0,63,440.0,6930.0,1,2025-01-22,3586.67,profit
item_1396,14,32.0,30,448.0,960.0,1,2025-01-22,3585.98,profit
item_1328,3,147.0,20,441.0,2940.0,1,2025-01-22,3585.85,profit
item_1365,18,24.0,33,432.0,792.0,1,2025-01-22,3586.53,profit
item_1331,8,55.0,91,440.0,5005.0,1,2025-01-22,3585.35,profit
item_1388,4,109.0,59,436.0,6431.0,1,2025-01-22,3586.33,profit
item_1332,6,75.0,77,450.0,5775.0,1,2025-01-22,3586.28,profit
item_1399,21,21.0,90,441.0,1890.0,1,2025-01-22,3586.66,profit
item_1398,12,36.0,34,432.0,1224.0,1,2025-01-22,3586.96,profit
item_1364,16,28.0,72,448.0,2016.0,1,2025-01-22,3584.96,profit
item_1373,3,148.0,44,444.0,6512.0,1,2025-01-22,3586.03,profit
item_1351,17,26.0,38,442.0,988.0,1,2025-01-22,3587.09,profit
item_1361,3,147.0,98,441.0,14406.0,1,2025-01-22,3586.48,profit
item_1395,5,90.0,12,450.0,1080.0,1,2025-01-22,3586.57,profit
item_1401,4,113.0,59,452.0,6667.0,1,2025-01-22,3586.47,profit
item_1405,26,17.0,23,442.0,391.0,1,2025-01-22,3586.97,profit
item_1330,4,112.0,51,448.0,5712.0,1,2025-01-22,3584.95,profit
item_1343,29,15.0,45,435.0,675.0,1,2025-01-22,3584.83,profit
item_1341,4,113.0,46,452.0,5198.0,1,2025-01-22,3586.13,profit
item_1397,12,36.0,77,432.0,2772.0,1,2025-01-22,3586.94,profit
item_1374,24,18.0,27,432.0,486.0,1,2025-01-22,3584.86,profit
item_1455,8,59.0,91,472.0,5369.0,1,2025-01-23,3586.03,profit
item_1446,19,24.0,21,456.0,504.0,1,2025-01-23,3586.67,profit
item_1413,4,116.0,75,464.0,8700.0,1,2025-01-23,3586.68,profit
item_1454,7,65.0,19,455.0,1235.0,1,2025-01-23,3585.33,profit
item_1422,7,67.0,88,469.0,5896.0,1,2025-01-23,3587.11,profit
item_1434,18,26.0,92,468.0,2392.0,1,2025-01-23,3586.65,profit
item_1412,14,33.0,72,462.0,2376.0,1,2025-01-23,3586.12,profit
item_1409,11,42.0,53,462.0,2226.0,1,2025-01-23,3585.78,profit
item_1415,10,46.0,66,460.0,3036.0,1,2025-01-23,3586.66,profit
item_1452,10,46.0,67,460.0,3082.0,1,2025-01-23,3586.11,profit
item_1410,10,46.0,86,460.0,3956.0,1,2025-01-23,3586.61,profit
item_1419,4,114.0,41,456.0,4674.0,1,2025-01-23,3585.79,profit
item_1435,6,77.0,20,462.0,1540.0,1,2025-01-23,3587.17,profit
item_1442,9,52.0,11,468.0,572.0,1,2025-01-23,3585.65,profit
item_1407,20,23.0,75,460.0,1725.0,1,2025-01-23,3586.15,profit
item_1406,6,78.0,54,468.0,4212.0,1,2025-01-23,3587.18,profit
item_1439,24,19.0,78,456.0,1482.0,1,2025-01-23,3586.63,profit
item_1431,7,67.0,93,469.0,6231.0,1,2025-01-23,3586.22,profit
item_1445,17,27.0,20,459.0,540.0,1,2025-01-23,3586.72,profit
item_1416,7,66.0,59,462.0,3894.0,1,2025-01-23,3586.33,profit
item_1448,4,118.0,96,472.0,11328.0,1,2025-01-23,3585.68,profit
item_1449,13,36.0,76,468.0,2736.0,1,2025-01-23,3585.37,profit
item_1408,5,93.0,50,465.0,4650.0,1,2025-01-23,3587.24,profit
item_1417,4,114.0,46,456.0,5244.0,1,2025-01-23,3585.98,profit
item_1433,17,27.0,13,459.0,351.0,1,2025-01-23,3585.31,profit
item_1420,7,67.0,19,469.0,1273.0,1,2025-01-23,3585.38,profit
item_1444,11,42.0,85,462.0,3570.0,1,2025-01-23,3585.61,profit
item_1453,4,118.0,63,472.0,7434.0,1,2025-01-23,3586.61,profit
item_1436,4,114.0,83,456.0,9462.0,1,2025-01-23,3586.01,profit
item_1430,7,67.0,10,469.0,670.0,1,2025-01-23,3587.26,profit
item_1440,19,24.0,23,456.0,552.0,1,2025-01-23,3587.47,profit
item_1456,31,15.0,52,465.0,780.0,1,2025-01-23,3586.26,profit
item_1425,13,36.0,91,468.0,3276.0,1,2025-01-23,3585.92,profit
item_1428,9,51.0,11,459.0,561.0,1,2025-01-23,3586.01,profit
item_1421,22,21.0,50,462.0,1050.0,1,2025-01-23,3586.08,profit
item_1451,7,67.0,23,469.0,1541.0,1,2025-01-23,3586.32,profit
item_1432,4,116.0,56,464.0,6496.0,1,2025-01-23,3586.35,profit
item_1411,7,66.0,72,462.0,4752.0,1,2025-01-23,3586.57,profit
item_1427,6,77.0,60,462.0,4620.0,1,2025-01-23,3586.67,profit
item_1423,4,115.0,24,460.0,2760.0,1,2025-01-23,3586.17,profit
item_1443,4,116.0,51,464.0,5916.0,1,2025-01-23,3586.51,profit
item_1414,19,24.0,38,456.0,912.0,1,2025-01-23,3585.09,profit
item_1447,4,116.0,16,464.0,1856.0,1,2025-01-23,3586.9,profit
item_1437,13,35.0,31,455.0,1085.0,1,2025-01-23,3585.44,profit
item_1450,10,47.0,51,470.0,2397.0,1,2025-01-23,3586.59,profit
item_1424,6,78.0,83,468.0,6474.0,1,2025-01-23,3585.37,profit
item_1426,20,23.0,15,460.0,345.0,1,2025-01-23,3586.66,profit
item_1429,22,21.0,62,462.0,1302.0,1,2025-01-23,3586.37,profit
item_1441,4,117.0,26,468.0,3042.0,1,2025-01-23,3586.92,profit
item_1418,6,76.0,18,456.0,1368.0,1,2025-01-23,3585.26,profit
item_1438,13,35.0,11,455.0,385.0,1,2025-01-23,3586.56,profit
item_1481,18,27.0,82,486.0,2214.0,1,2025-01-24,3585.1,profit
item_1476,4,122.0,41,488.0,5002.0,1,2025-01-24,3587.16,profit
item_1511,5,95.0,13,475.0,1235.0,1,2025-01-24,3586.84,profit
item_1490,5,98.0,27,490.0,2646.0,1,2025-01-24,3586.81,profit
item_1508,6,81.0,41,486.0,3321.0,1,2025-01-24,3586.09,profit
item_1474,6,80.0,69,480.0,5520.0,1,2025-01-24,3586.69,profit
item_1506,4,120.0,60,480.0,7200.0,1,2025-01-24,3586.75,profit
item_1499,6,80.0,72,480.0,5760.0,1,2025-01-24,3586.86,profit
item_1461,5,97.0,77,485.0,7469.0,1,2025-01-24,3586.77,profit
item_1498,17,29.0,25,493.0,725.0,1,2025-01-24,3585.43,profit
item_1480,4,122.0,35,488.0,4270.0,1,2025-01-24,3585.01,profit
item_1493,8,61.0,94,488.0,5734.0,1,2025-01-24,3586.79,profit
item_1483,5,97.0,22,485.0,2134.0,1,2025-01-24,3586.7,profit
item_1502,4,119.0,69,476.0,8211.0,1,2025-01-24,3585.92,profit
item_1460,11,44.0,80,484.0,3520.0,1,2025-01-24,3585.77,profit
item_1500,20,24.0,58,480.0,1392.0,1,2025-01-24,3586.02,profit
item_1494,7,70.0,70,490.0,4900.0,1,2025-01-24,3586.14,profit
item_1488,17,29.0,56,493.0,1624.0,1,2025-01-24,3586.85,profit
item_1505,14,35.0,68,490.0,2380.0,1,2025-01-24,3586.22,profit
item_1478,28,17.0,56,476.0,952.0,1,2025-01-24,3586.03,profit
item_1466,10,48.0,58,480.0,2784.0,1,2025-01-24,3585.56,profit
item_1471,32,15.0,67,480.0,1005.0,1,2025-01-24,3585.47,profit
item_1485,7,69.0,81,483.0,5589.0,1,2025-01-24,3585.79,profit
item_1472,23,21.0,37,483.0,777.0,1,2025-01-24,3587.34,profit
item_1484,5,95.0,46,475.0,4370.0,1,2025-01-24,3585.57,profit
item_1465,5,97.0,36,485.0,3492.0,1,2025-01-24,3587.11,profit
item_1495,4,121.0,55,484.0,6655.0,1,2025-01-24,3585.9,profit
item_1487,18,27.0,42,486.0,1134.0,1,2025-01-24,3586.89,profit
item_1463,30,16.0,91,480.0,1456.0,1,2025-01-24,3586.52,profit
item_1492,14,34.0,85,476.0,2890.0,1,2025-01-24,3585.77,profit
item_1482,14,34.0,89,476.0,3026.0,1,2025-01-24,3586.89,profit
item_1510,25,19.0,15,475.0,285.0,1,2025-01-24,3585.95,profit
item_1486,22,22.0,39,484.0,858.0,1,2025-01-24,3586.13,profit
item_1464,32,15.0,56,480.0,840.0,1,2025-01-24,3587.39,profit
item_1470,5,96.0,23,480.0,2208.0,1,2025-01-24,3586.79,profit
item_1479,4,122.0,100,488.0,12200.0,1,2025-01-24,3587.27,profit
item_1469,18,27.0,99,486.0,2673.0,1,2025-01-24,3587.24,profit
item_1475,28,17.0,38,476.0,646.0,1,2025-01-24,3585.98,profit
item_1467,7,69.0,82,483.0,5658.0,1,2025-01-24,3586.32,profit
item_1496,16,30.0,56,480.0,1680.0,1,2025-01-24,3585.16,profit
item_1507,7,68.0,30,476.0,2040.0,1,2025-01-24,3585.3,profit
item_1504,12,40.0,16,480.0,640.0,1,2025-01-24,3585.07,profit
item_1457,17,29.0,77,493.0,2233.0,1,2025-01-24,3587.16,profit
item_1458,9,54.0,40,486.0,2160.0,1,2025-01-24,3586.79,profit
item_1462,15,32.0,37,480.0,1184.0,1,2025-01-24,3585.56,profit
item_1477,6,82.0,48,492.0,3936.0,1,2025-01-24,3585.42,profit
item_1489,13,37.0,62,481.0,2294.0,1,2025-01-24,3586.95,profit
item_1509,6,80.0,95,480.0,7600.0,1,2025-01-24,3586.02,profit
item_1491,5,95.0,84,475.0,7980.0,1,2025-01-24,3585.81,profit
item_1473,14,34.0,35,476.0,1190.0,1,2025-01-24,3586.95,profit
item_1503,4,120.0,98,480.0,11760.0,1,2025-01-24,3585.42,profit
item_1468,32,15.0,75,480.0,1125.0,1,2025-01-24,3585.97,profit
item_1459,5,95.0,16,475.0,1520.0,1,2025-01-24,3586.23,profit
item_1501,6,82.0,15,492.0,1230.0,1,2025-01-24,3587.0,profit
item_1497,4,119.0,18,476.0,2142.0,1,2025-01-24,3586.73,profit
item_1519,21,24.0,98,504.0,2352.0,1,2025-01-25,3587.14,profit
item_1564,31,16.0,64,496.0,1024.0,1,2025-01-25,3585.73,profit
item_1558,34,15.0,56,510.0,840.0,1,2025-01-25,3585.75,profit
item_1565,19,27.0,16,513.0,432.0,1,2025-01-25,3587.4,profit
item_1535,24,21.0,68,504.0,1428.0,1,2025-01-25,3587.69,profit
item_1560,25,20.0,36,500.0,720.0,1,2025-01-25,3587.02,profit
item_1547,16,32.0,54,512.0,1728.0,1,2025-01-25,3586.13,profit
item_1543,24,21.0,57,504.0,1197.0,1,2025-01-25,3585.92,profit
item_1527,28,18.0,39,504.0,702.0,1,2025-01-25,3586.66,profit
item_1542,6,85.0,81,510.0,6885.0,1,2025-01-25,3586.1,profit
item_1514,5,100.0,18,500.0,1800.0,1,2025-01-25,3585.37,profit
item_1523,19,27.0,79,513.0,2133.0,1,2025-01-25,3584.86,profit
item_1563,5,99.0,37,495.0,3663.0,1,2025-01-25,3586.85,profit
item_1539,20,25.0,37,500.0,925.0,1,2025-01-25,3586.66,profit
item_1553,12,42.0,22,504.0,924.0,1,2025-01-25,3585.55,profit
item_1559,25,20.0,33,500.0,660.0,1,2025-01-25,3587.44,profit
item_1550,7,73.0,62,511.0,4526.0,1,2025-01-25,3586.85,profit
item_1537,15,33.0,49,495.0,1617.0,1,2025-01-25,3586.15,profit
item_1533,15,33.0,10,495.0,330.0,1,2025-01-25,3586.66,profit
item_1566,7,72.0,18,504.0,1296.0,1,2025-01-25,3586.74,profit
item_1534,32,16.0,88,512.0,1408.0,1,2025-01-25,3586.66,profit
item_1522,4,124.0,88,496.0,10912.0,1,2025-01-25,3585.04,profit
item_1531,13,39.0,85,507.0,3315.0,1,2025-01-25,3586.83,profit
item_1570,19,26.0,55,494.0,1430.0,1,2025-01-25,3586.88,profit
item_1554,21,24.0,18,504.0,432.0,1,2025-01-25,3586.32,profit
item_1556,20,25.0,67,500.0,1675.0,1,2025-01-25,3586.49,profit
item_1529,25,20.0,52,500.0,1040.0,1,2025-01-25,3587.17,profit
item_1569,18,28.0,54,504.0,1512.0,1,2025-01-25,3586.18,profit
item_1573,4,128.0,48,512.0,6144.0,1,2025-01-25,3585.82,profit
item_1544,7,73.0,45,511.0,3285.0,1,2025-01-25,3587.07,profit
item_1512,22,23.0,62,506.0,1426.0,1,2025-01-25,3585.82,profit
item_1572,6,84.0,36,504.0,3024.0,1,2025-01-25,3587.19,profit
item_1536,8,63.0,57,504.0,3591.0,1,2025-01-25,3587.16,profit
item_1541,6,84.0,68,504.0,5712.0,1,2025-01-25,3587.15,profit
item_1555,10,50.0,11,500.0,550.0,1,2025-01-25,3586.88,profit
item_1557,5,99.0,44,495.0,4356.0,1,2025-01-25,3587.24,profit
item_1552,5,100.0,99,500.0,9900.0,1,2025-01-25,3586.5,profit
item_1516,4,124.0,79,496.0,9796.0,1,2025-01-25,3587.43,profit
item_1567,11,46.0,97,506.0,4462.0,1,2025-01-25,3586.17,profit
item_1517,23,22.0,19,506.0,418.0,1,2025-01-25,3585.1,profit
item_1524,22,23.0,56,506.0,1288.0,1,2025-01-25,3586.63,profit
item_1561,15,34.0,99,510.0,3366.0,1,2025-01-25,3587.13,profit
item_1545,9,56.0,19,504.0,1064.0,1,2025-01-25,3586.08,profit
item_1526,17,30.0,70,510.0,2100.0,1,2025-01-25,3585.87,profit
item_1571,24,21.0,70,504.0,1470.0,1,2025-01-25,3586.98,profit
item_1548,11,46.0,31,506.0,1426.0,1,2025-01-25,3587.01,profit
item_1520,5,100.0,70,500.0,7000.0,1,2025-01-25,3587.2,profit
item_1538,13,38.0,39,494.0,1482.0,1,2025-01-25,3586.74,profit
item_1515,27,19.0,81,513.0,1539.0,1,2025-01-25,3585.81,profit
item_1521,4,125.0,68,500.0,8500.0,1,2025-01-25,3585.5,profit
item_1551,9,55.0,56,495.0,3080.0,1,2025-01-25,3586.32,profit
item_1518,24,21.0,60,504.0,1260.0,1,2025-01-25,3586.76,profit
item_1568,8,63.0,56,504.0,3528.0,1,2025-01-25,3586.78,profit
item_1546,6,83.0,50,498.0,4150.0,1,2025-01-25,3586.4,profit
item_1530,17,30.0,37,510.0,1110.0,1,2025-01-25,3587.16,profit
item_1549,13,39.0,35,507.0,1365.0,1,2025-01-25,3586.64,profit
item_1528,30,17.0,36,510.0,612.0,1,2025-01-25,3586.98,profit
item_1525,7,71.0,84,497.0,5964.0,1,2025-01-25,3586.71,profit
item_1532,14,36.0,36,504.0,1296.0,1,2025-01-25,3586.87,profit
item_1540,25,20.0,22,500.0,440.0,1,2025-01-25,3586.98,profit
item_1513,4,128.0,38,512.0,4864.0,1,2025-01-25,3587.24,profit
item_1562,20,25.0,44,500.0,1100.0,1,2025-01-25,3586.95,profit
item_1594,9,58.0,69,522.0,4002.0,1,2025-01-26,3587.02,profit
item_1574,31,17.0,24,527.0,408.0,1,2025-01-26,3585.22,profit
item_1605,10,53.0,54,530.0,2862.0,1,2025-01-26,3586.29,profit
item_1626,18,29.0,100,522.0,2900.0,1,2025-01-26,3585.85,profit
item_1615,29,18.0,64,522.0,1152.0,1,2025-01-26,3587.2,profit
item_1600,29,18.0,41,522.0,738.0,1,2025-01-26,3585.48,profit
item_1625,6,86.0,22,516.0,1892.0,1,2025-01-26,3586.37,profit
item_1584,10,53.0,53,530.0,2809.0,1,2025-01-26,3586.96,profit
item_1602,7,74.0,70,518.0,5180.0,1,2025-01-26,3586.5,profit
item_1617,9,58.0,70,522.0,4060.0,1,2025-01-26,3586.3,profit
item_1580,25,21.0,39,525.0,819.0,1,2025-01-26,3587.57,profit
item_1591,21,25.0,11,525.0,275.0,1,2025-01-26,3586.51,profit
item_1578,4,130.0,35,520.0,4550.0,1,2025-01-26,3586.49,profit
item_1604,10,53.0,73,530.0,3869.0,1,2025-01-26,3586.96,profit
item_1589,7,75.0,82,525.0,6150.0,1,2025-01-26,3586.6,profit
item_1599,5,106.0,26,530.0,2756.0,1,2025-01-26,3585.44,profit
item_1612,21,25.0,58,525.0,1450.0,1,2025-01-26,3586.19,profit
item_1598,5,103.0,63,515.0,6489.0,1,2025-01-26,3586.66,profit
item_1607,5,106.0,49,530.0,5194.0,1,2025-01-26,3585.75,profit
item_1593,28,19.0,42,532.0,798.0,1,2025-01-26,3585.55,profit
item_1586,6,88.0,50,528.0,4400.0,1,2025-01-26,3586.54,profit
item_1595,5,106.0,89,530.0,9434.0,1,2025-01-26,3586.21,profit
item_1621,5,106.0,95,530.0,10070.0,1,2025-01-26,3586.34,profit
item_1616,9,59.0,21,531.0,1239.0,1,2025-01-26,3587.36,profit
item_1587,9,59.0,69,531.0,4071.0,1,2025-01-26,3585.86,profit
item_1606,6,87.0,90,522.0,7830.0,1,2025-01-26,3586.31,profit
item_1585,15,35.0,26,525.0,910.0,1,2025-01-26,3586.07,profit
item_1610,14,38.0,39,532.0,1482.0,1,2025-01-26,3585.71,profit
item_1603,24,22.0,63,528.0,1386.0,1,2025-01-26,3585.92,profit
item_1613,18,29.0,79,522.0,2291.0,1,2025-01-26,3587.22,profit
item_1614,31,17.0,35,527.0,595.0,1,2025-01-26,3587.07,profit
item_1608,11,47.0,90,517.0,4230.0,1,2025-01-26,3585.42,profit
item_1581,5,106.0,58,530.0,6148.0,1,2025-01-26,3586.96,profit
item_1609,6,89.0,26,534.0,2314.0,1,2025-01-26,3586.5,profit
item_1622,16,33.0,70,528.0,2310.0,1,2025-01-26,3585.39,profit
item_1590,14,38.0,56,532.0,2128.0,1,2025-01-26,3585.87,profit
item_1576,5,106.0,35,530.0,3710.0,1,2025-01-26,3586.76,profit
item_1596,21,25.0,28,525.0,700.0,1,2025-01-26,3585.33,profit
item_1619,11,47.0,11,517.0,517.0,1,2025-01-26,3587.31,profit
item_1618,24,22.0,93,528.0,2046.0,1,2025-01-26,3586.51,profit
item_1579,33,16.0,83,528.0,1328.0,1,2025-01-26,3585.42,profit
item_1583,31,17.0,71,527.0,1207.0,1,2025-01-26,3584.76,profit
item_1588,13,41.0,82,533.0,3362.0,1,2025-01-26,3586.32,profit
item_1577,10,52.0,33,520.0,1716.0,1,2025-01-26,3585.75,profit
item_1623,23,23.0,97,529.0,2231.0,1,2025-01-26,3586.61,profit
item_1575,18,29.0,14,522.0,406.0,1,2025-01-26,3587.08,profit
item_1620,8,65.0,90,520.0,5850.0,1,2025-01-26,3586.32,profit
item_1601,11,47.0,77,517.0,3619.0,1,2025-01-26,3587.15,profit
item_1611,7,74.0,16,518.0,1184.0,1,2025-01-26,3586.71,profit
item_1582,4,130.0,89,520.0,11570.0,1,2025-01-26,3585.49,profit
item_1627,4,133.0,13,532.0,1729.0,1,2025-01-26,3587.18,profit
item_1592,5,103.0,82,515.0,8446.0,1,2025-01-26,3586.68,profit
item_1628,4,131.0,41,524.0,5371.0,1,2025-01-26,3585.31,profit
item_1624,12,43.0,44,516.0,1892.0,1,2025-01-26,3587.07,profit
item_1597,14,37.0,75,518.0,2775.0,1,2025-01-26,3586.68,profit
item_1629,10,54.0,23,540.0,1242.0,1,2025-01-27,3585.37,profit
item_1645,5,109.0,24,545.0,2616.0,1,2025-01-27,3585.26,profit
item_1632,23,24.0,20,552.0,480.0,1,2025-01-27,3586.76,profit
item_1639,15,36.0,56,540.0,2016.0,1,2025-01-27,3586.69,profit
item_1663,8,67.0,44,536.0,2948.0,1,2025-01-27,3586.4,profit
item_1655,9,61.0,69,549.0,4209.0,1,2025-01-27,3585.47,profit
item_1666,30,18.0,56,540.0,1008.0,1,2025-01-27,3586.55,profit
item_1662,11,49.0,64,539.0,3136.0,1,2025-01-27,3586.74,profit
item_1651,12,46.0,51,552.0,2346.0,1,2025-01-27,3585.91,profit
item_1644,4,135.0,47,540.0,6345.0,1,2025-01-27,3586.68,profit
item_1678,13,42.0,46,546.0,1932.0,1,2025-01-27,3586.5,profit
item_1647,5,110.0,51,550.0,5610.0,1,2025-01-27,3587.14,profit
item_1642,6,92.0,74,552.0,6808.0,1,2025-01-27,3585.84,profit
item_1660,26,21.0,56,546.0,1176.0,1,2025-01-27,3584.72,profit
item_1676,8,68.0,95,544.0,6460.0,1,2025-01-27,3586.62,profit
item_1653,6,92.0,68,552.0,6256.0,1,2025-01-27,3586.74,profit
item_1650,6,92.0,98,552.0,9016.0,1,2025-01-27,3587.3,profit
item_1656,4,138.0,20,552.0,2760.0,1,2025-01-27,3586.22,profit
item_1648,9,61.0,19,549.0,1159.0,1,2025-01-27,3585.68,profit
item_1652,19,29.0,25,551.0,725.0,1,2025-01-27,3586.43,profit
item_1635,11,49.0,73,539.0,3577.0,1,2025-01-27,3586.42,profit
item_1659,4,134.0,93,536.0,12462.0,1,2025-01-27,3586.67,profit
item_1664,17,32.0,44,544.0,1408.0,1,2025-01-27,3586.12,profit
item_1670,23,24.0,34,552.0,816.0,1,2025-01-27,3587.09,profit
item_1674,11,49.0,22,539.0,1078.0,1,2025-01-27,3586.2,profit
item_1657,4,137.0,90,548.0,12330.0,1,2025-01-27,3585.14,profit
item_1636,6,90.0,55,540.0,4950.0,1,2025-01-27,3586.48,profit
item_1671,30,18.0,72,540.0,1296.0,1,2025-01-27,3587.05,profit
item_1638,14,39.0,100,546.0,3900.0,1,2025-01-27,3586.8,profit
item_1658,20,27.0,49,540.0,1323.0,1,2025-01-27,3584.87,profit
item_1630,18,30.0,99,540.0,2970.0,1,2025-01-27,3586.44,profit
item_1634,9,61.0,85,549.0,5185.0,1,2025-01-27,3586.45,profit
item_1668,17,32.0,46,544.0,1472.0,1,2025-01-27,3586.8,profit
item_1633,10,55.0,39,550.0,2145.0,1,2025-01-27,3586.85,profit
item_1675,11,49.0,83,539.0,4067.0,1,2025-01-27,3586.35,profit
item_1679,9,61.0,79,549.0,4819.0,1,2025-01-27,3586.54,profit
item_1641,6,90.0,55,540.0,4950.0,1,2025-01-27,3587.04,profit
item_1672,15,36.0,96,540.0,3456.0,1,2025-01-27,3587.42,profit
item_1673,10,55.0,44,550.0,2420.0,1,2025-01-27,3586.76,profit
item_1637,19,29.0,51,551.0,1479.0,1,2025-01-27,3585.68,profit
item_1669,27,20.0,30,540.0,600.0,1,2025-01-27,3586.79,profit
item_1665,11,49.0,71,539.0,3479.0,1,2025-01-27,3586.81,profit
item_1667,18,30.0,42,540.0,1260.0,1,2025-01-27,3587.24,profit
item_1640,29,19.0,32,551.0,608.0,1,2025-01-27,3586.55,profit
item_1681,4,137.0,47,548.0,6439.0,1,2025-01-27,3584.94,profit
item_1643,20,27.0,10,540.0,270.0,1,2025-01-27,3585.75,profit
item_1680,4,136.0,68,544.0,9248.0,1,2025-01-27,3586.36,profit
item_1654,5,108.0,54,540.0,5832.0,1,2025-01-27,3585.78,profit
item_1646,24,23.0,30,552.0,690.0,1,2025-01-27,3585.68,profit
item_1649,30,18.0,13,540.0,234.0,1,2025-01-27,3586.32,profit
item_1661,22,25.0,51,550.0,1275.0,1,2025-01-27,3586.8,profit
item_1677,14,39.0,55,546.0,2145.0,1,2025-01-27,3586.12,profit
item_1631,15,36.0,73,540.0,2628.0,1,2025-01-27,3587.19,profit
item_1721,8,71.0,55,568.0,3905.0,1,2025-01-28,3587.02,profit
item_1714,6,93.0,77,558.0,7161.0,1,2025-01-28,3585.74,profit
item_1695,11,52.0,78,572.0,4056.0,1,2025-01-28,3585.22,profit
item_1718,21,27.0,18,567.0,486.0,1,2025-01-28,3586.07,profit
item_1723,8,70.0,27,560.0,1890.0,1,2025-01-28,3586.01,profit
item_1704,15,38.0,41,570.0,1558.0,1,2025-01-28,3586.62,profit
item_1707,19,30.0,59,570.0,1770.0,1,2025-01-28,3587.3,profit
item_1686,26,22.0,13,572.0,286.0,1,2025-01-28,3586.45,profit
item_1713,7,82.0,90,574.0,7380.0,1,2025-01-28,3586.09,profit
item_1747,15,37.0,36,555.0,1332.0,1,2025-01-28,3585.47,profit
item_1735,8,71.0,58,568.0,4118.0,1,2025-01-28,3586.4,profit
item_1739,9,62.0,26,558.0,1612.0,1,2025-01-28,3586.98,profit
item_1724,20,28.0,55,560.0,1540.0,1,2025-01-28,3586.23,profit
item_1729,5,113.0,75,565.0,8475.0,1,2025-01-28,3585.92,profit
item_1705,14,41.0,43,574.0,1763.0,1,2025-01-28,3586.77,profit
item_1710,8,71.0,23,568.0,1633.0,1,2025-01-28,3586.66,profit
item_1701,7,80.0,70,560.0,5600.0,1,2025-01-28,3586.54,profit
item_1720,26,22.0,17,572.0,374.0,1,2025-01-28,3586.66,profit
item_1748,10,57.0,75,570.0,4275.0,1,2025-01-28,3586.61,profit
item_1684,4,140.0,66,560.0,9240.0,1,2025-01-28,3586.15,profit
item_1703,15,37.0,38,555.0,1406.0,1,2025-01-28,3587.44,profit
item_1683,8,70.0,21,560.0,1470.0,1,2025-01-28,3587.18,profit
item_1732,18,31.0,46,558.0,1426.0,1,2025-01-28,3584.47,profit
item_1737,9,63.0,57,567.0,3591.0,1,2025-01-28,3586.89,profit
item_1700,14,41.0,24,574.0,984.0,1,2025-01-28,3587.45,profit
item_1715,6,94.0,75,564.0,7050.0,1,2025-01-28,3585.45,profit
item_1733,7,82.0,93,574.0,7626.0,1,2025-01-28,3586.36,profit
item_1689,17,33.0,59,561.0,1947.0,1,2025-01-28,3585.73,profit
item_1742,27,21.0,12,567.0,252.0,1,2025-01-28,3587.02,profit
item_1691,30,19.0,97,570.0,1843.0,1,2025-01-28,3585.66,profit
item_1734,14,40.0,63,560.0,2520.0,1,2025-01-28,3585.62,profit
item_1693,10,56.0,33,560.0,1848.0,1,2025-01-28,3586.71,profit
item_1712,8,70.0,96,560.0,6720.0,1,2025-01-28,3586.83,profit
item_1726,5,111.0,82,555.0,9102.0,1,2025-01-28,3587.07,profit
item_1694,4,142.0,15,568.0,2130.0,1,2025-01-28,3586.09,profit
item_1711,15,38.0,80,570.0,3040.0,1,2025-01-28,3586.0,profit
item_1692,17,33.0,91,561.0,3003.0,1,2025-01-28,3587.38,profit
item_1731,4,139.0,84,556.0,11676.0,1,2025-01-28,3585.07,profit
item_1727,21,27.0,87,567.0,2349.0,1,2025-01-28,3585.51,profit
item_1687,4,142.0,51,568.0,7242.0,1,2025-01-28,3586.87,profit
item_1697,28,20.0,37,560.0,740.0,1,2025-01-28,3585.61,profit
item_1743,25,23.0,90,575.0,2070.0,1,2025-01-28,3587.14,profit
item_1722,7,81.0,36,567.0,2916.0,1,2025-01-28,3586.22,profit
item_1716,14,41.0,74,574.0,3034.0,1,2025-01-28,3585.42,profit
item_1699,38,15.0,60,570.0,900.0,1,2025-01-28,3587.07,profit
item_1719,12,47.0,72,564.0,3384.0,1,2025-01-28,3586.78,profit
item_1708,10,57.0,59,570.0,3363.0,1,2025-01-28,3587.07,profit
item_1698,25,23.0,59,575.0,1357.0,1,2025-01-28,3586.98,profit
item_1690,6,94.0,41,564.0,3854.0,1,2025-01-28,3586.69,profit
item_1741,15,38.0,66,570.0,2508.0,1,2025-01-28,3587.22,profit
item_1750,14,41.0,86,574.0,3526.0,1,2025-01-28,3586.46,profit
item_1744,5,114.0,37,570.0,4218.0,1,2025-01-28,3587.44,profit
item_1717,9,62.0,49,558.0,3038.0,1,2025-01-28,3586.46,profit
item_1682,37,15.0,21,555.0,315.0,1,2025-01-28,3584.97,profit
item_1736,22,26.0,42,572.0,1092.0,1,2025-01-28,3585.94,profit
item_1696,6,95.0,68,570.0,6460.0,1,2025-01-28,3586.56,profit
item_1688,6,94.0,61,564.0,5734.0,1,2025-01-28,3585.09,profit
item_1738,23,25.0,26,575.0,650.0,1,2025-01-28,3586.28,profit
item_1728,8,71.0,55,568.0,3905.0,1,2025-01-28,3587.0,profit
item_1745,7,82.0,30,574.0,2460.0,1,2025-01-28,3585.49,profit
item_1746,5,113.0,54,565.0,6102.0,1,2025-01-28,3585.96,profit
item_1725,26,22.0,15,572.0,330.0,1,2025-01-28,3587.13,profit
item_1730,5,115.0,86,575.0,9890.0,1,2025-01-28,3585.23,profit
item_1709,12,47.0,95,564.0,4465.0,1,2025-01-28,3586.47,profit
item_1685,11,51.0,78,561.0,3978.0,1,2025-01-28,3585.12,profit
item_1702,38,15.0,58,570.0,870.0,1,2025-01-28,3586.05,profit
item_1740,25,23.0,20,575.0,460.0,1,2025-01-28,3586.38,profit
item_1749,13,43.0,25,559.0,1075.0,1,2025-01-28,3586.39,profit
item_1706,31,18.0,28,558.0,504.0,1,2025-01-28,3586.76,profit
item_1803,15,39.0,14,585.0,546.0,1,2025-01-29,3587.37,profit
item_1805,7,83.0,15,581.0,1245.0,1,2025-01-29,3586.89,profit
item_1810,4,147.0,66,588.0,9702.0,1,2025-01-29,3587.54,profit
item_1814,11,53.0,88,583.0,4664.0,1,2025-01-29,3586.5,profit
item_1784,4,146.0,36,584.0,5256.0,1,2025-01-29,3586.43,profit
item_1783,11,54.0,16,594.0,864.0,1,2025-01-29,3585.19,profit
item_1793,13,45.0,37,585.0,1665.0,1,2025-01-29,3586.71,profit
item_1807,6,97.0,66,582.0,6402.0,1,2025-01-29,3587.6,profit
item_1752,6,96.0,27,576.0,2592.0,1,2025-01-29,3585.14,profit
item_1751,5,117.0,96,585.0,11232.0,1,2025-01-29,3586.81,profit
item_1781,4,145.0,18,580.0,2610.0,1,2025-01-29,3585.6,profit
item_1817,10,59.0,90,590.0,5310.0,1,2025-01-29,3587.6,profit
item_1801,24,24.0,82,576.0,1968.0,1,2025-01-29,3586.22,profit
item_1782,4,145.0,22,580.0,3190.0,1,2025-01-29,3585.01,profit
item_1771,33,18.0,83,594.0,1494.0,1,2025-01-29,3587.49,profit
item_1791,32,18.0,40,576.0,720.0,1,2025-01-29,3586.06,profit
item_1764,18,32.0,27,576.0,864.0,1,2025-01-29,3586.72,profit
item_1795,7,85.0,64,595.0,5440.0,1,2025-01-29,3585.02,profit
item_1765,17,35.0,44,595.0,1540.0,1,2025-01-29,3586.79,profit
item_1763,16,37.0,39,592.0,1443.0,1,2025-01-29,3587.18,profit
item_1756,7,85.0,33,595.0,2805.0,1,2025-01-29,3585.79,profit
item_1790,11,53.0,67,583.0,3551.0,1,2025-01-29,3587.11,profit
item_1802,31,19.0,100,589.0,1900.0,1,2025-01-29,3587.14,profit
item_1808,6,99.0,24,594.0,2376.0,1,2025-01-29,3585.68,profit
item_1773,15,39.0,93,585.0,3627.0,1,2025-01-29,3585.32,profit
item_1811,6,98.0,79,588.0,7742.0,1,2025-01-29,3584.68,profit
item_1818,6,96.0,84,576.0,8064.0,1,2025-01-29,3586.38,profit
item_1770,34,17.0,91,578.0,1547.0,1,2025-01-29,3587.62,profit
item_1787,20,29.0,91,580.0,2639.0,1,2025-01-29,3586.13,profit
item_1767,22,27.0,29,594.0,783.0,1,2025-01-29,3587.47,profit
item_1813,16,37.0,28,592.0,1036.0,1,2025-01-29,3586.97,profit
item_1772,5,118.0,27,590.0,3186.0,1,2025-01-29,3587.27,profit
item_1777,34,17.0,71,578.0,1207.0,1,2025-01-29,3587.26,profit
item_1809,32,18.0,99,576.0,1782.0,1,2025-01-29,3585.68,profit
item_1798,16,36.0,26,576.0,936.0,1,2025-01-29,3587.42,profit
item_1778,28,21.0,69,588.0,1449.0,1,2025-01-29,3587.34,profit
item_1775,14,42.0,75,588.0,3150.0,1,2025-01-29,3585.53,profit
item_1755,6,96.0,69,576.0,6624.0,1,2025-01-29,3586.92,profit
item_1766,32,18.0,87,576.0,1566.0,1,2025-01-29,3586.82,profit
item_1799,8,73.0,64,584.0,4672.0,1,2025-01-29,3586.48,profit
item_1794,4,148.0,42,592.0,6216.0,1,2025-01-29,3586.37,profit
item_1754,20,29.0,36,580.0,1044.0,1,2025-01-29,3585.05,profit
item_1815,17,35.0,11,595.0,385.0,1,2025-01-29,3586.53,profit
item_1796,35,17.0,95,595.0,1615.0,1,2025-01-29,3585.9,profit
item_1757,9,64.0,41,576.0,2624.0,1,2025-01-29,3585.93,profit
item_1800,9,65.0,64,585.0,4160.0,1,2025-01-29,3586.11,profit
item_1788,16,37.0,88,592.0,3256.0,1,2025-01-29,3586.87,profit
item_1776,37,16.0,51,592.0,816.0,1,2025-01-29,3586.56,profit
item_1812,27,22.0,72,594.0,1584.0,1,2025-01-29,3585.4,profit
item_1806,37,16.0,63,592.0,1008.0,1,2025-01-29,3585.94,profit
item_1786,9,66.0,90,594.0,5940.0,1,2025-01-29,3587.3,profit
item_1758,4,146.0,68,584.0,9928.0,1,2025-01-29,3586.31,profit
item_1769,37,16.0,74,592.0,1184.0,1,2025-01-29,3586.69,profit
item_1753,4,147.0,34,588.0,4998.0,1,2025-01-29,3585.52,profit
item_1779,6,98.0,48,588.0,4704.0,1,2025-01-29,3587.12,profit
item_1789,32,18.0,97,576.0,1746.0,1,2025-01-29,3586.54,profit
item_1804,16,36.0,81,576.0,2916.0,1,2025-01-29,3586.39,profit
item_1759,8,73.0,94,584.0,6862.0,1,2025-01-29,3584.97,profit
item_1762,33,18.0,21,594.0,378.0,1,2025-01-29,3587.21,profit
item_1768,17,34.0,22,578.0,748.0,1,2025-01-29,3586.74,profit
item_1792,16,37.0,90,592.0,3330.0,1,2025-01-29,3586.97,profit
item_1760,18,32.0,25,576.0,800.0,1,2025-01-29,3585.98,profit
item_1774,6,97.0,62,582.0,6014.0,1,2025-01-29,3586.76,profit
item_1816,35,17.0,72,595.0,1224.0,1,2025-01-29,3586.63,profit
item_1761,36,16.0,30,576.0,480.0,1,2025-01-29,3586.5,profit
item_1780,6,97.0,75,582.0,7275.0,1,2025-01-29,3585.61,profit
item_1785,28,21.0,68,588.0,1428.0,1,2025-01-29,3585.25,profit
item_1797,39,15.0,87,585.0,1305.0,1,2025-01-29,3587.46,profit
item_1829,10,61.0,80,610.0,4880.0,1,2025-01-30,3587.16,profit
item_1855,18,34.0,88,612.0,2992.0,1,2025-01-30,3585.06,profit
item_1874,6,102.0,79,612.0,8058.0,1,2025-01-30,3585.95,profit
item_1843,38,16.0,10,608.0,160.0,1,2025-01-30,3586.76,profit
item_1877,7,87.0,21,609.0,1827.0,1,2025-01-30,3587.0,profit
item_1878,8,76.0,62,608.0,4712.0,1,2025-01-30,3585.94,profit
item_1871,10,61.0,52,610.0,3172.0,1,2025-01-30,3587.02,profit
item_1819,5,121.0,25,605.0,3025.0,1,2025-01-30,3585.54,profit
item_1828,40,15.0,14,600.0,210.0,1,2025-01-30,3586.2,profit
item_1863,9,67.0,39,603.0,2613.0,1,2025-01-30,3586.22,profit
item_1822,8,75.0,91,600.0,6825.0,1,2025-01-30,3585.47,profit
item_1832,5,123.0,20,615.0,2460.0,1,2025-01-30,3585.03,profit
item_1876,25,24.0,40,600.0,960.0,1,2025-01-30,3586.44,profit
item_1869,18,34.0,34,612.0,1156.0,1,2025-01-30,3587.08,profit
item_1844,15,40.0,62,600.0,2480.0,1,2025-01-30,3587.4,profit
item_1856,34,18.0,46,612.0,828.0,1,2025-01-30,3586.7,profit
item_1854,5,122.0,75,610.0,9150.0,1,2025-01-30,3586.75,profit
item_1849,40,15.0,17,600.0,255.0,1,2025-01-30,3585.69,profit
item_1835,21,29.0,15,609.0,435.0,1,2025-01-30,3586.32,profit
item_1823,26,23.0,11,598.0,253.0,1,2025-01-30,3585.93,profit
item_1848,6,101.0,11,606.0,1111.0,1,2025-01-30,3586.18,profit
item_1838,15,41.0,82,615.0,3362.0,1,2025-01-30,3587.48,profit
item_1850,34,18.0,60,612.0,1080.0,1,2025-01-30,3587.47,profit
item_1846,21,29.0,17,609.0,493.0,1,2025-01-30,3587.36,profit
item_1866,6,100.0,68,600.0,6800.0,1,2025-01-30,3584.7,profit
item_1861,40,15.0,61,600.0,915.0,1,2025-01-30,3586.41,profit
item_1853,16,38.0,92,608.0,3496.0,1,2025-01-30,3587.59,profit
item_1864,38,16.0,64,608.0,1024.0,1,2025-01-30,3586.07,profit
item_1842,21,29.0,11,609.0,319.0,1,2025-01-30,3586.1,profit
item_1858,23,26.0,76,598.0,1976.0,1,2025-01-30,3585.51,profit
item_1841,8,76.0,74,608.0,5624.0,1,2025-01-30,3587.13,profit
item_1862,11,55.0,50,605.0,2750.0,1,2025-01-30,3587.33,profit
item_1859,10,61.0,55,610.0,3355.0,1,2025-01-30,3587.01,profit
item_1851,19,32.0,38,608.0,1216.0,1,2025-01-30,3587.5,profit
item_1825,5,120.0,58,600.0,6960.0,1,2025-01-30,3586.75,profit
item_1820,5,123.0,96,615.0,11808.0,1,2025-01-30,3585.26,profit
item_1852,34,18.0,97,612.0,1746.0,1,2025-01-30,3586.88,profit
item_1847,8,76.0,100,608.0,7600.0,1,2025-01-30,3586.87,profit
item_1873,8,76.0,69,608.0,5244.0,1,2025-01-30,3586.92,profit
item_1845,26,23.0,74,598.0,1702.0,1,2025-01-30,3586.92,profit
item_1821,6,100.0,32,600.0,3200.0,1,2025-01-30,3585.05,profit
item_1839,11,56.0,66,616.0,3696.0,1,2025-01-30,3586.89,profit
item_1857,6,100.0,66,600.0,6600.0,1,2025-01-30,3587.09,profit
item_1875,15,40.0,42,600.0,1680.0,1,2025-01-30,3585.44,profit
item_1840,32,19.0,22,608.0,418.0,1,2025-01-30,3586.41,profit
item_1870,30,20.0,17,600.0,340.0,1,2025-01-30,3586.52,profit
item_1824,15,41.0,70,615.0,2870.0,1,2025-01-30,3586.77,profit
item_1868,23,26.0,99,598.0,2574.0,1,2025-01-30,3586.7,profit
item_1831,5,121.0,60,605.0,7260.0,1,2025-01-30,3585.43,profit
item_1860,12,51.0,81,612.0,4131.0,1,2025-01-30,3586.16,profit
item_1837,34,18.0,43,612.0,774.0,1,2025-01-30,3586.31,profit
item_1826,7,88.0,23,616.0,2024.0,1,2025-01-30,3585.34,profit
item_1867,24,25.0,25,600.0,625.0,1,2025-01-30,3585.41,profit
item_1836,9,68.0,32,612.0,2176.0,1,2025-01-30,3586.77,profit
item_1830,6,101.0,94,606.0,9494.0,1,2025-01-30,3586.3,profit
item_1865,4,150.0,66,600.0,9900.0,1,2025-01-30,3587.43,profit
item_1827,9,68.0,99,612.0,6732.0,1,2025-01-30,3585.84,profit
item_1834,12,51.0,54,612.0,2754.0,1,2025-01-30,3587.48,profit
item_1872,17,36.0,92,612.0,3312.0,1,2025-01-30,3586.32,profit
item_1833,36,17.0,82,612.0,1394.0,1,2025-01-30,3585.19,profit
item_1904,27,23.0,60,621.0,1380.0,1,2025-01-31,3585.06,profit
item_1914,25,25.0,97,625.0,2425.0,1,2025-01-31,3585.12,profit
item_1893,15,42.0,39,630.0,1638.0,1,2025-01-31,3586.87,profit
item_1890,17,37.0,92,629.0,3404.0,1,2025-01-31,3587.31,profit
item_1905,9,69.0,88,621.0,6072.0,1,2025-01-31,3586.84,profit
item_1908,39,16.0,15,624.0,240.0,1,2025-01-31,3586.15,profit
item_1906,39,16.0,19,624.0,304.0,1,2025-01-31,3585.87,profit
item_1903,5,124.0,83,620.0,10292.0,1,2025-01-31,3587.28,profit
item_1917,5,124.0,96,620.0,11904.0,1,2025-01-31,3587.21,profit
item_1892,16,39.0,74,624.0,2886.0,1,2025-01-31,3585.81,profit
item_1889,24,26.0,68,624.0,1768.0,1,2025-01-31,3586.65,profit
item_1882,16,39.0,42,624.0,1638.0,1,2025-01-31,3586.73,profit
item_1910,20,31.0,77,620.0,2387.0,1,2025-01-31,3586.93,profit
item_1888,11,57.0,43,627.0,2451.0,1,2025-01-31,3586.15,profit
item_1884,8,78.0,25,624.0,1950.0,1,2025-01-31,3587.33,profit
item_1897,15,42.0,73,630.0,3066.0,1,2025-01-31,3586.05,profit
item_1887,7,89.0,17,623.0,1513.0,1,2025-01-31,3587.3,profit
item_1898,21,30.0,72,630.0,2160.0,1,2025-01-31,3586.75,profit
item_1895,5,124.0,73,620.0,9052.0,1,2025-01-31,3586.67,profit
item_1880,16,39.0,44,624.0,1716.0,1,2025-01-31,3587.22,profit
item_1881,14,45.0,39,630.0,1755.0,1,2025-01-31,3586.79,profit
item_1902,26,24.0,78,624.0,1872.0,1,2025-01-31,3586.57,profit
item_1918,11,57.0,53,627.0,3021.0,1,2025-01-31,3585.14,profit
item_1901,15,42.0,18,630.0,756.0,1,2025-01-31,3585.36,profit
item_1883,24,26.0,81,624.0,2106.0,1,2025-01-31,3586.88,profit
item_1879,27,23.0,48,621.0,1104.0,1,2025-01-31,3586.23,profit
item_1885,6,106.0,13,636.0,1378.0,1,2025-01-31,3586.07,profit
item_1912,11,57.0,97,627.0,5529.0,1,2025-01-31,3587.08,profit
item_1907,10,62.0,100,620.0,6200.0,1,2025-01-31,3586.97,profit
item_1891,7,90.0,21,630.0,1890.0,1,2025-01-31,3586.93,profit
item_1894,13,48.0,83,624.0,3984.0,1,2025-01-31,3586.65,profit
item_1899,7,89.0,32,623.0,2848.0,1,2025-01-31,3586.94,profit
item_1911,31,20.0,54,620.0,1080.0,1,2025-01-31,3586.85,profit
item_1916,37,17.0,19,629.0,323.0,1,2025-01-31,3586.77,profit
item_1900,5,125.0,51,625.0,6375.0,1,2025-01-31,3585.8,profit
item_1915,24,26.0,34,624.0,884.0,1,2025-01-31,3587.14,profit
item_1909,25,25.0,56,625.0,1400.0,1,2025-01-31,3586.97,profit
item_1896,10,62.0,11,620.0,682.0,1,2025-01-31,3585.13,profit
item_1913,5,126.0,22,630.0,2772.0,1,2025-01-31,3586.26,profit
item_1886,27,23.0,25,621.0,575.0,1,2025-01-31,3585.86,profit
item_1953,21,31.0,17,651.0,527.0,1,2025-02-01,3585.68,profit
item_1936,21,31.0,23,651.0,713.0,1,2025-02-01,3587.18,profit
item_1942,5,129.0,15,645.0,1935.0,1,2025-02-01,3587.09,profit
item_1947,6,109.0,80,654.0,8720.0,1,2025-02-01,3586.26,profit
item_1956,14,46.0,83,644.0,3818.0,1,2025-02-01,3585.5,profit
item_1923,28,23.0,12,644.0,276.0,1,2025-02-01,3586.8,profit
item_1969,11,59.0,99,649.0,5841.0,1,2025-02-01,3586.52,profit
item_1957,43,15.0,83,645.0,1245.0,1,2025-02-01,3586.46,profit
item_1920,9,73.0,36,657.0,2628.0,1,2025-02-01,3587.38,profit
item_1972,5,130.0,20,650.0,2600.0,1,2025-02-01,3586.95,profit
item_1959,5,129.0,28,645.0,3612.0,1,2025-02-01,3587.23,profit
item_1960,40,16.0,30,640.0,480.0,1,2025-02-01,3585.06,profit
item_1922,23,28.0,22,644.0,616.0,1,2025-02-01,3586.39,profit
item_1974,29,22.0,33,638.0,726.0,1,2025-02-01,3587.49,profit
item_1919,40,16.0,64,640.0,1024.0,1,2025-02-01,3586.17,profit
item_1929,5,130.0,22,650.0,2860.0,1,2025-02-01,3587.08,profit
item_1926,16,41.0,79,656.0,3239.0,1,2025-02-01,3587.32,profit
item_1930,6,108.0,53,648.0,5724.0,1,2025-02-01,3585.37,profit
item_1937,8,82.0,59,656.0,4838.0,1,2025-02-01,3586.86,profit
item_1962,24,27.0,62,648.0,1674.0,1,2025-02-01,3586.16,profit
item_1968,12,54.0,22,648.0,1188.0,1,2025-02-01,3587.13,profit
item_1965,16,41.0,82,656.0,3362.0,1,2025-02-01,3586.78,profit
item_1943,10,65.0,51,650.0,3315.0,1,2025-02-01,3585.34,profit
item_1961,10,65.0,36,650.0,2340.0,1,2025-02-01,3587.25,profit
item_1946,9,73.0,51,657.0,3723.0,1,2025-02-01,3585.4,profit
item_1945,5,130.0,18,650.0,2340.0,1,2025-02-01,3587.55,profit
item_1950,8,80.0,41,640.0,3280.0,1,2025-02-01,3585.33,profit
item_1964,17,38.0,48,646.0,1824.0,1,2025-02-01,3587.19,profit
item_1952,7,93.0,18,651.0,1674.0,1,2025-02-01,3586.64,profit
item_1944,43,15.0,48,645.0,720.0,1,2025-02-01,3586.36,profit
item_1975,40,16.0,100,640.0,1600.0,1,2025-02-01,3587.03,profit
item_1924,36,18.0,15,648.0,270.0,1,2025-02-01,3587.07,profit
item_1973,32,20.0,83,640.0,1660.0,1,2025-02-01,3585.35,profit
item_1940,43,15.0,54,645.0,810.0,1,2025-02-01,3587.14,profit
item_1928,24,27.0,69,648.0,1863.0,1,2025-02-01,3586.71,profit
item_1954,40,16.0,49,640.0,784.0,1,2025-02-01,3586.85,profit
item_1951,17,38.0,77,646.0,2926.0,1,2025-02-01,3585.78,profit
item_1941,27,24.0,64,648.0,1536.0,1,2025-02-01,3587.46,profit
item_1967,27,24.0,34,648.0,816.0,1,2025-02-01,3586.91,profit
item_1966,24,27.0,28,648.0,756.0,1,2025-02-01,3586.8,profit
item_1927,17,38.0,56,646.0,2128.0,1,2025-02-01,3586.8,profit
item_1939,22,29.0,89,638.0,2581.0,1,2025-02-01,3586.07,profit
item_1925,25,26.0,78,650.0,2028.0,1,2025-02-01,3587.39,profit
item_1938,8,80.0,51,640.0,4080.0,1,2025-02-01,3586.08,profit
item_1931,12,54.0,58,648.0,3132.0,1,2025-02-01,3585.68,profit
item_1949,6,109.0,72,654.0,7848.0,1,2025-02-01,3585.65,profit
item_1958,38,17.0,82,646.0,1394.0,1,2025-02-01,3587.42,profit
item_1935,26,25.0,61,650.0,1525.0,1,2025-02-01,3586.77,profit
item_1970,21,31.0,84,651.0,2604.0,1,2025-02-01,3586.55,profit
item_1921,11,58.0,78,638.0,4524.0,1,2025-02-01,3585.96,profit
item_1932,27,24.0,15,648.0,360.0,1,2025-02-01,3586.51,profit
item_1933,40,16.0,76,640.0,1216.0,1,2025-02-01,3587.02,profit
item_1971,28,23.0,44,644.0,1012.0,1,2025-02-01,3586.93,profit
item_1963,34,19.0,31,646.0,589.0,1,2025-02-01,3587.11,profit
item_1934,19,34.0,33,646.0,1122.0,1,2025-02-01,3587.7,profit
item_1955,6,107.0,81,642.0,8667.0,1,2025-02-01,3587.61,profit
item_1948,7,91.0,38,637.0,3458.0,1,2025-02-01,3585.43,profit
item_2018,39,17.0,11,663.0,187.0,1,2025-02-02,3586.43,profit
item_1987,15,44.0,63,660.0,2772.0,1,2025-02-02,3586.16,profit
item_1977,22,30.0,73,660.0,2190.0,1,2025-02-02,3586.66,profit
item_1976,22,30.0,12,660.0,360.0,1,2025-02-02,3587.69,profit
item_2002,39,17.0,20,663.0,340.0,1,2025-02-02,3584.92,profit
item_2001,5,135.0,83,675.0,11205.0,1,2025-02-02,3586.53,profit
item_2028,24,28.0,76,672.0,2128.0,1,2025-02-02,3586.42,profit
item_2023,20,33.0,20,660.0,660.0,1,2025-02-02,3586.67,profit
item_1996,30,22.0,79,660.0,1738.0,1,2025-02-02,3585.41,profit
item_2032,14,48.0,94,672.0,4512.0,1,2025-02-02,3586.12,profit
item_2019,10,67.0,81,670.0,5427.0,1,2025-02-02,3587.29,profit
item_1981,22,30.0,91,660.0,2730.0,1,2025-02-02,3587.03,profit
item_1994,12,56.0,35,672.0,1960.0,1,2025-02-02,3586.51,profit
item_1978,9,74.0,42,666.0,3108.0,1,2025-02-02,3587.05,profit
item_2035,10,66.0,10,660.0,660.0,1,2025-02-02,3586.25,profit
item_2013,10,66.0,84,660.0,5544.0,1,2025-02-02,3585.44,profit
item_2036,32,21.0,83,672.0,1743.0,1,2025-02-02,3586.31,profit
item_2025,12,56.0,85,672.0,4760.0,1,2025-02-02,3587.65,profit
item_1985,25,27.0,48,675.0,1296.0,1,2025-02-02,3586.71,profit
item_2033,7,96.0,59,672.0,5664.0,1,2025-02-02,3586.64,profit
item_2007,21,32.0,47,672.0,1504.0,1,2025-02-02,3585.52,profit
item_2024,45,15.0,55,675.0,825.0,1,2025-02-02,3586.68,profit
item_1991,15,44.0,87,660.0,3828.0,1,2025-02-02,3585.64,profit
item_2010,17,39.0,89,663.0,3471.0,1,2025-02-02,3585.96,profit
item_1979,5,134.0,77,670.0,10318.0,1,2025-02-02,3586.09,profit
item_2021,29,23.0,59,667.0,1357.0,1,2025-02-02,3587.66,profit
item_2027,12,55.0,60,660.0,3300.0,1,2025-02-02,3586.52,profit
item_1988,16,42.0,74,672.0,3108.0,1,2025-02-02,3586.6,profit
item_2012,6,113.0,18,678.0,2034.0,1,2025-02-02,3586.81,profit
item_2020,44,15.0,99,660.0,1485.0,1,2025-02-02,3586.29,profit
item_2034,12,56.0,13,672.0,728.0,1,2025-02-02,3585.61,profit
item_2011,18,37.0,86,666.0,3182.0,1,2025-02-02,3586.96,profit
item_2030,27,25.0,51,675.0,1275.0,1,2025-02-02,3586.67,profit
item_1995,5,133.0,21,665.0,2793.0,1,2025-02-02,3586.36,profit
item_2029,16,42.0,67,672.0,2814.0,1,2025-02-02,3587.1,profit
item_2009,7,94.0,45,658.0,4230.0,1,2025-02-02,3586.75,profit
item_1986,9,74.0,68,666.0,5032.0,1,2025-02-02,3587.14,profit
item_1984,18,37.0,28,666.0,1036.0,1,2025-02-02,3586.07,profit
item_2038,20,33.0,71,660.0,2343.0,1,2025-02-02,3585.65,profit
item_1997,19,35.0,15,665.0,525.0,1,2025-02-02,3587.45,profit
item_1990,8,83.0,66,664.0,5478.0,1,2025-02-02,3584.86,profit
item_1983,12,56.0,18,672.0,1008.0,1,2025-02-02,3585.15,profit
item_2005,45,15.0,46,675.0,690.0,1,2025-02-02,3585.32,profit
item_2016,42,16.0,12,672.0,192.0,1,2025-02-02,3586.09,profit
item_2003,28,24.0,18,672.0,432.0,1,2025-02-02,3587.08,profit
item_1982,6,111.0,98,666.0,10878.0,1,2025-02-02,3586.94,profit
item_2008,19,35.0,15,665.0,525.0,1,2025-02-02,3586.88,profit
item_1980,30,22.0,50,660.0,1100.0,1,2025-02-02,3585.02,profit
item_2017,13,51.0,44,663.0,2244.0,1,2025-02-02,3587.06,profit
item_2031,10,67.0,39,670.0,2613.0,1,2025-02-02,3587.04,profit
item_2026,17,39.0,36,663.0,1404.0,1,2025-02-02,3586.41,profit
item_1989,5,132.0,80,660.0,10560.0,1,2025-02-02,3586.6,profit
item_1998,15,44.0,37,660.0,1628.0,1,2025-02-02,3586.69,profit
item_2014,5,132.0,63,660.0,8316.0,1,2025-02-02,3586.3,profit
item_2015,10,66.0,98,660.0,6468.0,1,2025-02-02,3585.06,profit
item_2000,11,60.0,90,660.0,5400.0,1,2025-02-02,3587.12,profit
item_1993,22,30.0,12,660.0,360.0,1,2025-02-02,3586.36,profit
item_1999,26,26.0,20,676.0,520.0,1,2025-02-02,3586.75,profit
item_2006,6,111.0,50,666.0,5550.0,1,2025-02-02,3587.57,profit
item_2037,7,95.0,95,665.0,9025.0,1,2025-02-02,3587.6,profit
item_2004,5,134.0,44,670.0,5896.0,1,2025-02-02,3586.93,profit
item_1992,14,47.0,95,658.0,4465.0,1,2025-02-02,3586.44,profit
item_2022,25,27.0,31,675.0,837.0,1,2025-02-02,3586.88,profit
item_2101,7,97.0,34,679.0,3298.0,1,2025-02-03,3585.63,profit
item_2090,11,62.0,85,682.0,5270.0,1,2025-02-03,3586.9,profit
item_2085,7,99.0,66,693.0,6534.0,1,2025-02-03,3586.49,profit
item_2064,20,34.0,11,680.0,374.0,1,2025-02-03,3585.52,profit
item_2043,14,49.0,86,686.0,4214.0,1,2025-02-03,3587.55,profit
item_2044,23,30.0,78,690.0,2340.0,1,2025-02-03,3586.49,profit
item_2103,10,69.0,13,690.0,897.0,1,2025-02-03,3587.57,profit
item_2105,13,53.0,25,689.0,1325.0,1,2025-02-03,3585.51,profit
item_2039,41,17.0,52,697.0,884.0,1,2025-02-03,3586.76,profit
item_2110,19,36.0,88,684.0,3168.0,1,2025-02-03,3586.53,profit
item_2093,17,40.0,12,680.0,480.0,1,2025-02-03,3586.8,profit
item_2060,6,114.0,87,684.0,9918.0,1,2025-02-03,3585.01,profit
item_2111,21,33.0,93,693.0,3069.0,1,2025-02-03,3587.01,profit
item_2042,36,19.0,85,684.0,1615.0,1,2025-02-03,3585.78,profit
item_2115,10,69.0,32,690.0,2208.0,1,2025-02-03,3586.96,profit
item_2072,17,41.0,55,697.0,2255.0,1,2025-02-03,3586.81,profit
item_2095,36,19.0,70,684.0,1330.0,1,2025-02-03,3587.55,profit
item_2062,16,43.0,84,688.0,3612.0,1,2025-02-03,3586.11,profit
item_2091,17,41.0,59,697.0,2419.0,1,2025-02-03,3586.23,profit
item_2087,11,63.0,70,693.0,4410.0,1,2025-02-03,3587.42,profit
item_2059,5,139.0,46,695.0,6394.0,1,2025-02-03,3585.88,profit
item_2040,36,19.0,79,684.0,1501.0,1,2025-02-03,3587.33,profit
item_2080,29,24.0,45,696.0,1080.0,1,2025-02-03,3586.63,profit
item_2051,6,115.0,32,690.0,3680.0,1,2025-02-03,3587.16,profit
item_2057,8,85.0,30,680.0,2550.0,1,2025-02-03,3587.13,profit
item_2113,33,21.0,100,693.0,2100.0,1,2025-02-03,3585.88,profit
item_2052,7,98.0,58,686.0,5684.0,1,2025-02-03,3585.31,profit
item_2108,20,34.0,48,680.0,1632.0,1,2025-02-03,3586.4,profit
item_2041,8,86.0,21,688.0,1806.0,1,2025-02-03,3587.35,profit
item_2117,7,99.0,80,693.0,7920.0,1,2025-02-03,3586.96,profit
item_2116,23,30.0,32,690.0,960.0,1,2025-02-03,3586.07,profit
item_2054,43,16.0,97,688.0,1552.0,1,2025-02-03,3585.41,profit
item_2118,17,40.0,23,680.0,920.0,1,2025-02-03,3585.73,profit
item_2067,31,22.0,10,682.0,220.0,1,2025-02-03,3586.55,profit
item_2063,7,98.0,53,686.0,5194.0,1,2025-02-03,3586.56,profit
item_2066,17,40.0,71,680.0,2840.0,1,2025-02-03,3584.88,profit
item_2089,23,30.0,61,690.0,1830.0,1,2025-02-03,3587.54,profit
item_2047,8,85.0,73,680.0,6205.0,1,2025-02-03,3585.95,profit
item_2097,8,85.0,78,680.0,6630.0,1,2025-02-03,3585.7,profit
item_2082,6,114.0,70,684.0,7980.0,1,2025-02-03,3586.73,profit
item_2055,11,62.0,59,682.0,3658.0,1,2025-02-03,3587.62,profit
item_2049,43,16.0,88,688.0,1408.0,1,2025-02-03,3586.77,profit
item_2073,33,21.0,94,693.0,1974.0,1,2025-02-03,3586.71,profit
item_2112,9,76.0,81,684.0,6156.0,1,2025-02-03,3586.97,profit
item_2075,5,137.0,68,685.0,9316.0,1,2025-02-03,3584.67,profit
item_2046,10,69.0,44,690.0,3036.0,1,2025-02-03,3587.32,profit
item_2061,12,57.0,47,684.0,2679.0,1,2025-02-03,3585.2,profit
item_2096,7,98.0,26,686.0,2548.0,1,2025-02-03,3587.42,profit
item_2088,46,15.0,56,690.0,840.0,1,2025-02-03,3586.27,profit
item_2109,12,57.0,55,684.0,3135.0,1,2025-02-03,3587.04,profit
item_2078,30,23.0,54,690.0,1242.0,1,2025-02-03,3585.24,profit
item_2098,43,16.0,88,688.0,1408.0,1,2025-02-03,3585.98,profit
item_2084,16,43.0,35,688.0,1505.0,1,2025-02-03,3586.93,profit
item_2107,10,68.0,32,680.0,2176.0,1,2025-02-03,3586.0,profit
item_2074,5,138.0,97,690.0,13386.0,1,2025-02-03,3587.46,profit
item_2083,22,31.0,74,682.0,2294.0,1,2025-02-03,3585.42,profit
item_2106,8,86.0,12,688.0,1032.0,1,2025-02-03,3586.34,profit
item_2070,6,115.0,40,690.0,4600.0,1,2025-02-03,3587.39,profit
item_2077,6,115.0,45,690.0,5175.0,1,2025-02-03,3586.71,profit
item_2100,7,98.0,58,686.0,5684.0,1,2025-02-03,3585.74,profit
item_2119,20,34.0,81,680.0,2754.0,1,2025-02-03,3586.58,profit
item_2076,23,30.0,74,690.0,2220.0,1,2025-02-03,3584.66,profit
item_2104,6,115.0,80,690.0,9200.0,1,2025-02-03,3586.24,profit
item_2071,17,41.0,70,697.0,2870.0,1,2025-02-03,3585.48,profit
item_2056,31,22.0,69,682.0,1518.0,1,2025-02-03,3586.03,profit
item_2069,33,21.0,67,693.0,1407.0,1,2025-02-03,3586.51,profit
item_2048,18,38.0,94,684.0,3572.0,1,2025-02-03,3585.81,profit
item_2092,19,36.0,83,684.0,2988.0,1,2025-02-03,3586.58,profit
item_2068,13,53.0,54,689.0,2862.0,1,2025-02-03,3586.84,profit
item_2094,36,19.0,66,684.0,1254.0,1,2025-02-03,3586.49,profit
item_2114,33,21.0,40,693.0,840.0,1,2025-02-03,3587.26,profit
item_2086,43,16.0,41,688.0,656.0,1,2025-02-03,3585.69,profit
item_2099,8,85.0,56,680.0,4760.0,1,2025-02-03,3587.63,profit
item_2050,41,17.0,53,697.0,901.0,1,2025-02-03,3587.46,profit
item_2079,18,38.0,40,684.0,1520.0,1,2025-02-03,3587.09,profit
item_2058,8,85.0,74,680.0,6290.0,1,2025-02-03,3585.8,profit
item_2102,46,15.0,34,690.0,510.0,1,2025-02-03,3585.73,profit
item_2045,38,18.0,85,684.0,1530.0,1,2025-02-03,3586.88,profit
item_2081,16,43.0,61,688.0,2623.0,1,2025-02-03,3587.15,profit
item_2065,5,139.0,100,695.0,13900.0,1,2025-02-03,3586.64,profit
item_2053,6,114.0,52,684.0,5928.0,1,2025-02-03,3585.65,profit
item_2166,26,27.0,46,702.0,1242.0,1,2025-02-04,3587.38,profit
item_2125,31,23.0,59,713.0,1357.0,1,2025-02-04,3586.16,profit
item_2178,14,51.0,59,714.0,3009.0,1,2025-02-04,3587.33,profit
item_2145,37,19.0,80,703.0,1520.0,1,2025-02-04,3585.46,profit
item_2144,5,142.0,15,710.0,2130.0,1,2025-02-04,3586.21,profit
item_2176,23,31.0,26,713.0,806.0,1,2025-02-04,3586.51,profit
item_2133,5,143.0,30,715.0,4290.0,1,2025-02-04,3585.91,profit
item_2159,14,51.0,81,714.0,4131.0,1,2025-02-04,3585.6,profit
item_2152,23,31.0,72,713.0,2232.0,1,2025-02-04,3584.72,profit
item_2132,9,78.0,51,702.0,3978.0,1,2025-02-04,3587.12,profit
item_2131,35,20.0,46,700.0,920.0,1,2025-02-04,3586.87,profit
item_2134,5,142.0,97,710.0,13774.0,1,2025-02-04,3585.13,profit
item_2122,6,117.0,39,702.0,4563.0,1,2025-02-04,3586.19,profit
item_2123,14,50.0,15,700.0,750.0,1,2025-02-04,3585.44,profit
item_2141,31,23.0,42,713.0,966.0,1,2025-02-04,3585.08,profit
item_2142,5,142.0,24,710.0,3408.0,1,2025-02-04,3587.21,profit
item_2161,8,89.0,21,712.0,1869.0,1,2025-02-04,3587.39,profit
item_2168,10,70.0,30,700.0,2100.0,1,2025-02-04,3586.93,profit
item_2135,31,23.0,59,713.0,1357.0,1,2025-02-04,3584.67,profit
item_2139,47,15.0,73,705.0,1095.0,1,2025-02-04,3585.21,profit
item_2171,5,140.0,80,700.0,11200.0,1,2025-02-04,3585.08,profit
item_2124,9,78.0,88,702.0,6864.0,1,2025-02-04,3586.52,profit
item_2137,42,17.0,46,714.0,782.0,1,2025-02-04,3587.34,profit
item_2120,13,55.0,95,715.0,5225.0,1,2025-02-04,3587.01,profit
item_2154,25,28.0,21,700.0,588.0,1,2025-02-04,3586.46,profit
item_2121,12,59.0,39,708.0,2301.0,1,2025-02-04,3586.44,profit
item_2138,6,118.0,62,708.0,7316.0,1,2025-02-04,3587.19,profit
item_2149,25,28.0,47,700.0,1316.0,1,2025-02-04,3587.2,profit
item_2153,18,39.0,25,702.0,975.0,1,2025-02-04,3586.73,profit
item_2130,20,35.0,81,700.0,2835.0,1,2025-02-04,3585.11,profit
item_2164,42,17.0,69,714.0,1173.0,1,2025-02-04,3587.25,profit
item_2173,11,65.0,74,715.0,4810.0,1,2025-02-04,3586.88,profit
item_2148,35,20.0,56,700.0,1120.0,1,2025-02-04,3587.04,profit
item_2160,34,21.0,80,714.0,1680.0,1,2025-02-04,3586.71,profit
item_2170,5,141.0,35,705.0,4935.0,1,2025-02-04,3585.0,profit
item_2163,31,23.0,47,713.0,1081.0,1,2025-02-04,3586.13,profit
item_2172,28,25.0,57,700.0,1425.0,1,2025-02-04,3584.8,profit
item_2128,22,32.0,30,704.0,960.0,1,2025-02-04,3585.85,profit
item_2146,19,37.0,76,703.0,2812.0,1,2025-02-04,3587.7,profit
item_2167,22,32.0,61,704.0,1952.0,1,2025-02-04,3586.99,profit
item_2136,39,18.0,94,702.0,1692.0,1,2025-02-04,3586.89,profit
item_2150,27,26.0,48,702.0,1248.0,1,2025-02-04,3586.9,profit
item_2165,47,15.0,22,705.0,330.0,1,2025-02-04,3587.56,profit
item_2147,26,27.0,80,702.0,2160.0,1,2025-02-04,3586.84,profit
item_2156,26,27.0,22,702.0,594.0,1,2025-02-04,3586.4,profit
item_2157,23,31.0,82,713.0,2542.0,1,2025-02-04,3587.16,profit
item_2162,9,79.0,59,711.0,4661.0,1,2025-02-04,3585.83,profit
item_2151,5,142.0,93,710.0,13206.0,1,2025-02-04,3587.01,profit
item_2127,9,79.0,65,711.0,5135.0,1,2025-02-04,3586.9,profit
item_2155,11,64.0,24,704.0,1536.0,1,2025-02-04,3586.93,profit
item_2140,5,143.0,11,715.0,1573.0,1,2025-02-04,3587.55,profit
item_2126,21,34.0,86,714.0,2924.0,1,2025-02-04,3587.17,profit
item_2174,6,118.0,24,708.0,2832.0,1,2025-02-04,3586.08,profit
item_2143,10,71.0,11,710.0,781.0,1,2025-02-04,3585.24,profit
item_2158,6,118.0,24,708.0,2832.0,1,2025-02-04,3587.26,profit
item_2177,31,23.0,57,713.0,1311.0,1,2025-02-04,3586.94,profit
item_2175,14,50.0,34,700.0,1700.0,1,2025-02-04,3585.4,profit
item_2129,5,140.0,36,700.0,5040.0,1,2025-02-04,3586.66,profit
item_2169,5,142.0,60,710.0,8520.0,1,2025-02-04,3586.11,profit
item_2188,38,19.0,14,722.0,266.0,1,2025-02-05,3586.36,profit
item_2200,11,67.0,30,737.0,2010.0,1,2025-02-05,3587.44,profit
item_2201,35,21.0,56,735.0,1176.0,1,2025-02-05,3586.07,profit
item_2230,5,147.0,69,735.0,10143.0,1,2025-02-05,3587.44,profit
item_2226,6,121.0,92,726.0,11132.0,1,2025-02-05,3586.96,profit
item_2205,16,45.0,19,720.0,855.0,1,2025-02-05,3586.88,profit
item_2204,24,30.0,81,720.0,2430.0,1,2025-02-05,3586.25,profit
item_2238,8,92.0,43,736.0,3956.0,1,2025-02-05,3585.69,profit
item_2190,12,60.0,82,720.0,4920.0,1,2025-02-05,3587.21,profit
item_2203,14,52.0,67,728.0,3484.0,1,2025-02-05,3587.4,profit
item_2194,12,60.0,50,720.0,3000.0,1,2025-02-05,3585.0,profit
item_2207,12,60.0,22,720.0,1320.0,1,2025-02-05,3585.48,profit
item_2233,35,21.0,74,735.0,1554.0,1,2025-02-05,3585.87,profit
item_2212,41,18.0,84,738.0,1512.0,1,2025-02-05,3587.76,profit
item_2181,9,80.0,85,720.0,6800.0,1,2025-02-05,3585.62,profit
item_2179,24,30.0,53,720.0,1590.0,1,2025-02-05,3586.54,profit
item_2223,11,67.0,28,737.0,1876.0,1,2025-02-05,3586.95,profit
item_2224,46,16.0,19,736.0,304.0,1,2025-02-05,3586.4,profit
item_2219,8,90.0,61,720.0,5490.0,1,2025-02-05,3585.76,profit
item_2227,19,38.0,85,722.0,3230.0,1,2025-02-05,3585.2,profit
item_2213,24,30.0,71,720.0,2130.0,1,2025-02-05,3587.52,profit
item_2208,49,15.0,57,735.0,855.0,1,2025-02-05,3586.42,profit
item_2221,18,40.0,49,720.0,1960.0,1,2025-02-05,3585.47,profit
item_2180,7,104.0,52,728.0,5408.0,1,2025-02-05,3586.98,profit
item_2215,41,18.0,23,738.0,414.0,1,2025-02-05,3585.1,profit
item_2202,36,20.0,93,720.0,1860.0,1,2025-02-05,3587.27,profit
item_2195,7,104.0,98,728.0,10192.0,1,2025-02-05,3586.32,profit
item_2229,41,18.0,87,738.0,1566.0,1,2025-02-05,3587.23,profit
item_2234,32,23.0,78,736.0,1794.0,1,2025-02-05,3587.35,profit
item_2198,48,15.0,72,720.0,1080.0,1,2025-02-05,3585.27,profit
item_2209,16,45.0,56,720.0,2520.0,1,2025-02-05,3587.81,profit
item_2210,12,61.0,11,732.0,671.0,1,2025-02-05,3586.65,profit
item_2211,43,17.0,83,731.0,1411.0,1,2025-02-05,3586.31,profit
item_2192,12,61.0,69,732.0,4209.0,1,2025-02-05,3585.18,profit
item_2217,14,52.0,82,728.0,4264.0,1,2025-02-05,3585.86,profit
item_2185,46,16.0,50,736.0,800.0,1,2025-02-05,3587.11,profit
item_2216,8,90.0,10,720.0,900.0,1,2025-02-05,3587.12,profit
item_2214,6,122.0,64,732.0,7808.0,1,2025-02-05,3586.87,profit
item_2193,5,147.0,25,735.0,3675.0,1,2025-02-05,3586.16,profit
item_2187,13,56.0,15,728.0,840.0,1,2025-02-05,3587.02,profit
item_2184,24,30.0,91,720.0,2730.0,1,2025-02-05,3586.41,profit
item_2189,22,33.0,98,726.0,3234.0,1,2025-02-05,3587.4,profit
item_2228,45,16.0,39,720.0,624.0,1,2025-02-05,3586.66,profit
item_2220,6,123.0,29,738.0,3567.0,1,2025-02-05,3585.94,profit
item_2196,20,36.0,61,720.0,2196.0,1,2025-02-05,3585.44,profit
item_2237,9,82.0,49,738.0,4018.0,1,2025-02-05,3587.54,profit
item_2222,25,29.0,18,725.0,522.0,1,2025-02-05,3586.8,profit
item_2231,11,67.0,28,737.0,1876.0,1,2025-02-05,3584.61,profit
item_2197,6,122.0,30,732.0,3660.0,1,2025-02-05,3586.6,profit
item_2182,30,24.0,30,720.0,720.0,1,2025-02-05,3585.85,profit
item_2218,7,103.0,29,721.0,2987.0,1,2025-02-05,3586.72,profit
item_2232,9,82.0,39,738.0,3198.0,1,2025-02-05,3585.94,profit
item_2225,19,38.0,65,722.0,2470.0,1,2025-02-05,3587.65,profit
item_2199,48,15.0,51,720.0,765.0,1,2025-02-05,3587.69,profit
item_2191,6,120.0,65,720.0,7800.0,1,2025-02-05,3586.28,profit
item_2186,30,24.0,37,720.0,888.0,1,2025-02-05,3587.44,profit
item_2183,15,48.0,38,720.0,1824.0,1,2025-02-05,3586.79,profit
item_2206,6,123.0,34,738.0,4182.0,1,2025-02-05,3586.36,profit
item_2236,45,16.0,98,720.0,1568.0,1,2025-02-05,3586.94,profit
item_2239,8,90.0,11,720.0,990.0,1,2025-02-05,3585.68,profit
item_2235,26,28.0,78,728.0,2184.0,1,2025-02-05,3587.14,profit
item_2283,11,69.0,40,759.0,2760.0,1,2025-02-06,3587.67,profit
item_2290,5,149.0,53,745.0,7897.0,1,2025-02-06,3585.39,profit
item_2263,28,27.0,62,756.0,1674.0,1,2025-02-06,3585.85,profit
item_2271,34,22.0,62,748.0,1364.0,1,2025-02-06,3585.62,profit
item_2265,9,84.0,17,756.0,1428.0,1,2025-02-06,3587.14,profit
item_2284,12,63.0,23,756.0,1449.0,1,2025-02-06,3586.08,profit
item_2260,47,16.0,71,752.0,1136.0,1,2025-02-06,3587.75,profit
item_2240,6,125.0,46,750.0,5750.0,1,2025-02-06,3585.87,profit
item_2303,39,19.0,72,741.0,1368.0,1,2025-02-06,3587.39,profit
item_2248,29,26.0,27,754.0,702.0,1,2025-02-06,3584.81,profit
item_2262,9,83.0,48,747.0,3984.0,1,2025-02-06,3586.8,profit
item_2302,50,15.0,19,750.0,285.0,1,2025-02-06,3586.99,profit
item_2244,26,29.0,53,754.0,1537.0,1,2025-02-06,3586.0,profit
item_2267,10,76.0,79,760.0,6004.0,1,2025-02-06,3585.95,profit
item_2294,20,38.0,26,760.0,988.0,1,2025-02-06,3585.95,profit
item_2282,38,20.0,99,760.0,1980.0,1,2025-02-06,3586.97,profit
item_2241,7,107.0,43,749.0,4601.0,1,2025-02-06,3585.52,profit
item_2299,26,29.0,77,754.0,2233.0,1,2025-02-06,3586.37,profit
item_2292,10,76.0,58,760.0,4408.0,1,2025-02-06,3587.43,profit
item_2273,20,38.0,23,760.0,874.0,1,2025-02-06,3586.94,profit
item_2281,25,30.0,25,750.0,750.0,1,2025-02-06,3586.34,profit
item_2270,8,94.0,60,752.0,5640.0,1,2025-02-06,3587.32,profit
item_2280,14,53.0,20,742.0,1060.0,1,2025-02-06,3586.92,profit
item_2277,7,106.0,70,742.0,7420.0,1,2025-02-06,3587.38,profit
item_2287,19,40.0,74,760.0,2960.0,1,2025-02-06,3586.99,profit
item_2253,25,30.0,43,750.0,1290.0,1,2025-02-06,3586.61,profit
item_2257,17,44.0,33,748.0,1452.0,1,2025-02-06,3585.87,profit
item_2256,8,95.0,41,760.0,3895.0,1,2025-02-06,3585.92,profit
item_2295,17,44.0,33,748.0,1452.0,1,2025-02-06,3586.75,profit
item_2259,44,17.0,69,748.0,1173.0,1,2025-02-06,3587.41,profit
item_2246,13,58.0,62,754.0,3596.0,1,2025-02-06,3585.71,profit
item_2300,27,28.0,76,756.0,2128.0,1,2025-02-06,3587.14,profit
item_2274,13,57.0,11,741.0,627.0,1,2025-02-06,3586.56,profit
item_2254,10,74.0,89,740.0,6586.0,1,2025-02-06,3586.92,profit
item_2288,7,107.0,30,749.0,3210.0,1,2025-02-06,3586.81,profit
item_2264,29,26.0,70,754.0,1820.0,1,2025-02-06,3587.1,profit
item_2266,8,93.0,24,744.0,2232.0,1,2025-02-06,3585.91,profit
item_2261,21,36.0,78,756.0,2808.0,1,2025-02-06,3587.63,profit
item_2297,37,20.0,10,740.0,200.0,1,2025-02-06,3586.96,profit
item_2275,34,22.0,35,748.0,770.0,1,2025-02-06,3586.39,profit
item_2258,40,19.0,15,760.0,285.0,1,2025-02-06,3586.71,profit
item_2249,9,83.0,15,747.0,1245.0,1,2025-02-06,3586.9,profit
item_2276,40,19.0,14,760.0,266.0,1,2025-02-06,3587.38,profit
item_2272,25,30.0,76,750.0,2280.0,1,2025-02-06,3587.21,profit
item_2298,12,63.0,50,756.0,3150.0,1,2025-02-06,3587.15,profit
item_2252,18,42.0,61,756.0,2562.0,1,2025-02-06,3586.36,profit
item_2268,7,107.0,70,749.0,7490.0,1,2025-02-06,3586.21,profit
item_2296,18,42.0,87,756.0,3654.0,1,2025-02-06,3586.75,profit
item_2293,10,76.0,19,760.0,1444.0,1,2025-02-06,3585.88,profit
item_2255,9,83.0,25,747.0,2075.0,1,2025-02-06,3586.13,profit
item_2245,9,84.0,74,756.0,6216.0,1,2025-02-06,3586.75,profit
item_2279,19,40.0,88,760.0,3520.0,1,2025-02-06,3585.13,profit
item_2289,6,125.0,50,750.0,6250.0,1,2025-02-06,3585.64,profit
item_2269,38,20.0,67,760.0,1340.0,1,2025-02-06,3585.48,profit
item_2250,13,58.0,81,754.0,4698.0,1,2025-02-06,3585.95,profit
item_2286,25,30.0,48,750.0,1440.0,1,2025-02-06,3585.66,profit
item_2242,23,33.0,87,759.0,2871.0,1,2025-02-06,3585.68,profit
item_2278,5,149.0,23,745.0,3427.0,1,2025-02-06,3585.67,profit
item_2247,5,149.0,42,745.0,6258.0,1,2025-02-06,3586.2,profit
item_2291,44,17.0,63,748.0,1071.0,1,2025-02-06,3584.91,profit
item_2251,13,58.0,81,754.0,4698.0,1,2025-02-06,3586.53,profit
item_2301,36,21.0,20,756.0,420.0,1,2025-02-06,3587.02,profit
item_2243,11,69.0,79,759.0,5451.0,1,2025-02-06,3587.0,profit
item_2285,7,107.0,59,749.0,6313.0,1,2025-02-06,3586.23,profit
item_2317,22,35.0,93,770.0,3255.0,1,2025-02-07,3585.37,profit
item_2330,31,25.0,27,775.0,675.0,1,2025-02-07,3586.8,profit
item_2311,37,21.0,14,777.0,294.0,1,2025-02-07,3586.08,profit
item_2307,8,97.0,40,776.0,3880.0,1,2025-02-07,3587.77,profit
item_2305,8,97.0,27,776.0,2619.0,1,2025-02-07,3585.35,profit
item_2324,41,19.0,16,779.0,304.0,1,2025-02-07,3586.96,profit
item_2329,25,31.0,13,775.0,403.0,1,2025-02-07,3587.14,profit
item_2316,8,96.0,98,768.0,9408.0,1,2025-02-07,3587.58,profit
item_2337,8,97.0,73,776.0,7081.0,1,2025-02-07,3585.79,profit
item_2314,13,60.0,96,780.0,5760.0,1,2025-02-07,3585.68,profit
item_2352,14,55.0,46,770.0,2530.0,1,2025-02-07,3587.28,profit
item_2333,24,32.0,28,768.0,896.0,1,2025-02-07,3586.57,profit
item_2306,41,19.0,98,779.0,1862.0,1,2025-02-07,3585.92,profit
item_2323,26,30.0,81,780.0,2430.0,1,2025-02-07,3586.57,profit
item_2349,14,55.0,56,770.0,3080.0,1,2025-02-07,3587.05,profit
item_2319,19,41.0,37,779.0,1517.0,1,2025-02-07,3587.14,profit
item_2345,9,85.0,72,765.0,6120.0,1,2025-02-07,3586.83,profit
item_2338,7,110.0,74,770.0,8140.0,1,2025-02-07,3585.83,profit
item_2321,6,129.0,17,774.0,2193.0,1,2025-02-07,3586.45,profit
item_2331,37,21.0,99,777.0,2079.0,1,2025-02-07,3587.16,profit
item_2335,15,51.0,26,765.0,1326.0,1,2025-02-07,3585.13,profit
item_2328,41,19.0,20,779.0,380.0,1,2025-02-07,3587.06,profit
item_2334,6,127.0,99,762.0,12573.0,1,2025-02-07,3586.92,profit
item_2353,16,48.0,62,768.0,2976.0,1,2025-02-07,3586.36,profit
item_2310,11,70.0,24,770.0,1680.0,1,2025-02-07,3587.47,profit
item_2355,15,52.0,60,780.0,3120.0,1,2025-02-07,3587.57,profit
item_2320,17,45.0,21,765.0,945.0,1,2025-02-07,3586.4,profit
item_2336,8,97.0,14,776.0,1358.0,1,2025-02-07,3586.3,profit
item_2339,7,110.0,55,770.0,6050.0,1,2025-02-07,3585.44,profit
item_2354,48,16.0,53,768.0,848.0,1,2025-02-07,3586.57,profit
item_2356,16,48.0,23,768.0,1104.0,1,2025-02-07,3586.39,profit
item_2332,20,39.0,16,780.0,624.0,1,2025-02-07,3587.62,profit
item_2312,32,24.0,57,768.0,1368.0,1,2025-02-07,3587.26,profit
item_2341,15,51.0,35,765.0,1785.0,1,2025-02-07,3585.81,profit
item_2308,22,35.0,16,770.0,560.0,1,2025-02-07,3585.62,profit
item_2326,11,70.0,36,770.0,2520.0,1,2025-02-07,3587.63,profit
item_2327,25,31.0,91,775.0,2821.0,1,2025-02-07,3585.98,profit
item_2348,26,30.0,67,780.0,2010.0,1,2025-02-07,3587.3,profit
item_2344,21,37.0,27,777.0,999.0,1,2025-02-07,3586.27,profit
item_2304,6,130.0,10,780.0,1300.0,1,2025-02-07,3587.44,profit
item_2322,14,55.0,98,770.0,5390.0,1,2025-02-07,3585.45,profit
item_2342,19,41.0,23,779.0,943.0,1,2025-02-07,3586.52,profit
item_2315,45,17.0,90,765.0,1530.0,1,2025-02-07,3586.53,profit
item_2318,41,19.0,68,779.0,1292.0,1,2025-02-07,3586.61,profit
item_2309,35,22.0,89,770.0,1958.0,1,2025-02-07,3586.72,profit
item_2340,9,86.0,36,774.0,3096.0,1,2025-02-07,3585.35,profit
item_2313,7,110.0,20,770.0,2200.0,1,2025-02-07,3587.32,profit
item_2346,15,52.0,56,780.0,2912.0,1,2025-02-07,3586.02,profit
item_2350,22,35.0,70,770.0,2450.0,1,2025-02-07,3586.4,profit
item_2325,45,17.0,84,765.0,1428.0,1,2025-02-07,3587.09,profit
item_2347,45,17.0,16,765.0,272.0,1,2025-02-07,3586.47,profit
item_2343,10,77.0,68,770.0,5236.0,1,2025-02-07,3586.77,profit
item_2351,35,22.0,59,770.0,1298.0,1,2025-02-07,3586.91,profit
item_2393,23,34.0,73,782.0,2482.0,1,2025-02-08,3586.82,profit
item_2409,7,112.0,87,784.0,9744.0,1,2025-02-08,3587.22,profit
item_2363,16,49.0,33,784.0,1617.0,1,2025-02-08,3586.45,profit
item_2374,8,99.0,95,792.0,9405.0,1,2025-02-08,3586.29,profit
item_2382,11,72.0,72,792.0,5184.0,1,2025-02-08,3585.23,profit
item_2384,23,34.0,63,782.0,2142.0,1,2025-02-08,3587.1,profit
item_2369,42,19.0,74,798.0,1406.0,1,2025-02-08,3587.25,profit
item_2381,7,112.0,66,784.0,7392.0,1,2025-02-08,3586.97,profit
item_2401,8,100.0,63,800.0,6300.0,1,2025-02-08,3587.27,profit
item_2413,6,133.0,89,798.0,11837.0,1,2025-02-08,3585.83,profit
item_2410,27,29.0,21,783.0,609.0,1,2025-02-08,3585.32,profit
item_2399,27,29.0,48,783.0,1392.0,1,2025-02-08,3587.69,profit
item_2361,6,132.0,55,792.0,7260.0,1,2025-02-08,3586.44,profit
item_2360,14,56.0,86,784.0,4816.0,1,2025-02-08,3586.83,profit
item_2402,6,131.0,61,786.0,7991.0,1,2025-02-08,3585.64,profit
item_2372,16,50.0,82,800.0,4100.0,1,2025-02-08,3586.6,profit
item_2371,19,42.0,94,798.0,3948.0,1,2025-02-08,3585.46,profit
item_2391,7,114.0,83,798.0,9462.0,1,2025-02-08,3587.6,profit
item_2406,33,24.0,72,792.0,1728.0,1,2025-02-08,3586.54,profit
item_2368,29,27.0,83,783.0,2241.0,1,2025-02-08,3586.49,profit
item_2394,34,23.0,36,782.0,828.0,1,2025-02-08,3586.7,profit
item_2383,40,20.0,35,800.0,700.0,1,2025-02-08,3585.93,profit
item_2364,6,133.0,70,798.0,9310.0,1,2025-02-08,3586.52,profit
item_2375,10,80.0,24,800.0,1920.0,1,2025-02-08,3585.46,profit
item_2385,6,132.0,80,792.0,10560.0,1,2025-02-08,3586.79,profit
item_2370,8,98.0,65,784.0,6370.0,1,2025-02-08,3587.39,profit
item_2400,34,23.0,56,782.0,1288.0,1,2025-02-08,3586.98,profit
item_2386,23,34.0,28,782.0,952.0,1,2025-02-08,3584.89,profit
item_2411,17,47.0,54,799.0,2538.0,1,2025-02-08,3586.74,profit
item_2395,24,33.0,63,792.0,2079.0,1,2025-02-08,3586.98,profit
item_2366,18,44.0,38,792.0,1672.0,1,2025-02-08,3585.21,profit
item_2398,50,16.0,59,800.0,944.0,1,2025-02-08,3587.73,profit
item_2404,8,100.0,45,800.0,4500.0,1,2025-02-08,3585.68,profit
item_2403,8,99.0,20,792.0,1980.0,1,2025-02-08,3585.08,profit
item_2397,50,16.0,47,800.0,752.0,1,2025-02-08,3586.24,profit
item_2408,27,29.0,79,783.0,2291.0,1,2025-02-08,3586.87,profit
item_2365,6,133.0,25,798.0,3325.0,1,2025-02-08,3585.09,profit
item_2412,8,98.0,23,784.0,2254.0,1,2025-02-08,3586.6,profit
item_2380,29,27.0,67,783.0,1809.0,1,2025-02-08,3585.31,profit
item_2359,17,46.0,83,782.0,3818.0,1,2025-02-08,3585.85,profit
item_2378,47,17.0,82,799.0,1394.0,1,2025-02-08,3586.5,profit
item_2358,8,99.0,28,792.0,2772.0,1,2025-02-08,3587.34,profit
item_2362,17,47.0,40,799.0,1880.0,1,2025-02-08,3585.0,profit
item_2392,25,32.0,89,800.0,2848.0,1,2025-02-08,3585.18,profit
item_2390,44,18.0,80,792.0,1440.0,1,2025-02-08,3586.97,profit
item_2396,12,66.0,34,792.0,2244.0,1,2025-02-08,3586.92,profit
item_2373,16,50.0,51,800.0,2550.0,1,2025-02-08,3586.33,profit
item_2414,36,22.0,63,792.0,1386.0,1,2025-02-08,3585.1,profit
item_2415,6,132.0,91,792.0,12012.0,1,2025-02-08,3587.19,profit
item_2367,15,53.0,35,795.0,1855.0,1,2025-02-08,3586.65,profit
item_2379,7,114.0,70,798.0,7980.0,1,2025-02-08,3587.82,profit
item_2387,25,32.0,60,800.0,1920.0,1,2025-02-08,3586.57,profit
item_2376,25,32.0,36,800.0,1152.0,1,2025-02-08,3585.76,profit
item_2377,15,53.0,23,795.0,1219.0,1,2025-02-08,3586.85,profit
item_2405,16,50.0,11,800.0,550.0,1,2025-02-08,3585.74,profit
item_2407,21,38.0,43,798.0,1634.0,1,2025-02-08,3587.5,profit
item_2388,27,29.0,95,783.0,2755.0,1,2025-02-08,3586.92,profit
item_2389,36,22.0,12,792.0,264.0,1,2025-02-08,3587.15,profit
item_2357,42,19.0,22,798.0,418.0,1,2025-02-08,3586.44,profit
item_2473,8,101.0,98,808.0,9898.0,1,2025-02-09,3586.41,profit
item_2450,17,48.0,33,816.0,1584.0,1,2025-02-09,3586.1,profit
item_2444,28,29.0,34,812.0,986.0,1,2025-02-09,3587.24,profit
item_2472,20,41.0,40,820.0,1640.0,1,2025-02-09,3586.82,profit
item_2458,19,43.0,13,817.0,559.0,1,2025-02-09,3587.71,profit
item_2443,31,26.0,35,806.0,910.0,1,2025-02-09,3586.6,profit
item_2453,26,31.0,37,806.0,1147.0,1,2025-02-09,3585.36,profit
item_2419,20,41.0,65,820.0,2665.0,1,2025-02-09,3586.62,profit
item_2457,45,18.0,75,810.0,1350.0,1,2025-02-09,3586.15,profit
item_2452,6,135.0,39,810.0,5265.0,1,2025-02-09,3586.84,profit
item_2460,6,136.0,59,816.0,8024.0,1,2025-02-09,3586.06,profit
item_2423,6,135.0,93,810.0,12555.0,1,2025-02-09,3587.51,profit
item_2454,37,22.0,88,814.0,1936.0,1,2025-02-09,3587.01,profit
item_2426,31,26.0,19,806.0,494.0,1,2025-02-09,3585.73,profit
item_2467,30,27.0,10,810.0,270.0,1,2025-02-09,3586.72,profit
item_2445,8,101.0,44,808.0,4444.0,1,2025-02-09,3587.17,profit
item_2439,16,51.0,45,816.0,2295.0,1,2025-02-09,3584.99,profit
item_2424,31,26.0,77,806.0,2002.0,1,2025-02-09,3584.61,profit
item_2418,24,34.0,48,816.0,1632.0,1,2025-02-09,3587.24,profit
item_2440,24,34.0,35,816.0,1190.0,1,2025-02-09,3586.13,profit
item_2441,39,21.0,53,819.0,1113.0,1,2025-02-09,3586.71,profit
item_3740,7,117.0,80,819.0,9360.0,1,2025-02-09,3586.87,profit
item_2468,45,18.0,65,810.0,1170.0,1,2025-02-09,3586.9,profit
item_2431,21,39.0,62,819.0,2418.0,1,2025-02-09,3586.85,profit
item_2429,29,28.0,42,812.0,1176.0,1,2025-02-09,3586.49,profit
item_2465,8,101.0,81,808.0,8181.0,1,2025-02-09,3587.57,profit
item_2421,8,102.0,68,816.0,6936.0,1,2025-02-09,3587.26,profit
item_2435,26,31.0,91,806.0,2821.0,1,2025-02-09,3586.78,profit
item_2462,29,28.0,18,812.0,504.0,1,2025-02-09,3586.89,profit
item_2470,20,41.0,70,820.0,2870.0,1,2025-02-09,3585.7,profit
item_2427,7,115.0,31,805.0,3565.0,1,2025-02-09,3586.73,profit
item_2420,37,22.0,57,814.0,1254.0,1,2025-02-09,3586.67,profit
item_2442,17,48.0,30,816.0,1440.0,1,2025-02-09,3587.4,profit
item_2464,43,19.0,14,817.0,266.0,1,2025-02-09,3586.86,profit
item_2459,9,90.0,29,810.0,2610.0,1,2025-02-09,3586.57,profit
item_2455,34,24.0,48,816.0,1152.0,1,2025-02-09,3587.45,profit
item_2422,48,17.0,74,816.0,1258.0,1,2025-02-09,3585.52,profit
item_2434,19,43.0,67,817.0,2881.0,1,2025-02-09,3586.15,profit
item_2436,19,43.0,89,817.0,3827.0,1,2025-02-09,3587.13,profit
item_2451,21,39.0,29,819.0,1131.0,1,2025-02-09,3586.57,profit
item_2437,15,54.0,100,810.0,5400.0,1,2025-02-09,3586.67,profit
item_2448,16,51.0,60,816.0,3060.0,1,2025-02-09,3587.24,profit
item_2430,21,39.0,51,819.0,1989.0,1,2025-02-09,3587.13,profit
item_2447,30,27.0,11,810.0,297.0,1,2025-02-09,3586.58,profit
item_2469,9,91.0,70,819.0,6370.0,1,2025-02-09,3587.62,profit
item_2471,24,34.0,98,816.0,3332.0,1,2025-02-09,3586.57,profit
item_2466,22,37.0,30,814.0,1110.0,1,2025-02-09,3585.82,profit
item_2428,15,54.0,36,810.0,1944.0,1,2025-02-09,3585.48,profit
item_2461,22,37.0,54,814.0,1998.0,1,2025-02-09,3585.3,profit
item_2416,48,17.0,55,816.0,935.0,1,2025-02-09,3584.75,profit
item_2425,11,74.0,85,814.0,6290.0,1,2025-02-09,3586.84,profit
item_2449,11,73.0,49,803.0,3577.0,1,2025-02-09,3585.5,profit
item_2433,11,73.0,43,803.0,3139.0,1,2025-02-09,3586.18,profit
item_2432,12,68.0,50,816.0,3400.0,1,2025-02-09,3586.85,profit
item_2463,21,39.0,12,819.0,468.0,1,2025-02-09,3587.01,profit
item_2438,7,115.0,100,805.0,11500.0,1,2025-02-09,3586.37,profit
item_2417,39,21.0,88,819.0,1848.0,1,2025-02-09,3587.28,profit
item_2456,12,67.0,22,804.0,1474.0,1,2025-02-09,3587.08,profit
item_2446,15,54.0,10,810.0,540.0,1,2025-02-09,3585.88,profit
item_2489,46,18.0,61,828.0,1098.0,1,2025-02-10,3586.39,profit
item_2485,14,60.0,31,840.0,1860.0,1,2025-02-10,3585.71,profit
item_2498,6,140.0,22,840.0,3080.0,1,2025-02-10,3586.85,profit
item_2542,6,140.0,48,840.0,6720.0,1,2025-02-10,3585.0,profit
item_2490,10,83.0,48,830.0,3984.0,1,2025-02-10,3587.63,profit
item_2511,10,83.0,25,830.0,2075.0,1,2025-02-10,3587.18,profit
item_2529,9,93.0,65,837.0,6045.0,1,2025-02-10,3587.09,profit
item_2518,31,27.0,61,837.0,1647.0,1,2025-02-10,3587.24,profit
item_2487,27,31.0,64,837.0,1984.0,1,2025-02-10,3586.19,profit
item_2501,33,25.0,57,825.0,1425.0,1,2025-02-10,3585.14,profit
item_2477,29,29.0,12,841.0,348.0,1,2025-02-10,3585.61,profit
item_2502,22,38.0,98,836.0,3724.0,1,2025-02-10,3586.91,profit
item_2506,6,138.0,16,828.0,2208.0,1,2025-02-10,3586.77,profit
item_2503,8,103.0,74,824.0,7622.0,1,2025-02-10,3586.7,profit
item_2493,6,138.0,87,828.0,12006.0,1,2025-02-10,3587.19,profit
item_2507,35,24.0,43,840.0,1032.0,1,2025-02-10,3585.32,profit
item_2500,7,119.0,93,833.0,11067.0,1,2025-02-10,3586.46,profit
item_2540,26,32.0,43,832.0,1376.0,1,2025-02-10,3586.57,profit
item_2496,19,44.0,78,836.0,3432.0,1,2025-02-10,3587.2,profit
item_2517,40,21.0,36,840.0,756.0,1,2025-02-10,3587.16,profit
item_2514,8,103.0,25,824.0,2575.0,1,2025-02-10,3586.63,profit
item_2536,6,139.0,42,834.0,5838.0,1,2025-02-10,3586.96,profit
item_2530,10,84.0,26,840.0,2184.0,1,2025-02-10,3585.94,profit
item_2516,30,28.0,70,840.0,1960.0,1,2025-02-10,3587.44,profit
item_2508,15,55.0,38,825.0,2090.0,1,2025-02-10,3587.35,profit
item_2539,15,56.0,69,840.0,3864.0,1,2025-02-10,3586.24,profit
item_2510,40,21.0,15,840.0,315.0,1,2025-02-10,3587.12,profit
item_2525,35,24.0,87,840.0,2088.0,1,2025-02-10,3587.52,profit
item_2479,29,29.0,38,841.0,1102.0,1,2025-02-10,3586.53,profit
item_2527,15,56.0,44,840.0,2464.0,1,2025-02-10,3586.15,profit
item_2541,6,139.0,73,834.0,10147.0,1,2025-02-10,3586.98,profit
item_2534,49,17.0,16,833.0,272.0,1,2025-02-10,3585.59,profit
item_2484,9,93.0,12,837.0,1116.0,1,2025-02-10,3586.42,profit
item_2488,16,52.0,21,832.0,1092.0,1,2025-02-10,3587.0,profit
item_2515,44,19.0,39,836.0,741.0,1,2025-02-10,3585.54,profit
item_2526,12,69.0,10,828.0,690.0,1,2025-02-10,3587.46,profit
item_2504,9,92.0,44,828.0,4048.0,1,2025-02-10,3585.22,profit
item_2476,8,105.0,65,840.0,6825.0,1,2025-02-10,3587.07,profit
item_2531,22,38.0,50,836.0,1900.0,1,2025-02-10,3586.0,profit
item_2519,27,31.0,32,837.0,992.0,1,2025-02-10,3587.17,profit
item_2482,26,32.0,35,832.0,1120.0,1,2025-02-10,3586.12,profit
item_2513,19,44.0,89,836.0,3916.0,1,2025-02-10,3587.8,profit
item_2478,16,52.0,56,832.0,2912.0,1,2025-02-10,3586.87,profit
item_2537,10,83.0,54,830.0,4482.0,1,2025-02-10,3585.19,profit
item_2522,19,44.0,46,836.0,2024.0,1,2025-02-10,3587.07,profit
item_2491,12,70.0,39,840.0,2730.0,1,2025-02-10,3585.88,profit
item_2497,22,38.0,100,836.0,3800.0,1,2025-02-10,3586.65,profit
item_2509,27,31.0,65,837.0,2015.0,1,2025-02-10,3586.48,profit
item_2480,21,40.0,80,840.0,3200.0,1,2025-02-10,3587.01,profit
item_2521,23,36.0,87,828.0,3132.0,1,2025-02-10,3587.07,profit
item_2499,15,56.0,63,840.0,3528.0,1,2025-02-10,3585.07,profit
item_2505,29,29.0,13,841.0,377.0,1,2025-02-10,3585.53,profit
item_2492,35,24.0,37,840.0,888.0,1,2025-02-10,3586.11,profit
item_2524,46,18.0,33,828.0,594.0,1,2025-02-10,3586.94,profit
item_2486,11,75.0,54,825.0,4050.0,1,2025-02-10,3586.37,profit
item_2532,8,105.0,63,840.0,6615.0,1,2025-02-10,3586.91,profit
item_2474,13,64.0,15,832.0,960.0,1,2025-02-10,3585.37,profit
item_2483,14,60.0,92,840.0,5520.0,1,2025-02-10,3586.89,profit
item_2475,32,26.0,38,832.0,988.0,1,2025-02-10,3585.93,profit
item_2481,12,70.0,47,840.0,3290.0,1,2025-02-10,3586.86,profit
item_2494,46,18.0,43,828.0,774.0,1,2025-02-10,3584.9,profit
item_2538,13,64.0,12,832.0,768.0,1,2025-02-10,3585.96,profit
item_2523,24,35.0,51,840.0,1785.0,1,2025-02-10,3586.67,profit
item_2533,8,105.0,19,840.0,1995.0,1,2025-02-10,3585.6,profit
item_2528,25,33.0,42,825.0,1386.0,1,2025-02-10,3586.59,profit
item_2495,42,20.0,44,840.0,880.0,1,2025-02-10,3587.29,profit
item_2512,49,17.0,73,833.0,1241.0,1,2025-02-10,3586.04,profit
item_2535,25,33.0,45,825.0,1485.0,1,2025-02-10,3587.43,profit
item_2520,27,31.0,45,837.0,1395.0,1,2025-02-10,3586.92,profit
item_2557,26,33.0,51,858.0,1683.0,1,2025-02-11,3585.64,profit
item_2546,41,21.0,29,861.0,609.0,1,2025-02-11,3586.39,profit
item_2544,37,23.0,55,851.0,1265.0,1,2025-02-11,3585.19,profit
item_2550,26,33.0,55,858.0,1815.0,1,2025-02-11,3585.62,profit
item_2560,12,71.0,96,852.0,6816.0,1,2025-02-11,3586.59,profit
item_2553,8,106.0,38,848.0,4028.0,1,2025-02-11,3585.38,profit
item_2555,11,78.0,66,858.0,5148.0,1,2025-02-11,3585.75,profit
item_2576,11,77.0,98,847.0,7546.0,1,2025-02-11,3586.24,profit
item_2571,13,65.0,42,845.0,2730.0,1,2025-02-11,3586.58,profit
item_2561,9,94.0,52,846.0,4888.0,1,2025-02-11,3586.16,profit
item_2548,37,23.0,91,851.0,2093.0,1,2025-02-11,3586.22,profit
item_2556,9,94.0,50,846.0,4700.0,1,2025-02-11,3585.9,profit
item_2559,18,47.0,43,846.0,2021.0,1,2025-02-11,3586.15,profit
item_2578,7,123.0,37,861.0,4551.0,1,2025-02-11,3585.6,profit
item_2563,23,37.0,65,851.0,2405.0,1,2025-02-11,3586.53,profit
item_2574,6,143.0,16,858.0,2288.0,1,2025-02-11,3587.09,profit
item_2572,22,39.0,88,858.0,3432.0,1,2025-02-11,3586.1,profit
item_2577,10,85.0,82,850.0,6970.0,1,2025-02-11,3585.91,profit
item_2564,13,65.0,99,845.0,6435.0,1,2025-02-11,3586.83,profit
item_2558,13,66.0,29,858.0,1914.0,1,2025-02-11,3586.83,profit
item_2575,12,71.0,88,852.0,6248.0,1,2025-02-11,3585.14,profit
item_2566,9,95.0,56,855.0,5320.0,1,2025-02-11,3586.12,profit
item_2569,37,23.0,78,851.0,1794.0,1,2025-02-11,3584.65,profit
item_2552,7,121.0,43,847.0,5203.0,1,2025-02-11,3586.0,profit
item_2573,37,23.0,46,851.0,1058.0,1,2025-02-11,3586.82,profit
item_2568,6,142.0,92,852.0,13064.0,1,2025-02-11,3585.25,profit
item_2547,12,71.0,79,852.0,5609.0,1,2025-02-11,3587.36,profit
item_2549,9,94.0,27,846.0,2538.0,1,2025-02-11,3587.33,profit
item_2565,14,61.0,35,854.0,2135.0,1,2025-02-11,3586.2,profit
item_2567,7,122.0,57,854.0,6954.0,1,2025-02-11,3585.7,profit
item_2551,11,77.0,46,847.0,3542.0,1,2025-02-11,3586.94,profit
item_2545,18,47.0,10,846.0,470.0,1,2025-02-11,3587.16,profit
item_2579,50,17.0,30,850.0,510.0,1,2025-02-11,3585.07,profit
item_2562,21,41.0,37,861.0,1517.0,1,2025-02-11,3585.59,profit
item_2570,25,34.0,46,850.0,1564.0,1,2025-02-11,3587.04,profit
item_2543,7,121.0,49,847.0,5929.0,1,2025-02-11,3584.95,profit
item_2554,9,95.0,53,855.0,5035.0,1,2025-02-11,3585.6,profit
item_2610,29,30.0,40,870.0,1200.0,1,2025-02-12,3585.95,profit
item_2605,36,24.0,60,864.0,1440.0,1,2025-02-12,3587.16,profit
item_2647,30,29.0,18,870.0,522.0,1,2025-02-12,3585.86,profit
item_2631,28,31.0,54,868.0,1674.0,1,2025-02-12,3587.04,profit
item_2606,12,73.0,36,876.0,2628.0,1,2025-02-12,3587.23,profit
item_2598,35,25.0,76,875.0,1900.0,1,2025-02-12,3585.78,profit
item_2633,14,62.0,82,868.0,5084.0,1,2025-02-12,3586.46,profit
item_2623,18,49.0,90,882.0,4410.0,1,2025-02-12,3586.31,profit
item_2588,46,19.0,39,874.0,741.0,1,2025-02-12,3586.25,profit
item_2599,28,31.0,65,868.0,2015.0,1,2025-02-12,3587.11,profit
item_2582,18,49.0,85,882.0,4165.0,1,2025-02-12,3586.14,profit
item_2637,46,19.0,15,874.0,285.0,1,2025-02-12,3586.8,profit
item_2638,19,46.0,75,874.0,3450.0,1,2025-02-12,3587.45,profit
item_2622,16,54.0,63,864.0,3402.0,1,2025-02-12,3585.87,profit
item_2636,23,38.0,22,874.0,836.0,1,2025-02-12,3586.6,profit
item_2645,15,58.0,76,870.0,4408.0,1,2025-02-12,3585.19,profit
item_2617,14,63.0,81,882.0,5103.0,1,2025-02-12,3586.8,profit
item_2640,24,36.0,20,864.0,720.0,1,2025-02-12,3586.66,profit
item_2626,42,21.0,31,882.0,651.0,1,2025-02-12,3586.18,profit
item_2614,20,44.0,30,880.0,1320.0,1,2025-02-12,3586.07,profit
item_2646,10,87.0,85,870.0,7395.0,1,2025-02-12,3586.56,profit
item_2632,18,48.0,12,864.0,576.0,1,2025-02-12,3586.89,profit
item_2618,7,125.0,36,875.0,4500.0,1,2025-02-12,3586.59,profit
item_2589,7,126.0,71,882.0,8946.0,1,2025-02-12,3587.55,profit
item_2630,27,32.0,85,864.0,2720.0,1,2025-02-12,3586.57,profit
item_2608,31,28.0,33,868.0,924.0,1,2025-02-12,3585.22,profit
item_2625,14,62.0,71,868.0,4402.0,1,2025-02-12,3586.94,profit
item_3741,35,25.0,23,875.0,575.0,1,2025-02-12,3586.75,profit
item_2643,18,49.0,33,882.0,1617.0,1,2025-02-12,3587.76,profit
item_2627,12,73.0,38,876.0,2774.0,1,2025-02-12,3587.17,profit
item_2593,27,32.0,95,864.0,3040.0,1,2025-02-12,3587.06,profit
item_2591,12,73.0,29,876.0,2117.0,1,2025-02-12,3587.35,profit
item_2607,7,124.0,67,868.0,8308.0,1,2025-02-12,3586.03,profit
item_2612,8,110.0,45,880.0,4950.0,1,2025-02-12,3585.17,profit
item_2620,12,72.0,91,864.0,6552.0,1,2025-02-12,3587.11,profit
item_2584,8,108.0,43,864.0,4644.0,1,2025-02-12,3586.15,profit
item_2619,27,32.0,69,864.0,2208.0,1,2025-02-12,3585.46,profit
item_2604,30,29.0,63,870.0,1827.0,1,2025-02-12,3586.74,profit
item_2616,20,44.0,14,880.0,616.0,1,2025-02-12,3586.27,profit
item_2592,27,32.0,55,864.0,1760.0,1,2025-02-12,3586.03,profit
item_2634,6,145.0,21,870.0,3045.0,1,2025-02-12,3586.47,profit
item_2583,12,73.0,81,876.0,5913.0,1,2025-02-12,3587.06,profit
item_2597,11,80.0,71,880.0,5680.0,1,2025-02-12,3586.55,profit
item_2624,29,30.0,72,870.0,2160.0,1,2025-02-12,3586.52,profit
item_2586,9,98.0,28,882.0,2744.0,1,2025-02-12,3585.73,profit
item_2609,11,80.0,82,880.0,6560.0,1,2025-02-12,3586.91,profit
item_2644,6,145.0,23,870.0,3335.0,1,2025-02-12,3586.35,profit
item_2635,17,51.0,49,867.0,2499.0,1,2025-02-12,3585.18,profit
item_2587,12,73.0,46,876.0,3358.0,1,2025-02-12,3585.78,profit
item_2628,44,20.0,45,880.0,900.0,1,2025-02-12,3586.08,profit
item_2585,9,96.0,45,864.0,4320.0,1,2025-02-12,3585.5,profit
item_2594,14,63.0,73,882.0,4599.0,1,2025-02-12,3587.14,profit
item_2590,44,20.0,54,880.0,1080.0,1,2025-02-12,3585.21,profit
item_2600,9,98.0,34,882.0,3332.0,1,2025-02-12,3586.86,profit
item_2596,18,49.0,96,882.0,4704.0,1,2025-02-12,3586.54,profit
item_2613,11,80.0,43,880.0,3440.0,1,2025-02-12,3585.7,profit
item_2639,21,42.0,45,882.0,1890.0,1,2025-02-12,3586.81,profit
item_2601,18,48.0,46,864.0,2208.0,1,2025-02-12,3585.65,profit
item_2629,18,48.0,61,864.0,2928.0,1,2025-02-12,3587.44,profit
item_2603,18,49.0,64,882.0,3136.0,1,2025-02-12,3586.5,profit
item_2580,8,110.0,17,880.0,1870.0,1,2025-02-12,3587.36,profit
item_2581,11,79.0,31,869.0,2449.0,1,2025-02-12,3585.57,profit
item_2615,12,72.0,29,864.0,2088.0,1,2025-02-12,3586.68,profit
item_2602,16,55.0,37,880.0,2035.0,1,2025-02-12,3586.6,profit
item_2641,36,24.0,56,864.0,1344.0,1,2025-02-12,3586.76,profit
item_2621,11,79.0,86,869.0,6794.0,1,2025-02-12,3586.11,profit
item_2611,6,147.0,15,882.0,2205.0,1,2025-02-12,3586.89,profit
item_2595,18,48.0,76,864.0,3648.0,1,2025-02-12,3586.22,profit
item_2642,49,18.0,97,882.0,1746.0,1,2025-02-12,3587.38,profit
item_2664,28,32.0,82,896.0,2624.0,1,2025-02-13,3585.67,profit
item_2687,32,28.0,14,896.0,392.0,1,2025-02-13,3587.01,profit
item_2661,50,18.0,87,900.0,1566.0,1,2025-02-13,3585.87,profit
item_2659,10,90.0,27,900.0,2430.0,1,2025-02-13,3586.75,profit
item_2705,21,43.0,81,903.0,3483.0,1,2025-02-13,3586.04,profit
item_2696,7,127.0,23,889.0,2921.0,1,2025-02-13,3585.51,profit
item_2652,50,18.0,14,900.0,252.0,1,2025-02-13,3587.13,profit
item_2681,45,20.0,66,900.0,1320.0,1,2025-02-13,3586.85,profit
item_2688,45,20.0,45,900.0,900.0,1,2025-02-13,3586.78,profit
item_2698,30,30.0,30,900.0,900.0,1,2025-02-13,3586.7,profit
item_2665,24,37.0,87,888.0,3219.0,1,2025-02-13,3587.03,profit
item_2707,6,148.0,80,888.0,11840.0,1,2025-02-13,3585.3,profit
item_2693,41,22.0,54,902.0,1188.0,1,2025-02-13,3586.29,profit
item_2655,6,150.0,19,900.0,2850.0,1,2025-02-13,3586.23,profit
item_2650,28,32.0,88,896.0,2816.0,1,2025-02-13,3585.25,profit
item_2684,17,52.0,80,884.0,4160.0,1,2025-02-13,3587.14,profit
item_2678,21,43.0,43,903.0,1849.0,1,2025-02-13,3586.48,profit
item_2683,32,28.0,76,896.0,2128.0,1,2025-02-13,3586.03,profit
item_2686,28,32.0,93,896.0,2976.0,1,2025-02-13,3586.51,profit
item_2704,12,75.0,85,900.0,6375.0,1,2025-02-13,3587.31,profit
item_2699,8,112.0,42,896.0,4704.0,1,2025-02-13,3586.97,profit
item_2709,45,20.0,84,900.0,1680.0,1,2025-02-13,3587.24,profit
item_2669,50,18.0,19,900.0,342.0,1,2025-02-13,3586.53,profit
item_2695,10,89.0,97,890.0,8633.0,1,2025-02-13,3587.39,profit
item_2682,11,81.0,68,891.0,5508.0,1,2025-02-13,3587.74,profit
item_2703,36,25.0,60,900.0,1500.0,1,2025-02-13,3587.47,profit
item_2648,15,59.0,21,885.0,1239.0,1,2025-02-13,3586.85,profit
item_2691,9,100.0,69,900.0,6900.0,1,2025-02-13,3587.0,profit
item_2660,10,90.0,46,900.0,4140.0,1,2025-02-13,3585.8,profit
item_2658,23,39.0,63,897.0,2457.0,1,2025-02-13,3587.01,profit
item_2671,7,127.0,17,889.0,2159.0,1,2025-02-13,3586.84,profit
item_2690,31,29.0,14,899.0,406.0,1,2025-02-13,3587.04,profit
item_2670,22,41.0,14,902.0,574.0,1,2025-02-13,3587.59,profit
item_2672,43,21.0,18,903.0,378.0,1,2025-02-13,3585.71,profit
item_2668,17,52.0,21,884.0,1092.0,1,2025-02-13,3585.9,profit
item_2654,15,60.0,52,900.0,3120.0,1,2025-02-13,3587.35,profit
item_2676,8,113.0,89,904.0,10057.0,1,2025-02-13,3587.31,profit
item_2685,19,47.0,69,893.0,3243.0,1,2025-02-13,3586.42,profit
item_2697,27,33.0,22,891.0,726.0,1,2025-02-13,3585.02,profit
item_2702,36,25.0,63,900.0,1575.0,1,2025-02-13,3586.06,profit
item_2708,45,20.0,69,900.0,1380.0,1,2025-02-13,3584.61,profit
item_2657,25,36.0,82,900.0,2952.0,1,2025-02-13,3586.99,profit
item_2694,41,22.0,74,902.0,1628.0,1,2025-02-13,3587.46,profit
item_2680,22,41.0,18,902.0,738.0,1,2025-02-13,3586.08,profit
item_2662,6,150.0,53,900.0,7950.0,1,2025-02-13,3587.68,profit
item_2666,15,59.0,29,885.0,1711.0,1,2025-02-13,3586.78,profit
item_2675,39,23.0,38,897.0,874.0,1,2025-02-13,3585.81,profit
item_2656,26,34.0,47,884.0,1598.0,1,2025-02-13,3585.07,profit
item_2651,43,21.0,35,903.0,735.0,1,2025-02-13,3586.99,profit
item_2677,20,45.0,38,900.0,1710.0,1,2025-02-13,3585.33,profit
item_2701,11,81.0,11,891.0,891.0,1,2025-02-13,3586.34,profit
item_2673,26,34.0,60,884.0,2040.0,1,2025-02-13,3587.53,profit
item_2649,7,127.0,93,889.0,11811.0,1,2025-02-13,3586.44,profit
item_2689,30,30.0,44,900.0,1320.0,1,2025-02-13,3587.44,profit
item_2706,8,112.0,43,896.0,4816.0,1,2025-02-13,3586.63,profit
item_2667,10,89.0,36,890.0,3204.0,1,2025-02-13,3586.16,profit
item_2674,9,100.0,53,900.0,5300.0,1,2025-02-13,3587.17,profit
item_2679,11,81.0,14,891.0,1134.0,1,2025-02-13,3586.69,profit
item_2700,14,64.0,55,896.0,3520.0,1,2025-02-13,3585.58,profit
item_2663,10,90.0,21,900.0,1890.0,1,2025-02-13,3584.7,profit
item_2653,36,25.0,82,900.0,2050.0,1,2025-02-13,3587.33,profit
item_2692,15,59.0,19,885.0,1121.0,1,2025-02-13,3585.75,profit
item_2721,8,115.0,66,920.0,7590.0,1,2025-02-14,3585.62,profit
item_2730,46,20.0,96,920.0,1920.0,1,2025-02-14,3586.68,profit
item_2712,38,24.0,22,912.0,528.0,1,2025-02-14,3587.28,profit
item_2741,7,130.0,83,910.0,10790.0,1,2025-02-14,3586.48,profit
item_2710,7,130.0,53,910.0,6890.0,1,2025-02-14,3587.31,profit
item_2739,12,77.0,10,924.0,770.0,1,2025-02-14,3587.18,profit
item_2711,42,22.0,73,924.0,1606.0,1,2025-02-14,3584.95,profit
item_2735,40,23.0,14,920.0,322.0,1,2025-02-14,3587.47,profit
item_2716,10,92.0,83,920.0,7636.0,1,2025-02-14,3587.43,profit
item_2751,16,57.0,31,912.0,1767.0,1,2025-02-14,3587.33,profit
item_2753,26,35.0,26,910.0,910.0,1,2025-02-14,3586.94,profit
item_2743,8,114.0,59,912.0,6726.0,1,2025-02-14,3586.23,profit
item_2728,7,130.0,19,910.0,2470.0,1,2025-02-14,3585.54,profit
item_2718,42,22.0,100,924.0,2200.0,1,2025-02-14,3586.95,profit
item_2740,14,66.0,40,924.0,2640.0,1,2025-02-14,3586.11,profit
item_2749,7,130.0,16,910.0,2080.0,1,2025-02-14,3587.17,profit
item_2737,27,34.0,37,918.0,1258.0,1,2025-02-14,3587.63,profit
item_2724,20,46.0,49,920.0,2254.0,1,2025-02-14,3585.45,profit
item_2731,8,115.0,15,920.0,1725.0,1,2025-02-14,3587.71,profit
item_2734,42,22.0,93,924.0,2046.0,1,2025-02-14,3586.61,profit
item_2738,34,27.0,54,918.0,1458.0,1,2025-02-14,3586.78,profit
item_2754,21,44.0,54,924.0,2376.0,1,2025-02-14,3586.89,profit
item_2747,38,24.0,84,912.0,2016.0,1,2025-02-14,3585.65,profit
item_2742,14,65.0,84,910.0,5460.0,1,2025-02-14,3585.22,profit
item_2755,28,33.0,85,924.0,2805.0,1,2025-02-14,3586.85,profit
item_2750,34,27.0,88,918.0,2376.0,1,2025-02-14,3585.2,profit
item_2736,46,20.0,85,920.0,1700.0,1,2025-02-14,3587.01,profit
item_2727,10,92.0,70,920.0,6440.0,1,2025-02-14,3586.22,profit
item_2719,9,101.0,92,909.0,9292.0,1,2025-02-14,3587.38,profit
item_2717,40,23.0,32,920.0,736.0,1,2025-02-14,3585.43,profit
item_2715,48,19.0,73,912.0,1387.0,1,2025-02-14,3585.09,profit
item_2720,11,84.0,42,924.0,3528.0,1,2025-02-14,3585.24,profit
item_2732,9,102.0,85,918.0,8670.0,1,2025-02-14,3585.49,profit
item_2722,7,132.0,80,924.0,10560.0,1,2025-02-14,3585.2,profit
item_2746,10,92.0,16,920.0,1472.0,1,2025-02-14,3587.53,profit
item_2748,33,28.0,93,924.0,2604.0,1,2025-02-14,3587.45,profit
item_2725,8,114.0,61,912.0,6954.0,1,2025-02-14,3586.56,profit
item_2745,46,20.0,96,920.0,1920.0,1,2025-02-14,3586.17,profit
item_2726,15,61.0,89,915.0,5429.0,1,2025-02-14,3585.33,profit
item_2729,21,44.0,35,924.0,1540.0,1,2025-02-14,3585.19,profit
item_2723,9,102.0,20,918.0,2040.0,1,2025-02-14,3584.84,profit
item_2733,21,44.0,54,924.0,2376.0,1,2025-02-14,3585.65,profit
item_2752,27,34.0,49,918.0,1666.0,1,2025-02-14,3586.29,profit
item_2714,7,130.0,75,910.0,9750.0,1,2025-02-14,3586.58,profit
item_2713,20,46.0,39,920.0,1794.0,1,2025-02-14,3586.94,profit
item_2744,14,66.0,75,924.0,4950.0,1,2025-02-14,3585.32,profit
item_2790,7,133.0,62,931.0,8246.0,1,2025-02-15,3586.32,profit
item_2795,47,20.0,47,940.0,940.0,1,2025-02-15,3585.71,profit
item_2772,8,117.0,74,936.0,8658.0,1,2025-02-15,3587.12,profit
item_2788,19,49.0,78,931.0,3822.0,1,2025-02-15,3587.25,profit
item_2776,9,104.0,61,936.0,6344.0,1,2025-02-15,3586.4,profit
item_2801,17,55.0,99,935.0,5445.0,1,2025-02-15,3585.8,profit
item_2791,35,27.0,37,945.0,999.0,1,2025-02-15,3585.07,profit
item_2794,9,104.0,46,936.0,4784.0,1,2025-02-15,3587.2,profit
item_2756,27,35.0,75,945.0,2625.0,1,2025-02-15,3587.18,profit
item_2780,10,93.0,27,930.0,2511.0,1,2025-02-15,3587.03,profit
item_2763,21,45.0,90,945.0,4050.0,1,2025-02-15,3585.1,profit
item_2764,13,72.0,11,936.0,792.0,1,2025-02-15,3586.65,profit
item_2765,32,29.0,47,928.0,1363.0,1,2025-02-15,3585.93,profit
item_2757,37,25.0,30,925.0,750.0,1,2025-02-15,3586.93,profit
item_2777,10,93.0,26,930.0,2418.0,1,2025-02-15,3585.33,profit
item_2770,18,52.0,47,936.0,2444.0,1,2025-02-15,3585.38,profit
item_2799,15,62.0,10,930.0,620.0,1,2025-02-15,3585.73,profit
item_2792,21,45.0,10,945.0,450.0,1,2025-02-15,3587.03,profit
item_2779,39,24.0,56,936.0,1344.0,1,2025-02-15,3585.13,profit
item_2769,8,116.0,61,928.0,7076.0,1,2025-02-15,3587.77,profit
item_2793,30,31.0,65,930.0,2015.0,1,2025-02-15,3586.55,profit
item_2766,15,63.0,18,945.0,1134.0,1,2025-02-15,3587.16,profit
item_2796,16,59.0,54,944.0,3186.0,1,2025-02-15,3587.53,profit
item_2760,21,45.0,98,945.0,4410.0,1,2025-02-15,3586.56,profit
item_2778,8,117.0,100,936.0,11700.0,1,2025-02-15,3585.66,profit
item_2800,9,104.0,36,936.0,3744.0,1,2025-02-15,3586.11,profit
item_2761,7,135.0,35,945.0,4725.0,1,2025-02-15,3586.74,profit
item_2759,21,45.0,38,945.0,1710.0,1,2025-02-15,3585.03,profit
item_2758,7,135.0,73,945.0,9855.0,1,2025-02-15,3587.05,profit
item_2774,8,118.0,87,944.0,10266.0,1,2025-02-15,3586.95,profit
item_2775,21,45.0,80,945.0,3600.0,1,2025-02-15,3585.0,profit
item_2797,7,134.0,87,938.0,11658.0,1,2025-02-15,3586.43,profit
item_2771,29,32.0,87,928.0,2784.0,1,2025-02-15,3586.48,profit
item_2789,17,55.0,41,935.0,2255.0,1,2025-02-15,3586.48,profit
item_2798,11,85.0,79,935.0,6715.0,1,2025-02-15,3585.0,profit
item_2786,39,24.0,81,936.0,1944.0,1,2025-02-15,3586.69,profit
item_2762,7,133.0,59,931.0,7847.0,1,2025-02-15,3585.13,profit
item_2784,41,23.0,53,943.0,1219.0,1,2025-02-15,3585.64,profit
item_2785,21,45.0,95,945.0,4275.0,1,2025-02-15,3587.34,profit
item_2783,9,104.0,58,936.0,6032.0,1,2025-02-15,3587.6,profit
item_2787,47,20.0,44,940.0,880.0,1,2025-02-15,3587.22,profit
item_2773,29,32.0,88,928.0,2816.0,1,2025-02-15,3585.22,profit
item_2781,25,37.0,20,925.0,740.0,1,2025-02-15,3585.6,profit
item_2782,47,20.0,54,940.0,1080.0,1,2025-02-15,3586.77,profit
item_2768,47,20.0,82,940.0,1640.0,1,2025-02-15,3587.55,profit
item_2767,47,20.0,20,940.0,400.0,1,2025-02-15,3586.34,profit
item_2829,19,50.0,55,950.0,2750.0,1,2025-02-16,3587.03,profit
item_2839,24,40.0,45,960.0,1800.0,1,2025-02-16,3585.99,profit
item_2831,31,31.0,10,961.0,310.0,1,2025-02-16,3586.89,profit
item_2807,18,53.0,55,954.0,2915.0,1,2025-02-16,3586.94,profit
item_2802,22,43.0,47,946.0,2021.0,1,2025-02-16,3586.68,profit
item_2833,9,106.0,95,954.0,10070.0,1,2025-02-16,3585.04,profit
item_2821,31,31.0,53,961.0,1643.0,1,2025-02-16,3585.89,profit
item_2819,14,68.0,86,952.0,5848.0,1,2025-02-16,3586.97,profit
item_2814,11,87.0,40,957.0,3480.0,1,2025-02-16,3587.09,profit
item_2836,37,26.0,88,962.0,2288.0,1,2025-02-16,3587.16,profit
item_2818,29,33.0,16,957.0,528.0,1,2025-02-16,3585.31,profit
item_2834,40,24.0,45,960.0,1080.0,1,2025-02-16,3585.33,profit
item_2832,7,136.0,92,952.0,12512.0,1,2025-02-16,3586.96,profit
item_2803,17,56.0,18,952.0,1008.0,1,2025-02-16,3586.65,profit
item_2816,18,53.0,61,954.0,3233.0,1,2025-02-16,3586.78,profit
item_2837,28,34.0,29,952.0,986.0,1,2025-02-16,3587.36,profit
item_2822,30,32.0,15,960.0,480.0,1,2025-02-16,3587.13,profit
item_2835,48,20.0,12,960.0,240.0,1,2025-02-16,3586.98,profit
item_2824,9,106.0,51,954.0,5406.0,1,2025-02-16,3587.58,profit
item_2811,14,68.0,89,952.0,6052.0,1,2025-02-16,3586.95,profit
item_2820,11,87.0,27,957.0,2349.0,1,2025-02-16,3586.38,profit
item_2838,12,79.0,82,948.0,6478.0,1,2025-02-16,3586.77,profit
item_2827,15,64.0,66,960.0,4224.0,1,2025-02-16,3585.23,profit
item_2804,10,95.0,90,950.0,8550.0,1,2025-02-16,3586.42,profit
item_2843,9,106.0,31,954.0,3286.0,1,2025-02-16,3585.84,profit
item_2810,34,28.0,44,952.0,1232.0,1,2025-02-16,3586.58,profit
item_2828,38,25.0,35,950.0,875.0,1,2025-02-16,3586.15,profit
item_2830,26,37.0,44,962.0,1628.0,1,2025-02-16,3586.56,profit
item_2826,8,120.0,71,960.0,8520.0,1,2025-02-16,3586.73,profit
item_2809,22,43.0,79,946.0,3397.0,1,2025-02-16,3587.64,profit
item_2805,20,48.0,82,960.0,3936.0,1,2025-02-16,3585.82,profit
item_2815,22,43.0,30,946.0,1290.0,1,2025-02-16,3586.0,profit
item_2806,34,28.0,41,952.0,1148.0,1,2025-02-16,3586.57,profit
item_2813,37,26.0,27,962.0,702.0,1,2025-02-16,3586.86,profit
item_2842,11,86.0,42,946.0,3612.0,1,2025-02-16,3587.06,profit
item_2846,30,32.0,99,960.0,3168.0,1,2025-02-16,3585.97,profit
item_2825,22,43.0,66,946.0,2838.0,1,2025-02-16,3585.54,profit
item_2844,7,137.0,14,959.0,1918.0,1,2025-02-16,3585.66,profit
item_2847,17,56.0,55,952.0,3080.0,1,2025-02-16,3587.23,profit
item_2808,50,19.0,85,950.0,1615.0,1,2025-02-16,3586.48,profit
item_2845,10,95.0,48,950.0,4560.0,1,2025-02-16,3585.41,profit
item_2817,7,137.0,32,959.0,4384.0,1,2025-02-16,3586.66,profit
item_2812,29,33.0,51,957.0,1683.0,1,2025-02-16,3586.18,profit
item_2840,40,24.0,74,960.0,1776.0,1,2025-02-16,3586.65,profit
item_2823,38,25.0,96,950.0,2400.0,1,2025-02-16,3586.98,profit
item_2841,40,24.0,32,960.0,768.0,1,2025-02-16,3587.33,profit
item_2873,41,24.0,58,984.0,1392.0,1,2025-02-17,3586.94,profit
item_2864,23,42.0,37,966.0,1554.0,1,2025-02-17,3585.35,profit
item_2881,28,35.0,73,980.0,2555.0,1,2025-02-17,3586.58,profit
item_2851,17,58.0,99,986.0,5742.0,1,2025-02-17,3586.93,profit
item_2869,8,121.0,66,968.0,7986.0,1,2025-02-17,3585.44,profit
item_2862,9,109.0,96,981.0,10464.0,1,2025-02-17,3585.41,profit
item_2877,9,109.0,70,981.0,7630.0,1,2025-02-17,3586.24,profit
item_2897,22,44.0,40,968.0,1760.0,1,2025-02-17,3586.01,profit
item_2866,49,20.0,14,980.0,280.0,1,2025-02-17,3585.96,profit
item_2856,39,25.0,67,975.0,1675.0,1,2025-02-17,3586.42,profit
item_2889,21,46.0,79,966.0,3634.0,1,2025-02-17,3587.27,profit
item_2861,8,122.0,65,976.0,7930.0,1,2025-02-17,3586.06,profit
item_2860,11,88.0,40,968.0,3520.0,1,2025-02-17,3586.21,profit
item_2852,17,57.0,19,969.0,1083.0,1,2025-02-17,3586.4,profit
item_2884,34,29.0,68,986.0,1972.0,1,2025-02-17,3586.75,profit
item_2898,42,23.0,58,966.0,1334.0,1,2025-02-17,3586.76,profit
item_2853,41,24.0,77,984.0,1848.0,1,2025-02-17,3586.21,profit
item_2892,34,29.0,27,986.0,783.0,1,2025-02-17,3585.48,profit
item_2855,18,54.0,18,972.0,972.0,1,2025-02-17,3587.1,profit
item_2899,9,108.0,27,972.0,2916.0,1,2025-02-17,3587.5,profit
item_2859,14,70.0,35,980.0,2450.0,1,2025-02-17,3586.32,profit
item_2854,36,27.0,44,972.0,1188.0,1,2025-02-17,3587.46,profit
item_2896,12,81.0,34,972.0,2754.0,1,2025-02-17,3586.65,profit
item_2882,24,41.0,17,984.0,697.0,1,2025-02-17,3586.93,profit
item_2891,10,98.0,44,980.0,4312.0,1,2025-02-17,3585.51,profit
item_2867,15,65.0,70,975.0,4550.0,1,2025-02-17,3587.29,profit
item_2879,41,24.0,97,984.0,2328.0,1,2025-02-17,3585.37,profit
item_2868,8,122.0,18,976.0,2196.0,1,2025-02-17,3586.27,profit
item_2876,14,70.0,29,980.0,2030.0,1,2025-02-17,3587.15,profit
item_2888,39,25.0,49,975.0,1225.0,1,2025-02-17,3585.72,profit
item_2885,15,65.0,65,975.0,4225.0,1,2025-02-17,3587.21,profit
item_2848,23,42.0,66,966.0,2772.0,1,2025-02-17,3586.31,profit
item_2871,46,21.0,65,966.0,1365.0,1,2025-02-17,3586.5,profit
item_4209,27,36.0,74,972.0,2664.0,1,2025-02-17,3586.58,profit
item_2895,20,49.0,67,980.0,3283.0,1,2025-02-17,3585.93,profit
item_2870,19,51.0,70,969.0,3570.0,1,2025-02-17,3585.35,profit
item_2875,41,24.0,25,984.0,600.0,1,2025-02-17,3586.07,profit
item_2887,10,97.0,47,970.0,4559.0,1,2025-02-17,3585.94,profit
item_2849,15,65.0,79,975.0,5135.0,1,2025-02-17,3586.73,profit
item_2863,9,109.0,30,981.0,3270.0,1,2025-02-17,3585.31,profit
item_2857,17,57.0,74,969.0,4218.0,1,2025-02-17,3587.46,profit
item_2872,34,29.0,37,986.0,1073.0,1,2025-02-17,3587.38,profit
item_2874,13,75.0,67,975.0,5025.0,1,2025-02-17,3587.34,profit
item_2865,12,82.0,73,984.0,5986.0,1,2025-02-17,3586.66,profit
item_2886,12,82.0,53,984.0,4346.0,1,2025-02-17,3586.27,profit
item_2883,21,46.0,60,966.0,2760.0,1,2025-02-17,3586.62,profit
item_2890,10,98.0,100,980.0,9800.0,1,2025-02-17,3586.71,profit
item_2894,11,88.0,48,968.0,4224.0,1,2025-02-17,3586.77,profit
item_2893,24,41.0,49,984.0,2009.0,1,2025-02-17,3586.88,profit
item_2880,25,39.0,33,975.0,1287.0,1,2025-02-17,3587.47,profit
item_2858,16,61.0,55,976.0,3355.0,1,2025-02-17,3586.47,profit
item_2850,22,44.0,48,968.0,2112.0,1,2025-02-17,3586.2,profit
item_2878,8,121.0,44,968.0,5324.0,1,2025-02-17,3585.63,profit
item_2903,16,62.0,44,992.0,2728.0,1,2025-02-18,3586.05,profit
item_2927,15,66.0,64,990.0,4224.0,1,2025-02-18,3586.06,profit
item_2919,19,52.0,100,988.0,5200.0,1,2025-02-18,3586.3,profit
item_2926,13,77.0,74,1001.0,5698.0,1,2025-02-18,3587.11,profit
item_2922,47,21.0,35,987.0,735.0,1,2025-02-18,3587.12,profit
item_2908,12,83.0,70,996.0,5810.0,1,2025-02-18,3586.59,profit
item_2931,10,100.0,93,1000.0,9300.0,1,2025-02-18,3585.38,profit
item_2909,31,32.0,26,992.0,832.0,1,2025-02-18,3586.07,profit
item_2924,47,21.0,33,987.0,693.0,1,2025-02-18,3587.24,profit
item_2930,8,125.0,49,1000.0,6125.0,1,2025-02-18,3587.1,profit
item_2925,31,32.0,65,992.0,2080.0,1,2025-02-18,3587.43,profit
item_2923,37,27.0,45,999.0,1215.0,1,2025-02-18,3587.47,profit
item_2900,37,27.0,81,999.0,2187.0,1,2025-02-18,3585.67,profit
item_2907,20,50.0,32,1000.0,1600.0,1,2025-02-18,3587.2,profit
item_2929,38,26.0,27,988.0,702.0,1,2025-02-18,3587.06,profit
item_2913,7,142.0,56,994.0,7952.0,1,2025-02-18,3587.34,profit
item_2914,12,83.0,70,996.0,5810.0,1,2025-02-18,3585.11,profit
item_2905,31,32.0,37,992.0,1184.0,1,2025-02-18,3587.2,profit
item_2911,25,40.0,64,1000.0,2560.0,1,2025-02-18,3587.4,profit
item_2904,37,27.0,86,999.0,2322.0,1,2025-02-18,3586.05,profit
item_2928,31,32.0,74,992.0,2368.0,1,2025-02-18,3586.22,profit
item_2921,38,26.0,27,988.0,702.0,1,2025-02-18,3586.46,profit
item_2901,11,90.0,88,990.0,7920.0,1,2025-02-18,3587.42,profit
item_2920,25,40.0,20,1000.0,800.0,1,2025-02-18,3586.49,profit
item_2916,13,76.0,12,988.0,912.0,1,2025-02-18,3586.02,profit
item_2912,45,22.0,22,990.0,484.0,1,2025-02-18,3586.9,profit
item_2906,40,25.0,32,1000.0,800.0,1,2025-02-18,3586.81,profit
item_2902,15,67.0,97,1005.0,6499.0,1,2025-02-18,3585.69,profit
item_2918,14,71.0,96,994.0,6816.0,1,2025-02-18,3586.97,profit
item_2917,22,45.0,60,990.0,2700.0,1,2025-02-18,3586.23,profit
item_2915,13,76.0,21,988.0,1596.0,1,2025-02-18,3585.95,profit
item_2910,43,23.0,39,989.0,897.0,1,2025-02-18,3586.93,profit
item_2943,19,54.0,35,1026.0,1890.0,1,2025-02-19,3587.51,profit
item_2958,44,23.0,48,1012.0,1104.0,1,2025-02-19,3587.35,profit
item_2959,33,31.0,61,1023.0,1891.0,1,2025-02-19,3587.2,profit
item_2975,19,53.0,41,1007.0,2173.0,1,2025-02-19,3586.19,profit
item_2979,19,53.0,51,1007.0,2703.0,1,2025-02-19,3586.79,profit
item_2991,18,57.0,80,1026.0,4560.0,1,2025-02-19,3586.54,profit
item_2966,14,72.0,62,1008.0,4464.0,1,2025-02-19,3585.8,profit
item_2994,10,101.0,38,1010.0,3838.0,1,2025-02-19,3586.61,profit
item_2983,48,21.0,62,1008.0,1302.0,1,2025-02-19,3586.55,profit
item_2971,9,113.0,85,1017.0,9605.0,1,2025-02-19,3587.58,profit
item_2982,19,54.0,63,1026.0,3402.0,1,2025-02-19,3587.51,profit
item_2974,16,64.0,30,1024.0,1920.0,1,2025-02-19,3587.21,profit
item_2977,46,22.0,77,1012.0,1694.0,1,2025-02-19,3585.57,profit
item_2960,7,144.0,84,1008.0,12096.0,1,2025-02-19,3587.0,profit
item_2951,19,53.0,40,1007.0,2120.0,1,2025-02-19,3586.1,profit
item_2956,39,26.0,81,1014.0,2106.0,1,2025-02-19,3585.86,profit
item_2942,46,22.0,100,1012.0,2200.0,1,2025-02-19,3586.05,profit
item_2941,13,78.0,81,1014.0,6318.0,1,2025-02-19,3587.0,profit
item_2978,28,36.0,79,1008.0,2844.0,1,2025-02-19,3587.52,profit
item_2952,14,72.0,88,1008.0,6336.0,1,2025-02-19,3586.7,profit
item_2969,26,39.0,42,1014.0,1638.0,1,2025-02-19,3586.27,profit
item_2972,21,48.0,39,1008.0,1872.0,1,2025-02-19,3585.39,profit
item_2968,18,57.0,15,1026.0,855.0,1,2025-02-19,3587.14,profit
item_2933,12,85.0,52,1020.0,4420.0,1,2025-02-19,3586.07,profit
item_2939,39,26.0,37,1014.0,962.0,1,2025-02-19,3586.52,profit
item_2990,20,51.0,32,1020.0,1632.0,1,2025-02-19,3585.32,profit
item_2963,41,25.0,60,1025.0,1500.0,1,2025-02-19,3586.16,profit
item_2984,28,36.0,42,1008.0,1512.0,1,2025-02-19,3587.53,profit
item_2949,11,92.0,19,1012.0,1748.0,1,2025-02-19,3586.19,profit
item_2954,31,33.0,35,1023.0,1155.0,1,2025-02-19,3586.43,profit
item_2945,11,92.0,40,1012.0,3680.0,1,2025-02-19,3586.43,profit
item_2948,18,56.0,75,1008.0,4200.0,1,2025-02-19,3585.57,profit
item_2964,44,23.0,58,1012.0,1334.0,1,2025-02-19,3587.41,profit
item_2992,19,53.0,57,1007.0,3021.0,1,2025-02-19,3586.56,profit
item_2970,46,22.0,51,1012.0,1122.0,1,2025-02-19,3586.94,profit
item_2937,9,113.0,51,1017.0,5763.0,1,2025-02-19,3585.9,profit
item_2962,15,68.0,29,1020.0,1972.0,1,2025-02-19,3585.43,profit
item_2987,16,64.0,62,1024.0,3968.0,1,2025-02-19,3586.45,profit
item_2936,13,78.0,10,1014.0,780.0,1,2025-02-19,3587.3,profit
item_2988,33,31.0,59,1023.0,1829.0,1,2025-02-19,3586.57,profit
item_2947,11,93.0,96,1023.0,8928.0,1,2025-02-19,3586.36,profit
item_2993,20,51.0,77,1020.0,3927.0,1,2025-02-19,3586.53,profit
item_2961,10,101.0,30,1010.0,3030.0,1,2025-02-19,3584.66,profit
item_2932,16,63.0,11,1008.0,693.0,1,2025-02-19,3585.58,profit
item_2981,48,21.0,39,1008.0,819.0,1,2025-02-19,3587.1,profit
item_2967,36,28.0,76,1008.0,2128.0,1,2025-02-19,3586.01,profit
item_2989,8,128.0,51,1024.0,6528.0,1,2025-02-19,3587.24,profit
item_2986,16,64.0,18,1024.0,1152.0,1,2025-02-19,3587.23,profit
item_2965,12,85.0,84,1020.0,7140.0,1,2025-02-19,3587.4,profit
item_2938,19,54.0,70,1026.0,3780.0,1,2025-02-19,3585.57,profit
item_2995,36,28.0,94,1008.0,2632.0,1,2025-02-19,3585.66,profit
item_2950,13,78.0,14,1014.0,1092.0,1,2025-02-19,3585.6,profit
item_2985,41,25.0,17,1025.0,425.0,1,2025-02-19,3586.85,profit
item_2934,8,127.0,34,1016.0,4318.0,1,2025-02-19,3585.98,profit
item_2957,42,24.0,75,1008.0,1800.0,1,2025-02-19,3587.48,profit
item_2976,9,114.0,48,1026.0,5472.0,1,2025-02-19,3586.58,profit
item_2953,19,54.0,22,1026.0,1188.0,1,2025-02-19,3586.31,profit
item_2980,41,25.0,15,1025.0,375.0,1,2025-02-19,3586.32,profit
item_2940,33,31.0,35,1023.0,1085.0,1,2025-02-19,3587.12,profit
item_2973,35,29.0,83,1015.0,2407.0,1,2025-02-19,3586.44,profit
item_2944,19,53.0,65,1007.0,3445.0,1,2025-02-19,3586.19,profit
item_2935,35,29.0,97,1015.0,2813.0,1,2025-02-19,3585.35,profit
item_2946,16,64.0,94,1024.0,6016.0,1,2025-02-19,3585.78,profit
item_2955,10,101.0,37,1010.0,3737.0,1,2025-02-19,3587.08,profit
item_3037,36,29.0,13,1044.0,377.0,1,2025-02-20,3586.39,profit
item_3020,28,37.0,86,1036.0,3182.0,1,2025-02-20,3587.04,profit
item_3032,13,80.0,58,1040.0,4640.0,1,2025-02-20,3585.39,profit
item_3000,29,36.0,80,1044.0,2880.0,1,2025-02-20,3585.89,profit
item_3003,10,103.0,82,1030.0,8446.0,1,2025-02-20,3585.53,profit
item_2996,14,74.0,55,1036.0,4070.0,1,2025-02-20,3587.32,profit
item_3008,12,87.0,95,1044.0,8265.0,1,2025-02-20,3587.24,profit
item_3023,10,104.0,29,1040.0,3016.0,1,2025-02-20,3584.98,profit
item_3018,8,130.0,28,1040.0,3640.0,1,2025-02-20,3584.99,profit
item_3016,49,21.0,20,1029.0,420.0,1,2025-02-20,3586.05,profit
item_3017,8,130.0,97,1040.0,12610.0,1,2025-02-20,3587.38,profit
item_3031,9,115.0,69,1035.0,7935.0,1,2025-02-20,3586.37,profit
item_3034,9,115.0,59,1035.0,6785.0,1,2025-02-20,3586.93,profit
item_2999,12,87.0,89,1044.0,7743.0,1,2025-02-20,3585.67,profit
item_3027,7,148.0,31,1036.0,4588.0,1,2025-02-20,3586.35,profit
item_3002,11,94.0,75,1034.0,7050.0,1,2025-02-20,3587.24,profit
item_2998,10,103.0,34,1030.0,3502.0,1,2025-02-20,3585.53,profit
item_3015,13,80.0,65,1040.0,5200.0,1,2025-02-20,3586.19,profit
item_3029,15,69.0,70,1035.0,4830.0,1,2025-02-20,3587.33,profit
item_3012,23,45.0,62,1035.0,2790.0,1,2025-02-20,3587.51,profit
item_3035,11,95.0,16,1045.0,1520.0,1,2025-02-20,3585.3,profit
item_3021,19,55.0,63,1045.0,3465.0,1,2025-02-20,3587.06,profit
item_3014,18,58.0,20,1044.0,1160.0,1,2025-02-20,3586.56,profit
item_3004,9,115.0,16,1035.0,1840.0,1,2025-02-20,3585.29,profit
item_3009,15,69.0,66,1035.0,4554.0,1,2025-02-20,3585.5,profit
item_3033,28,37.0,88,1036.0,3256.0,1,2025-02-20,3585.95,profit
item_3005,21,49.0,83,1029.0,4067.0,1,2025-02-20,3585.32,profit
item_3026,15,69.0,63,1035.0,4347.0,1,2025-02-20,3586.57,profit
item_3030,17,61.0,55,1037.0,3355.0,1,2025-02-20,3586.27,profit
item_3028,37,28.0,54,1036.0,1512.0,1,2025-02-20,3585.16,profit
item_3010,20,52.0,26,1040.0,1352.0,1,2025-02-20,3585.83,profit
item_3025,19,55.0,41,1045.0,2255.0,1,2025-02-20,3587.29,profit
item_3001,45,23.0,69,1035.0,1587.0,1,2025-02-20,3586.88,profit
item_3006,8,129.0,77,1032.0,9933.0,1,2025-02-20,3586.65,profit
item_3022,8,129.0,86,1032.0,11094.0,1,2025-02-20,3586.44,profit
item_3011,49,21.0,69,1029.0,1449.0,1,2025-02-20,3586.24,profit
item_2997,10,104.0,50,1040.0,5200.0,1,2025-02-20,3585.97,profit
item_3036,16,65.0,15,1040.0,975.0,1,2025-02-20,3585.77,profit
item_3013,22,47.0,87,1034.0,4089.0,1,2025-02-20,3586.57,profit
item_3024,47,22.0,13,1034.0,286.0,1,2025-02-20,3585.49,profit
item_3019,37,28.0,24,1036.0,672.0,1,2025-02-20,3585.13,profit
item_3007,47,22.0,68,1034.0,1496.0,1,2025-02-20,3584.97,profit
item_3089,19,56.0,42,1064.0,2352.0,1,2025-02-21,3586.21,profit
item_3076,48,22.0,91,1056.0,2002.0,1,2025-02-21,3586.28,profit
item_3059,13,81.0,35,1053.0,2835.0,1,2025-02-21,3586.54,profit
item_3043,31,34.0,56,1054.0,1904.0,1,2025-02-21,3586.27,profit
item_3067,25,42.0,57,1050.0,2394.0,1,2025-02-21,3586.09,profit
item_3044,14,75.0,82,1050.0,6150.0,1,2025-02-21,3587.14,profit
item_3048,35,30.0,33,1050.0,990.0,1,2025-02-21,3586.09,profit
item_3088,17,62.0,29,1054.0,1798.0,1,2025-02-21,3585.66,profit
item_3042,16,66.0,13,1056.0,858.0,1,2025-02-21,3585.53,profit
item_3040,8,133.0,41,1064.0,5453.0,1,2025-02-21,3586.17,profit
item_3068,42,25.0,100,1050.0,2500.0,1,2025-02-21,3586.58,profit
item_3082,17,62.0,27,1054.0,1674.0,1,2025-02-21,3586.28,profit
item_3074,11,96.0,16,1056.0,1536.0,1,2025-02-21,3586.41,profit
item_3060,48,22.0,90,1056.0,1980.0,1,2025-02-21,3585.93,profit
item_3041,9,118.0,58,1062.0,6844.0,1,2025-02-21,3585.51,profit
item_3047,15,70.0,42,1050.0,2940.0,1,2025-02-21,3585.24,profit
item_3054,27,39.0,39,1053.0,1521.0,1,2025-02-21,3585.28,profit
item_3056,7,150.0,85,1050.0,12750.0,1,2025-02-21,3586.06,profit
item_3081,16,66.0,72,1056.0,4752.0,1,2025-02-21,3585.25,profit
item_3078,17,62.0,58,1054.0,3596.0,1,2025-02-21,3585.74,profit
item_3092,15,70.0,21,1050.0,1470.0,1,2025-02-21,3586.58,profit
item_3057,44,24.0,43,1056.0,1032.0,1,2025-02-21,3584.83,profit
item_3052,25,42.0,65,1050.0,2730.0,1,2025-02-21,3587.65,profit
item_3069,33,32.0,96,1056.0,3072.0,1,2025-02-21,3587.35,profit
item_3094,23,46.0,69,1058.0,3174.0,1,2025-02-21,3585.93,profit
item_3050,8,131.0,22,1048.0,2882.0,1,2025-02-21,3586.64,profit
item_3066,17,62.0,65,1054.0,4030.0,1,2025-02-21,3585.3,profit
item_3055,12,88.0,20,1056.0,1760.0,1,2025-02-21,3586.94,profit
item_3084,42,25.0,69,1050.0,1725.0,1,2025-02-21,3585.76,profit
item_3075,14,75.0,17,1050.0,1275.0,1,2025-02-21,3585.91,profit
item_3083,11,96.0,81,1056.0,7776.0,1,2025-02-21,3586.25,profit
item_3064,13,81.0,27,1053.0,2187.0,1,2025-02-21,3586.61,profit
item_3051,46,23.0,79,1058.0,1817.0,1,2025-02-21,3585.45,profit
item_3049,21,50.0,42,1050.0,2100.0,1,2025-02-21,3587.05,profit
item_3080,8,132.0,48,1056.0,6336.0,1,2025-02-21,3587.06,profit
item_3046,9,118.0,35,1062.0,4130.0,1,2025-02-21,3585.54,profit
item_3090,15,70.0,55,1050.0,3850.0,1,2025-02-21,3586.55,profit
item_3039,12,88.0,22,1056.0,1936.0,1,2025-02-21,3586.35,profit
item_3070,38,28.0,57,1064.0,1596.0,1,2025-02-21,3586.94,profit
item_3077,11,96.0,28,1056.0,2688.0,1,2025-02-21,3587.81,profit
item_3086,7,150.0,69,1050.0,10350.0,1,2025-02-21,3587.01,profit
item_3073,18,59.0,45,1062.0,2655.0,1,2025-02-21,3586.42,profit
item_3079,33,32.0,45,1056.0,1440.0,1,2025-02-21,3586.41,profit
item_3071,14,76.0,99,1064.0,7524.0,1,2025-02-21,3586.92,profit
item_3087,12,89.0,56,1068.0,4984.0,1,2025-02-21,3584.59,profit
item_3072,25,42.0,13,1050.0,546.0,1,2025-02-21,3585.83,profit
item_3085,31,34.0,90,1054.0,3060.0,1,2025-02-21,3587.32,profit
item_3038,14,76.0,31,1064.0,2356.0,1,2025-02-21,3587.26,profit
item_3058,22,48.0,63,1056.0,3024.0,1,2025-02-21,3587.2,profit
item_3063,30,35.0,86,1050.0,3010.0,1,2025-02-21,3585.77,profit
item_3053,8,133.0,14,1064.0,1862.0,1,2025-02-21,3586.68,profit
item_3093,11,97.0,86,1067.0,8342.0,1,2025-02-21,3586.44,profit
item_3065,10,106.0,82,1060.0,8692.0,1,2025-02-21,3585.56,profit
item_3091,20,53.0,13,1060.0,689.0,1,2025-02-21,3586.34,profit
item_3062,14,76.0,99,1064.0,7524.0,1,2025-02-21,3585.73,profit
item_3061,13,82.0,79,1066.0,6478.0,1,2025-02-21,3587.61,profit
item_3045,11,97.0,96,1067.0,9312.0,1,2025-02-21,3586.17,profit
item_3132,32,34.0,57,1088.0,1938.0,1,2025-02-22,3586.36,profit
item_3127,27,40.0,89,1080.0,3560.0,1,2025-02-22,3586.58,profit
item_3107,40,27.0,70,1080.0,1890.0,1,2025-02-22,3586.08,profit
item_3118,9,119.0,47,1071.0,5593.0,1,2025-02-22,3585.62,profit
item_3140,40,27.0,23,1080.0,621.0,1,2025-02-22,3587.4,profit
item_3133,27,40.0,85,1080.0,3400.0,1,2025-02-22,3586.78,profit
item_3121,10,108.0,68,1080.0,7344.0,1,2025-02-22,3587.19,profit
item_3113,25,43.0,58,1075.0,2494.0,1,2025-02-22,3586.2,profit
item_3115,25,43.0,87,1075.0,3741.0,1,2025-02-22,3586.59,profit
item_3122,17,64.0,76,1088.0,4864.0,1,2025-02-22,3585.6,profit
item_3117,11,99.0,43,1089.0,4257.0,1,2025-02-22,3585.19,profit
item_3120,40,27.0,30,1080.0,810.0,1,2025-02-22,3586.78,profit
item_3102,31,35.0,18,1085.0,630.0,1,2025-02-22,3586.08,profit
item_3106,13,83.0,80,1079.0,6640.0,1,2025-02-22,3586.25,profit
item_3105,13,83.0,50,1079.0,4150.0,1,2025-02-22,3585.91,profit
item_3097,40,27.0,74,1080.0,1998.0,1,2025-02-22,3586.81,profit
item_3126,24,45.0,26,1080.0,1170.0,1,2025-02-22,3587.11,profit
item_3112,13,83.0,85,1079.0,7055.0,1,2025-02-22,3586.87,profit
item_3136,37,29.0,95,1073.0,2755.0,1,2025-02-22,3587.11,profit
item_3100,47,23.0,76,1081.0,1748.0,1,2025-02-22,3586.33,profit
item_3130,47,23.0,30,1081.0,690.0,1,2025-02-22,3585.06,profit
item_3109,14,77.0,50,1078.0,3850.0,1,2025-02-22,3585.53,profit
item_3137,8,136.0,74,1088.0,10064.0,1,2025-02-22,3587.3,profit
item_3110,10,107.0,11,1070.0,1177.0,1,2025-02-22,3586.11,profit
item_3108,10,107.0,41,1070.0,4387.0,1,2025-02-22,3587.29,profit
item_3125,43,25.0,38,1075.0,950.0,1,2025-02-22,3587.01,profit
item_3128,23,47.0,70,1081.0,3290.0,1,2025-02-22,3586.95,profit
item_3135,34,32.0,51,1088.0,1632.0,1,2025-02-22,3585.62,profit
item_3096,33,33.0,54,1089.0,1782.0,1,2025-02-22,3584.83,profit
item_3129,9,121.0,86,1089.0,10406.0,1,2025-02-22,3586.56,profit
item_3123,9,121.0,68,1089.0,8228.0,1,2025-02-22,3586.33,profit
item_3095,8,135.0,92,1080.0,12420.0,1,2025-02-22,3586.75,profit
item_3104,11,99.0,13,1089.0,1287.0,1,2025-02-22,3586.94,profit
item_3139,47,23.0,56,1081.0,1288.0,1,2025-02-22,3586.3,profit
item_3099,20,54.0,20,1080.0,1080.0,1,2025-02-22,3587.04,profit
item_3103,29,37.0,45,1073.0,1665.0,1,2025-02-22,3586.77,profit
item_3124,36,30.0,59,1080.0,1770.0,1,2025-02-22,3585.18,profit
item_3138,22,49.0,18,1078.0,882.0,1,2025-02-22,3584.78,profit
item_3101,16,67.0,60,1072.0,4020.0,1,2025-02-22,3587.55,profit
item_3116,9,121.0,44,1089.0,5324.0,1,2025-02-22,3586.74,profit
item_3114,21,51.0,75,1071.0,3825.0,1,2025-02-22,3586.79,profit
item_3098,40,27.0,47,1080.0,1269.0,1,2025-02-22,3587.17,profit
item_3141,19,57.0,88,1083.0,5016.0,1,2025-02-22,3587.11,profit
item_3134,11,99.0,24,1089.0,2376.0,1,2025-02-22,3586.74,profit
item_3119,27,40.0,40,1080.0,1600.0,1,2025-02-22,3585.37,profit
item_3111,24,45.0,20,1080.0,900.0,1,2025-02-22,3585.77,profit
item_3131,20,54.0,97,1080.0,5238.0,1,2025-02-22,3587.04,profit
item_3166,24,46.0,75,1104.0,3450.0,1,2025-02-23,3587.26,profit
item_3151,11,100.0,76,1100.0,7600.0,1,2025-02-23,3587.19,profit
item_3162,14,78.0,40,1092.0,3120.0,1,2025-02-23,3585.49,profit
item_3161,11,100.0,55,1100.0,5500.0,1,2025-02-23,3586.59,profit
item_3155,29,38.0,94,1102.0,3572.0,1,2025-02-23,3586.84,profit
item_3143,11,100.0,99,1100.0,9900.0,1,2025-02-23,3586.75,profit
item_3146,38,29.0,76,1102.0,2204.0,1,2025-02-23,3587.17,profit
item_3171,9,123.0,99,1107.0,12177.0,1,2025-02-23,3586.65,profit
item_3178,19,58.0,87,1102.0,5046.0,1,2025-02-23,3585.46,profit
item_3158,29,38.0,38,1102.0,1444.0,1,2025-02-23,3587.37,profit
item_3159,14,79.0,75,1106.0,5925.0,1,2025-02-23,3586.67,profit
item_3152,18,61.0,33,1098.0,2013.0,1,2025-02-23,3585.61,profit
item_3177,10,109.0,40,1090.0,4360.0,1,2025-02-23,3585.23,profit
item_3154,24,46.0,71,1104.0,3266.0,1,2025-02-23,3586.53,profit
item_3164,26,42.0,73,1092.0,3066.0,1,2025-02-23,3586.39,profit
item_3150,46,24.0,30,1104.0,720.0,1,2025-02-23,3587.35,profit
item_3160,22,50.0,97,1100.0,4850.0,1,2025-02-23,3585.97,profit
item_3173,11,100.0,36,1100.0,3600.0,1,2025-02-23,3585.6,profit
item_3144,50,22.0,40,1100.0,880.0,1,2025-02-23,3585.52,profit
item_3176,9,123.0,91,1107.0,11193.0,1,2025-02-23,3585.58,profit
item_3175,10,110.0,10,1100.0,1100.0,1,2025-02-23,3586.98,profit
item_3142,27,41.0,51,1107.0,2091.0,1,2025-02-23,3586.57,profit
item_3149,39,28.0,90,1092.0,2520.0,1,2025-02-23,3586.14,profit
item_3165,48,23.0,27,1104.0,621.0,1,2025-02-23,3586.77,profit
item_3145,39,28.0,89,1092.0,2492.0,1,2025-02-23,3587.22,profit
item_3156,39,28.0,70,1092.0,1960.0,1,2025-02-23,3587.03,profit
item_3167,25,44.0,97,1100.0,4268.0,1,2025-02-23,3586.73,profit
item_3169,10,109.0,49,1090.0,5341.0,1,2025-02-23,3586.94,profit
item_3163,18,61.0,82,1098.0,5002.0,1,2025-02-23,3585.98,profit
item_3147,46,24.0,12,1104.0,288.0,1,2025-02-23,3587.04,profit
item_3174,27,41.0,93,1107.0,3813.0,1,2025-02-23,3585.71,profit
item_3168,39,28.0,21,1092.0,588.0,1,2025-02-23,3586.75,profit
item_3157,44,25.0,91,1100.0,2275.0,1,2025-02-23,3587.19,profit
item_3172,11,100.0,36,1100.0,3600.0,1,2025-02-23,3585.19,profit
item_3148,15,73.0,59,1095.0,4307.0,1,2025-02-23,3587.03,profit
item_3153,20,55.0,43,1100.0,2365.0,1,2025-02-23,3586.28,profit
item_3170,22,50.0,33,1100.0,1650.0,1,2025-02-23,3585.58,profit
item_3212,8,141.0,29,1128.0,4089.0,1,2025-02-24,3585.16,profit
item_3183,10,112.0,72,1120.0,8064.0,1,2025-02-24,3585.59,profit
item_3215,40,28.0,84,1120.0,2352.0,1,2025-02-24,3587.31,profit
item_3201,20,56.0,49,1120.0,2744.0,1,2025-02-24,3587.04,profit
item_3227,23,49.0,47,1127.0,2303.0,1,2025-02-24,3586.87,profit
item_3214,45,25.0,42,1125.0,1050.0,1,2025-02-24,3586.12,profit
item_3181,31,36.0,13,1116.0,468.0,1,2025-02-24,3586.13,profit
item_3213,14,80.0,62,1120.0,4960.0,1,2025-02-24,3585.26,profit
item_3196,25,45.0,92,1125.0,4140.0,1,2025-02-24,3585.11,profit
item_3224,45,25.0,40,1125.0,1000.0,1,2025-02-24,3587.37,profit
item_3194,35,32.0,32,1120.0,1024.0,1,2025-02-24,3587.09,profit
item_3197,33,34.0,77,1122.0,2618.0,1,2025-02-24,3586.8,profit
item_3193,34,33.0,64,1122.0,2112.0,1,2025-02-24,3586.23,profit
item_3216,19,59.0,14,1121.0,826.0,1,2025-02-24,3587.3,profit
item_3192,15,74.0,70,1110.0,5180.0,1,2025-02-24,3585.82,profit
item_3187,49,23.0,78,1127.0,1794.0,1,2025-02-24,3586.1,profit
item_3205,10,113.0,91,1130.0,10283.0,1,2025-02-24,3586.17,profit
item_3200,32,35.0,53,1120.0,1855.0,1,2025-02-24,3585.95,profit
item_3191,13,86.0,16,1118.0,1376.0,1,2025-02-24,3587.1,profit
item_3229,26,43.0,67,1118.0,2881.0,1,2025-02-24,3586.96,profit
item_3219,8,139.0,52,1112.0,7228.0,1,2025-02-24,3585.28,profit
item_3179,32,35.0,76,1120.0,2660.0,1,2025-02-24,3586.41,profit
item_3188,18,62.0,31,1116.0,1922.0,1,2025-02-24,3587.53,profit
item_3195,8,141.0,51,1128.0,7191.0,1,2025-02-24,3586.97,profit
item_3208,33,34.0,28,1122.0,952.0,1,2025-02-24,3587.64,profit
item_3184,15,75.0,91,1125.0,6825.0,1,2025-02-24,3585.55,profit
item_3222,36,31.0,45,1116.0,1395.0,1,2025-02-24,3586.79,profit
item_3225,18,62.0,19,1116.0,1178.0,1,2025-02-24,3587.29,profit
item_3190,35,32.0,84,1120.0,2688.0,1,2025-02-24,3585.66,profit
item_3221,23,49.0,87,1127.0,4263.0,1,2025-02-24,3585.73,profit
item_3180,17,66.0,95,1122.0,6270.0,1,2025-02-24,3586.9,profit
item_3220,12,94.0,10,1128.0,940.0,1,2025-02-24,3584.93,profit
item_3199,14,80.0,41,1120.0,3280.0,1,2025-02-24,3587.06,profit
item_3202,20,56.0,15,1120.0,840.0,1,2025-02-24,3586.48,profit
item_3228,30,37.0,28,1110.0,1036.0,1,2025-02-24,3586.79,profit
item_3226,28,40.0,15,1120.0,600.0,1,2025-02-24,3586.33,profit
item_3203,10,112.0,12,1120.0,1344.0,1,2025-02-24,3586.51,profit
item_3186,16,70.0,45,1120.0,3150.0,1,2025-02-24,3587.22,profit
item_3207,49,23.0,90,1127.0,2070.0,1,2025-02-24,3586.08,profit
item_3185,47,24.0,48,1128.0,1152.0,1,2025-02-24,3586.06,profit
item_3223,49,23.0,41,1127.0,943.0,1,2025-02-24,3587.03,profit
item_3198,40,28.0,52,1120.0,1456.0,1,2025-02-24,3586.91,profit
item_3204,12,94.0,34,1128.0,3196.0,1,2025-02-24,3585.9,profit
item_3209,10,113.0,34,1130.0,3842.0,1,2025-02-24,3586.82,profit
item_3211,8,139.0,36,1112.0,5004.0,1,2025-02-24,3586.19,profit
item_3218,9,125.0,88,1125.0,11000.0,1,2025-02-24,3585.34,profit
item_3210,15,74.0,73,1110.0,5402.0,1,2025-02-24,3585.57,profit
item_3189,11,101.0,73,1111.0,7373.0,1,2025-02-24,3586.23,profit
item_3182,10,113.0,35,1130.0,3955.0,1,2025-02-24,3586.61,profit
item_3206,15,75.0,36,1125.0,2700.0,1,2025-02-24,3585.61,profit
item_3217,8,140.0,21,1120.0,2940.0,1,2025-02-24,3586.26,profit
item_3232,8,143.0,26,1144.0,3718.0,1,2025-02-25,3585.95,profit
item_3254,9,126.0,19,1134.0,2394.0,1,2025-02-25,3585.64,profit
item_3246,46,25.0,40,1150.0,1000.0,1,2025-02-25,3586.61,profit
item_3269,27,42.0,43,1134.0,1806.0,1,2025-02-25,3586.3,profit
item_3274,19,60.0,51,1140.0,3060.0,1,2025-02-25,3586.86,profit
item_3276,18,63.0,11,1134.0,693.0,1,2025-02-25,3586.65,profit
item_3238,41,28.0,11,1148.0,308.0,1,2025-02-25,3586.48,profit
item_3248,21,54.0,12,1134.0,648.0,1,2025-02-25,3586.02,profit
item_3231,13,88.0,88,1144.0,7744.0,1,2025-02-25,3586.79,profit
item_3235,37,31.0,29,1147.0,899.0,1,2025-02-25,3586.47,profit
item_3240,18,63.0,54,1134.0,3402.0,1,2025-02-25,3587.7,profit
item_3267,50,23.0,19,1150.0,437.0,1,2025-02-25,3585.14,profit
item_3237,17,67.0,28,1139.0,1876.0,1,2025-02-25,3585.62,profit
item_3268,20,57.0,12,1140.0,684.0,1,2025-02-25,3587.03,profit
item_3250,20,57.0,39,1140.0,2223.0,1,2025-02-25,3587.62,profit
item_3249,46,25.0,75,1150.0,1875.0,1,2025-02-25,3586.55,profit
item_3239,46,25.0,79,1150.0,1975.0,1,2025-02-25,3587.32,profit
item_3255,18,63.0,77,1134.0,4851.0,1,2025-02-25,3585.39,profit
item_3257,41,28.0,71,1148.0,1988.0,1,2025-02-25,3586.89,profit
item_3245,23,50.0,80,1150.0,4000.0,1,2025-02-25,3587.54,profit
item_3271,28,41.0,15,1148.0,615.0,1,2025-02-25,3585.02,profit
item_3258,22,52.0,67,1144.0,3484.0,1,2025-02-25,3587.14,profit
item_3272,44,26.0,37,1144.0,962.0,1,2025-02-25,3586.5,profit
item_3275,23,50.0,35,1150.0,1750.0,1,2025-02-25,3586.55,profit
item_3259,42,27.0,66,1134.0,1782.0,1,2025-02-25,3586.39,profit
item_3242,31,37.0,15,1147.0,555.0,1,2025-02-25,3586.55,profit
item_3270,9,127.0,97,1143.0,12319.0,1,2025-02-25,3586.85,profit
item_3252,42,27.0,13,1134.0,351.0,1,2025-02-25,3585.3,profit
item_3262,21,54.0,28,1134.0,1512.0,1,2025-02-25,3587.24,profit
item_3243,27,42.0,13,1134.0,546.0,1,2025-02-25,3586.99,profit
item_3236,9,126.0,15,1134.0,1890.0,1,2025-02-25,3587.17,profit
item_3234,19,60.0,34,1140.0,2040.0,1,2025-02-25,3586.83,profit
item_3263,38,30.0,46,1140.0,1380.0,1,2025-02-25,3586.42,profit
item_3256,30,38.0,75,1140.0,2850.0,1,2025-02-25,3586.41,profit
item_3266,10,115.0,94,1150.0,10810.0,1,2025-02-25,3585.6,profit
item_3247,14,81.0,27,1134.0,2187.0,1,2025-02-25,3587.23,profit
item_3261,50,23.0,21,1150.0,483.0,1,2025-02-25,3584.97,profit
item_3253,11,104.0,54,1144.0,5616.0,1,2025-02-25,3587.11,profit
item_3241,23,50.0,18,1150.0,900.0,1,2025-02-25,3586.33,profit
item_3230,29,39.0,14,1131.0,546.0,1,2025-02-25,3586.93,profit
item_3264,20,57.0,25,1140.0,1425.0,1,2025-02-25,3587.15,profit
item_3233,26,44.0,49,1144.0,2156.0,1,2025-02-25,3585.14,profit
item_3265,11,104.0,76,1144.0,7904.0,1,2025-02-25,3586.4,profit
item_3273,30,38.0,11,1140.0,418.0,1,2025-02-25,3587.25,profit
item_3251,9,127.0,45,1143.0,5715.0,1,2025-02-25,3586.44,profit
item_3244,37,31.0,97,1147.0,3007.0,1,2025-02-25,3586.94,profit
item_3260,8,143.0,29,1144.0,4147.0,1,2025-02-25,3587.12,profit
item_3281,12,97.0,77,1164.0,7469.0,1,2025-02-26,3585.75,profit
item_3307,45,26.0,16,1170.0,416.0,1,2025-02-26,3586.76,profit
item_3295,10,117.0,12,1170.0,1404.0,1,2025-02-26,3584.8,profit
item_3300,40,29.0,16,1160.0,464.0,1,2025-02-26,3587.27,profit
item_3317,15,77.0,10,1155.0,770.0,1,2025-02-26,3586.07,profit
item_3325,9,130.0,26,1170.0,3380.0,1,2025-02-26,3585.46,profit
item_3282,13,89.0,15,1157.0,1335.0,1,2025-02-26,3585.71,profit
item_3299,34,34.0,100,1156.0,3400.0,1,2025-02-26,3586.17,profit
item_3322,8,145.0,25,1160.0,3625.0,1,2025-02-26,3586.8,profit
item_3311,21,55.0,53,1155.0,2915.0,1,2025-02-26,3584.91,profit
item_3305,26,45.0,50,1170.0,2250.0,1,2025-02-26,3586.76,profit
item_3283,20,58.0,74,1160.0,4292.0,1,2025-02-26,3585.87,profit
item_3293,9,129.0,35,1161.0,4515.0,1,2025-02-26,3585.67,profit
item_3289,26,45.0,79,1170.0,3555.0,1,2025-02-26,3585.33,profit
item_3285,15,77.0,19,1155.0,1463.0,1,2025-02-26,3585.0,profit
item_3310,9,129.0,92,1161.0,11868.0,1,2025-02-26,3585.83,profit
item_3309,12,96.0,75,1152.0,7200.0,1,2025-02-26,3586.56,profit
item_3330,9,129.0,85,1161.0,10965.0,1,2025-02-26,3587.0,profit
item_3294,8,146.0,70,1168.0,10220.0,1,2025-02-26,3585.2,profit
item_3331,27,43.0,23,1161.0,989.0,1,2025-02-26,3585.21,profit
item_3280,11,105.0,63,1155.0,6615.0,1,2025-02-26,3586.71,profit
item_3304,32,36.0,86,1152.0,3096.0,1,2025-02-26,3584.66,profit
item_3326,19,61.0,92,1159.0,5612.0,1,2025-02-26,3585.56,profit
item_3278,33,35.0,31,1155.0,1085.0,1,2025-02-26,3587.68,profit
item_3320,40,29.0,99,1160.0,2871.0,1,2025-02-26,3585.35,profit
item_3306,29,40.0,76,1160.0,3040.0,1,2025-02-26,3586.39,profit
item_3287,45,26.0,13,1170.0,338.0,1,2025-02-26,3585.54,profit
item_3318,24,48.0,16,1152.0,768.0,1,2025-02-26,3586.09,profit
item_3303,8,145.0,73,1160.0,10585.0,1,2025-02-26,3586.68,profit
item_3301,14,83.0,37,1162.0,3071.0,1,2025-02-26,3586.84,profit
item_3292,11,105.0,98,1155.0,10290.0,1,2025-02-26,3586.06,profit
item_3323,35,33.0,31,1155.0,1023.0,1,2025-02-26,3584.9,profit
item_3297,22,53.0,22,1166.0,1166.0,1,2025-02-26,3584.71,profit
item_3308,24,48.0,17,1152.0,816.0,1,2025-02-26,3587.0,profit
item_3290,16,73.0,12,1168.0,876.0,1,2025-02-26,3586.91,profit
item_3333,20,58.0,28,1160.0,1624.0,1,2025-02-26,3585.32,profit
item_3312,11,106.0,40,1166.0,4240.0,1,2025-02-26,3586.15,profit
item_3284,8,144.0,56,1152.0,8064.0,1,2025-02-26,3586.59,profit
item_3288,8,145.0,27,1160.0,3915.0,1,2025-02-26,3587.42,profit
item_3298,17,68.0,11,1156.0,748.0,1,2025-02-26,3586.23,profit
item_3296,8,145.0,78,1160.0,11310.0,1,2025-02-26,3585.39,profit
item_3291,13,90.0,15,1170.0,1350.0,1,2025-02-26,3586.1,profit
item_3286,9,130.0,10,1170.0,1300.0,1,2025-02-26,3586.06,profit
item_3313,16,73.0,25,1168.0,1825.0,1,2025-02-26,3585.43,profit
item_3329,32,36.0,28,1152.0,1008.0,1,2025-02-26,3586.49,profit
item_3316,17,68.0,35,1156.0,2380.0,1,2025-02-26,3585.57,profit
item_3335,20,58.0,25,1160.0,1450.0,1,2025-02-26,3587.1,profit
item_3279,24,48.0,26,1152.0,1248.0,1,2025-02-26,3587.02,profit
item_3302,24,48.0,86,1152.0,4128.0,1,2025-02-26,3585.92,profit
item_3327,14,83.0,71,1162.0,5893.0,1,2025-02-26,3586.55,profit
item_3334,32,36.0,69,1152.0,2484.0,1,2025-02-26,3586.46,profit
item_3332,9,129.0,46,1161.0,5934.0,1,2025-02-26,3586.64,profit
item_3324,9,128.0,12,1152.0,1536.0,1,2025-02-26,3586.96,profit
item_3328,24,48.0,10,1152.0,480.0,1,2025-02-26,3585.88,profit
item_3277,48,24.0,62,1152.0,1488.0,1,2025-02-26,3586.41,profit
item_3314,8,145.0,64,1160.0,9280.0,1,2025-02-26,3586.06,profit
item_3315,12,96.0,62,1152.0,5952.0,1,2025-02-26,3584.86,profit
item_3319,9,129.0,66,1161.0,8514.0,1,2025-02-26,3586.77,profit
item_3321,30,39.0,90,1170.0,3510.0,1,2025-02-26,3587.37,profit
item_3356,38,31.0,41,1178.0,1271.0,1,2025-02-27,3585.82,profit
item_3378,8,148.0,53,1184.0,7844.0,1,2025-02-27,3587.05,profit
item_3353,18,66.0,71,1188.0,4686.0,1,2025-02-27,3586.92,profit
item_3339,37,32.0,98,1184.0,3136.0,1,2025-02-27,3584.63,profit
item_3350,37,32.0,46,1184.0,1472.0,1,2025-02-27,3585.19,profit
item_3362,47,25.0,83,1175.0,2075.0,1,2025-02-27,3587.45,profit
item_3377,38,31.0,51,1178.0,1581.0,1,2025-02-27,3586.54,profit
item_3366,18,66.0,37,1188.0,2442.0,1,2025-02-27,3585.82,profit
item_3381,11,107.0,53,1177.0,5671.0,1,2025-02-27,3586.91,profit
item_3369,21,56.0,15,1176.0,840.0,1,2025-02-27,3586.41,profit
item_3348,9,131.0,53,1179.0,6943.0,1,2025-02-27,3585.91,profit
item_3342,10,118.0,93,1180.0,10974.0,1,2025-02-27,3585.29,profit
item_3363,9,132.0,45,1188.0,5940.0,1,2025-02-27,3587.48,profit
item_3361,44,27.0,63,1188.0,1701.0,1,2025-02-27,3586.1,profit
item_3370,21,56.0,81,1176.0,4536.0,1,2025-02-27,3586.64,profit
item_3347,12,99.0,34,1188.0,3366.0,1,2025-02-27,3585.21,profit
item_3338,8,148.0,82,1184.0,12136.0,1,2025-02-27,3587.34,profit
item_3336,12,99.0,29,1188.0,2871.0,1,2025-02-27,3586.41,profit
item_3386,10,118.0,26,1180.0,3068.0,1,2025-02-27,3586.53,profit
item_3343,17,69.0,42,1173.0,2898.0,1,2025-02-27,3585.0,profit
item_3379,9,131.0,82,1179.0,10742.0,1,2025-02-27,3584.89,profit
item_3346,8,148.0,22,1184.0,3256.0,1,2025-02-27,3585.29,profit
item_3387,23,51.0,19,1173.0,969.0,1,2025-02-27,3585.26,profit
item_3388,31,38.0,98,1178.0,3724.0,1,2025-02-27,3586.49,profit
item_3368,17,70.0,32,1190.0,2240.0,1,2025-02-27,3586.46,profit
item_3372,14,85.0,47,1190.0,3995.0,1,2025-02-27,3587.1,profit
item_3352,33,36.0,85,1188.0,3060.0,1,2025-02-27,3586.84,profit
item_3354,28,42.0,57,1176.0,2394.0,1,2025-02-27,3586.07,profit
item_3380,35,34.0,98,1190.0,3332.0,1,2025-02-27,3584.92,profit
item_3364,31,38.0,52,1178.0,1976.0,1,2025-02-27,3585.11,profit
item_3341,11,107.0,47,1177.0,5029.0,1,2025-02-27,3584.73,profit
item_3349,10,118.0,96,1180.0,11328.0,1,2025-02-27,3585.34,profit
item_3340,9,131.0,62,1179.0,8122.0,1,2025-02-27,3586.98,profit
item_3344,25,47.0,31,1175.0,1457.0,1,2025-02-27,3585.9,profit
item_3382,37,32.0,71,1184.0,2272.0,1,2025-02-27,3585.25,profit
item_3371,38,31.0,22,1178.0,682.0,1,2025-02-27,3586.77,profit
item_3367,17,69.0,42,1173.0,2898.0,1,2025-02-27,3586.53,profit
item_3383,21,56.0,63,1176.0,3528.0,1,2025-02-27,3586.97,profit
item_3385,27,44.0,80,1188.0,3520.0,1,2025-02-27,3587.24,profit
item_3389,14,85.0,25,1190.0,2125.0,1,2025-02-27,3587.11,profit
item_3390,27,44.0,87,1188.0,3828.0,1,2025-02-27,3585.89,profit
item_3375,8,148.0,74,1184.0,10952.0,1,2025-02-27,3586.18,profit
item_3359,15,79.0,20,1185.0,1580.0,1,2025-02-27,3587.01,profit
item_3337,35,34.0,98,1190.0,3332.0,1,2025-02-27,3585.88,profit
item_3360,14,84.0,46,1176.0,3864.0,1,2025-02-27,3586.07,profit
item_3373,11,108.0,43,1188.0,4644.0,1,2025-02-27,3586.03,profit
item_3345,9,131.0,29,1179.0,3799.0,1,2025-02-27,3586.46,profit
item_3365,12,99.0,15,1188.0,1485.0,1,2025-02-27,3586.88,profit
item_3376,27,44.0,48,1188.0,2112.0,1,2025-02-27,3584.63,profit
item_3357,10,119.0,60,1190.0,7140.0,1,2025-02-27,3586.98,profit
item_3384,42,28.0,97,1176.0,2716.0,1,2025-02-27,3586.28,profit
item_3351,38,31.0,41,1178.0,1271.0,1,2025-02-27,3586.78,profit
item_3355,14,85.0,63,1190.0,5355.0,1,2025-02-27,3586.64,profit
item_3358,38,31.0,39,1178.0,1209.0,1,2025-02-27,3585.26,profit
item_3374,16,74.0,95,1184.0,7030.0,1,2025-02-27,3585.68,profit
item_3391,48,25.0,95,1200.0,2375.0,1,2025-02-28,3586.89,profit
item_3425,22,55.0,65,1210.0,3575.0,1,2025-02-28,3585.76,profit
item_3400,9,134.0,66,1206.0,8844.0,1,2025-02-28,3585.67,profit
item_3418,25,48.0,89,1200.0,4272.0,1,2025-02-28,3586.3,profit
item_3404,24,50.0,89,1200.0,4450.0,1,2025-02-28,3587.36,profit
item_3415,16,75.0,10,1200.0,750.0,1,2025-02-28,3586.32,profit
item_3421,12,101.0,100,1212.0,10100.0,1,2025-02-28,3586.15,profit
item_3403,48,25.0,42,1200.0,1050.0,1,2025-02-28,3586.71,profit
item_3422,10,120.0,32,1200.0,3840.0,1,2025-02-28,3585.29,profit
item_3412,26,46.0,73,1196.0,3358.0,1,2025-02-28,3587.36,profit
item_3397,23,52.0,93,1196.0,4836.0,1,2025-02-28,3587.37,profit
item_3411,43,28.0,94,1204.0,2632.0,1,2025-02-28,3584.87,profit
item_3410,8,149.0,28,1192.0,4172.0,1,2025-02-28,3584.92,profit
item_3413,16,75.0,76,1200.0,5700.0,1,2025-02-28,3586.56,profit
item_3406,23,52.0,22,1196.0,1144.0,1,2025-02-28,3587.14,profit
item_3416,12,100.0,54,1200.0,5400.0,1,2025-02-28,3586.06,profit
item_3427,12,100.0,25,1200.0,2500.0,1,2025-02-28,3587.06,profit
item_3409,9,134.0,90,1206.0,12060.0,1,2025-02-28,3585.56,profit
item_3395,10,120.0,28,1200.0,3360.0,1,2025-02-28,3586.15,profit
item_3417,17,71.0,83,1207.0,5893.0,1,2025-02-28,3585.86,profit
item_3401,17,71.0,53,1207.0,3763.0,1,2025-02-28,3585.2,profit
item_3399,11,109.0,28,1199.0,3052.0,1,2025-02-28,3586.34,profit
item_3394,18,67.0,34,1206.0,2278.0,1,2025-02-28,3585.72,profit
item_3423,25,48.0,100,1200.0,4800.0,1,2025-02-28,3585.11,profit
item_3424,15,80.0,91,1200.0,7280.0,1,2025-02-28,3586.62,profit
item_3408,11,110.0,52,1210.0,5720.0,1,2025-02-28,3586.73,profit
item_3392,19,63.0,59,1197.0,3717.0,1,2025-02-28,3587.43,profit
item_3428,26,46.0,25,1196.0,1150.0,1,2025-02-28,3585.76,profit
item_3419,21,57.0,68,1197.0,3876.0,1,2025-02-28,3586.65,profit
item_3396,39,31.0,92,1209.0,2852.0,1,2025-02-28,3585.51,profit
item_3405,40,30.0,70,1200.0,2100.0,1,2025-02-28,3586.68,profit
item_3414,22,55.0,48,1210.0,2640.0,1,2025-02-28,3585.94,profit
item_3420,18,67.0,91,1206.0,6097.0,1,2025-02-28,3586.34,profit
item_3429,12,100.0,43,1200.0,4300.0,1,2025-02-28,3586.82,profit
item_3402,25,48.0,69,1200.0,3312.0,1,2025-02-28,3586.2,profit
item_3398,23,52.0,28,1196.0,1456.0,1,2025-02-28,3586.5,profit
item_3426,48,25.0,11,1200.0,275.0,1,2025-02-28,3586.28,profit
item_3393,14,86.0,44,1204.0,3784.0,1,2025-02-28,3586.04,profit
item_3407,23,52.0,79,1196.0,4108.0,1,2025-02-28,3586.43,profit
item_3450,45,27.0,45,1215.0,1215.0,1,2025-03-01,3585.64,profit
item_3472,11,111.0,16,1221.0,1776.0,1,2025-03-01,3587.19,profit
item_3442,15,81.0,78,1215.0,6318.0,1,2025-03-01,3585.67,profit
item_3440,20,61.0,68,1220.0,4148.0,1,2025-03-01,3586.19,profit
item_3437,34,36.0,32,1224.0,1152.0,1,2025-03-01,3586.59,profit
item_3471,37,33.0,61,1221.0,2013.0,1,2025-03-01,3587.22,profit
item_3449,14,88.0,93,1232.0,8184.0,1,2025-03-01,3587.42,profit
item_3444,32,38.0,42,1216.0,1596.0,1,2025-03-01,3587.03,profit
item_3458,26,47.0,61,1222.0,2867.0,1,2025-03-01,3586.56,profit
item_3473,30,41.0,76,1230.0,3116.0,1,2025-03-01,3585.68,profit
item_3435,47,26.0,33,1222.0,858.0,1,2025-03-01,3586.29,profit
item_3453,22,56.0,64,1232.0,3584.0,1,2025-03-01,3586.26,profit
item_3454,25,49.0,21,1225.0,1029.0,1,2025-03-01,3586.47,profit
item_3438,19,64.0,60,1216.0,3840.0,1,2025-03-01,3587.01,profit
item_3431,11,112.0,36,1232.0,4032.0,1,2025-03-01,3587.55,profit
item_3436,22,56.0,59,1232.0,3304.0,1,2025-03-01,3587.3,profit
item_3467,19,64.0,60,1216.0,3840.0,1,2025-03-01,3586.1,profit
item_3443,32,38.0,99,1216.0,3762.0,1,2025-03-01,3586.15,profit
item_3475,9,135.0,34,1215.0,4590.0,1,2025-03-01,3586.23,profit
item_3460,12,102.0,11,1224.0,1122.0,1,2025-03-01,3585.92,profit
item_3463,34,36.0,15,1224.0,540.0,1,2025-03-01,3585.96,profit
item_3441,11,112.0,25,1232.0,2800.0,1,2025-03-01,3586.56,profit
item_3456,16,77.0,52,1232.0,4004.0,1,2025-03-01,3587.09,profit
item_3468,17,72.0,54,1224.0,3888.0,1,2025-03-01,3586.36,profit
item_3451,19,64.0,18,1216.0,1152.0,1,2025-03-01,3587.03,profit
item_3432,36,34.0,19,1224.0,646.0,1,2025-03-01,3585.61,profit
item_3433,28,44.0,77,1232.0,3388.0,1,2025-03-01,3587.07,profit
item_3466,16,76.0,55,1216.0,4180.0,1,2025-03-01,3586.95,profit
item_3464,35,35.0,98,1225.0,3430.0,1,2025-03-01,3587.02,profit
item_3465,35,35.0,43,1225.0,1505.0,1,2025-03-01,3587.34,profit
item_3452,17,72.0,70,1224.0,5040.0,1,2025-03-01,3586.14,profit
item_3459,14,87.0,35,1218.0,3045.0,1,2025-03-01,3586.69,profit
item_3469,11,112.0,38,1232.0,4256.0,1,2025-03-01,3586.19,profit
item_3447,26,47.0,80,1222.0,3760.0,1,2025-03-01,3586.0,profit
item_3434,18,68.0,61,1224.0,4148.0,1,2025-03-01,3587.01,profit
item_3461,14,88.0,88,1232.0,7744.0,1,2025-03-01,3585.85,profit
item_3430,47,26.0,59,1222.0,1534.0,1,2025-03-01,3585.94,profit
item_3470,38,32.0,52,1216.0,1664.0,1,2025-03-01,3585.61,profit
item_3455,35,35.0,68,1225.0,2380.0,1,2025-03-01,3586.49,profit
item_3474,17,72.0,50,1224.0,3600.0,1,2025-03-01,3587.09,profit
item_3445,11,112.0,72,1232.0,8064.0,1,2025-03-01,3586.75,profit
item_3457,23,53.0,63,1219.0,3339.0,1,2025-03-01,3586.04,profit
item_3448,44,28.0,98,1232.0,2744.0,1,2025-03-01,3586.85,profit
item_3462,14,87.0,16,1218.0,1392.0,1,2025-03-01,3586.04,profit
item_3439,16,77.0,37,1232.0,2849.0,1,2025-03-01,3586.47,profit
item_3446,15,81.0,27,1215.0,2187.0,1,2025-03-01,3585.42,profit
item_3494,13,96.0,18,1248.0,1728.0,1,2025-03-02,3586.43,profit
item_3481,9,137.0,57,1233.0,7809.0,1,2025-03-02,3586.87,profit
item_3489,39,32.0,87,1248.0,2784.0,1,2025-03-02,3587.33,profit
item_3476,13,95.0,51,1235.0,4845.0,1,2025-03-02,3585.3,profit
item_3501,50,25.0,46,1250.0,1150.0,1,2025-03-02,3586.8,profit
item_3486,24,52.0,64,1248.0,3328.0,1,2025-03-02,3586.82,profit
item_3505,19,65.0,47,1235.0,3055.0,1,2025-03-02,3584.64,profit
item_3483,31,40.0,18,1240.0,720.0,1,2025-03-02,3586.83,profit
item_3485,26,48.0,79,1248.0,3792.0,1,2025-03-02,3587.16,profit
item_3518,21,59.0,86,1239.0,5074.0,1,2025-03-02,3586.58,profit
item_3510,48,26.0,67,1248.0,1742.0,1,2025-03-02,3586.68,profit
item_3513,13,96.0,10,1248.0,960.0,1,2025-03-02,3587.07,profit
item_3514,16,78.0,67,1248.0,5226.0,1,2025-03-02,3585.65,profit
item_3480,29,43.0,84,1247.0,3612.0,1,2025-03-02,3585.53,profit
item_3498,18,69.0,79,1242.0,5451.0,1,2025-03-02,3585.35,profit
item_3502,14,89.0,76,1246.0,6764.0,1,2025-03-02,3587.26,profit
item_3517,27,46.0,81,1242.0,3726.0,1,2025-03-02,3586.14,profit
item_3488,46,27.0,53,1242.0,1431.0,1,2025-03-02,3585.82,profit
item_3477,48,26.0,51,1248.0,1326.0,1,2025-03-02,3585.92,profit
item_3504,9,139.0,92,1251.0,12788.0,1,2025-03-02,3585.76,profit
item_3491,31,40.0,16,1240.0,640.0,1,2025-03-02,3586.42,profit
item_3484,43,29.0,17,1247.0,493.0,1,2025-03-02,3586.59,profit
item_3512,50,25.0,43,1250.0,1075.0,1,2025-03-02,3587.27,profit
item_3497,9,137.0,43,1233.0,5891.0,1,2025-03-02,3587.38,profit
item_3482,32,39.0,75,1248.0,2925.0,1,2025-03-02,3584.97,profit
item_3516,18,69.0,93,1242.0,6417.0,1,2025-03-02,3587.32,profit
item_3515,43,29.0,67,1247.0,1943.0,1,2025-03-02,3586.16,profit
item_3490,23,54.0,76,1242.0,4104.0,1,2025-03-02,3587.18,profit
item_3499,14,89.0,81,1246.0,7209.0,1,2025-03-02,3586.35,profit
item_3479,12,104.0,23,1248.0,2392.0,1,2025-03-02,3586.72,profit
item_3492,39,32.0,51,1248.0,1632.0,1,2025-03-02,3586.61,profit
item_3507,16,78.0,41,1248.0,3198.0,1,2025-03-02,3586.66,profit
item_3493,20,62.0,27,1240.0,1674.0,1,2025-03-02,3587.19,profit
item_3500,32,39.0,66,1248.0,2574.0,1,2025-03-02,3585.77,profit
item_3487,14,89.0,39,1246.0,3471.0,1,2025-03-02,3586.55,profit
item_3496,46,27.0,15,1242.0,405.0,1,2025-03-02,3586.87,profit
item_3511,46,27.0,98,1242.0,2646.0,1,2025-03-02,3587.25,profit
item_3495,25,50.0,44,1250.0,2200.0,1,2025-03-02,3585.99,profit
item_3506,29,43.0,53,1247.0,2279.0,1,2025-03-02,3585.99,profit
item_3508,32,39.0,73,1248.0,2847.0,1,2025-03-02,3586.04,profit
item_3478,26,48.0,95,1248.0,4560.0,1,2025-03-02,3587.45,profit
item_3509,26,48.0,97,1248.0,4656.0,1,2025-03-02,3587.01,profit
item_3561,19,67.0,35,1273.0,2345.0,1,2025-03-03,3585.31,profit
item_3533,22,57.0,57,1254.0,3249.0,1,2025-03-03,3587.1,profit
item_3547,45,28.0,11,1260.0,308.0,1,2025-03-03,3585.82,profit
item_3550,35,36.0,81,1260.0,2916.0,1,2025-03-03,3587.03,profit
item_3519,13,97.0,26,1261.0,2522.0,1,2025-03-03,3586.25,profit
item_3560,11,115.0,24,1265.0,2760.0,1,2025-03-03,3586.23,profit
item_3544,9,140.0,83,1260.0,11620.0,1,2025-03-03,3586.86,profit
item_3558,42,30.0,89,1260.0,2670.0,1,2025-03-03,3587.12,profit
item_3526,33,38.0,32,1254.0,1216.0,1,2025-03-03,3586.31,profit
item_3522,36,35.0,15,1260.0,525.0,1,2025-03-03,3586.96,profit
item_3534,34,37.0,22,1258.0,814.0,1,2025-03-03,3586.48,profit
item_3525,19,67.0,90,1273.0,6030.0,1,2025-03-03,3586.48,profit
item_3555,10,126.0,34,1260.0,4284.0,1,2025-03-03,3585.72,profit
item_3521,41,31.0,47,1271.0,1457.0,1,2025-03-03,3586.25,profit
item_3565,34,37.0,61,1258.0,2257.0,1,2025-03-03,3586.78,profit
item_3566,10,127.0,20,1270.0,2540.0,1,2025-03-03,3587.15,profit
item_3559,21,60.0,94,1260.0,5640.0,1,2025-03-03,3587.31,profit
item_3530,10,127.0,34,1270.0,4318.0,1,2025-03-03,3584.73,profit
item_3549,36,35.0,62,1260.0,2170.0,1,2025-03-03,3586.52,profit
item_3537,18,70.0,44,1260.0,3080.0,1,2025-03-03,3587.32,profit
item_3524,24,53.0,36,1272.0,1908.0,1,2025-03-03,3585.2,profit
item_3538,30,42.0,49,1260.0,2058.0,1,2025-03-03,3586.22,profit
item_3543,38,33.0,19,1254.0,627.0,1,2025-03-03,3585.45,profit
item_3541,47,27.0,64,1269.0,1728.0,1,2025-03-03,3586.79,profit
item_3536,34,37.0,100,1258.0,3700.0,1,2025-03-03,3587.04,profit
item_3553,38,33.0,37,1254.0,1221.0,1,2025-03-03,3585.1,profit
item_3563,35,36.0,51,1260.0,1836.0,1,2025-03-03,3586.08,profit
item_3562,15,84.0,30,1260.0,2520.0,1,2025-03-03,3586.28,profit
item_3548,21,60.0,83,1260.0,4980.0,1,2025-03-03,3587.13,profit
item_3554,12,106.0,20,1272.0,2120.0,1,2025-03-03,3586.95,profit
item_3528,42,30.0,30,1260.0,900.0,1,2025-03-03,3585.39,profit
item_3539,9,141.0,83,1269.0,11703.0,1,2025-03-03,3586.9,profit
item_3567,19,66.0,60,1254.0,3960.0,1,2025-03-03,3585.49,profit
item_3564,27,47.0,37,1269.0,1739.0,1,2025-03-03,3587.15,profit
item_3557,31,41.0,90,1271.0,3690.0,1,2025-03-03,3586.84,profit
item_3556,27,47.0,25,1269.0,1175.0,1,2025-03-03,3585.54,profit
item_3535,35,36.0,16,1260.0,576.0,1,2025-03-03,3586.89,profit
item_3529,9,141.0,96,1269.0,13536.0,1,2025-03-03,3587.07,profit
item_3531,23,55.0,39,1265.0,2145.0,1,2025-03-03,3585.13,profit
item_3523,10,127.0,71,1270.0,9017.0,1,2025-03-03,3586.81,profit
item_3542,12,105.0,88,1260.0,9240.0,1,2025-03-03,3587.41,profit
item_3552,10,126.0,51,1260.0,6426.0,1,2025-03-03,3587.0,profit
item_3540,36,35.0,12,1260.0,420.0,1,2025-03-03,3584.89,profit
item_3520,19,66.0,90,1254.0,5940.0,1,2025-03-03,3585.59,profit
item_3546,15,84.0,44,1260.0,3696.0,1,2025-03-03,3586.65,profit
item_3551,36,35.0,90,1260.0,3150.0,1,2025-03-03,3587.0,profit
item_3532,35,36.0,67,1260.0,2412.0,1,2025-03-03,3586.45,profit
item_3545,28,45.0,72,1260.0,3240.0,1,2025-03-03,3584.87,profit
item_3527,11,114.0,82,1254.0,9348.0,1,2025-03-03,3586.81,profit
item_3590,9,143.0,56,1287.0,8008.0,1,2025-03-04,3585.62,profit
item_3569,26,49.0,36,1274.0,1764.0,1,2025-03-04,3587.48,profit
item_3574,23,56.0,25,1288.0,1400.0,1,2025-03-04,3585.77,profit
item_3579,10,128.0,91,1280.0,11648.0,1,2025-03-04,3587.3,profit
item_3580,9,142.0,12,1278.0,1704.0,1,2025-03-04,3585.07,profit
item_3586,38,34.0,88,1292.0,2992.0,1,2025-03-04,3586.85,profit
item_3588,20,64.0,32,1280.0,2048.0,1,2025-03-04,3587.18,profit
item_3589,13,99.0,98,1287.0,9702.0,1,2025-03-04,3586.28,profit
item_3593,46,28.0,55,1288.0,1540.0,1,2025-03-04,3586.8,profit
item_3570,43,30.0,52,1290.0,1560.0,1,2025-03-04,3586.66,profit
item_3594,43,30.0,66,1290.0,1980.0,1,2025-03-04,3587.2,profit
item_3578,44,29.0,40,1276.0,1160.0,1,2025-03-04,3585.97,profit
item_3595,10,129.0,67,1290.0,8643.0,1,2025-03-04,3587.17,profit
item_3577,15,85.0,34,1275.0,2890.0,1,2025-03-04,3586.37,profit
item_3573,15,86.0,83,1290.0,7138.0,1,2025-03-04,3585.27,profit
item_3581,15,85.0,48,1275.0,4080.0,1,2025-03-04,3585.09,profit
item_3591,38,34.0,76,1292.0,2584.0,1,2025-03-04,3584.76,profit
item_3587,49,26.0,37,1274.0,962.0,1,2025-03-04,3587.13,profit
item_3572,11,117.0,59,1287.0,6903.0,1,2025-03-04,3584.91,profit
item_3576,21,61.0,58,1281.0,3538.0,1,2025-03-04,3585.38,profit
item_3584,22,58.0,98,1276.0,5684.0,1,2025-03-04,3585.97,profit
item_3592,39,33.0,37,1287.0,1221.0,1,2025-03-04,3586.89,profit
item_3575,11,117.0,63,1287.0,7371.0,1,2025-03-04,3586.28,profit
item_3585,38,34.0,35,1292.0,1190.0,1,2025-03-04,3586.49,profit
item_3571,9,143.0,74,1287.0,10582.0,1,2025-03-04,3587.36,profit
item_3568,49,26.0,48,1274.0,1248.0,1,2025-03-04,3586.5,profit
item_3602,14,93.0,21,1302.0,1953.0,1,2025-03-05,3585.38,profit
item_3624,16,82.0,20,1312.0,1640.0,1,2025-03-05,3586.65,profit
item_3596,35,37.0,28,1295.0,1036.0,1,2025-03-05,3585.0,profit
item_3637,17,77.0,98,1309.0,7546.0,1,2025-03-05,3584.45,profit
item_3601,11,119.0,31,1309.0,3689.0,1,2025-03-05,3585.58,profit
item_3622,50,26.0,62,1300.0,1612.0,1,2025-03-05,3585.76,profit
item_3603,10,130.0,66,1300.0,8580.0,1,2025-03-05,3585.94,profit
item_3619,18,73.0,46,1314.0,3358.0,1,2025-03-05,3586.67,profit
item_3623,29,45.0,26,1305.0,1170.0,1,2025-03-05,3587.44,profit
item_3641,9,146.0,100,1314.0,14600.0,1,2025-03-05,3586.14,profit
item_3630,35,37.0,47,1295.0,1739.0,1,2025-03-05,3585.04,profit
item_3618,24,54.0,57,1296.0,3078.0,1,2025-03-05,3586.45,profit
item_3598,23,57.0,27,1311.0,1539.0,1,2025-03-05,3585.55,profit
item_3642,18,73.0,46,1314.0,3358.0,1,2025-03-05,3584.66,profit
item_3645,16,82.0,37,1312.0,3034.0,1,2025-03-05,3586.88,profit
item_3625,36,36.0,55,1296.0,1980.0,1,2025-03-05,3586.12,profit
item_3613,21,62.0,20,1302.0,1240.0,1,2025-03-05,3586.34,profit
item_3608,35,37.0,72,1295.0,2664.0,1,2025-03-05,3585.99,profit
item_3614,32,41.0,80,1312.0,3280.0,1,2025-03-05,3586.27,profit
item_3644,35,37.0,38,1295.0,1406.0,1,2025-03-05,3586.06,profit
item_3636,9,146.0,89,1314.0,12994.0,1,2025-03-05,3586.34,profit
item_3597,12,108.0,50,1296.0,5400.0,1,2025-03-05,3586.76,profit
item_3605,13,101.0,87,1313.0,8787.0,1,2025-03-05,3586.04,profit
item_3621,14,93.0,46,1302.0,4278.0,1,2025-03-05,3587.44,profit
item_3639,22,59.0,38,1298.0,2242.0,1,2025-03-05,3586.41,profit
item_3627,12,109.0,53,1308.0,5777.0,1,2025-03-05,3586.48,profit
item_3611,50,26.0,32,1300.0,832.0,1,2025-03-05,3587.43,profit
item_3600,13,101.0,78,1313.0,7878.0,1,2025-03-05,3586.37,profit
item_3635,22,59.0,96,1298.0,5664.0,1,2025-03-05,3587.19,profit
item_3617,24,54.0,29,1296.0,1566.0,1,2025-03-05,3587.45,profit
item_3615,13,100.0,36,1300.0,3600.0,1,2025-03-05,3587.03,profit
item_3626,21,62.0,56,1302.0,3472.0,1,2025-03-05,3587.2,profit
item_3638,29,45.0,62,1305.0,2790.0,1,2025-03-05,3585.72,profit
item_3606,35,37.0,43,1295.0,1591.0,1,2025-03-05,3585.68,profit
item_3620,45,29.0,78,1305.0,2262.0,1,2025-03-05,3586.25,profit
item_3643,18,72.0,57,1296.0,4104.0,1,2025-03-05,3585.9,profit
item_3610,48,27.0,87,1296.0,2349.0,1,2025-03-05,3586.38,profit
item_3609,21,62.0,67,1302.0,4154.0,1,2025-03-05,3587.13,profit
item_3633,42,31.0,43,1302.0,1333.0,1,2025-03-05,3586.08,profit
item_3616,45,29.0,84,1305.0,2436.0,1,2025-03-05,3585.74,profit
item_3632,18,72.0,29,1296.0,2088.0,1,2025-03-05,3586.16,profit
item_3607,16,82.0,29,1312.0,2378.0,1,2025-03-05,3586.88,profit
item_3599,19,69.0,83,1311.0,5727.0,1,2025-03-05,3586.5,profit
item_3628,18,72.0,95,1296.0,6840.0,1,2025-03-05,3585.6,profit
item_3640,18,73.0,33,1314.0,2409.0,1,2025-03-05,3586.22,profit
item_3612,21,62.0,81,1302.0,5022.0,1,2025-03-05,3587.13,profit
item_3631,20,65.0,73,1300.0,4745.0,1,2025-03-05,3586.66,profit
item_3634,36,36.0,94,1296.0,3384.0,1,2025-03-05,3587.2,profit
item_3629,11,119.0,89,1309.0,10591.0,1,2025-03-05,3586.2,profit
item_3604,16,82.0,14,1312.0,1148.0,1,2025-03-05,3585.29,profit
item_3676,43,31.0,89,1333.0,2759.0,1,2025-03-06,3585.15,profit
item_3649,31,43.0,75,1333.0,3225.0,1,2025-03-06,3584.91,profit
item_3678,31,43.0,32,1333.0,1376.0,1,2025-03-06,3585.66,profit
item_3685,15,89.0,38,1335.0,3382.0,1,2025-03-06,3586.27,profit
item_3660,27,49.0,57,1323.0,2793.0,1,2025-03-06,3584.87,profit
item_3647,40,33.0,59,1320.0,1947.0,1,2025-03-06,3587.51,profit
item_3672,21,63.0,59,1323.0,3717.0,1,2025-03-06,3585.18,profit
item_3692,36,37.0,50,1332.0,1850.0,1,2025-03-06,3586.19,profit
item_3677,15,89.0,94,1335.0,8366.0,1,2025-03-06,3587.4,profit
item_3652,10,132.0,77,1320.0,10164.0,1,2025-03-06,3586.53,profit
item_3693,14,94.0,16,1316.0,1504.0,1,2025-03-06,3587.04,profit
item_3689,39,34.0,91,1326.0,3094.0,1,2025-03-06,3586.8,profit
item_3688,30,44.0,85,1320.0,3740.0,1,2025-03-06,3587.18,profit
item_3671,10,132.0,46,1320.0,6072.0,1,2025-03-06,3586.85,profit
item_3691,22,60.0,15,1320.0,900.0,1,2025-03-06,3586.14,profit
item_3684,18,74.0,41,1332.0,3034.0,1,2025-03-06,3586.89,profit
item_3661,39,34.0,10,1326.0,340.0,1,2025-03-06,3586.32,profit
item_3655,28,47.0,21,1316.0,987.0,1,2025-03-06,3585.83,profit
item_3669,47,28.0,27,1316.0,756.0,1,2025-03-06,3586.35,profit
item_3696,24,55.0,89,1320.0,4895.0,1,2025-03-06,3585.53,profit
item_3666,43,31.0,47,1333.0,1457.0,1,2025-03-06,3586.67,profit
item_3659,11,121.0,100,1331.0,12100.0,1,2025-03-06,3585.71,profit
item_3695,12,111.0,47,1332.0,5217.0,1,2025-03-06,3586.62,profit
item_3679,29,46.0,80,1334.0,3680.0,1,2025-03-06,3586.54,profit
item_3675,9,148.0,42,1332.0,6216.0,1,2025-03-06,3586.64,profit
item_3687,39,34.0,67,1326.0,2278.0,1,2025-03-06,3587.29,profit
item_3664,29,46.0,73,1334.0,3358.0,1,2025-03-06,3587.17,profit
item_3686,38,35.0,68,1330.0,2380.0,1,2025-03-06,3586.1,profit
item_3683,34,39.0,33,1326.0,1287.0,1,2025-03-06,3586.86,profit
item_3658,15,89.0,99,1335.0,8811.0,1,2025-03-06,3587.17,profit
item_3673,29,46.0,76,1334.0,3496.0,1,2025-03-06,3586.36,profit
item_3646,49,27.0,76,1323.0,2052.0,1,2025-03-06,3586.05,profit
item_3682,27,49.0,76,1323.0,3724.0,1,2025-03-06,3585.51,profit
item_3681,11,120.0,19,1320.0,2280.0,1,2025-03-06,3586.84,profit
item_3662,14,94.0,48,1316.0,4512.0,1,2025-03-06,3586.78,profit
item_3665,27,49.0,18,1323.0,882.0,1,2025-03-06,3586.94,profit
item_3668,19,70.0,48,1330.0,3360.0,1,2025-03-06,3585.53,profit
item_3690,22,60.0,72,1320.0,4320.0,1,2025-03-06,3587.0,profit
item_3680,34,39.0,53,1326.0,2067.0,1,2025-03-06,3586.72,profit
item_3663,39,34.0,30,1326.0,1020.0,1,2025-03-06,3585.91,profit
item_3694,22,60.0,87,1320.0,5220.0,1,2025-03-06,3585.93,profit
item_3653,19,70.0,82,1330.0,5740.0,1,2025-03-06,3585.16,profit
item_3651,24,55.0,26,1320.0,1430.0,1,2025-03-06,3586.82,profit
item_3667,11,120.0,38,1320.0,4560.0,1,2025-03-06,3587.36,profit
item_3648,9,148.0,43,1332.0,6364.0,1,2025-03-06,3587.06,profit
item_3654,15,89.0,14,1335.0,1246.0,1,2025-03-06,3586.16,profit
item_3657,39,34.0,74,1326.0,2516.0,1,2025-03-06,3587.48,profit
item_3674,30,44.0,12,1320.0,528.0,1,2025-03-06,3586.76,profit
item_3650,37,36.0,24,1332.0,864.0,1,2025-03-06,3586.84,profit
item_3656,40,33.0,92,1320.0,3036.0,1,2025-03-06,3586.81,profit
item_3670,27,49.0,80,1323.0,3920.0,1,2025-03-06,3587.34,profit
item_3709,50,27.0,52,1350.0,1404.0,1,2025-03-07,3585.58,profit
item_3712,14,96.0,18,1344.0,1728.0,1,2025-03-07,3585.53,profit
item_3698,12,112.0,24,1344.0,2688.0,1,2025-03-07,3586.82,profit
item_3704,16,84.0,55,1344.0,4620.0,1,2025-03-07,3585.28,profit
item_3707,41,33.0,60,1353.0,1980.0,1,2025-03-07,3586.13,profit
item_3737,33,41.0,17,1353.0,697.0,1,2025-03-07,3586.98,profit
item_3720,26,52.0,33,1352.0,1716.0,1,2025-03-07,3585.49,profit
item_3719,12,113.0,34,1356.0,3842.0,1,2025-03-07,3585.81,profit
item_3700,15,90.0,54,1350.0,4860.0,1,2025-03-07,3584.91,profit
item_3705,13,103.0,39,1339.0,4017.0,1,2025-03-07,3586.08,profit
item_3733,25,54.0,33,1350.0,1782.0,1,2025-03-07,3585.82,profit
item_3729,30,45.0,37,1350.0,1665.0,1,2025-03-07,3586.71,profit
item_3713,30,45.0,71,1350.0,3195.0,1,2025-03-07,3585.96,profit
item_3717,28,48.0,63,1344.0,3024.0,1,2025-03-07,3585.73,profit
item_3732,14,96.0,77,1344.0,7392.0,1,2025-03-07,3586.9,profit
item_3699,10,134.0,96,1340.0,12864.0,1,2025-03-07,3585.43,profit
item_3716,11,123.0,25,1353.0,3075.0,1,2025-03-07,3586.68,profit
item_3727,13,104.0,67,1352.0,6968.0,1,2025-03-07,3586.51,profit
item_3722,28,48.0,86,1344.0,4128.0,1,2025-03-07,3585.95,profit
item_3739,19,71.0,22,1349.0,1562.0,1,2025-03-07,3585.34,profit
item_3702,15,90.0,39,1350.0,3510.0,1,2025-03-07,3586.42,profit
item_3735,19,71.0,17,1349.0,1207.0,1,2025-03-07,3585.97,profit
item_3742,10,135.0,52,1350.0,7020.0,1,2025-03-07,3586.43,profit
item_3697,32,42.0,90,1344.0,3780.0,1,2025-03-07,3586.58,profit
item_3703,10,134.0,36,1340.0,4824.0,1,2025-03-07,3585.84,profit
item_3730,41,33.0,36,1353.0,1188.0,1,2025-03-07,3586.77,profit
item_3714,20,67.0,27,1340.0,1809.0,1,2025-03-07,3587.03,profit
item_3726,26,52.0,15,1352.0,780.0,1,2025-03-07,3586.68,profit
item_3701,25,54.0,55,1350.0,2970.0,1,2025-03-07,3585.64,profit
item_3731,32,42.0,35,1344.0,1470.0,1,2025-03-07,3587.17,profit
item_3724,15,90.0,76,1350.0,6840.0,1,2025-03-07,3585.13,profit
item_3710,48,28.0,41,1344.0,1148.0,1,2025-03-07,3587.12,profit
item_3711,12,113.0,20,1356.0,2260.0,1,2025-03-07,3587.08,profit
item_3715,24,56.0,23,1344.0,1288.0,1,2025-03-07,3586.37,profit
item_3723,11,123.0,72,1353.0,8856.0,1,2025-03-07,3586.76,profit
item_3718,14,96.0,77,1344.0,7392.0,1,2025-03-07,3587.0,profit
item_3725,33,41.0,38,1353.0,1558.0,1,2025-03-07,3585.67,profit
item_3721,15,90.0,71,1350.0,6390.0,1,2025-03-07,3586.6,profit
item_3706,17,79.0,57,1343.0,4503.0,1,2025-03-07,3585.75,profit
item_3738,9,150.0,21,1350.0,3150.0,1,2025-03-07,3587.04,profit
item_3736,30,45.0,28,1350.0,1260.0,1,2025-03-07,3586.37,profit
item_3708,14,96.0,98,1344.0,9408.0,1,2025-03-07,3587.15,profit
item_3734,15,90.0,38,1350.0,3420.0,1,2025-03-07,3586.52,profit
item_3728,28,48.0,41,1344.0,1968.0,1,2025-03-07,3585.72,profit
item_3763,10,137.0,12,1370.0,1644.0,1,2025-03-08,3586.58,profit
item_3771,32,43.0,18,1376.0,774.0,1,2025-03-08,3584.71,profit
item_3743,36,38.0,44,1368.0,1672.0,1,2025-03-08,3585.32,profit
item_3750,49,28.0,87,1372.0,2436.0,1,2025-03-08,3586.87,profit
item_3764,44,31.0,74,1364.0,2294.0,1,2025-03-08,3585.15,profit
item_3756,11,124.0,90,1364.0,11160.0,1,2025-03-08,3586.98,profit
item_3751,10,136.0,37,1360.0,5032.0,1,2025-03-08,3587.57,profit
item_3761,16,86.0,39,1376.0,3354.0,1,2025-03-08,3586.35,profit
item_3752,11,125.0,88,1375.0,11000.0,1,2025-03-08,3585.13,profit
item_3767,10,137.0,13,1370.0,1781.0,1,2025-03-08,3586.2,profit
item_3777,15,91.0,17,1365.0,1547.0,1,2025-03-08,3585.61,profit
item_3758,14,98.0,54,1372.0,5292.0,1,2025-03-08,3586.48,profit
item_3784,29,47.0,23,1363.0,1081.0,1,2025-03-08,3585.82,profit
item_3753,15,91.0,29,1365.0,2639.0,1,2025-03-08,3585.12,profit
item_3770,10,136.0,91,1360.0,12376.0,1,2025-03-08,3585.82,profit
item_3782,11,125.0,90,1375.0,11250.0,1,2025-03-08,3585.45,profit
item_3775,20,68.0,14,1360.0,952.0,1,2025-03-08,3587.18,profit
item_3765,15,91.0,43,1365.0,3913.0,1,2025-03-08,3587.24,profit
item_3762,24,57.0,100,1368.0,5700.0,1,2025-03-08,3586.02,profit
item_3746,39,35.0,39,1365.0,1365.0,1,2025-03-08,3585.81,profit
item_3760,24,57.0,16,1368.0,912.0,1,2025-03-08,3585.95,profit
item_3744,12,114.0,26,1368.0,2964.0,1,2025-03-08,3587.02,profit
item_3768,49,28.0,36,1372.0,1008.0,1,2025-03-08,3585.24,profit
item_3774,40,34.0,75,1360.0,2550.0,1,2025-03-08,3586.05,profit
item_3772,21,65.0,18,1365.0,1170.0,1,2025-03-08,3586.45,profit
item_3745,14,97.0,69,1358.0,6693.0,1,2025-03-08,3585.62,profit
item_3776,13,105.0,89,1365.0,9345.0,1,2025-03-08,3586.16,profit
item_3773,16,85.0,70,1360.0,5950.0,1,2025-03-08,3586.24,profit
item_3781,11,124.0,42,1364.0,5208.0,1,2025-03-08,3585.79,profit
item_3747,12,114.0,29,1368.0,3306.0,1,2025-03-08,3587.01,profit
item_3780,13,105.0,59,1365.0,6195.0,1,2025-03-08,3585.7,profit
item_3783,16,85.0,16,1360.0,1360.0,1,2025-03-08,3585.12,profit
item_3759,19,72.0,41,1368.0,2952.0,1,2025-03-08,3585.38,profit
item_3785,32,43.0,59,1376.0,2537.0,1,2025-03-08,3586.73,profit
item_3749,35,39.0,17,1365.0,663.0,1,2025-03-08,3587.37,profit
item_3755,36,38.0,63,1368.0,2394.0,1,2025-03-08,3586.17,profit
item_3748,43,32.0,65,1376.0,2080.0,1,2025-03-08,3585.59,profit
item_3778,11,124.0,55,1364.0,6820.0,1,2025-03-08,3585.85,profit
item_3766,21,65.0,53,1365.0,3445.0,1,2025-03-08,3585.67,profit
item_3769,15,91.0,83,1365.0,7553.0,1,2025-03-08,3587.38,profit
item_3757,29,47.0,94,1363.0,4418.0,1,2025-03-08,3584.97,profit
item_3779,12,114.0,15,1368.0,1710.0,1,2025-03-08,3585.4,profit
item_3754,19,72.0,50,1368.0,3600.0,1,2025-03-08,3585.7,profit
item_3788,14,99.0,65,1386.0,6435.0,1,2025-03-09,3586.33,profit
item_3797,48,29.0,85,1392.0,2465.0,1,2025-03-09,3584.85,profit
item_3801,18,77.0,14,1386.0,1078.0,1,2025-03-09,3585.91,profit
item_3810,46,30.0,49,1380.0,1470.0,1,2025-03-09,3586.34,profit
item_3787,22,63.0,11,1386.0,693.0,1,2025-03-09,3586.48,profit
item_3813,30,46.0,68,1380.0,3128.0,1,2025-03-09,3585.49,profit
item_3825,10,139.0,52,1390.0,7228.0,1,2025-03-09,3585.15,profit
item_3808,27,51.0,90,1377.0,4590.0,1,2025-03-09,3586.76,profit
item_3803,12,115.0,72,1380.0,8280.0,1,2025-03-09,3586.8,profit
item_3818,24,58.0,84,1392.0,4872.0,1,2025-03-09,3586.25,profit
item_3835,16,87.0,31,1392.0,2697.0,1,2025-03-09,3586.74,profit
item_3798,17,81.0,96,1377.0,7776.0,1,2025-03-09,3587.12,profit
item_3794,26,53.0,86,1378.0,4558.0,1,2025-03-09,3585.73,profit
item_3830,34,41.0,36,1394.0,1476.0,1,2025-03-09,3586.05,profit
item_3821,42,33.0,63,1386.0,2079.0,1,2025-03-09,3585.23,profit
item_3800,23,60.0,25,1380.0,1500.0,1,2025-03-09,3584.42,profit
item_3804,19,73.0,48,1387.0,3504.0,1,2025-03-09,3585.22,profit
item_3831,34,41.0,32,1394.0,1312.0,1,2025-03-09,3586.88,profit
item_3829,19,73.0,33,1387.0,2409.0,1,2025-03-09,3584.93,profit
item_3792,12,115.0,61,1380.0,7015.0,1,2025-03-09,3585.15,profit
item_3823,21,66.0,90,1386.0,5940.0,1,2025-03-09,3586.03,profit
item_3817,18,77.0,36,1386.0,2772.0,1,2025-03-09,3585.94,profit
item_3816,17,81.0,17,1377.0,1377.0,1,2025-03-09,3585.9,profit
item_3799,10,139.0,90,1390.0,12510.0,1,2025-03-09,3585.63,profit
item_3834,27,51.0,85,1377.0,4335.0,1,2025-03-09,3587.09,profit
item_3827,48,29.0,28,1392.0,812.0,1,2025-03-09,3585.87,profit
item_3796,11,127.0,93,1397.0,11811.0,1,2025-03-09,3586.52,profit
item_3791,10,139.0,42,1390.0,5838.0,1,2025-03-09,3587.11,profit
item_3802,27,51.0,100,1377.0,5100.0,1,2025-03-09,3585.96,profit
item_3786,23,60.0,57,1380.0,3420.0,1,2025-03-09,3587.01,profit
item_3826,17,82.0,87,1394.0,7134.0,1,2025-03-09,3584.96,profit
item_3789,10,138.0,60,1380.0,8280.0,1,2025-03-09,3585.82,profit
item_3795,29,48.0,65,1392.0,3120.0,1,2025-03-09,3586.48,profit
item_3815,16,87.0,94,1392.0,8178.0,1,2025-03-09,3586.79,profit
item_3812,12,115.0,59,1380.0,6785.0,1,2025-03-09,3585.5,profit
item_3828,10,139.0,63,1390.0,8757.0,1,2025-03-09,3587.04,profit
item_3807,30,46.0,66,1380.0,3036.0,1,2025-03-09,3586.14,profit
item_3832,18,77.0,37,1386.0,2849.0,1,2025-03-09,3586.97,profit
item_3833,34,41.0,63,1394.0,2583.0,1,2025-03-09,3586.26,profit
item_3822,16,87.0,18,1392.0,1566.0,1,2025-03-09,3587.32,profit
item_3824,11,126.0,75,1386.0,9450.0,1,2025-03-09,3586.53,profit
item_3806,23,60.0,24,1380.0,1440.0,1,2025-03-09,3587.18,profit
item_3819,10,138.0,66,1380.0,9108.0,1,2025-03-09,3586.69,profit
item_3814,34,41.0,30,1394.0,1230.0,1,2025-03-09,3586.78,profit
item_3811,12,115.0,15,1380.0,1725.0,1,2025-03-09,3587.08,profit
item_3820,10,138.0,20,1380.0,2760.0,1,2025-03-09,3585.0,profit
item_3805,42,33.0,97,1386.0,3201.0,1,2025-03-09,3585.96,profit
item_3809,24,58.0,74,1392.0,4292.0,1,2025-03-09,3586.61,profit
item_3790,46,30.0,26,1380.0,780.0,1,2025-03-09,3585.04,profit
item_3793,15,92.0,69,1380.0,6348.0,1,2025-03-09,3585.41,profit
item_3848,11,128.0,36,1408.0,4608.0,1,2025-03-10,3587.07,profit
item_3845,22,64.0,15,1408.0,960.0,1,2025-03-10,3585.26,profit
item_3838,22,64.0,21,1408.0,1344.0,1,2025-03-10,3586.47,profit
item_3852,14,101.0,25,1414.0,2525.0,1,2025-03-10,3587.44,profit
item_3865,19,74.0,61,1406.0,4514.0,1,2025-03-10,3586.6,profit
item_3875,32,44.0,63,1408.0,2772.0,1,2025-03-10,3585.72,profit
item_3861,14,100.0,42,1400.0,4200.0,1,2025-03-10,3587.11,profit
item_3876,10,140.0,54,1400.0,7560.0,1,2025-03-10,3586.67,profit
item_3840,10,141.0,21,1410.0,2961.0,1,2025-03-10,3587.49,profit
item_3879,22,64.0,75,1408.0,4800.0,1,2025-03-10,3585.49,profit
item_3853,23,61.0,11,1403.0,671.0,1,2025-03-10,3585.9,profit
item_3868,26,54.0,41,1404.0,2214.0,1,2025-03-10,3586.5,profit
item_3855,14,101.0,62,1414.0,6262.0,1,2025-03-10,3586.19,profit
item_3844,11,128.0,64,1408.0,8192.0,1,2025-03-10,3587.34,profit
item_3863,26,54.0,11,1404.0,594.0,1,2025-03-10,3586.89,profit
item_3872,13,109.0,77,1417.0,8393.0,1,2025-03-10,3586.54,profit
item_3843,39,36.0,69,1404.0,2484.0,1,2025-03-10,3587.14,profit
item_3866,32,44.0,74,1408.0,3256.0,1,2025-03-10,3586.23,profit
item_3871,25,56.0,59,1400.0,3304.0,1,2025-03-10,3586.8,profit
item_3864,26,54.0,37,1404.0,1998.0,1,2025-03-10,3586.41,profit
item_3860,40,35.0,25,1400.0,875.0,1,2025-03-10,3585.19,profit
item_3849,35,40.0,83,1400.0,3320.0,1,2025-03-10,3585.51,profit
item_3858,12,118.0,48,1416.0,5664.0,1,2025-03-10,3586.24,profit
item_3867,27,52.0,54,1404.0,2808.0,1,2025-03-10,3586.83,profit
item_3859,10,141.0,13,1410.0,1833.0,1,2025-03-10,3585.24,profit
item_3847,35,40.0,29,1400.0,1160.0,1,2025-03-10,3585.32,profit
item_3870,32,44.0,50,1408.0,2200.0,1,2025-03-10,3586.77,profit
item_3836,22,64.0,45,1408.0,2880.0,1,2025-03-10,3585.88,profit
item_3862,30,47.0,84,1410.0,3948.0,1,2025-03-10,3585.85,profit
item_3874,17,83.0,62,1411.0,5146.0,1,2025-03-10,3585.98,profit
item_3837,22,64.0,32,1408.0,2048.0,1,2025-03-10,3586.45,profit
item_3857,24,59.0,59,1416.0,3481.0,1,2025-03-10,3586.99,profit
item_3873,19,74.0,84,1406.0,6216.0,1,2025-03-10,3585.45,profit
item_3842,37,38.0,17,1406.0,646.0,1,2025-03-10,3586.83,profit
item_3856,38,37.0,91,1406.0,3367.0,1,2025-03-10,3585.6,profit
item_3869,32,44.0,47,1408.0,2068.0,1,2025-03-10,3586.5,profit
item_3854,17,83.0,100,1411.0,8300.0,1,2025-03-10,3586.6,profit
item_3880,14,100.0,27,1400.0,2700.0,1,2025-03-10,3586.12,profit
item_3839,44,32.0,79,1408.0,2528.0,1,2025-03-10,3586.51,profit
item_3877,36,39.0,54,1404.0,2106.0,1,2025-03-10,3584.89,profit
item_3850,18,78.0,11,1404.0,858.0,1,2025-03-10,3587.15,profit
item_3851,47,30.0,47,1410.0,1410.0,1,2025-03-10,3586.1,profit
item_3841,30,47.0,13,1410.0,611.0,1,2025-03-10,3585.24,profit
item_3878,14,100.0,87,1400.0,8700.0,1,2025-03-10,3586.85,profit
item_3846,10,141.0,33,1410.0,4653.0,1,2025-03-10,3586.29,profit
item_3907,26,55.0,31,1430.0,1705.0,1,2025-03-11,3586.06,profit
item_3917,12,119.0,74,1428.0,8806.0,1,2025-03-11,3585.15,profit
item_3915,46,31.0,62,1426.0,1922.0,1,2025-03-11,3585.0,profit
item_3893,34,42.0,22,1428.0,924.0,1,2025-03-11,3585.8,profit
item_3892,14,102.0,11,1428.0,1122.0,1,2025-03-11,3586.78,profit
item_3914,10,142.0,65,1420.0,9230.0,1,2025-03-11,3585.8,profit
item_3898,41,35.0,16,1435.0,560.0,1,2025-03-11,3586.71,profit
item_3891,28,51.0,65,1428.0,3315.0,1,2025-03-11,3586.65,profit
item_3895,28,51.0,24,1428.0,1224.0,1,2025-03-11,3585.83,profit
item_3889,43,33.0,26,1419.0,858.0,1,2025-03-11,3586.75,profit
item_3909,10,142.0,98,1420.0,13916.0,1,2025-03-11,3587.17,profit
item_3913,15,95.0,29,1425.0,2755.0,1,2025-03-11,3585.95,profit
item_3900,25,57.0,28,1425.0,1596.0,1,2025-03-11,3587.34,profit
item_3910,35,41.0,39,1435.0,1599.0,1,2025-03-11,3584.69,profit
item_3884,19,75.0,71,1425.0,5325.0,1,2025-03-11,3585.81,profit
item_3916,11,129.0,35,1419.0,4515.0,1,2025-03-11,3587.2,profit
item_3882,16,89.0,80,1424.0,7120.0,1,2025-03-11,3586.3,profit
item_3903,28,51.0,51,1428.0,2601.0,1,2025-03-11,3586.39,profit
item_3897,23,62.0,67,1426.0,4154.0,1,2025-03-11,3586.55,profit
item_3918,23,62.0,80,1426.0,4960.0,1,2025-03-11,3585.19,profit
item_3905,11,130.0,62,1430.0,8060.0,1,2025-03-11,3586.74,profit
item_3901,19,75.0,36,1425.0,2700.0,1,2025-03-11,3586.78,profit
item_3908,46,31.0,35,1426.0,1085.0,1,2025-03-11,3586.33,profit
item_3887,14,102.0,62,1428.0,6324.0,1,2025-03-11,3585.13,profit
item_3883,15,95.0,56,1425.0,5320.0,1,2025-03-11,3586.03,profit
item_3881,21,68.0,13,1428.0,884.0,1,2025-03-11,3585.57,profit
item_3899,46,31.0,10,1426.0,310.0,1,2025-03-11,3587.16,profit
item_3902,18,79.0,23,1422.0,1817.0,1,2025-03-11,3586.47,profit
item_3890,31,46.0,16,1426.0,736.0,1,2025-03-11,3586.84,profit
item_3885,41,35.0,54,1435.0,1890.0,1,2025-03-11,3586.1,profit
item_3906,19,75.0,98,1425.0,7350.0,1,2025-03-11,3585.18,profit
item_3894,13,110.0,46,1430.0,5060.0,1,2025-03-11,3587.04,profit
item_3912,17,84.0,67,1428.0,5628.0,1,2025-03-11,3586.14,profit
item_3911,20,71.0,54,1420.0,3834.0,1,2025-03-11,3586.63,profit
item_3896,22,65.0,16,1430.0,1040.0,1,2025-03-11,3586.79,profit
item_3904,25,57.0,83,1425.0,4731.0,1,2025-03-11,3586.96,profit
item_3888,35,41.0,84,1435.0,3444.0,1,2025-03-11,3585.4,profit
item_3886,12,119.0,78,1428.0,9282.0,1,2025-03-11,3587.01,profit
item_3957,33,44.0,48,1452.0,2112.0,1,2025-03-12,3586.8,profit
item_3972,18,81.0,80,1458.0,6480.0,1,2025-03-12,3586.93,profit
item_3963,10,144.0,86,1440.0,12384.0,1,2025-03-12,3586.42,profit
item_3940,33,44.0,51,1452.0,2244.0,1,2025-03-12,3585.19,profit
item_3958,45,32.0,94,1440.0,3008.0,1,2025-03-12,3586.61,profit
item_3964,20,72.0,50,1440.0,3600.0,1,2025-03-12,3584.78,profit
item_3937,16,90.0,25,1440.0,2250.0,1,2025-03-12,3587.45,profit
item_3941,11,132.0,45,1452.0,5940.0,1,2025-03-12,3586.77,profit
item_3969,17,85.0,13,1445.0,1105.0,1,2025-03-12,3585.3,profit
item_3931,21,69.0,55,1449.0,3795.0,1,2025-03-12,3586.71,profit
item_3970,47,31.0,44,1457.0,1364.0,1,2025-03-12,3585.79,profit
item_3934,24,60.0,95,1440.0,5700.0,1,2025-03-12,3585.87,profit
item_3953,45,32.0,44,1440.0,1408.0,1,2025-03-12,3587.12,profit
item_3949,24,60.0,93,1440.0,5580.0,1,2025-03-12,3586.3,profit
item_3948,21,69.0,84,1449.0,5796.0,1,2025-03-12,3585.97,profit
item_3956,38,38.0,66,1444.0,2508.0,1,2025-03-12,3585.23,profit
item_3965,10,144.0,91,1440.0,13104.0,1,2025-03-12,3585.99,profit
item_3942,29,50.0,53,1450.0,2650.0,1,2025-03-12,3585.18,profit
item_3975,44,33.0,65,1452.0,2145.0,1,2025-03-12,3586.87,profit
item_3955,12,120.0,93,1440.0,11160.0,1,2025-03-12,3586.6,profit
item_3973,27,54.0,15,1458.0,810.0,1,2025-03-12,3585.95,profit
item_3932,18,81.0,74,1458.0,5994.0,1,2025-03-12,3586.53,profit
item_3919,13,112.0,25,1456.0,2800.0,1,2025-03-12,3586.11,profit
item_3952,50,29.0,32,1450.0,928.0,1,2025-03-12,3584.94,profit
item_3943,14,103.0,41,1442.0,4223.0,1,2025-03-12,3586.69,profit
item_3944,13,111.0,69,1443.0,7659.0,1,2025-03-12,3585.71,profit
item_3954,32,45.0,11,1440.0,495.0,1,2025-03-12,3587.07,profit
item_3966,24,60.0,32,1440.0,1920.0,1,2025-03-12,3584.57,profit
item_3971,33,44.0,78,1452.0,3432.0,1,2025-03-12,3587.28,profit
item_3959,11,132.0,43,1452.0,5676.0,1,2025-03-12,3587.22,profit
item_3945,44,33.0,48,1452.0,1584.0,1,2025-03-12,3585.53,profit
item_3926,16,91.0,69,1456.0,6279.0,1,2025-03-12,3585.04,profit
item_3925,11,132.0,14,1452.0,1848.0,1,2025-03-12,3585.52,profit
item_3921,10,145.0,91,1450.0,13195.0,1,2025-03-12,3585.58,profit
item_3933,15,96.0,29,1440.0,2784.0,1,2025-03-12,3586.2,profit
item_3922,18,81.0,91,1458.0,7371.0,1,2025-03-12,3584.54,profit
item_3947,19,76.0,21,1444.0,1596.0,1,2025-03-12,3587.26,profit
item_3924,17,85.0,78,1445.0,6630.0,1,2025-03-12,3586.34,profit
item_3950,45,32.0,99,1440.0,3168.0,1,2025-03-12,3586.41,profit
item_3962,28,52.0,15,1456.0,780.0,1,2025-03-12,3585.21,profit
item_3938,14,103.0,29,1442.0,2987.0,1,2025-03-12,3586.02,profit
item_3960,50,29.0,43,1450.0,1247.0,1,2025-03-12,3585.0,profit
item_3935,11,131.0,12,1441.0,1572.0,1,2025-03-12,3586.6,profit
item_3974,32,45.0,27,1440.0,1215.0,1,2025-03-12,3586.43,profit
item_3939,11,132.0,80,1452.0,10560.0,1,2025-03-12,3585.93,profit
item_3951,11,132.0,43,1452.0,5676.0,1,2025-03-12,3587.18,profit
item_3920,14,103.0,41,1442.0,4223.0,1,2025-03-12,3585.26,profit
item_3946,44,33.0,95,1452.0,3135.0,1,2025-03-12,3587.12,profit
item_3927,29,50.0,13,1450.0,650.0,1,2025-03-12,3585.78,profit
item_3928,18,81.0,36,1458.0,2916.0,1,2025-03-12,3586.46,profit
item_3936,50,29.0,44,1450.0,1276.0,1,2025-03-12,3585.36,profit
item_3961,12,120.0,71,1440.0,8520.0,1,2025-03-12,3587.23,profit
item_3930,27,54.0,13,1458.0,702.0,1,2025-03-12,3586.12,profit
item_3923,31,47.0,73,1457.0,3431.0,1,2025-03-12,3585.6,profit
item_3929,17,85.0,32,1445.0,2720.0,1,2025-03-12,3586.1,profit
item_3967,32,45.0,60,1440.0,2700.0,1,2025-03-12,3586.13,profit
item_3968,13,111.0,96,1443.0,10656.0,1,2025-03-12,3586.74,profit
item_3995,17,87.0,32,1479.0,2784.0,1,2025-03-13,3587.1,profit
item_3985,11,133.0,57,1463.0,7581.0,1,2025-03-13,3584.94,profit
item_3988,49,30.0,46,1470.0,1380.0,1,2025-03-13,3585.89,profit
item_3998,13,113.0,53,1469.0,5989.0,1,2025-03-13,3587.1,profit
item_3993,21,70.0,50,1470.0,3500.0,1,2025-03-13,3585.01,profit
item_4001,14,105.0,50,1470.0,5250.0,1,2025-03-13,3586.22,profit
item_3979,30,49.0,56,1470.0,2744.0,1,2025-03-13,3586.53,profit
item_4005,35,42.0,87,1470.0,3654.0,1,2025-03-13,3586.0,profit
item_3992,10,147.0,55,1470.0,8085.0,1,2025-03-13,3586.83,profit
item_4000,19,77.0,78,1463.0,6006.0,1,2025-03-13,3586.57,profit
item_3984,11,134.0,95,1474.0,12730.0,1,2025-03-13,3585.18,profit
item_3986,14,105.0,72,1470.0,7560.0,1,2025-03-13,3584.92,profit
item_3990,10,146.0,11,1460.0,1606.0,1,2025-03-13,3585.99,profit
item_4006,12,122.0,89,1464.0,10858.0,1,2025-03-13,3586.97,profit
item_4003,19,77.0,70,1463.0,5390.0,1,2025-03-13,3586.0,profit
item_3981,30,49.0,62,1470.0,3038.0,1,2025-03-13,3585.91,profit
item_3977,29,51.0,62,1479.0,3162.0,1,2025-03-13,3585.99,profit
item_3996,30,49.0,31,1470.0,1519.0,1,2025-03-13,3586.0,profit
item_3997,34,43.0,92,1462.0,3956.0,1,2025-03-13,3586.81,profit
item_3987,18,82.0,22,1476.0,1804.0,1,2025-03-13,3585.37,profit
item_4008,10,147.0,32,1470.0,4704.0,1,2025-03-13,3586.2,profit
item_3999,29,51.0,16,1479.0,816.0,1,2025-03-13,3585.4,profit
item_3989,18,82.0,85,1476.0,6970.0,1,2025-03-13,3587.32,profit
item_3980,18,82.0,80,1476.0,6560.0,1,2025-03-13,3586.61,profit
item_4004,18,82.0,54,1476.0,4428.0,1,2025-03-13,3586.11,profit
item_3991,30,49.0,56,1470.0,2744.0,1,2025-03-13,3585.14,profit
item_3983,11,134.0,30,1474.0,4020.0,1,2025-03-13,3586.16,profit
item_3978,25,59.0,91,1475.0,5369.0,1,2025-03-13,3586.76,profit
item_3982,21,70.0,78,1470.0,5460.0,1,2025-03-13,3586.6,profit
item_3994,43,34.0,34,1462.0,1156.0,1,2025-03-13,3586.23,profit
item_4007,24,61.0,46,1464.0,2806.0,1,2025-03-13,3585.04,profit
item_4009,46,32.0,25,1472.0,800.0,1,2025-03-13,3585.0,profit
item_4002,18,82.0,56,1476.0,4592.0,1,2025-03-13,3585.62,profit
item_3976,17,87.0,51,1479.0,4437.0,1,2025-03-13,3587.42,profit
item_4050,21,71.0,18,1491.0,1278.0,1,2025-03-14,3587.39,profit
item_4019,22,68.0,69,1496.0,4692.0,1,2025-03-14,3585.72,profit
item_4028,12,125.0,53,1500.0,6625.0,1,2025-03-14,3585.86,profit
item_4031,25,60.0,12,1500.0,720.0,1,2025-03-14,3586.43,profit
item_4036,12,124.0,70,1488.0,8680.0,1,2025-03-14,3587.26,profit
item_4034,50,30.0,40,1500.0,1200.0,1,2025-03-14,3586.66,profit
item_4012,19,78.0,54,1482.0,4212.0,1,2025-03-14,3585.1,profit
item_4017,24,62.0,34,1488.0,2108.0,1,2025-03-14,3586.94,profit
item_4048,12,124.0,40,1488.0,4960.0,1,2025-03-14,3586.0,profit
item_4053,20,74.0,71,1480.0,5254.0,1,2025-03-14,3586.98,profit
item_4023,12,124.0,65,1488.0,8060.0,1,2025-03-14,3584.91,profit
item_4033,31,48.0,27,1488.0,1296.0,1,2025-03-14,3585.3,profit
item_4032,12,124.0,70,1488.0,8680.0,1,2025-03-14,3586.21,profit
item_4011,12,125.0,72,1500.0,9000.0,1,2025-03-14,3586.37,profit
item_4051,40,37.0,41,1480.0,1517.0,1,2025-03-14,3586.22,profit
item_4045,12,124.0,33,1488.0,4092.0,1,2025-03-14,3586.04,profit
item_4015,12,125.0,44,1500.0,5500.0,1,2025-03-14,3587.06,profit
item_4052,34,44.0,71,1496.0,3124.0,1,2025-03-14,3587.16,profit
item_4029,10,150.0,98,1500.0,14700.0,1,2025-03-14,3585.36,profit
item_4043,18,83.0,20,1494.0,1660.0,1,2025-03-14,3585.0,profit
item_4025,28,53.0,55,1484.0,2915.0,1,2025-03-14,3587.04,profit
item_4027,16,93.0,40,1488.0,3720.0,1,2025-03-14,3586.42,profit
item_4021,15,100.0,68,1500.0,6800.0,1,2025-03-14,3585.78,profit
item_4038,23,65.0,44,1495.0,2860.0,1,2025-03-14,3586.16,profit
item_4037,22,68.0,79,1496.0,5372.0,1,2025-03-14,3585.15,profit
item_4010,22,68.0,92,1496.0,6256.0,1,2025-03-14,3587.21,profit
item_4018,15,99.0,66,1485.0,6534.0,1,2025-03-14,3586.31,profit
item_4020,17,88.0,73,1496.0,6424.0,1,2025-03-14,3586.22,profit
item_4042,10,148.0,26,1480.0,3848.0,1,2025-03-14,3586.9,profit
item_4041,39,38.0,60,1482.0,2280.0,1,2025-03-14,3584.72,profit
item_4026,24,62.0,52,1488.0,3224.0,1,2025-03-14,3586.56,profit
item_4040,10,150.0,64,1500.0,9600.0,1,2025-03-14,3586.48,profit
item_4022,11,135.0,60,1485.0,8100.0,1,2025-03-14,3585.52,profit
item_4049,44,34.0,74,1496.0,2516.0,1,2025-03-14,3585.6,profit
item_4039,25,60.0,81,1500.0,4860.0,1,2025-03-14,3586.2,profit
item_4047,16,93.0,16,1488.0,1488.0,1,2025-03-14,3585.88,profit
item_4014,39,38.0,98,1482.0,3724.0,1,2025-03-14,3586.5,profit
item_4046,15,100.0,57,1500.0,5700.0,1,2025-03-14,3585.59,profit
item_4013,27,55.0,55,1485.0,3025.0,1,2025-03-14,3585.93,profit
item_4016,40,37.0,57,1480.0,2109.0,1,2025-03-14,3585.12,profit
item_4030,30,50.0,69,1500.0,3450.0,1,2025-03-14,3584.56,profit
item_4024,50,30.0,25,1500.0,750.0,1,2025-03-14,3585.06,profit
item_4035,44,34.0,68,1496.0,2312.0,1,2025-03-14,3587.36,profit
item_4044,16,93.0,37,1488.0,3441.0,1,2025-03-14,3586.13,profit
item_4078,40,38.0,94,1520.0,3572.0,1,2025-03-15,3586.01,profit
item_4054,20,76.0,19,1520.0,1444.0,1,2025-03-15,3586.13,profit
item_4096,19,80.0,37,1520.0,2960.0,1,2025-03-15,3587.24,profit
item_4065,27,56.0,67,1512.0,3752.0,1,2025-03-15,3586.57,profit
item_4084,36,42.0,34,1512.0,1428.0,1,2025-03-15,3585.46,profit
item_4093,11,137.0,32,1507.0,4384.0,1,2025-03-15,3586.21,profit
item_4077,18,84.0,59,1512.0,4956.0,1,2025-03-15,3586.05,profit
item_4091,14,108.0,62,1512.0,6696.0,1,2025-03-15,3586.87,profit
item_4085,15,101.0,97,1515.0,9797.0,1,2025-03-15,3586.76,profit
item_4082,27,56.0,25,1512.0,1400.0,1,2025-03-15,3586.97,profit
item_4059,17,89.0,16,1513.0,1424.0,1,2025-03-15,3586.44,profit
item_4095,42,36.0,75,1512.0,2700.0,1,2025-03-15,3586.27,profit
item_4056,18,84.0,73,1512.0,6132.0,1,2025-03-15,3587.41,profit
item_4075,40,38.0,28,1520.0,1064.0,1,2025-03-15,3585.69,profit
item_4080,11,137.0,89,1507.0,12193.0,1,2025-03-15,3586.57,profit
item_4086,46,33.0,45,1518.0,1485.0,1,2025-03-15,3585.54,profit
item_4068,42,36.0,27,1512.0,972.0,1,2025-03-15,3586.44,profit
item_4062,31,49.0,32,1519.0,1568.0,1,2025-03-15,3586.58,profit
item_4060,47,32.0,94,1504.0,3008.0,1,2025-03-15,3585.9,profit
item_4074,17,89.0,74,1513.0,6586.0,1,2025-03-15,3586.51,profit
item_4097,11,138.0,87,1518.0,12006.0,1,2025-03-15,3586.0,profit
item_4073,27,56.0,87,1512.0,4872.0,1,2025-03-15,3586.27,profit
item_4089,47,32.0,72,1504.0,2304.0,1,2025-03-15,3585.49,profit
item_4076,19,79.0,54,1501.0,4266.0,1,2025-03-15,3586.81,profit
item_4064,27,56.0,75,1512.0,4200.0,1,2025-03-15,3585.83,profit
item_4066,38,40.0,93,1520.0,3720.0,1,2025-03-15,3586.49,profit
item_4070,47,32.0,33,1504.0,1056.0,1,2025-03-15,3586.95,profit
item_4088,16,94.0,94,1504.0,8836.0,1,2025-03-15,3587.2,profit
item_4087,47,32.0,88,1504.0,2816.0,1,2025-03-15,3587.0,profit
item_4055,47,32.0,65,1504.0,2080.0,1,2025-03-15,3586.11,profit
item_4057,11,137.0,80,1507.0,10960.0,1,2025-03-15,3585.98,profit
item_4079,32,47.0,40,1504.0,1880.0,1,2025-03-15,3587.13,profit
item_4063,16,95.0,72,1520.0,6840.0,1,2025-03-15,3586.63,profit
item_4069,41,37.0,13,1517.0,481.0,1,2025-03-15,3586.91,profit
item_4067,29,52.0,59,1508.0,3068.0,1,2025-03-15,3586.97,profit
item_4098,27,56.0,90,1512.0,5040.0,1,2025-03-15,3584.86,profit
item_4081,43,35.0,68,1505.0,2380.0,1,2025-03-15,3584.83,profit
item_4094,20,76.0,46,1520.0,3496.0,1,2025-03-15,3585.26,profit
item_4071,22,69.0,39,1518.0,2691.0,1,2025-03-15,3587.27,profit
item_4058,29,52.0,39,1508.0,2028.0,1,2025-03-15,3584.87,profit
item_4083,14,108.0,87,1512.0,9396.0,1,2025-03-15,3586.32,profit
item_4061,29,52.0,58,1508.0,3016.0,1,2025-03-15,3587.49,profit
item_4072,21,72.0,81,1512.0,5832.0,1,2025-03-15,3586.33,profit
item_4092,24,63.0,26,1512.0,1638.0,1,2025-03-15,3585.24,profit
item_4090,40,38.0,97,1520.0,3686.0,1,2025-03-15,3587.04,profit
item_4100,19,81.0,60,1539.0,4860.0,1,2025-03-16,3586.02,profit
item_4099,22,70.0,36,1540.0,2520.0,1,2025-03-16,3586.38,profit
item_4123,24,64.0,26,1536.0,1664.0,1,2025-03-16,3585.41,profit
item_4137,17,90.0,50,1530.0,4500.0,1,2025-03-16,3586.57,profit
item_4113,34,45.0,78,1530.0,3510.0,1,2025-03-16,3586.7,profit
item_4109,30,51.0,94,1530.0,4794.0,1,2025-03-16,3586.19,profit
item_4116,12,128.0,23,1536.0,2944.0,1,2025-03-16,3585.69,profit
item_4106,12,127.0,77,1524.0,9779.0,1,2025-03-16,3587.42,profit
item_4136,26,59.0,36,1534.0,2124.0,1,2025-03-16,3586.44,profit
item_4129,25,61.0,84,1525.0,5124.0,1,2025-03-16,3586.06,profit
item_4121,16,96.0,67,1536.0,6432.0,1,2025-03-16,3584.86,profit
item_4118,39,39.0,54,1521.0,2106.0,1,2025-03-16,3586.37,profit
item_4112,30,51.0,77,1530.0,3927.0,1,2025-03-16,3587.24,profit
item_4108,23,67.0,79,1541.0,5293.0,1,2025-03-16,3586.54,profit
item_4135,26,59.0,33,1534.0,1947.0,1,2025-03-16,3587.53,profit
item_4126,11,139.0,79,1529.0,10981.0,1,2025-03-16,3585.74,profit
item_4101,48,32.0,94,1536.0,3008.0,1,2025-03-16,3586.03,profit
item_4111,48,32.0,51,1536.0,1632.0,1,2025-03-16,3585.3,profit
item_4131,14,110.0,42,1540.0,4620.0,1,2025-03-16,3586.16,profit
item_4105,48,32.0,63,1536.0,2016.0,1,2025-03-16,3585.53,profit
item_4132,39,39.0,22,1521.0,858.0,1,2025-03-16,3585.74,profit
item_4138,14,109.0,24,1526.0,2616.0,1,2025-03-16,3586.06,profit
item_4128,20,77.0,10,1540.0,770.0,1,2025-03-16,3586.96,profit
item_4124,15,102.0,64,1530.0,6528.0,1,2025-03-16,3586.08,profit
item_4134,45,34.0,100,1530.0,3400.0,1,2025-03-16,3587.35,profit
item_4120,12,127.0,95,1524.0,12065.0,1,2025-03-16,3585.16,profit
item_4102,19,81.0,64,1539.0,5184.0,1,2025-03-16,3587.38,profit
item_4114,14,110.0,96,1540.0,10560.0,1,2025-03-16,3586.81,profit
item_4119,12,128.0,82,1536.0,10496.0,1,2025-03-16,3587.19,profit
item_4133,48,32.0,19,1536.0,608.0,1,2025-03-16,3587.08,profit
item_4110,13,117.0,35,1521.0,4095.0,1,2025-03-16,3586.6,profit
item_4125,16,96.0,52,1536.0,4992.0,1,2025-03-16,3585.62,profit
item_4127,45,34.0,39,1530.0,1326.0,1,2025-03-16,3584.88,profit
item_4130,20,77.0,19,1540.0,1463.0,1,2025-03-16,3586.63,profit
item_4107,29,53.0,68,1537.0,3604.0,1,2025-03-16,3585.14,profit
item_4122,16,96.0,95,1536.0,9120.0,1,2025-03-16,3585.4,profit
item_4117,23,67.0,17,1541.0,1139.0,1,2025-03-16,3585.19,profit
item_4104,13,117.0,23,1521.0,2691.0,1,2025-03-16,3585.19,profit
item_4103,12,127.0,43,1524.0,5461.0,1,2025-03-16,3585.86,profit
item_4115,18,85.0,80,1530.0,6800.0,1,2025-03-16,3585.26,profit
item_4146,20,78.0,55,1560.0,4290.0,1,2025-03-17,3586.82,profit
item_4141,47,33.0,13,1551.0,429.0,1,2025-03-17,3585.97,profit
item_4156,31,50.0,91,1550.0,4550.0,1,2025-03-17,3586.97,profit
item_4153,26,60.0,81,1560.0,4860.0,1,2025-03-17,3586.16,profit
item_4147,11,141.0,73,1551.0,10293.0,1,2025-03-17,3586.16,profit
item_4167,36,43.0,20,1548.0,860.0,1,2025-03-17,3585.23,profit
item_4150,24,65.0,69,1560.0,4485.0,1,2025-03-17,3586.94,profit
item_4166,13,120.0,56,1560.0,6720.0,1,2025-03-17,3586.43,profit
item_4143,13,120.0,31,1560.0,3720.0,1,2025-03-17,3584.93,profit
item_4159,26,60.0,17,1560.0,1020.0,1,2025-03-17,3586.75,profit
item_4149,41,38.0,90,1558.0,3420.0,1,2025-03-17,3587.13,profit
item_4165,33,47.0,35,1551.0,1645.0,1,2025-03-17,3585.02,profit
item_4157,39,40.0,42,1560.0,1680.0,1,2025-03-17,3586.65,profit
item_4140,15,103.0,48,1545.0,4944.0,1,2025-03-17,3587.1,profit
item_4139,38,41.0,17,1558.0,697.0,1,2025-03-17,3585.81,profit
item_4168,47,33.0,19,1551.0,627.0,1,2025-03-17,3586.73,profit
item_4161,33,47.0,38,1551.0,1786.0,1,2025-03-17,3585.39,profit
item_4162,47,33.0,85,1551.0,2805.0,1,2025-03-17,3586.81,profit
item_4158,37,42.0,15,1554.0,630.0,1,2025-03-17,3586.74,profit
item_4145,30,52.0,70,1560.0,3640.0,1,2025-03-17,3586.45,profit
item_4155,50,31.0,15,1550.0,465.0,1,2025-03-17,3585.41,profit
item_4148,43,36.0,88,1548.0,3168.0,1,2025-03-17,3584.96,profit
item_4163,21,74.0,53,1554.0,3922.0,1,2025-03-17,3587.37,profit
item_4164,13,120.0,99,1560.0,11880.0,1,2025-03-17,3586.09,profit
item_4160,12,130.0,53,1560.0,6890.0,1,2025-03-17,3586.49,profit
item_4152,26,60.0,32,1560.0,1920.0,1,2025-03-17,3584.66,profit
item_4154,15,104.0,76,1560.0,7904.0,1,2025-03-17,3586.4,profit
item_4142,11,141.0,99,1551.0,13959.0,1,2025-03-17,3587.32,profit
item_4144,26,60.0,20,1560.0,1200.0,1,2025-03-17,3585.35,profit
item_4151,11,141.0,77,1551.0,10857.0,1,2025-03-17,3586.11,profit
item_4169,29,54.0,72,1566.0,3888.0,1,2025-03-18,3587.19,profit
item_4178,14,113.0,37,1582.0,4181.0,1,2025-03-18,3587.13,profit
item_4185,18,87.0,20,1566.0,1740.0,1,2025-03-18,3586.9,profit
item_4194,27,58.0,47,1566.0,2726.0,1,2025-03-18,3586.01,profit
item_4193,19,83.0,22,1577.0,1826.0,1,2025-03-18,3585.91,profit
item_4179,49,32.0,15,1568.0,480.0,1,2025-03-18,3585.46,profit
item_4181,14,112.0,72,1568.0,8064.0,1,2025-03-18,3585.54,profit
item_4190,18,87.0,49,1566.0,4263.0,1,2025-03-18,3585.97,profit
item_4177,49,32.0,54,1568.0,1728.0,1,2025-03-18,3587.26,profit
item_4173,15,105.0,95,1575.0,9975.0,1,2025-03-18,3585.55,profit
item_4170,20,79.0,88,1580.0,6952.0,1,2025-03-18,3586.79,profit
item_4183,28,56.0,51,1568.0,2856.0,1,2025-03-18,3585.93,profit
item_4188,16,98.0,29,1568.0,2842.0,1,2025-03-18,3586.83,profit
item_4174,49,32.0,32,1568.0,1024.0,1,2025-03-18,3585.57,profit
item_4191,34,46.0,27,1564.0,1242.0,1,2025-03-18,3586.17,profit
item_4187,31,51.0,76,1581.0,3876.0,1,2025-03-18,3586.86,profit
item_4180,12,131.0,15,1572.0,1965.0,1,2025-03-18,3587.19,profit
item_4182,17,93.0,27,1581.0,2511.0,1,2025-03-18,3585.66,profit
item_4176,46,34.0,85,1564.0,2890.0,1,2025-03-18,3585.81,profit
item_4186,32,49.0,41,1568.0,2009.0,1,2025-03-18,3586.03,profit
item_4184,35,45.0,55,1575.0,2475.0,1,2025-03-18,3586.67,profit
item_4192,17,93.0,92,1581.0,8556.0,1,2025-03-18,3586.93,profit
item_4175,17,92.0,67,1564.0,6164.0,1,2025-03-18,3587.1,profit
item_4189,16,98.0,27,1568.0,2646.0,1,2025-03-18,3585.81,profit
item_4195,23,68.0,72,1564.0,4896.0,1,2025-03-18,3586.59,profit
item_4172,14,112.0,33,1568.0,3696.0,1,2025-03-18,3586.08,profit
item_4171,21,75.0,53,1575.0,3975.0,1,2025-03-18,3586.08,profit
item_4202,13,123.0,43,1599.0,5289.0,1,2025-03-19,3585.99,profit
item_4225,25,64.0,86,1600.0,5504.0,1,2025-03-19,3587.06,profit
item_4229,18,89.0,52,1602.0,4628.0,1,2025-03-19,3586.94,profit
item_4227,29,55.0,50,1595.0,2750.0,1,2025-03-19,3586.71,profit
item_4207,14,114.0,48,1596.0,5472.0,1,2025-03-19,3587.03,profit
item_4213,30,53.0,70,1590.0,3710.0,1,2025-03-19,3586.67,profit
item_4197,18,89.0,13,1602.0,1157.0,1,2025-03-19,3586.97,profit
item_4220,24,66.0,60,1584.0,3960.0,1,2025-03-19,3586.58,profit
item_4241,50,32.0,29,1600.0,928.0,1,2025-03-19,3587.18,profit
item_4219,28,57.0,32,1596.0,1824.0,1,2025-03-19,3587.12,profit
item_4242,11,145.0,76,1595.0,11020.0,1,2025-03-19,3587.0,profit
item_4243,16,100.0,67,1600.0,6700.0,1,2025-03-19,3584.69,profit
item_4203,24,66.0,17,1584.0,1122.0,1,2025-03-19,3585.56,profit
item_4237,44,36.0,26,1584.0,936.0,1,2025-03-19,3586.23,profit
item_4196,42,38.0,22,1596.0,836.0,1,2025-03-19,3586.39,profit
item_4199,40,40.0,81,1600.0,3240.0,1,2025-03-19,3586.81,profit
item_4224,33,48.0,56,1584.0,2688.0,1,2025-03-19,3586.56,profit
item_4235,43,37.0,91,1591.0,3367.0,1,2025-03-19,3586.29,profit
item_4233,38,42.0,41,1596.0,1722.0,1,2025-03-19,3586.48,profit
item_4228,42,38.0,29,1596.0,1102.0,1,2025-03-19,3586.39,profit
item_4216,37,43.0,19,1591.0,817.0,1,2025-03-19,3586.97,profit
item_4212,30,53.0,41,1590.0,2173.0,1,2025-03-19,3585.45,profit
item_4198,27,59.0,86,1593.0,5074.0,1,2025-03-19,3586.1,profit
item_4214,13,122.0,16,1586.0,1952.0,1,2025-03-19,3586.72,profit
item_4221,21,76.0,56,1596.0,4256.0,1,2025-03-19,3586.48,profit
item_4218,39,41.0,57,1599.0,2337.0,1,2025-03-19,3586.84,profit
item_4231,18,88.0,89,1584.0,7832.0,1,2025-03-19,3585.03,profit
item_4245,11,145.0,82,1595.0,11890.0,1,2025-03-19,3584.88,profit
item_4236,25,64.0,86,1600.0,5504.0,1,2025-03-19,3587.16,profit
item_4211,14,114.0,15,1596.0,1710.0,1,2025-03-19,3586.17,profit
item_4204,37,43.0,93,1591.0,3999.0,1,2025-03-19,3586.46,profit
item_4205,29,55.0,34,1595.0,1870.0,1,2025-03-19,3587.19,profit
item_4226,32,50.0,99,1600.0,4950.0,1,2025-03-19,3586.55,profit
item_4244,12,133.0,57,1596.0,7581.0,1,2025-03-19,3585.4,profit
item_4201,18,89.0,25,1602.0,2225.0,1,2025-03-19,3586.89,profit
item_4222,17,94.0,15,1598.0,1410.0,1,2025-03-19,3586.21,profit
item_4217,32,50.0,29,1600.0,1450.0,1,2025-03-19,3586.92,profit
item_4206,41,39.0,50,1599.0,1950.0,1,2025-03-19,3586.53,profit
item_4238,12,132.0,13,1584.0,1716.0,1,2025-03-19,3586.84,profit
item_4208,18,89.0,96,1602.0,8544.0,1,2025-03-19,3585.47,profit
item_4223,25,64.0,11,1600.0,704.0,1,2025-03-19,3585.96,profit
item_4210,25,64.0,70,1600.0,4480.0,1,2025-03-19,3585.78,profit
item_4200,41,39.0,35,1599.0,1365.0,1,2025-03-19,3587.11,profit
item_4240,47,34.0,83,1598.0,2822.0,1,2025-03-19,3587.3,profit
item_4234,22,72.0,66,1584.0,4752.0,1,2025-03-19,3586.9,profit
item_4232,33,48.0,23,1584.0,1104.0,1,2025-03-19,3585.7,profit
item_4239,44,36.0,74,1584.0,2664.0,1,2025-03-19,3585.37,profit
item_4215,36,44.0,44,1584.0,1936.0,1,2025-03-19,3585.48,profit
item_4230,12,133.0,74,1596.0,9842.0,1,2025-03-19,3585.95,profit
item_4251,13,124.0,99,1612.0,12276.0,1,2025-03-20,3587.12,profit
item_4270,22,73.0,13,1606.0,949.0,1,2025-03-20,3586.55,profit
item_4267,16,101.0,97,1616.0,9797.0,1,2025-03-20,3585.28,profit
item_4260,33,49.0,16,1617.0,784.0,1,2025-03-20,3585.69,profit
item_4263,45,36.0,99,1620.0,3564.0,1,2025-03-20,3586.4,profit
item_4269,35,46.0,89,1610.0,4094.0,1,2025-03-20,3584.46,profit
item_4253,27,60.0,37,1620.0,2220.0,1,2025-03-20,3586.97,profit
item_4259,17,95.0,48,1615.0,4560.0,1,2025-03-20,3584.9,profit
item_4247,19,85.0,70,1615.0,5950.0,1,2025-03-20,3586.74,profit
item_4250,49,33.0,45,1617.0,1485.0,1,2025-03-20,3585.25,profit
item_4274,31,52.0,46,1612.0,2392.0,1,2025-03-20,3586.74,profit
item_4249,14,115.0,31,1610.0,3565.0,1,2025-03-20,3584.55,profit
item_4277,18,90.0,94,1620.0,8460.0,1,2025-03-20,3586.33,profit
item_4248,11,146.0,84,1606.0,12264.0,1,2025-03-20,3585.81,profit
item_4262,27,60.0,84,1620.0,5040.0,1,2025-03-20,3586.75,profit
item_4276,20,81.0,70,1620.0,5670.0,1,2025-03-20,3585.92,profit
item_4261,30,54.0,100,1620.0,5400.0,1,2025-03-20,3586.63,profit
item_4272,27,60.0,46,1620.0,2760.0,1,2025-03-20,3585.8,profit
item_4268,11,146.0,88,1606.0,12848.0,1,2025-03-20,3585.5,profit
item_4246,45,36.0,26,1620.0,936.0,1,2025-03-20,3584.52,profit
item_4271,16,101.0,36,1616.0,3636.0,1,2025-03-20,3585.9,profit
item_4258,12,134.0,51,1608.0,6834.0,1,2025-03-20,3585.89,profit
item_4255,15,108.0,84,1620.0,9072.0,1,2025-03-20,3585.04,profit
item_4257,22,73.0,85,1606.0,6205.0,1,2025-03-20,3586.19,profit
item_4264,12,134.0,35,1608.0,4690.0,1,2025-03-20,3587.09,profit
item_4265,23,70.0,27,1610.0,1890.0,1,2025-03-20,3584.99,profit
item_4273,30,54.0,53,1620.0,2862.0,1,2025-03-20,3586.61,profit
item_4266,13,124.0,70,1612.0,8680.0,1,2025-03-20,3586.21,profit
item_4275,16,101.0,12,1616.0,1212.0,1,2025-03-20,3586.76,profit
item_4254,13,124.0,85,1612.0,10540.0,1,2025-03-20,3586.12,profit
item_4252,45,36.0,100,1620.0,3600.0,1,2025-03-20,3584.96,profit
item_4256,27,60.0,86,1620.0,5160.0,1,2025-03-20,3585.23,profit
item_4289,28,58.0,49,1624.0,2842.0,1,2025-03-21,3585.77,profit
item_4308,38,43.0,81,1634.0,3483.0,1,2025-03-21,3585.96,profit
item_4297,11,148.0,60,1628.0,8880.0,1,2025-03-21,3586.29,profit
item_4311,24,68.0,68,1632.0,4624.0,1,2025-03-21,3586.61,profit
item_4306,31,53.0,46,1643.0,2438.0,1,2025-03-21,3587.23,profit
item_4294,23,71.0,62,1633.0,4402.0,1,2025-03-21,3586.65,profit
item_4282,42,39.0,28,1638.0,1092.0,1,2025-03-21,3586.16,profit
item_4278,25,65.0,30,1625.0,1950.0,1,2025-03-21,3585.92,profit
item_4305,42,39.0,94,1638.0,3666.0,1,2025-03-21,3585.97,profit
item_4309,13,126.0,46,1638.0,5796.0,1,2025-03-21,3586.87,profit
item_4285,18,91.0,60,1638.0,5460.0,1,2025-03-21,3587.12,profit
item_4293,31,53.0,85,1643.0,4505.0,1,2025-03-21,3586.66,profit
item_4301,39,42.0,84,1638.0,3528.0,1,2025-03-21,3585.44,profit
item_4307,20,82.0,82,1640.0,6724.0,1,2025-03-21,3586.53,profit
item_4287,24,68.0,57,1632.0,3876.0,1,2025-03-21,3585.96,profit
item_4288,16,102.0,43,1632.0,4386.0,1,2025-03-21,3586.37,profit
item_4300,15,109.0,70,1635.0,7630.0,1,2025-03-21,3586.85,profit
item_4279,43,38.0,92,1634.0,3496.0,1,2025-03-21,3586.27,profit
item_4284,41,40.0,75,1640.0,3000.0,1,2025-03-21,3587.19,profit
item_4302,31,53.0,35,1643.0,1855.0,1,2025-03-21,3586.89,profit
item_4298,21,78.0,31,1638.0,2418.0,1,2025-03-21,3584.76,profit
item_4283,39,42.0,71,1638.0,2982.0,1,2025-03-21,3587.12,profit
item_4290,41,40.0,28,1640.0,1120.0,1,2025-03-21,3586.63,profit
item_4315,42,39.0,62,1638.0,2418.0,1,2025-03-21,3587.16,profit
item_4299,37,44.0,63,1628.0,2772.0,1,2025-03-21,3585.97,profit
item_4296,22,74.0,97,1628.0,7178.0,1,2025-03-21,3585.52,profit
item_4292,26,63.0,99,1638.0,6237.0,1,2025-03-21,3587.08,profit
item_4280,16,102.0,75,1632.0,7650.0,1,2025-03-21,3587.25,profit
item_4286,19,86.0,42,1634.0,3612.0,1,2025-03-21,3585.81,profit
item_4312,15,109.0,50,1635.0,5450.0,1,2025-03-21,3586.25,profit
item_4313,17,96.0,84,1632.0,8064.0,1,2025-03-21,3585.52,profit
item_4295,14,117.0,25,1638.0,2925.0,1,2025-03-21,3586.13,profit
item_4281,23,71.0,12,1633.0,852.0,1,2025-03-21,3585.55,profit
item_4303,48,34.0,19,1632.0,646.0,1,2025-03-21,3586.43,profit
item_4304,18,91.0,52,1638.0,4732.0,1,2025-03-21,3587.09,profit
item_4291,40,41.0,18,1640.0,738.0,1,2025-03-21,3587.09,profit
item_4310,32,51.0,60,1632.0,3060.0,1,2025-03-21,3585.13,profit
item_4314,48,34.0,100,1632.0,3400.0,1,2025-03-21,3585.68,profit
item_4335,18,92.0,23,1656.0,2116.0,1,2025-03-22,3586.41,profit
item_4336,11,150.0,76,1650.0,11400.0,1,2025-03-22,3585.95,profit
item_4349,12,137.0,84,1644.0,11508.0,1,2025-03-22,3586.61,profit
item_4354,13,127.0,10,1651.0,1270.0,1,2025-03-22,3585.06,profit
item_4337,16,103.0,14,1648.0,1442.0,1,2025-03-22,3584.89,profit
item_4342,47,35.0,14,1645.0,490.0,1,2025-03-22,3586.18,profit
item_4328,13,128.0,77,1664.0,9856.0,1,2025-03-22,3585.73,profit
item_4355,18,92.0,94,1656.0,8648.0,1,2025-03-22,3585.33,profit
item_4318,21,79.0,20,1659.0,1580.0,1,2025-03-22,3586.21,profit
item_4332,14,118.0,87,1652.0,10266.0,1,2025-03-22,3587.05,profit
item_4345,33,50.0,77,1650.0,3850.0,1,2025-03-22,3584.37,profit
item_4344,11,150.0,94,1650.0,14100.0,1,2025-03-22,3587.4,profit
item_4347,26,64.0,14,1664.0,896.0,1,2025-03-22,3586.8,profit
item_4321,27,61.0,23,1647.0,1403.0,1,2025-03-22,3587.08,profit
item_4341,24,69.0,89,1656.0,6141.0,1,2025-03-22,3586.17,profit
item_4331,50,33.0,60,1650.0,1980.0,1,2025-03-22,3586.7,profit
item_4340,22,75.0,89,1650.0,6675.0,1,2025-03-22,3587.07,profit
item_4348,28,59.0,45,1652.0,2655.0,1,2025-03-22,3586.21,profit
item_4317,29,57.0,40,1653.0,2280.0,1,2025-03-22,3585.13,profit
item_4325,18,92.0,25,1656.0,2300.0,1,2025-03-22,3586.47,profit
item_4329,46,36.0,72,1656.0,2592.0,1,2025-03-22,3585.07,profit
item_4323,25,66.0,13,1650.0,858.0,1,2025-03-22,3586.68,profit
item_4316,15,110.0,98,1650.0,10780.0,1,2025-03-22,3586.74,profit
item_4330,36,46.0,85,1656.0,3910.0,1,2025-03-22,3587.05,profit
item_4319,11,150.0,68,1650.0,10200.0,1,2025-03-22,3586.01,profit
item_4350,30,55.0,96,1650.0,5280.0,1,2025-03-22,3584.97,profit
item_4334,27,61.0,52,1647.0,3172.0,1,2025-03-22,3586.54,profit
item_4324,24,69.0,95,1656.0,6555.0,1,2025-03-22,3586.37,profit
item_4320,46,36.0,39,1656.0,1404.0,1,2025-03-22,3584.88,profit
item_4327,18,92.0,48,1656.0,4416.0,1,2025-03-22,3585.48,profit
item_4338,16,103.0,36,1648.0,3708.0,1,2025-03-22,3585.75,profit
item_4351,50,33.0,85,1650.0,2805.0,1,2025-03-22,3586.5,profit
item_4333,35,47.0,36,1645.0,1692.0,1,2025-03-22,3585.07,profit
item_4352,19,87.0,35,1653.0,3045.0,1,2025-03-22,3587.12,profit
item_4326,15,110.0,96,1650.0,10560.0,1,2025-03-22,3585.91,profit
item_4357,11,150.0,69,1650.0,10350.0,1,2025-03-22,3585.01,profit
item_4339,36,46.0,77,1656.0,3542.0,1,2025-03-22,3585.88,profit
item_4353,13,128.0,84,1664.0,10752.0,1,2025-03-22,3585.72,profit
item_4322,28,59.0,74,1652.0,4366.0,1,2025-03-22,3586.46,profit
item_4343,50,33.0,95,1650.0,3135.0,1,2025-03-22,3586.9,profit
item_4346,47,35.0,45,1645.0,1575.0,1,2025-03-22,3586.39,profit
item_4356,11,150.0,25,1650.0,3750.0,1,2025-03-22,3585.89,profit
item_4361,21,80.0,52,1680.0,4160.0,1,2025-03-23,3586.55,profit
item_4367,45,37.0,63,1665.0,2331.0,1,2025-03-23,3585.22,profit
item_4368,22,76.0,79,1672.0,6004.0,1,2025-03-23,3587.31,profit
item_4389,12,139.0,56,1668.0,7784.0,1,2025-03-23,3586.54,profit
item_4397,39,43.0,15,1677.0,645.0,1,2025-03-23,3586.98,profit
item_4391,12,139.0,54,1668.0,7506.0,1,2025-03-23,3585.93,profit
item_4381,31,54.0,78,1674.0,4212.0,1,2025-03-23,3585.2,profit
item_4379,21,80.0,54,1680.0,4320.0,1,2025-03-23,3585.17,profit
item_4380,12,139.0,35,1668.0,4865.0,1,2025-03-23,3586.14,profit
item_4388,27,62.0,10,1674.0,620.0,1,2025-03-23,3586.44,profit
item_4359,49,34.0,57,1666.0,1938.0,1,2025-03-23,3586.2,profit
item_4364,15,112.0,71,1680.0,7952.0,1,2025-03-23,3585.3,profit
item_4362,20,84.0,20,1680.0,1680.0,1,2025-03-23,3586.08,profit
item_4396,35,48.0,87,1680.0,4176.0,1,2025-03-23,3585.44,profit
item_4383,22,76.0,78,1672.0,5928.0,1,2025-03-23,3586.11,profit
item_4385,12,139.0,11,1668.0,1529.0,1,2025-03-23,3586.87,profit
item_4393,38,44.0,39,1672.0,1716.0,1,2025-03-23,3586.55,profit
item_4384,40,42.0,42,1680.0,1764.0,1,2025-03-23,3586.14,profit
item_4395,13,129.0,44,1677.0,5676.0,1,2025-03-23,3587.03,profit
item_4387,30,56.0,12,1680.0,672.0,1,2025-03-23,3586.7,profit
item_4360,30,56.0,49,1680.0,2744.0,1,2025-03-23,3587.27,profit
item_4390,19,88.0,94,1672.0,8272.0,1,2025-03-23,3585.29,profit
item_4370,24,70.0,55,1680.0,3850.0,1,2025-03-23,3587.02,profit
item_4375,44,38.0,92,1672.0,3496.0,1,2025-03-23,3585.52,profit
item_4386,28,60.0,97,1680.0,5820.0,1,2025-03-23,3585.3,profit
item_4394,40,42.0,27,1680.0,1134.0,1,2025-03-23,3586.99,profit
item_4369,45,37.0,34,1665.0,1258.0,1,2025-03-23,3586.19,profit
item_4365,37,45.0,67,1665.0,3015.0,1,2025-03-23,3585.56,profit
item_4376,48,35.0,94,1680.0,3290.0,1,2025-03-23,3586.98,profit
item_4371,24,70.0,61,1680.0,4270.0,1,2025-03-23,3586.31,profit
item_4392,33,51.0,10,1683.0,510.0,1,2025-03-23,3584.9,profit
item_4377,20,84.0,10,1680.0,840.0,1,2025-03-23,3587.03,profit
item_4373,37,45.0,78,1665.0,3510.0,1,2025-03-23,3585.38,profit
item_4372,14,120.0,62,1680.0,7440.0,1,2025-03-23,3586.32,profit
item_4366,12,139.0,15,1668.0,2085.0,1,2025-03-23,3586.87,profit
item_4363,12,139.0,41,1668.0,5699.0,1,2025-03-23,3586.04,profit
item_4358,24,70.0,29,1680.0,2030.0,1,2025-03-23,3584.84,profit
item_4378,12,140.0,49,1680.0,6860.0,1,2025-03-23,3585.78,profit
item_4382,22,76.0,40,1672.0,3040.0,1,2025-03-23,3586.72,profit
item_4374,17,99.0,82,1683.0,8118.0,1,2025-03-23,3586.89,profit
item_4423,18,94.0,77,1692.0,7238.0,1,2025-03-24,3585.06,profit
item_4414,12,142.0,59,1704.0,8378.0,1,2025-03-24,3586.67,profit
item_4417,13,131.0,47,1703.0,6157.0,1,2025-03-24,3586.14,profit
item_4428,14,121.0,27,1694.0,3267.0,1,2025-03-24,3587.4,profit
item_4408,25,68.0,74,1700.0,5032.0,1,2025-03-24,3585.93,profit
item_4401,27,63.0,88,1701.0,5544.0,1,2025-03-24,3584.84,profit
item_4406,36,47.0,49,1692.0,2303.0,1,2025-03-24,3586.33,profit
item_4419,36,47.0,83,1692.0,3901.0,1,2025-03-24,3585.0,profit
item_4399,17,100.0,98,1700.0,9800.0,1,2025-03-24,3586.8,profit
item_4413,37,46.0,34,1702.0,1564.0,1,2025-03-24,3585.87,profit
item_4398,32,53.0,69,1696.0,3657.0,1,2025-03-24,3586.8,profit
item_4407,18,94.0,20,1692.0,1880.0,1,2025-03-24,3586.76,profit
item_4427,47,36.0,89,1692.0,3204.0,1,2025-03-24,3585.2,profit
item_4409,50,34.0,72,1700.0,2448.0,1,2025-03-24,3586.48,profit
item_4424,37,46.0,76,1702.0,3496.0,1,2025-03-24,3585.57,profit
item_4418,13,131.0,81,1703.0,10611.0,1,2025-03-24,3585.12,profit
item_4415,23,74.0,91,1702.0,6734.0,1,2025-03-24,3584.94,profit
item_4412,19,89.0,85,1691.0,7565.0,1,2025-03-24,3586.07,profit
item_4420,14,121.0,54,1694.0,6534.0,1,2025-03-24,3586.67,profit
item_4410,36,47.0,83,1692.0,3901.0,1,2025-03-24,3587.29,profit
item_4404,12,142.0,74,1704.0,10508.0,1,2025-03-24,3586.75,profit
item_4405,32,53.0,12,1696.0,636.0,1,2025-03-24,3584.63,profit
item_4425,26,65.0,29,1690.0,1885.0,1,2025-03-24,3586.7,profit
item_4421,31,55.0,91,1705.0,5005.0,1,2025-03-24,3585.08,profit
item_4402,16,106.0,63,1696.0,6678.0,1,2025-03-24,3586.33,profit
item_4403,36,47.0,93,1692.0,4371.0,1,2025-03-24,3585.4,profit
item_4426,12,142.0,31,1704.0,4402.0,1,2025-03-24,3586.2,profit
item_4411,24,71.0,24,1704.0,1704.0,1,2025-03-24,3586.75,profit
item_4422,14,121.0,65,1694.0,7865.0,1,2025-03-24,3586.47,profit
item_4400,12,142.0,56,1704.0,7952.0,1,2025-03-24,3585.62,profit
item_4416,26,65.0,54,1690.0,3510.0,1,2025-03-24,3586.11,profit
item_4472,26,66.0,50,1716.0,3300.0,1,2025-03-25,3586.92,profit
item_4443,13,132.0,59,1716.0,7788.0,1,2025-03-25,3585.34,profit
item_4470,33,52.0,31,1716.0,1612.0,1,2025-03-25,3587.0,profit
item_4453,17,101.0,21,1717.0,2121.0,1,2025-03-25,3586.12,profit
item_4429,19,90.0,64,1710.0,5760.0,1,2025-03-25,3585.42,profit
item_4444,42,41.0,58,1722.0,2378.0,1,2025-03-25,3585.26,profit
item_4432,41,42.0,62,1722.0,2604.0,1,2025-03-25,3586.8,profit
item_4465,25,69.0,65,1725.0,4485.0,1,2025-03-25,3586.2,profit
item_4434,28,61.0,13,1708.0,793.0,1,2025-03-25,3585.85,profit
item_4445,33,52.0,58,1716.0,3016.0,1,2025-03-25,3587.06,profit
item_4461,44,39.0,13,1716.0,507.0,1,2025-03-25,3585.3,profit
item_4460,15,115.0,73,1725.0,8395.0,1,2025-03-25,3586.72,profit
item_4466,29,59.0,19,1711.0,1121.0,1,2025-03-25,3586.37,profit
item_4442,14,123.0,16,1722.0,1968.0,1,2025-03-25,3585.19,profit
item_4471,40,43.0,58,1720.0,2494.0,1,2025-03-25,3586.44,profit
item_4459,30,57.0,90,1710.0,5130.0,1,2025-03-25,3586.17,profit
item_4452,23,75.0,68,1725.0,5100.0,1,2025-03-25,3585.49,profit
item_4436,44,39.0,77,1716.0,3003.0,1,2025-03-25,3586.75,profit
item_4467,15,114.0,90,1710.0,10260.0,1,2025-03-25,3586.51,profit
item_4458,21,82.0,41,1722.0,3362.0,1,2025-03-25,3586.95,profit
item_4440,44,39.0,97,1716.0,3783.0,1,2025-03-25,3586.33,profit
item_4450,12,143.0,20,1716.0,2860.0,1,2025-03-25,3586.01,profit
item_4447,33,52.0,36,1716.0,1872.0,1,2025-03-25,3587.12,profit
item_4435,30,57.0,68,1710.0,3876.0,1,2025-03-25,3586.42,profit
item_4441,15,115.0,73,1725.0,8395.0,1,2025-03-25,3587.1,profit
item_4456,20,86.0,75,1720.0,6450.0,1,2025-03-25,3585.66,profit
item_4437,25,69.0,18,1725.0,1242.0,1,2025-03-25,3587.18,profit
item_4464,25,69.0,26,1725.0,1794.0,1,2025-03-25,3585.17,profit
item_4430,16,107.0,56,1712.0,5992.0,1,2025-03-25,3585.96,profit
item_4439,23,75.0,96,1725.0,7200.0,1,2025-03-25,3587.06,profit
item_4462,29,59.0,90,1711.0,5310.0,1,2025-03-25,3586.81,profit
item_4455,14,122.0,46,1708.0,5612.0,1,2025-03-25,3586.31,profit
item_4463,14,122.0,65,1708.0,7930.0,1,2025-03-25,3586.55,profit
item_4457,43,40.0,22,1720.0,880.0,1,2025-03-25,3586.12,profit
item_4468,19,90.0,84,1710.0,7560.0,1,2025-03-25,3585.49,profit
item_4449,21,82.0,65,1722.0,5330.0,1,2025-03-25,3587.04,profit
item_4433,20,86.0,42,1720.0,3612.0,1,2025-03-25,3586.83,profit
item_4454,23,75.0,10,1725.0,750.0,1,2025-03-25,3585.7,profit
item_4451,15,115.0,78,1725.0,8970.0,1,2025-03-25,3585.21,profit
item_4438,40,43.0,30,1720.0,1290.0,1,2025-03-25,3586.27,profit
item_4431,35,49.0,92,1715.0,4508.0,1,2025-03-25,3585.6,profit
item_4473,16,107.0,90,1712.0,9630.0,1,2025-03-25,3586.36,profit
item_4448,41,42.0,68,1722.0,2856.0,1,2025-03-25,3586.57,profit
item_4469,45,38.0,81,1710.0,3078.0,1,2025-03-25,3585.78,profit
item_4446,43,40.0,86,1720.0,3440.0,1,2025-03-25,3586.68,profit
item_4493,37,47.0,92,1739.0,4324.0,1,2025-03-26,3585.72,profit
item_4477,16,108.0,39,1728.0,4212.0,1,2025-03-26,3586.65,profit
item_4492,19,91.0,52,1729.0,4732.0,1,2025-03-26,3586.38,profit
item_4484,13,134.0,78,1742.0,10452.0,1,2025-03-26,3586.76,profit
item_4479,16,108.0,78,1728.0,8424.0,1,2025-03-26,3585.62,profit
item_4482,17,102.0,45,1734.0,4590.0,1,2025-03-26,3586.22,profit
item_4476,36,48.0,61,1728.0,2928.0,1,2025-03-26,3584.98,profit
item_4474,27,64.0,46,1728.0,2944.0,1,2025-03-26,3585.48,profit
item_4491,26,67.0,98,1742.0,6566.0,1,2025-03-26,3585.0,profit
item_4487,47,37.0,62,1739.0,2294.0,1,2025-03-26,3586.49,profit
item_4509,17,102.0,29,1734.0,2958.0,1,2025-03-26,3587.35,profit
item_4475,13,133.0,74,1729.0,9842.0,1,2025-03-26,3586.26,profit
item_4502,19,91.0,91,1729.0,8281.0,1,2025-03-26,3585.94,profit
item_4498,29,60.0,50,1740.0,3000.0,1,2025-03-26,3584.83,profit
item_4485,28,62.0,30,1736.0,1860.0,1,2025-03-26,3584.98,profit
item_4504,36,48.0,33,1728.0,1584.0,1,2025-03-26,3586.2,profit
item_4494,15,116.0,33,1740.0,3828.0,1,2025-03-26,3586.8,profit
item_4508,47,37.0,65,1739.0,2405.0,1,2025-03-26,3586.59,profit
item_4489,47,37.0,54,1739.0,1998.0,1,2025-03-26,3584.99,profit
item_4495,12,144.0,90,1728.0,12960.0,1,2025-03-26,3585.37,profit
item_4500,14,124.0,25,1736.0,3100.0,1,2025-03-26,3586.37,profit
item_4499,30,58.0,32,1740.0,1856.0,1,2025-03-26,3586.24,profit
item_4497,13,134.0,95,1742.0,12730.0,1,2025-03-26,3585.34,profit
item_4506,18,97.0,11,1746.0,1067.0,1,2025-03-26,3585.56,profit
item_4501,18,96.0,57,1728.0,5472.0,1,2025-03-26,3585.5,profit
item_4478,15,116.0,12,1740.0,1392.0,1,2025-03-26,3585.51,profit
item_4488,12,145.0,57,1740.0,8265.0,1,2025-03-26,3587.31,profit
item_4503,26,67.0,19,1742.0,1273.0,1,2025-03-26,3585.86,profit
item_4496,15,116.0,34,1740.0,3944.0,1,2025-03-26,3584.71,profit
item_4481,28,62.0,66,1736.0,4092.0,1,2025-03-26,3587.23,profit
item_4480,48,36.0,91,1728.0,3276.0,1,2025-03-26,3585.65,profit
item_4507,28,62.0,41,1736.0,2542.0,1,2025-03-26,3585.78,profit
item_4483,37,47.0,49,1739.0,2303.0,1,2025-03-26,3585.51,profit
item_4505,16,108.0,88,1728.0,9504.0,1,2025-03-26,3586.84,profit
item_4490,12,145.0,38,1740.0,5510.0,1,2025-03-26,3587.12,profit
item_4486,29,60.0,27,1740.0,1620.0,1,2025-03-26,3586.3,profit
item_4526,18,98.0,84,1764.0,8232.0,1,2025-03-27,3584.94,profit
item_4515,22,80.0,68,1760.0,5440.0,1,2025-03-27,3586.83,profit
item_4539,20,88.0,39,1760.0,3432.0,1,2025-03-27,3586.44,profit
item_4535,20,88.0,59,1760.0,5192.0,1,2025-03-27,3584.86,profit
item_4555,36,49.0,75,1764.0,3675.0,1,2025-03-27,3585.54,profit
item_4514,36,49.0,100,1764.0,4900.0,1,2025-03-27,3587.08,profit
item_4533,45,39.0,93,1755.0,3627.0,1,2025-03-27,3585.52,profit
item_4530,16,110.0,50,1760.0,5500.0,1,2025-03-27,3586.29,profit
item_4525,14,126.0,67,1764.0,8442.0,1,2025-03-27,3586.3,profit
item_4551,49,36.0,85,1764.0,3060.0,1,2025-03-27,3586.06,profit
item_4540,13,135.0,11,1755.0,1485.0,1,2025-03-27,3585.98,profit
item_4541,17,103.0,38,1751.0,3914.0,1,2025-03-27,3585.48,profit
item_4511,25,70.0,18,1750.0,1260.0,1,2025-03-27,3586.35,profit
item_4543,49,36.0,43,1764.0,1548.0,1,2025-03-27,3586.51,profit
item_4522,19,92.0,75,1748.0,6900.0,1,2025-03-27,3585.39,profit
item_4512,46,38.0,97,1748.0,3686.0,1,2025-03-27,3586.36,profit
item_4519,12,146.0,38,1752.0,5548.0,1,2025-03-27,3586.9,profit
item_4534,13,135.0,47,1755.0,6345.0,1,2025-03-27,3586.96,profit
item_4546,44,40.0,94,1760.0,3760.0,1,2025-03-27,3586.03,profit
item_4547,19,92.0,42,1748.0,3864.0,1,2025-03-27,3587.26,profit
item_4556,20,88.0,76,1760.0,6688.0,1,2025-03-27,3586.51,profit
item_4550,24,73.0,95,1752.0,6935.0,1,2025-03-27,3587.22,profit
item_4520,12,146.0,34,1752.0,4964.0,1,2025-03-27,3585.15,profit
item_4552,24,73.0,72,1752.0,5256.0,1,2025-03-27,3587.07,profit
item_4536,21,84.0,14,1764.0,1176.0,1,2025-03-27,3585.74,profit
item_4548,12,147.0,67,1764.0,9849.0,1,2025-03-27,3585.8,profit
item_4524,28,63.0,97,1764.0,6111.0,1,2025-03-27,3587.0,profit
item_4518,40,44.0,39,1760.0,1716.0,1,2025-03-27,3586.86,profit
item_4553,12,147.0,66,1764.0,9702.0,1,2025-03-27,3585.98,profit
item_4554,19,93.0,100,1767.0,9300.0,1,2025-03-27,3584.67,profit
item_4542,25,70.0,66,1750.0,4620.0,1,2025-03-27,3586.02,profit
item_4545,19,93.0,46,1767.0,4278.0,1,2025-03-27,3586.6,profit
item_4521,14,125.0,62,1750.0,7750.0,1,2025-03-27,3585.24,profit
item_4523,44,40.0,77,1760.0,3080.0,1,2025-03-27,3585.84,profit
item_4549,50,35.0,75,1750.0,2625.0,1,2025-03-27,3584.87,profit
item_4531,20,88.0,22,1760.0,1936.0,1,2025-03-27,3585.34,profit
item_4529,27,65.0,96,1755.0,6240.0,1,2025-03-27,3586.07,profit
item_4532,17,103.0,100,1751.0,10300.0,1,2025-03-27,3585.88,profit
item_4544,31,57.0,23,1767.0,1311.0,1,2025-03-27,3587.26,profit
item_4527,16,110.0,43,1760.0,4730.0,1,2025-03-27,3585.44,profit
item_4538,27,65.0,62,1755.0,4030.0,1,2025-03-27,3587.11,profit
item_4558,31,57.0,18,1767.0,1026.0,1,2025-03-27,3586.66,profit
item_4517,44,40.0,33,1760.0,1320.0,1,2025-03-27,3586.96,profit
item_4537,42,42.0,56,1764.0,2352.0,1,2025-03-27,3585.96,profit
item_4513,49,36.0,33,1764.0,1188.0,1,2025-03-27,3587.4,profit
item_4516,43,41.0,78,1763.0,3198.0,1,2025-03-27,3585.92,profit
item_4510,24,73.0,56,1752.0,4088.0,1,2025-03-27,3585.8,profit
item_4528,24,73.0,59,1752.0,4307.0,1,2025-03-27,3585.27,profit
item_4557,40,44.0,19,1760.0,836.0,1,2025-03-27,3585.64,profit
item_4577,24,74.0,37,1776.0,2738.0,1,2025-03-28,3585.22,profit
item_4573,47,38.0,42,1786.0,1596.0,1,2025-03-28,3586.57,profit
item_4571,15,118.0,90,1770.0,10620.0,1,2025-03-28,3585.51,profit
item_4562,17,105.0,68,1785.0,7140.0,1,2025-03-28,3586.74,profit
item_4576,15,118.0,86,1770.0,10148.0,1,2025-03-28,3585.67,profit
item_4570,18,99.0,38,1782.0,3762.0,1,2025-03-28,3585.9,profit
item_4566,15,119.0,60,1785.0,7140.0,1,2025-03-28,3584.43,profit
item_4584,38,47.0,81,1786.0,3807.0,1,2025-03-28,3586.19,profit
item_4586,30,59.0,28,1770.0,1652.0,1,2025-03-28,3586.79,profit
item_4572,37,48.0,48,1776.0,2304.0,1,2025-03-28,3585.15,profit
item_4567,13,137.0,93,1781.0,12741.0,1,2025-03-28,3585.02,profit
item_4565,12,148.0,78,1776.0,11544.0,1,2025-03-28,3584.59,profit
item_4594,16,111.0,41,1776.0,4551.0,1,2025-03-28,3585.31,profit
item_4579,24,74.0,50,1776.0,3700.0,1,2025-03-28,3587.24,profit
item_4568,18,99.0,57,1782.0,5643.0,1,2025-03-28,3584.54,profit
item_4591,20,89.0,98,1780.0,8722.0,1,2025-03-28,3584.77,profit
item_4583,23,77.0,23,1771.0,1771.0,1,2025-03-28,3584.95,profit
item_4561,30,59.0,18,1770.0,1062.0,1,2025-03-28,3586.8,profit
item_4588,15,118.0,45,1770.0,5310.0,1,2025-03-28,3586.36,profit
item_4559,20,89.0,20,1780.0,1780.0,1,2025-03-28,3586.57,profit
item_4589,15,119.0,72,1785.0,8568.0,1,2025-03-28,3585.52,profit
item_4574,22,81.0,78,1782.0,6318.0,1,2025-03-28,3586.97,profit
item_4578,47,38.0,99,1786.0,3762.0,1,2025-03-28,3586.07,profit
item_4563,16,111.0,79,1776.0,8769.0,1,2025-03-28,3585.85,profit
item_4592,18,99.0,12,1782.0,1188.0,1,2025-03-28,3585.57,profit
item_4564,12,148.0,75,1776.0,11100.0,1,2025-03-28,3585.46,profit
item_4587,26,68.0,53,1768.0,3604.0,1,2025-03-28,3586.35,profit
item_4580,33,54.0,55,1782.0,2970.0,1,2025-03-28,3586.06,profit
item_4560,30,59.0,43,1770.0,2537.0,1,2025-03-28,3586.17,profit
item_4575,18,99.0,55,1782.0,5445.0,1,2025-03-28,3586.03,profit
item_4581,47,38.0,78,1786.0,2964.0,1,2025-03-28,3586.62,profit
item_4569,24,74.0,88,1776.0,6512.0,1,2025-03-28,3585.31,profit
item_4593,14,127.0,58,1778.0,7366.0,1,2025-03-28,3585.55,profit
item_4582,12,148.0,34,1776.0,5032.0,1,2025-03-28,3587.17,profit
item_4590,13,136.0,99,1768.0,13464.0,1,2025-03-28,3585.4,profit
item_4585,38,47.0,72,1786.0,3384.0,1,2025-03-28,3586.99,profit
item_4608,22,82.0,78,1804.0,6396.0,1,2025-03-29,3586.82,profit
item_4602,36,50.0,34,1800.0,1700.0,1,2025-03-29,3587.5,profit
item_4615,12,149.0,45,1788.0,6705.0,1,2025-03-29,3585.96,profit
item_4625,36,50.0,95,1800.0,4750.0,1,2025-03-29,3586.15,profit
item_4630,19,95.0,72,1805.0,6840.0,1,2025-03-29,3587.07,profit
item_4628,29,62.0,48,1798.0,2976.0,1,2025-03-29,3585.88,profit
item_4617,34,53.0,91,1802.0,4823.0,1,2025-03-29,3586.98,profit
item_4624,24,75.0,18,1800.0,1350.0,1,2025-03-29,3587.16,profit
item_4610,12,150.0,25,1800.0,3750.0,1,2025-03-29,3586.64,profit
item_4598,22,82.0,38,1804.0,3116.0,1,2025-03-29,3585.53,profit
item_4596,29,62.0,68,1798.0,4216.0,1,2025-03-29,3584.97,profit
item_4622,16,112.0,60,1792.0,6720.0,1,2025-03-29,3586.79,profit
item_4606,28,64.0,69,1792.0,4416.0,1,2025-03-29,3586.05,profit
item_4626,44,41.0,11,1804.0,451.0,1,2025-03-29,3586.91,profit
item_4603,29,62.0,82,1798.0,5084.0,1,2025-03-29,3586.76,profit
item_4629,46,39.0,15,1794.0,585.0,1,2025-03-29,3586.51,profit
item_4618,18,100.0,67,1800.0,6700.0,1,2025-03-29,3586.79,profit
item_4597,16,113.0,14,1808.0,1582.0,1,2025-03-29,3586.37,profit
item_4620,13,139.0,15,1807.0,2085.0,1,2025-03-29,3585.28,profit
item_4605,25,72.0,83,1800.0,5976.0,1,2025-03-29,3586.78,profit
item_4627,19,95.0,63,1805.0,5985.0,1,2025-03-29,3586.81,profit
item_4599,32,56.0,45,1792.0,2520.0,1,2025-03-29,3586.22,profit
item_4607,40,45.0,88,1800.0,3960.0,1,2025-03-29,3586.21,profit
item_4600,17,106.0,17,1802.0,1802.0,1,2025-03-29,3586.75,profit
item_4601,50,36.0,77,1800.0,2772.0,1,2025-03-29,3585.89,profit
item_4623,44,41.0,74,1804.0,3034.0,1,2025-03-29,3585.75,profit
item_4595,13,139.0,77,1807.0,10703.0,1,2025-03-29,3585.62,profit
item_4612,14,128.0,91,1792.0,11648.0,1,2025-03-29,3586.95,profit
item_4614,23,78.0,49,1794.0,3822.0,1,2025-03-29,3586.41,profit
item_4604,36,50.0,100,1800.0,5000.0,1,2025-03-29,3586.58,profit
item_4611,39,46.0,35,1794.0,1610.0,1,2025-03-29,3585.07,profit
item_4609,39,46.0,35,1794.0,1610.0,1,2025-03-29,3585.8,profit
item_4616,43,42.0,33,1806.0,1386.0,1,2025-03-29,3584.92,profit
item_4621,34,53.0,11,1802.0,583.0,1,2025-03-29,3585.34,profit
item_4619,14,128.0,32,1792.0,4096.0,1,2025-03-29,3585.61,profit
item_4613,30,60.0,80,1800.0,4800.0,1,2025-03-29,3585.13,profit
item_4651,25,73.0,16,1825.0,1168.0,1,2025-03-30,3585.21,profit
item_4637,35,52.0,40,1820.0,2080.0,1,2025-03-30,3587.23,profit
item_4633,13,140.0,18,1820.0,2520.0,1,2025-03-30,3586.75,profit
item_4654,22,83.0,34,1826.0,2822.0,1,2025-03-30,3586.3,profit
item_4640,15,121.0,22,1815.0,2662.0,1,2025-03-30,3586.41,profit
item_4645,37,49.0,72,1813.0,3528.0,1,2025-03-30,3586.35,profit
item_4632,33,55.0,27,1815.0,1485.0,1,2025-03-30,3585.23,profit
item_4635,27,67.0,34,1809.0,2278.0,1,2025-03-30,3586.91,profit
item_4655,33,55.0,14,1815.0,770.0,1,2025-03-30,3586.21,profit
item_4631,13,140.0,37,1820.0,5180.0,1,2025-03-30,3585.97,profit
item_4648,28,65.0,84,1820.0,5460.0,1,2025-03-30,3584.99,profit
item_4636,49,37.0,44,1813.0,1628.0,1,2025-03-30,3586.34,profit
item_4641,29,63.0,38,1827.0,2394.0,1,2025-03-30,3585.64,profit
item_4652,28,65.0,59,1820.0,3835.0,1,2025-03-30,3586.28,profit
item_4647,14,130.0,60,1820.0,7800.0,1,2025-03-30,3584.88,profit
item_4650,15,121.0,13,1815.0,1573.0,1,2025-03-30,3585.51,profit
item_4638,26,70.0,79,1820.0,5530.0,1,2025-03-30,3586.75,profit
item_4639,29,63.0,28,1827.0,1764.0,1,2025-03-30,3586.36,profit
item_4646,13,140.0,73,1820.0,10220.0,1,2025-03-30,3586.89,profit
item_4634,32,57.0,98,1824.0,5586.0,1,2025-03-30,3585.49,profit
item_4644,25,73.0,50,1825.0,3650.0,1,2025-03-30,3585.74,profit
item_4643,17,107.0,41,1819.0,4387.0,1,2025-03-30,3586.99,profit
item_4642,37,49.0,54,1813.0,2646.0,1,2025-03-30,3586.71,profit
item_4649,20,91.0,99,1820.0,9009.0,1,2025-03-30,3586.19,profit
item_4653,25,73.0,29,1825.0,2117.0,1,2025-03-30,3586.58,profit
item_4681,13,141.0,80,1833.0,11280.0,1,2025-03-31,3585.73,profit
item_4692,47,39.0,20,1833.0,780.0,1,2025-03-31,3585.6,profit
item_4679,40,46.0,80,1840.0,3680.0,1,2025-03-31,3585.81,profit
item_4686,22,84.0,10,1848.0,840.0,1,2025-03-31,3585.93,profit
item_4666,19,97.0,47,1843.0,4559.0,1,2025-03-31,3586.32,profit
item_4676,19,97.0,83,1843.0,8051.0,1,2025-03-31,3586.52,profit
item_4682,39,47.0,72,1833.0,3384.0,1,2025-03-31,3584.49,profit
item_4668,20,92.0,85,1840.0,7820.0,1,2025-03-31,3587.01,profit
item_4677,44,42.0,42,1848.0,1764.0,1,2025-03-31,3585.88,profit
item_4662,26,71.0,34,1846.0,2414.0,1,2025-03-31,3586.53,profit
item_4665,27,68.0,84,1836.0,5712.0,1,2025-03-31,3585.69,profit
item_4685,22,84.0,31,1848.0,2604.0,1,2025-03-31,3586.06,profit
item_4661,27,68.0,66,1836.0,4488.0,1,2025-03-31,3586.11,profit
item_4657,13,141.0,11,1833.0,1551.0,1,2025-03-31,3586.58,profit
item_4660,19,97.0,44,1843.0,4268.0,1,2025-03-31,3586.52,profit
item_4664,18,102.0,58,1836.0,5916.0,1,2025-03-31,3586.64,profit
item_4694,16,115.0,83,1840.0,9545.0,1,2025-03-31,3585.45,profit
item_4674,33,56.0,10,1848.0,560.0,1,2025-03-31,3585.8,profit
item_4693,14,132.0,17,1848.0,2244.0,1,2025-03-31,3586.94,profit
item_4669,14,132.0,89,1848.0,11748.0,1,2025-03-31,3585.75,profit
item_4667,46,40.0,43,1840.0,1720.0,1,2025-03-31,3585.66,profit
item_4658,31,59.0,15,1829.0,885.0,1,2025-03-31,3585.57,profit
item_4659,24,77.0,23,1848.0,1771.0,1,2025-03-31,3586.84,profit
item_4689,39,47.0,45,1833.0,2115.0,1,2025-03-31,3586.49,profit
item_4688,28,66.0,94,1848.0,6204.0,1,2025-03-31,3585.25,profit
item_4673,21,88.0,47,1848.0,4136.0,1,2025-03-31,3585.77,profit
item_4680,23,80.0,87,1840.0,6960.0,1,2025-03-31,3586.66,profit
item_4687,13,142.0,52,1846.0,7384.0,1,2025-03-31,3586.12,profit
item_4684,27,68.0,44,1836.0,2992.0,1,2025-03-31,3585.98,profit
item_4663,30,61.0,62,1830.0,3782.0,1,2025-03-31,3586.35,profit
item_4691,17,108.0,97,1836.0,10476.0,1,2025-03-31,3585.4,profit
item_4683,28,66.0,60,1848.0,3960.0,1,2025-03-31,3586.43,profit
item_4671,33,56.0,98,1848.0,5488.0,1,2025-03-31,3586.11,profit
item_4672,22,84.0,70,1848.0,5880.0,1,2025-03-31,3586.51,profit
item_4675,27,68.0,30,1836.0,2040.0,1,2025-03-31,3586.55,profit
item_4690,14,132.0,15,1848.0,1980.0,1,2025-03-31,3586.74,profit
item_4678,21,88.0,77,1848.0,6776.0,1,2025-03-31,3586.93,profit
item_4656,27,68.0,23,1836.0,1564.0,1,2025-03-31,3586.72,profit
item_4670,28,66.0,54,1848.0,3564.0,1,2025-03-31,3584.8,profit
item_4707,14,133.0,37,1862.0,4921.0,1,2025-04-01,3585.46,profit
item_4695,29,64.0,23,1856.0,1472.0,1,2025-04-01,3585.57,profit
item_4702,21,89.0,59,1869.0,5251.0,1,2025-04-01,3587.35,profit
item_4723,14,133.0,60,1862.0,7980.0,1,2025-04-01,3587.09,profit
item_4708,25,74.0,84,1850.0,6216.0,1,2025-04-01,3585.44,profit
item_4718,14,133.0,33,1862.0,4389.0,1,2025-04-01,3585.86,profit
item_4715,35,53.0,26,1855.0,1378.0,1,2025-04-01,3586.35,profit
item_4716,23,81.0,73,1863.0,5913.0,1,2025-04-01,3586.71,profit
item_4711,18,103.0,66,1854.0,6798.0,1,2025-04-01,3586.86,profit
item_4720,25,74.0,46,1850.0,3404.0,1,2025-04-01,3585.12,profit
item_4709,27,69.0,31,1863.0,2139.0,1,2025-04-01,3586.36,profit
item_4721,49,38.0,43,1862.0,1634.0,1,2025-04-01,3586.25,profit
item_4714,30,62.0,27,1860.0,1674.0,1,2025-04-01,3586.48,profit
item_4699,19,98.0,69,1862.0,6762.0,1,2025-04-01,3586.84,profit
item_4701,49,38.0,79,1862.0,3002.0,1,2025-04-01,3586.31,profit
item_4696,18,103.0,20,1854.0,2060.0,1,2025-04-01,3586.4,profit
item_4722,50,37.0,22,1850.0,814.0,1,2025-04-01,3587.1,profit
item_4705,31,60.0,44,1860.0,2640.0,1,2025-04-01,3586.42,profit
item_4710,37,50.0,63,1850.0,3150.0,1,2025-04-01,3586.3,profit
item_4698,30,62.0,79,1860.0,4898.0,1,2025-04-01,3586.09,profit
item_4703,31,60.0,62,1860.0,3720.0,1,2025-04-01,3585.88,profit
item_4713,30,62.0,83,1860.0,5146.0,1,2025-04-01,3586.14,profit
item_4700,27,69.0,14,1863.0,966.0,1,2025-04-01,3585.8,profit
item_4712,25,74.0,38,1850.0,2812.0,1,2025-04-01,3585.62,profit
item_4704,29,64.0,87,1856.0,5568.0,1,2025-04-01,3586.49,profit
item_4719,13,143.0,54,1859.0,7722.0,1,2025-04-01,3585.39,profit
item_4706,15,124.0,28,1860.0,3472.0,1,2025-04-01,3586.43,profit
item_4697,18,103.0,12,1854.0,1236.0,1,2025-04-01,3585.91,profit
item_4717,19,98.0,26,1862.0,2548.0,1,2025-04-01,3586.22,profit
item_4770,24,78.0,95,1872.0,7410.0,1,2025-04-02,3585.33,profit
item_4768,13,145.0,56,1885.0,8120.0,1,2025-04-02,3584.59,profit
item_4735,13,145.0,71,1885.0,10295.0,1,2025-04-02,3585.41,profit
item_4763,39,48.0,17,1872.0,816.0,1,2025-04-02,3584.92,profit
item_4742,13,144.0,80,1872.0,11520.0,1,2025-04-02,3585.14,profit
item_4725,39,48.0,36,1872.0,1728.0,1,2025-04-02,3586.69,profit
item_4732,35,54.0,97,1890.0,5238.0,1,2025-04-02,3586.77,profit
item_4758,16,117.0,11,1872.0,1287.0,1,2025-04-02,3586.02,profit
item_4727,42,45.0,71,1890.0,3195.0,1,2025-04-02,3585.75,profit
item_4748,20,94.0,47,1880.0,4418.0,1,2025-04-02,3584.78,profit
item_4752,19,99.0,62,1881.0,6138.0,1,2025-04-02,3586.0,profit
item_4724,36,52.0,68,1872.0,3536.0,1,2025-04-02,3585.2,profit
item_4766,40,47.0,50,1880.0,2350.0,1,2025-04-02,3585.36,profit
item_4734,15,125.0,48,1875.0,6000.0,1,2025-04-02,3586.51,profit
item_4726,20,94.0,93,1880.0,8742.0,1,2025-04-02,3586.7,profit
item_4730,42,45.0,70,1890.0,3150.0,1,2025-04-02,3586.79,profit
item_4729,47,40.0,12,1880.0,480.0,1,2025-04-02,3585.85,profit
item_4740,15,125.0,87,1875.0,10875.0,1,2025-04-02,3586.77,profit
item_4736,15,126.0,56,1890.0,7056.0,1,2025-04-02,3584.91,profit
item_4761,15,125.0,41,1875.0,5125.0,1,2025-04-02,3587.09,profit
item_4737,40,47.0,100,1880.0,4700.0,1,2025-04-02,3585.18,profit
item_4765,16,117.0,76,1872.0,8892.0,1,2025-04-02,3585.77,profit
item_4731,40,47.0,20,1880.0,940.0,1,2025-04-02,3587.0,profit
item_4733,34,55.0,15,1870.0,825.0,1,2025-04-02,3586.82,profit
item_4728,23,82.0,84,1886.0,6888.0,1,2025-04-02,3586.83,profit
item_4743,19,99.0,73,1881.0,7227.0,1,2025-04-02,3584.76,profit
item_4744,13,145.0,88,1885.0,12760.0,1,2025-04-02,3585.45,profit
item_4755,20,94.0,23,1880.0,2162.0,1,2025-04-02,3586.59,profit
item_4756,14,135.0,27,1890.0,3645.0,1,2025-04-02,3585.73,profit
item_4767,13,144.0,99,1872.0,14256.0,1,2025-04-02,3586.78,profit
item_4769,18,105.0,82,1890.0,8610.0,1,2025-04-02,3584.68,profit
item_4739,40,47.0,95,1880.0,4465.0,1,2025-04-02,3585.15,profit
item_4746,13,144.0,67,1872.0,9648.0,1,2025-04-02,3585.06,profit
item_4750,30,63.0,89,1890.0,5607.0,1,2025-04-02,3585.35,profit
item_4754,40,47.0,56,1880.0,2632.0,1,2025-04-02,3584.64,profit
item_4753,13,144.0,95,1872.0,13680.0,1,2025-04-02,3585.73,profit
item_4738,16,117.0,57,1872.0,6669.0,1,2025-04-02,3586.85,profit
item_4749,17,110.0,86,1870.0,9460.0,1,2025-04-02,3585.73,profit
item_4760,47,40.0,67,1880.0,2680.0,1,2025-04-02,3585.5,profit
item_4762,14,134.0,89,1876.0,11926.0,1,2025-04-02,3585.28,profit
item_4741,15,126.0,11,1890.0,1386.0,1,2025-04-02,3584.82,profit
item_4764,19,99.0,60,1881.0,5940.0,1,2025-04-02,3586.59,profit
item_4759,16,118.0,78,1888.0,9204.0,1,2025-04-02,3585.61,profit
item_4747,13,144.0,37,1872.0,5328.0,1,2025-04-02,3584.5,profit
item_4757,21,90.0,67,1890.0,6030.0,1,2025-04-02,3585.35,profit
item_4745,17,111.0,78,1887.0,8658.0,1,2025-04-02,3584.44,profit
item_4751,26,72.0,23,1872.0,1656.0,1,2025-04-02,3586.26,profit
item_4780,34,56.0,80,1904.0,4480.0,1,2025-04-03,3585.55,profit
item_4789,17,112.0,27,1904.0,3024.0,1,2025-04-03,3586.34,profit
item_4782,19,100.0,28,1900.0,2800.0,1,2025-04-03,3586.66,profit
item_4792,44,43.0,53,1892.0,2279.0,1,2025-04-03,3586.77,profit
item_4797,15,127.0,25,1905.0,3175.0,1,2025-04-03,3586.99,profit
item_4794,13,146.0,35,1898.0,5110.0,1,2025-04-03,3586.41,profit
item_4771,14,136.0,90,1904.0,12240.0,1,2025-04-03,3585.84,profit
item_4783,14,136.0,38,1904.0,5168.0,1,2025-04-03,3585.78,profit
item_4786,24,79.0,90,1896.0,7110.0,1,2025-04-03,3586.88,profit
item_4784,22,86.0,62,1892.0,5332.0,1,2025-04-03,3585.29,profit
item_4787,14,136.0,34,1904.0,4624.0,1,2025-04-03,3586.23,profit
item_4791,36,53.0,51,1908.0,2703.0,1,2025-04-03,3585.55,profit
item_4793,28,68.0,33,1904.0,2244.0,1,2025-04-03,3587.02,profit
item_4772,19,100.0,76,1900.0,7600.0,1,2025-04-03,3584.6,profit
item_4773,28,68.0,75,1904.0,5100.0,1,2025-04-03,3585.32,profit
item_4785,43,44.0,11,1892.0,484.0,1,2025-04-03,3586.05,profit
item_4798,44,43.0,71,1892.0,3053.0,1,2025-04-03,3585.56,profit
item_4777,13,146.0,73,1898.0,10658.0,1,2025-04-03,3585.36,profit
item_4799,20,95.0,19,1900.0,1805.0,1,2025-04-03,3587.26,profit
item_4778,13,146.0,39,1898.0,5694.0,1,2025-04-03,3584.92,profit
item_4776,15,127.0,26,1905.0,3302.0,1,2025-04-03,3586.42,profit
item_4775,34,56.0,41,1904.0,2296.0,1,2025-04-03,3585.86,profit
item_4788,26,73.0,39,1898.0,2847.0,1,2025-04-03,3585.19,profit
item_4796,36,53.0,62,1908.0,3286.0,1,2025-04-03,3586.02,profit
item_4795,19,100.0,26,1900.0,2600.0,1,2025-04-03,3585.25,profit
item_4781,43,44.0,24,1892.0,1056.0,1,2025-04-03,3586.4,profit
item_4790,16,119.0,66,1904.0,7854.0,1,2025-04-03,3585.76,profit
item_4779,19,100.0,96,1900.0,9600.0,1,2025-04-03,3584.98,profit
item_4774,24,79.0,74,1896.0,5846.0,1,2025-04-03,3586.06,profit
item_4807,37,52.0,96,1924.0,4992.0,1,2025-04-04,3585.06,profit
item_4819,33,58.0,36,1914.0,2088.0,1,2025-04-04,3586.72,profit
item_4809,26,74.0,39,1924.0,2886.0,1,2025-04-04,3586.19,profit
item_4800,13,148.0,66,1924.0,9768.0,1,2025-04-04,3585.97,profit
item_4825,27,71.0,19,1917.0,1349.0,1,2025-04-04,3586.71,profit
item_4813,13,147.0,64,1911.0,9408.0,1,2025-04-04,3586.18,profit
item_4829,27,71.0,47,1917.0,3337.0,1,2025-04-04,3585.89,profit
item_4815,27,71.0,84,1917.0,5964.0,1,2025-04-04,3586.66,profit
item_4816,40,48.0,41,1920.0,1968.0,1,2025-04-04,3586.21,profit
item_4818,40,48.0,57,1920.0,2736.0,1,2025-04-04,3587.04,profit
item_4812,24,80.0,72,1920.0,5760.0,1,2025-04-04,3585.26,profit
item_4803,32,60.0,29,1920.0,1740.0,1,2025-04-04,3586.4,profit
item_4830,22,87.0,48,1914.0,4176.0,1,2025-04-04,3586.37,profit
item_4823,20,96.0,27,1920.0,2592.0,1,2025-04-04,3586.63,profit
item_4805,24,80.0,74,1920.0,5920.0,1,2025-04-04,3586.78,profit
item_4810,19,101.0,49,1919.0,4949.0,1,2025-04-04,3586.16,profit
item_4826,48,40.0,100,1920.0,4000.0,1,2025-04-04,3586.39,profit
item_4828,20,96.0,60,1920.0,5760.0,1,2025-04-04,3586.45,profit
item_4817,48,40.0,68,1920.0,2720.0,1,2025-04-04,3586.64,profit
item_4811,14,137.0,31,1918.0,4247.0,1,2025-04-04,3585.73,profit
item_4820,24,80.0,43,1920.0,3440.0,1,2025-04-04,3586.48,profit
item_4822,31,62.0,58,1922.0,3596.0,1,2025-04-04,3586.35,profit
item_4814,39,49.0,45,1911.0,2205.0,1,2025-04-04,3584.81,profit
item_4821,27,71.0,25,1917.0,1775.0,1,2025-04-04,3586.12,profit
item_4808,30,64.0,35,1920.0,2240.0,1,2025-04-04,3586.63,profit
item_4824,32,60.0,61,1920.0,3660.0,1,2025-04-04,3585.95,profit
item_4804,33,58.0,97,1914.0,5626.0,1,2025-04-04,3586.66,profit
item_4806,15,128.0,69,1920.0,8832.0,1,2025-04-04,3586.02,profit
item_4801,30,64.0,60,1920.0,3840.0,1,2025-04-04,3585.04,profit
item_4827,32,60.0,19,1920.0,1140.0,1,2025-04-04,3587.39,profit
item_4802,30,64.0,20,1920.0,1280.0,1,2025-04-04,3586.46,profit
item_4831,32,60.0,87,1920.0,5220.0,1,2025-04-04,3586.06,profit
item_4854,29,67.0,77,1943.0,5159.0,1,2025-04-05,3585.49,profit
item_4832,33,59.0,36,1947.0,2124.0,1,2025-04-05,3586.64,profit
item_4844,16,121.0,47,1936.0,5687.0,1,2025-04-05,3586.8,profit
item_4861,44,44.0,65,1936.0,2860.0,1,2025-04-05,3585.25,profit
item_4864,36,54.0,70,1944.0,3780.0,1,2025-04-05,3585.6,profit
item_4860,17,114.0,41,1938.0,4674.0,1,2025-04-05,3584.8,profit
item_4852,14,138.0,21,1932.0,2898.0,1,2025-04-05,3587.16,profit
item_4866,39,50.0,51,1950.0,2550.0,1,2025-04-05,3585.6,profit
item_4842,27,72.0,70,1944.0,5040.0,1,2025-04-05,3586.65,profit
item_4855,16,122.0,53,1952.0,6466.0,1,2025-04-05,3586.38,profit
item_4836,18,108.0,55,1944.0,5940.0,1,2025-04-05,3585.42,profit
item_4859,15,129.0,66,1935.0,8514.0,1,2025-04-05,3584.75,profit
item_4837,19,102.0,88,1938.0,8976.0,1,2025-04-05,3585.76,profit
item_4846,24,81.0,89,1944.0,7209.0,1,2025-04-05,3586.47,profit
item_4868,15,130.0,62,1950.0,8060.0,1,2025-04-05,3585.98,profit
item_4850,14,139.0,16,1946.0,2224.0,1,2025-04-05,3585.77,profit
item_4840,32,61.0,38,1952.0,2318.0,1,2025-04-05,3586.3,profit
item_4867,23,84.0,12,1932.0,1008.0,1,2025-04-05,3586.69,profit
item_4841,30,65.0,81,1950.0,5265.0,1,2025-04-05,3586.77,profit
item_4848,20,97.0,55,1940.0,5335.0,1,2025-04-05,3586.35,profit
item_4862,15,129.0,83,1935.0,10707.0,1,2025-04-05,3586.85,profit
item_4838,21,92.0,16,1932.0,1472.0,1,2025-04-05,3585.63,profit
item_4833,19,102.0,70,1938.0,7140.0,1,2025-04-05,3586.52,profit
item_4849,20,97.0,11,1940.0,1067.0,1,2025-04-05,3585.55,profit
item_4858,15,130.0,99,1950.0,12870.0,1,2025-04-05,3585.36,profit
item_4870,32,61.0,40,1952.0,2440.0,1,2025-04-05,3585.81,profit
item_4847,30,65.0,94,1950.0,6110.0,1,2025-04-05,3586.22,profit
item_4845,30,65.0,13,1950.0,845.0,1,2025-04-05,3585.47,profit
item_4863,20,97.0,15,1940.0,1455.0,1,2025-04-05,3584.9,profit
item_4834,46,42.0,43,1932.0,1806.0,1,2025-04-05,3585.74,profit
item_4851,42,46.0,50,1932.0,2300.0,1,2025-04-05,3585.44,profit
item_4869,19,102.0,27,1938.0,2754.0,1,2025-04-05,3585.31,profit
item_4856,29,67.0,88,1943.0,5896.0,1,2025-04-05,3585.27,profit
item_4853,16,122.0,68,1952.0,8296.0,1,2025-04-05,3585.41,profit
item_4857,18,108.0,67,1944.0,7236.0,1,2025-04-05,3586.28,profit
item_4843,42,46.0,27,1932.0,1242.0,1,2025-04-05,3586.29,profit
item_4865,19,102.0,64,1938.0,6528.0,1,2025-04-05,3586.69,profit
item_4835,15,130.0,22,1950.0,2860.0,1,2025-04-05,3587.01,profit
item_4871,28,69.0,20,1932.0,1380.0,1,2025-04-05,3586.65,profit
item_4839,25,78.0,18,1950.0,1404.0,1,2025-04-05,3585.83,profit
item_4888,16,123.0,50,1968.0,6150.0,1,2025-04-06,3585.13,profit
item_4878,48,41.0,28,1968.0,1148.0,1,2025-04-06,3585.9,profit
item_4885,17,115.0,78,1955.0,8970.0,1,2025-04-06,3587.0,profit
item_4895,37,53.0,82,1961.0,4346.0,1,2025-04-06,3585.5,profit
item_4886,37,53.0,99,1961.0,5247.0,1,2025-04-06,3585.47,profit
item_4876,31,63.0,25,1953.0,1575.0,1,2025-04-06,3586.94,profit
item_4877,22,89.0,51,1958.0,4539.0,1,2025-04-06,3586.19,profit
item_4873,15,131.0,69,1965.0,9039.0,1,2025-04-06,3586.24,profit
item_4881,21,93.0,20,1953.0,1860.0,1,2025-04-06,3586.13,profit
item_4899,15,131.0,13,1965.0,1703.0,1,2025-04-06,3586.92,profit
item_4894,16,123.0,16,1968.0,1968.0,1,2025-04-06,3587.0,profit
item_4889,31,63.0,16,1953.0,1008.0,1,2025-04-06,3585.11,profit
item_4896,28,70.0,20,1960.0,1400.0,1,2025-04-06,3586.88,profit
item_4880,22,89.0,15,1958.0,1335.0,1,2025-04-06,3586.1,profit
item_4872,24,82.0,70,1968.0,5740.0,1,2025-04-06,3586.46,profit
item_4884,41,48.0,52,1968.0,2496.0,1,2025-04-06,3586.59,profit
item_4893,41,48.0,73,1968.0,3504.0,1,2025-04-06,3585.75,profit
item_4890,41,48.0,27,1968.0,1296.0,1,2025-04-06,3586.33,profit
item_4892,20,98.0,15,1960.0,1470.0,1,2025-04-06,3585.7,profit
item_4882,40,49.0,79,1960.0,3871.0,1,2025-04-06,3586.22,profit
item_4898,40,49.0,97,1960.0,4753.0,1,2025-04-06,3585.8,profit
item_4887,17,116.0,82,1972.0,9512.0,1,2025-04-06,3586.72,profit
item_4875,48,41.0,84,1968.0,3444.0,1,2025-04-06,3586.38,profit
item_4874,31,63.0,95,1953.0,5985.0,1,2025-04-06,3585.15,profit
item_4891,19,103.0,90,1957.0,9270.0,1,2025-04-06,3586.92,profit
item_4879,23,85.0,49,1955.0,4165.0,1,2025-04-06,3587.02,profit
item_4897,19,103.0,59,1957.0,6077.0,1,2025-04-06,3586.27,profit
item_4883,31,63.0,44,1953.0,2772.0,1,2025-04-06,3587.22,profit
item_4920,22,90.0,87,1980.0,7830.0,1,2025-04-07,3586.31,profit
item_4930,39,51.0,91,1989.0,4641.0,1,2025-04-07,3586.79,profit
item_4926,31,64.0,58,1984.0,3712.0,1,2025-04-07,3586.85,profit
item_4923,43,46.0,93,1978.0,4278.0,1,2025-04-07,3586.83,profit
item_4902,26,76.0,10,1976.0,760.0,1,2025-04-07,3585.9,profit
item_4921,25,79.0,11,1975.0,869.0,1,2025-04-07,3585.83,profit
item_4929,39,51.0,29,1989.0,1479.0,1,2025-04-07,3585.58,profit
item_4914,25,79.0,19,1975.0,1501.0,1,2025-04-07,3586.74,profit
item_4916,36,55.0,23,1980.0,1265.0,1,2025-04-07,3585.27,profit
item_4912,18,110.0,88,1980.0,9680.0,1,2025-04-07,3585.29,profit
item_4927,26,76.0,98,1976.0,7448.0,1,2025-04-07,3586.32,profit
item_4910,32,62.0,45,1984.0,2790.0,1,2025-04-07,3587.19,profit
item_4904,20,99.0,28,1980.0,2772.0,1,2025-04-07,3586.73,profit
item_4905,32,62.0,90,1984.0,5580.0,1,2025-04-07,3585.92,profit
item_4924,36,55.0,79,1980.0,4345.0,1,2025-04-07,3587.05,profit
item_4909,45,44.0,38,1980.0,1672.0,1,2025-04-07,3587.07,profit
item_4911,14,141.0,45,1974.0,6345.0,1,2025-04-07,3586.7,profit
item_4925,47,42.0,57,1974.0,2394.0,1,2025-04-07,3586.58,profit
item_4915,14,141.0,33,1974.0,4653.0,1,2025-04-07,3586.01,profit
item_4919,24,83.0,96,1992.0,7968.0,1,2025-04-07,3585.53,profit
item_4913,39,51.0,85,1989.0,4335.0,1,2025-04-07,3585.55,profit
item_4922,38,52.0,43,1976.0,2236.0,1,2025-04-07,3585.97,profit
item_4928,20,99.0,11,1980.0,1089.0,1,2025-04-07,3586.05,profit
item_4901,20,99.0,83,1980.0,8217.0,1,2025-04-07,3586.77,profit
item_4906,31,64.0,30,1984.0,1920.0,1,2025-04-07,3586.63,profit
item_4908,42,47.0,24,1974.0,1128.0,1,2025-04-07,3586.45,profit
item_4918,14,142.0,13,1988.0,1846.0,1,2025-04-07,3586.63,profit
item_4917,32,62.0,14,1984.0,868.0,1,2025-04-07,3586.78,profit
item_4907,30,66.0,10,1980.0,660.0,1,2025-04-07,3586.37,profit
item_4903,33,60.0,54,1980.0,3240.0,1,2025-04-07,3586.24,profit
item_4931,15,132.0,57,1980.0,7524.0,1,2025-04-07,3586.94,profit
item_4900,36,55.0,19,1980.0,1045.0,1,2025-04-07,3585.28,profit
item_4961,35,57.0,85,1995.0,4845.0,1,2025-04-08,3586.84,profit
item_4947,34,59.0,56,2006.0,3304.0,1,2025-04-08,3586.25,profit
item_4937,30,67.0,100,2010.0,6700.0,1,2025-04-08,3585.8,profit
item_4954,17,118.0,62,2006.0,7316.0,1,2025-04-08,3587.02,profit
item_4960,37,54.0,47,1998.0,2538.0,1,2025-04-08,3585.24,profit
item_4951,29,69.0,70,2001.0,4830.0,1,2025-04-08,3587.16,profit
item_4935,20,100.0,93,2000.0,9300.0,1,2025-04-08,3586.74,profit
item_4942,49,41.0,37,2009.0,1517.0,1,2025-04-08,3586.58,profit
item_4934,35,57.0,34,1995.0,1938.0,1,2025-04-08,3585.44,profit
item_4952,23,87.0,82,2001.0,7134.0,1,2025-04-08,3586.38,profit
item_4946,33,61.0,94,2013.0,5734.0,1,2025-04-08,3586.29,profit
item_4958,49,41.0,51,2009.0,2091.0,1,2025-04-08,3585.18,profit
item_4945,34,59.0,88,2006.0,5192.0,1,2025-04-08,3586.14,profit
item_4936,23,87.0,66,2001.0,5742.0,1,2025-04-08,3585.69,profit
item_4959,14,143.0,25,2002.0,3575.0,1,2025-04-08,3587.15,profit
item_4950,50,40.0,52,2000.0,2080.0,1,2025-04-08,3586.42,profit
item_4949,34,59.0,19,2006.0,1121.0,1,2025-04-08,3584.8,profit
item_4938,19,105.0,72,1995.0,7560.0,1,2025-04-08,3586.23,profit
item_4953,50,40.0,65,2000.0,2600.0,1,2025-04-08,3585.91,profit
item_4955,26,77.0,94,2002.0,7238.0,1,2025-04-08,3585.23,profit
item_4940,16,125.0,24,2000.0,3000.0,1,2025-04-08,3585.26,profit
item_4944,29,69.0,94,2001.0,6486.0,1,2025-04-08,3584.97,profit
item_4939,18,111.0,67,1998.0,7437.0,1,2025-04-08,3585.32,profit
item_4957,15,133.0,26,1995.0,3458.0,1,2025-04-08,3584.8,profit
item_4941,34,59.0,19,2006.0,1121.0,1,2025-04-08,3585.26,profit
item_4933,16,125.0,19,2000.0,2375.0,1,2025-04-08,3584.99,profit
item_4948,14,143.0,64,2002.0,9152.0,1,2025-04-08,3586.29,profit
item_4956,14,143.0,49,2002.0,7007.0,1,2025-04-08,3586.01,profit
item_4943,15,134.0,86,2010.0,11524.0,1,2025-04-08,3587.17,profit
item_4932,14,143.0,41,2002.0,5863.0,1,2025-04-08,3585.03,profit
item_4977,36,56.0,35,2016.0,1960.0,1,2025-04-09,3585.99,profit
item_4978,16,127.0,24,2032.0,3048.0,1,2025-04-09,3586.53,profit
item_4982,38,53.0,21,2014.0,1113.0,1,2025-04-09,3586.98,profit
item_4984,18,112.0,82,2016.0,9184.0,1,2025-04-09,3585.87,profit
item_5002,20,101.0,84,2020.0,8484.0,1,2025-04-09,3585.74,profit
item_4963,48,42.0,49,2016.0,2058.0,1,2025-04-09,3585.7,profit
item_4996,20,101.0,81,2020.0,8181.0,1,2025-04-09,3585.61,profit
item_4997,14,144.0,41,2016.0,5904.0,1,2025-04-09,3585.52,profit
item_4992,29,70.0,45,2030.0,3150.0,1,2025-04-09,3586.87,profit
item_4976,23,88.0,100,2024.0,8800.0,1,2025-04-09,3586.93,profit
item_4962,20,101.0,39,2020.0,3939.0,1,2025-04-09,3586.73,profit
item_4972,17,119.0,44,2023.0,5236.0,1,2025-04-09,3585.24,profit
item_4967,42,48.0,52,2016.0,2496.0,1,2025-04-09,3585.88,profit
item_4991,42,48.0,37,2016.0,1776.0,1,2025-04-09,3586.43,profit
item_4971,16,127.0,52,2032.0,6604.0,1,2025-04-09,3586.85,profit
item_5000,38,53.0,16,2014.0,848.0,1,2025-04-09,3585.71,profit
item_4999,19,107.0,64,2033.0,6848.0,1,2025-04-09,3586.03,profit
item_4986,29,70.0,55,2030.0,3850.0,1,2025-04-09,3585.5,profit
item_4964,14,145.0,44,2030.0,6380.0,1,2025-04-09,3587.12,profit
item_4981,46,44.0,43,2024.0,1892.0,1,2025-04-09,3587.32,profit
item_4995,20,101.0,79,2020.0,7979.0,1,2025-04-09,3585.25,profit
item_4975,42,48.0,30,2016.0,1440.0,1,2025-04-09,3587.23,profit
item_4966,21,96.0,31,2016.0,2976.0,1,2025-04-09,3586.84,profit
item_4994,16,126.0,48,2016.0,6048.0,1,2025-04-09,3586.09,profit
item_4969,48,42.0,65,2016.0,2730.0,1,2025-04-09,3586.74,profit
item_5001,18,113.0,25,2034.0,2825.0,1,2025-04-09,3586.69,profit
item_4968,36,56.0,88,2016.0,4928.0,1,2025-04-09,3586.99,profit
item_4965,39,52.0,61,2028.0,3172.0,1,2025-04-09,3585.1,profit
item_4985,18,113.0,27,2034.0,3051.0,1,2025-04-09,3585.49,profit
item_4980,45,45.0,97,2025.0,4365.0,1,2025-04-09,3586.82,profit
item_4970,44,46.0,61,2024.0,2806.0,1,2025-04-09,3586.98,profit
item_4989,27,75.0,83,2025.0,6225.0,1,2025-04-09,3585.72,profit
item_4973,19,106.0,13,2014.0,1378.0,1,2025-04-09,3585.48,profit
item_4988,19,107.0,43,2033.0,4601.0,1,2025-04-09,3586.9,profit
item_4987,42,48.0,41,2016.0,1968.0,1,2025-04-09,3586.38,profit
item_4998,24,84.0,13,2016.0,1092.0,1,2025-04-09,3584.9,profit
item_4979,36,56.0,12,2016.0,672.0,1,2025-04-09,3585.45,profit
item_4990,32,63.0,40,2016.0,2520.0,1,2025-04-09,3586.3,profit
item_4993,24,84.0,87,2016.0,7308.0,1,2025-04-09,3586.42,profit
item_4974,45,45.0,64,2025.0,2880.0,1,2025-04-09,3585.85,profit
item_4983,20,101.0,56,2020.0,5656.0,1,2025-04-09,3586.71,profit
item_5037,25,82.0,53,2050.0,4346.0,1,2025-04-10,3586.33,profit
item_5023,41,50.0,40,2050.0,2000.0,1,2025-04-10,3585.21,profit
item_5036,26,79.0,60,2054.0,4740.0,1,2025-04-10,3587.02,profit
item_5039,38,54.0,10,2052.0,540.0,1,2025-04-10,3585.61,profit
item_5004,41,50.0,44,2050.0,2200.0,1,2025-04-10,3585.32,profit
item_5031,24,85.0,91,2040.0,7735.0,1,2025-04-10,3586.31,profit
item_5022,16,128.0,41,2048.0,5248.0,1,2025-04-10,3586.16,profit
item_5032,24,85.0,28,2040.0,2380.0,1,2025-04-10,3585.95,profit
item_5019,17,120.0,94,2040.0,11280.0,1,2025-04-10,3586.21,profit
item_5011,40,51.0,45,2040.0,2295.0,1,2025-04-10,3585.36,profit
item_5009,15,136.0,73,2040.0,9928.0,1,2025-04-10,3585.64,profit
item_5016,37,55.0,63,2035.0,3465.0,1,2025-04-10,3586.31,profit
item_5010,17,120.0,42,2040.0,5040.0,1,2025-04-10,3585.14,profit
item_5025,23,89.0,13,2047.0,1157.0,1,2025-04-10,3586.72,profit
item_5006,14,146.0,67,2044.0,9782.0,1,2025-04-10,3585.8,profit
item_5014,15,136.0,42,2040.0,5712.0,1,2025-04-10,3586.82,profit
item_5017,14,146.0,73,2044.0,10658.0,1,2025-04-10,3586.47,profit
item_5027,26,79.0,68,2054.0,5372.0,1,2025-04-10,3586.0,profit
item_5012,32,64.0,36,2048.0,2304.0,1,2025-04-10,3586.74,profit
item_5040,33,62.0,60,2046.0,3720.0,1,2025-04-10,3586.75,profit
item_5029,31,66.0,93,2046.0,6138.0,1,2025-04-10,3586.58,profit
item_5021,27,76.0,91,2052.0,6916.0,1,2025-04-10,3586.17,profit
item_5003,15,136.0,15,2040.0,2040.0,1,2025-04-10,3585.81,profit
item_5026,24,85.0,91,2040.0,7735.0,1,2025-04-10,3585.86,profit
item_5018,31,66.0,75,2046.0,4950.0,1,2025-04-10,3584.64,profit
item_5015,30,68.0,100,2040.0,6800.0,1,2025-04-10,3585.04,profit
item_5005,20,102.0,57,2040.0,5814.0,1,2025-04-10,3586.95,profit
item_5013,38,54.0,94,2052.0,5076.0,1,2025-04-10,3586.47,profit
item_5038,18,114.0,50,2052.0,5700.0,1,2025-04-10,3586.19,profit
item_5020,33,62.0,10,2046.0,620.0,1,2025-04-10,3584.94,profit
item_5033,41,50.0,19,2050.0,950.0,1,2025-04-10,3585.9,profit
item_5007,14,146.0,28,2044.0,4088.0,1,2025-04-10,3584.84,profit
item_5028,38,54.0,68,2052.0,3672.0,1,2025-04-10,3585.97,profit
item_5030,34,60.0,25,2040.0,1500.0,1,2025-04-10,3586.24,profit
item_5035,38,54.0,44,2052.0,2376.0,1,2025-04-10,3585.77,profit
item_5024,37,55.0,92,2035.0,5060.0,1,2025-04-10,3586.77,profit
item_5008,18,114.0,25,2052.0,2850.0,1,2025-04-10,3585.0,profit
item_5034,17,120.0,12,2040.0,1440.0,1,2025-04-10,3586.82,profit
item_5070,22,94.0,53,2068.0,4982.0,1,2025-04-11,3585.54,profit
item_5059,22,94.0,16,2068.0,1504.0,1,2025-04-11,3586.6,profit
item_5047,45,46.0,59,2070.0,2714.0,1,2025-04-11,3586.3,profit
item_5053,15,137.0,61,2055.0,8357.0,1,2025-04-11,3585.96,profit
item_5065,39,53.0,13,2067.0,689.0,1,2025-04-11,3587.01,profit
item_5067,20,103.0,35,2060.0,3605.0,1,2025-04-11,3586.43,profit
item_5063,49,42.0,47,2058.0,1974.0,1,2025-04-11,3585.46,profit
item_5050,17,121.0,94,2057.0,11374.0,1,2025-04-11,3585.3,profit
item_5054,21,98.0,83,2058.0,8134.0,1,2025-04-11,3585.17,profit
item_5068,16,129.0,54,2064.0,6966.0,1,2025-04-11,3585.69,profit
item_5043,18,115.0,21,2070.0,2415.0,1,2025-04-11,3587.2,profit
item_5058,43,48.0,66,2064.0,3168.0,1,2025-04-11,3586.81,profit
item_5060,15,138.0,85,2070.0,11730.0,1,2025-04-11,3585.66,profit
item_5056,17,122.0,67,2074.0,8174.0,1,2025-04-11,3584.7,profit
item_5064,49,42.0,37,2058.0,1554.0,1,2025-04-11,3587.01,profit
item_5051,19,109.0,19,2071.0,2071.0,1,2025-04-11,3584.9,profit
item_5046,28,74.0,99,2072.0,7326.0,1,2025-04-11,3585.91,profit
item_5042,46,45.0,28,2070.0,1260.0,1,2025-04-11,3585.68,profit
item_5041,17,121.0,24,2057.0,2904.0,1,2025-04-11,3586.75,profit
item_5062,20,103.0,25,2060.0,2575.0,1,2025-04-11,3586.02,profit
item_5069,18,115.0,46,2070.0,5290.0,1,2025-04-11,3585.27,profit
item_5048,15,138.0,57,2070.0,7866.0,1,2025-04-11,3586.84,profit
item_5045,22,94.0,42,2068.0,3948.0,1,2025-04-11,3587.3,profit
item_5061,29,71.0,82,2059.0,5822.0,1,2025-04-11,3584.87,profit
item_5044,44,47.0,92,2068.0,4324.0,1,2025-04-11,3585.87,profit
item_5066,29,71.0,85,2059.0,6035.0,1,2025-04-11,3586.7,profit
item_5049,19,109.0,97,2071.0,10573.0,1,2025-04-11,3584.97,profit
item_5052,23,90.0,34,2070.0,3060.0,1,2025-04-11,3585.36,profit
item_5057,48,43.0,77,2064.0,3311.0,1,2025-04-11,3584.97,profit
item_5055,15,137.0,91,2055.0,12467.0,1,2025-04-11,3585.67,profit
item_5087,29,72.0,88,2088.0,6336.0,1,2025-04-12,3586.66,profit
item_5093,24,87.0,42,2088.0,3654.0,1,2025-04-12,3585.11,profit
item_5078,38,55.0,90,2090.0,4950.0,1,2025-04-12,3586.01,profit
item_5095,27,77.0,42,2079.0,3234.0,1,2025-04-12,3586.56,profit
item_5082,17,123.0,70,2091.0,8610.0,1,2025-04-12,3585.56,profit
item_5094,36,58.0,16,2088.0,928.0,1,2025-04-12,3585.87,profit
item_5072,18,116.0,96,2088.0,11136.0,1,2025-04-12,3585.78,profit
item_5090,24,87.0,28,2088.0,2436.0,1,2025-04-12,3586.76,profit
item_5075,16,130.0,28,2080.0,3640.0,1,2025-04-12,3586.09,profit
item_5083,17,123.0,54,2091.0,6642.0,1,2025-04-12,3585.29,profit
item_5073,41,51.0,30,2091.0,1530.0,1,2025-04-12,3585.25,profit
item_5071,21,99.0,65,2079.0,6435.0,1,2025-04-12,3585.9,profit
item_5085,32,65.0,97,2080.0,6305.0,1,2025-04-12,3586.42,profit
item_5092,16,130.0,90,2080.0,11700.0,1,2025-04-12,3585.89,profit
item_5097,18,116.0,81,2088.0,9396.0,1,2025-04-12,3586.17,profit
item_5081,20,104.0,30,2080.0,3120.0,1,2025-04-12,3585.31,profit
item_5086,41,51.0,89,2091.0,4539.0,1,2025-04-12,3586.41,profit
item_5084,32,65.0,57,2080.0,3705.0,1,2025-04-12,3585.31,profit
item_5074,26,80.0,69,2080.0,5520.0,1,2025-04-12,3586.59,profit
item_5080,19,110.0,91,2090.0,10010.0,1,2025-04-12,3586.74,profit
item_5076,33,63.0,81,2079.0,5103.0,1,2025-04-12,3585.36,profit
item_5096,23,91.0,11,2093.0,1001.0,1,2025-04-12,3586.37,profit
item_5079,41,51.0,63,2091.0,3213.0,1,2025-04-12,3586.84,profit
item_5091,22,95.0,29,2090.0,2755.0,1,2025-04-12,3585.83,profit
item_5089,41,51.0,89,2091.0,4539.0,1,2025-04-12,3585.72,profit
item_5088,24,87.0,44,2088.0,3828.0,1,2025-04-12,3586.01,profit
item_5077,24,87.0,31,2088.0,2697.0,1,2025-04-12,3586.62,profit
item_5117,27,78.0,47,2106.0,3666.0,1,2025-04-13,3586.54,profit
item_5134,23,92.0,33,2116.0,3036.0,1,2025-04-13,3585.45,profit
item_5111,50,42.0,82,2100.0,3444.0,1,2025-04-13,3587.25,profit
item_5107,28,75.0,66,2100.0,4950.0,1,2025-04-13,3586.41,profit
item_5116,32,66.0,53,2112.0,3498.0,1,2025-04-13,3585.93,profit
item_5123,47,45.0,46,2115.0,2070.0,1,2025-04-13,3586.53,profit
item_5100,44,48.0,43,2112.0,2064.0,1,2025-04-13,3586.72,profit
item_5112,25,84.0,63,2100.0,5292.0,1,2025-04-13,3587.23,profit
item_5136,49,43.0,90,2107.0,3870.0,1,2025-04-13,3586.61,profit
item_5098,44,48.0,96,2112.0,4608.0,1,2025-04-13,3585.64,profit
item_5120,48,44.0,70,2112.0,3080.0,1,2025-04-13,3586.1,profit
item_5130,26,81.0,78,2106.0,6318.0,1,2025-04-13,3586.93,profit
item_5122,42,50.0,51,2100.0,2550.0,1,2025-04-13,3585.1,profit
item_5113,25,84.0,48,2100.0,4032.0,1,2025-04-13,3585.96,profit
item_5121,18,117.0,90,2106.0,10530.0,1,2025-04-13,3586.9,profit
item_5115,23,92.0,29,2116.0,2668.0,1,2025-04-13,3587.05,profit
item_5104,33,64.0,83,2112.0,5312.0,1,2025-04-13,3586.22,profit
item_5124,17,124.0,43,2108.0,5332.0,1,2025-04-13,3586.79,profit
item_5106,34,62.0,75,2108.0,4650.0,1,2025-04-13,3584.72,profit
item_5101,47,45.0,34,2115.0,1530.0,1,2025-04-13,3586.93,profit
item_5102,23,92.0,78,2116.0,7176.0,1,2025-04-13,3587.04,profit
item_5118,31,68.0,64,2108.0,4352.0,1,2025-04-13,3586.23,profit
item_5128,48,44.0,22,2112.0,968.0,1,2025-04-13,3586.43,profit
item_5131,17,124.0,43,2108.0,5332.0,1,2025-04-13,3586.06,profit
item_5133,16,131.0,36,2096.0,4716.0,1,2025-04-13,3586.27,profit
item_5132,28,75.0,31,2100.0,2325.0,1,2025-04-13,3585.3,profit
item_5125,32,66.0,40,2112.0,2640.0,1,2025-04-13,3585.32,profit
item_5109,15,141.0,22,2115.0,3102.0,1,2025-04-13,3585.91,profit
item_5119,27,78.0,90,2106.0,7020.0,1,2025-04-13,3586.46,profit
item_5110,46,46.0,66,2116.0,3036.0,1,2025-04-13,3585.45,profit
item_5114,47,45.0,64,2115.0,2880.0,1,2025-04-13,3586.02,profit
item_5127,32,66.0,75,2112.0,4950.0,1,2025-04-13,3586.44,profit
item_5105,14,150.0,68,2100.0,10200.0,1,2025-04-13,3586.52,profit
item_5135,32,66.0,74,2112.0,4884.0,1,2025-04-13,3586.12,profit
item_5103,28,75.0,46,2100.0,3450.0,1,2025-04-13,3585.93,profit
item_5099,45,47.0,22,2115.0,1034.0,1,2025-04-13,3586.99,profit
item_5108,23,92.0,11,2116.0,1012.0,1,2025-04-13,3586.1,profit
item_5126,30,70.0,71,2100.0,4970.0,1,2025-04-13,3586.47,profit
item_5129,42,50.0,72,2100.0,3600.0,1,2025-04-13,3586.87,profit
item_5164,26,82.0,24,2132.0,1968.0,1,2025-04-14,3586.43,profit
item_5141,38,56.0,73,2128.0,4088.0,1,2025-04-14,3586.54,profit
item_5150,26,82.0,87,2132.0,7134.0,1,2025-04-14,3585.76,profit
item_5137,29,73.0,47,2117.0,3431.0,1,2025-04-14,3587.12,profit
item_5153,38,56.0,10,2128.0,560.0,1,2025-04-14,3586.54,profit
item_5142,28,76.0,64,2128.0,4864.0,1,2025-04-14,3586.63,profit
item_5148,24,89.0,75,2136.0,6675.0,1,2025-04-14,3585.71,profit
item_5143,29,73.0,34,2117.0,2482.0,1,2025-04-14,3586.1,profit
item_5162,22,97.0,41,2134.0,3977.0,1,2025-04-14,3585.6,profit
item_5160,30,71.0,64,2130.0,4544.0,1,2025-04-14,3586.93,profit
item_5163,28,76.0,12,2128.0,912.0,1,2025-04-14,3586.02,profit
item_5154,15,142.0,75,2130.0,10650.0,1,2025-04-14,3586.5,profit
item_5140,36,59.0,60,2124.0,3540.0,1,2025-04-14,3586.41,profit
item_5157,19,112.0,72,2128.0,8064.0,1,2025-04-14,3585.57,profit
item_5158,30,71.0,22,2130.0,1562.0,1,2025-04-14,3585.57,profit
item_5159,41,52.0,94,2132.0,4888.0,1,2025-04-14,3586.33,profit
item_5155,30,71.0,68,2130.0,4828.0,1,2025-04-14,3584.98,profit
item_5139,30,71.0,87,2130.0,6177.0,1,2025-04-14,3585.68,profit
item_5144,40,53.0,35,2120.0,1855.0,1,2025-04-14,3586.22,profit
item_5156,19,112.0,15,2128.0,1680.0,1,2025-04-14,3586.25,profit
item_5151,16,133.0,81,2128.0,10773.0,1,2025-04-14,3586.15,profit
item_5145,24,89.0,43,2136.0,3827.0,1,2025-04-14,3586.8,profit
item_5146,15,142.0,24,2130.0,3408.0,1,2025-04-14,3586.13,profit
item_5147,19,112.0,72,2128.0,8064.0,1,2025-04-14,3585.4,profit
item_5152,40,53.0,54,2120.0,2862.0,1,2025-04-14,3584.91,profit
item_5149,21,101.0,25,2121.0,2525.0,1,2025-04-14,3585.97,profit
item_5161,19,112.0,10,2128.0,1120.0,1,2025-04-14,3586.2,profit
item_5138,20,106.0,34,2120.0,3604.0,1,2025-04-14,3586.1,profit
item_5183,34,63.0,16,2142.0,1008.0,1,2025-04-15,3586.24,profit
item_5172,21,102.0,39,2142.0,3978.0,1,2025-04-15,3585.55,profit
item_5166,32,67.0,57,2144.0,3819.0,1,2025-04-15,3586.48,profit
item_5180,42,51.0,29,2142.0,1479.0,1,2025-04-15,3585.01,profit
item_5169,34,63.0,50,2142.0,3150.0,1,2025-04-15,3586.64,profit
item_5184,44,49.0,87,2156.0,4263.0,1,2025-04-15,3586.59,profit
item_5174,31,69.0,67,2139.0,4623.0,1,2025-04-15,3586.94,profit
item_5177,17,126.0,58,2142.0,7308.0,1,2025-04-15,3586.2,profit
item_5185,43,50.0,88,2150.0,4400.0,1,2025-04-15,3587.1,profit
item_5168,33,65.0,58,2145.0,3770.0,1,2025-04-15,3586.42,profit
item_5175,21,102.0,76,2142.0,7752.0,1,2025-04-15,3586.42,profit
item_5178,18,119.0,87,2142.0,10353.0,1,2025-04-15,3585.33,profit
item_5173,42,51.0,56,2142.0,2856.0,1,2025-04-15,3585.81,profit
item_5170,19,113.0,100,2147.0,11300.0,1,2025-04-15,3586.59,profit
item_5167,32,67.0,21,2144.0,1407.0,1,2025-04-15,3586.43,profit
item_5176,29,74.0,31,2146.0,2294.0,1,2025-04-15,3585.63,profit
item_5171,20,107.0,16,2140.0,1712.0,1,2025-04-15,3585.36,profit
item_5181,17,126.0,46,2142.0,5796.0,1,2025-04-15,3586.44,profit
item_5186,29,74.0,54,2146.0,3996.0,1,2025-04-15,3586.82,profit
item_5187,15,143.0,57,2145.0,8151.0,1,2025-04-15,3586.08,profit
item_5179,18,119.0,100,2142.0,11900.0,1,2025-04-15,3585.25,profit
item_5165,28,77.0,90,2156.0,6930.0,1,2025-04-15,3586.45,profit
item_5182,29,74.0,31,2146.0,2294.0,1,2025-04-15,3585.2,profit
item_5220,34,64.0,57,2176.0,3648.0,1,2025-04-16,3586.48,profit
item_5222,17,127.0,84,2159.0,10668.0,1,2025-04-16,3586.84,profit
item_5210,35,62.0,41,2170.0,2542.0,1,2025-04-16,3584.84,profit
item_5198,19,114.0,77,2166.0,8778.0,1,2025-04-16,3586.61,profit
item_5200,35,62.0,80,2170.0,4960.0,1,2025-04-16,3585.05,profit
item_5206,16,136.0,89,2176.0,12104.0,1,2025-04-16,3587.07,profit
item_5219,35,62.0,36,2170.0,2232.0,1,2025-04-16,3586.25,profit
item_5213,16,135.0,93,2160.0,12555.0,1,2025-04-16,3585.99,profit
item_5214,21,103.0,80,2163.0,8240.0,1,2025-04-16,3584.71,profit
item_5199,16,135.0,47,2160.0,6345.0,1,2025-04-16,3585.37,profit
item_5196,47,46.0,27,2162.0,1242.0,1,2025-04-16,3585.42,profit
item_5207,41,53.0,77,2173.0,4081.0,1,2025-04-16,3584.77,profit
item_5191,26,83.0,43,2158.0,3569.0,1,2025-04-16,3585.46,profit
item_5201,15,145.0,26,2175.0,3770.0,1,2025-04-16,3586.45,profit
item_5197,32,68.0,91,2176.0,6188.0,1,2025-04-16,3587.19,profit
item_5221,45,48.0,18,2160.0,864.0,1,2025-04-16,3586.5,profit
item_5189,45,48.0,36,2160.0,1728.0,1,2025-04-16,3585.65,profit
item_5195,15,144.0,17,2160.0,2448.0,1,2025-04-16,3585.54,profit
item_5208,34,64.0,47,2176.0,3008.0,1,2025-04-16,3586.53,profit
item_5218,31,70.0,56,2170.0,3920.0,1,2025-04-16,3585.74,profit
item_5205,46,47.0,90,2162.0,4230.0,1,2025-04-16,3585.18,profit
item_5203,22,99.0,41,2178.0,4059.0,1,2025-04-16,3586.04,profit
item_5212,26,83.0,100,2158.0,8300.0,1,2025-04-16,3586.78,profit
item_5193,15,145.0,44,2175.0,6380.0,1,2025-04-16,3586.69,profit
item_5217,26,83.0,23,2158.0,1909.0,1,2025-04-16,3584.99,profit
item_5188,23,94.0,93,2162.0,8742.0,1,2025-04-16,3584.86,profit
item_5211,46,47.0,39,2162.0,1833.0,1,2025-04-16,3586.22,profit
item_5204,15,144.0,44,2160.0,6336.0,1,2025-04-16,3585.92,profit
item_5194,17,128.0,21,2176.0,2688.0,1,2025-04-16,3585.11,profit
item_5202,24,90.0,42,2160.0,3780.0,1,2025-04-16,3585.03,profit
item_5209,17,128.0,99,2176.0,12672.0,1,2025-04-16,3586.22,profit
item_5216,19,114.0,95,2166.0,10830.0,1,2025-04-16,3586.02,profit
item_5190,21,103.0,75,2163.0,7725.0,1,2025-04-16,3586.59,profit
item_5192,41,53.0,33,2173.0,1749.0,1,2025-04-16,3585.92,profit
item_5215,31,70.0,92,2170.0,6440.0,1,2025-04-16,3585.29,profit
item_5228,36,61.0,50,2196.0,3050.0,1,2025-04-17,3586.55,profit
item_5245,23,95.0,34,2185.0,3230.0,1,2025-04-17,3586.62,profit
item_5241,19,115.0,45,2185.0,5175.0,1,2025-04-17,3585.69,profit
item_5250,28,78.0,80,2184.0,6240.0,1,2025-04-17,3584.82,profit
item_5249,15,146.0,92,2190.0,13432.0,1,2025-04-17,3585.43,profit
item_5236,16,137.0,32,2192.0,4384.0,1,2025-04-17,3584.86,profit
item_5231,39,56.0,99,2184.0,5544.0,1,2025-04-17,3586.21,profit
item_5229,26,84.0,76,2184.0,6384.0,1,2025-04-17,3586.63,profit
item_5244,39,56.0,25,2184.0,1400.0,1,2025-04-17,3586.76,profit
item_5239,28,78.0,38,2184.0,2964.0,1,2025-04-17,3586.61,profit
item_5243,43,51.0,53,2193.0,2703.0,1,2025-04-17,3586.4,profit
item_5246,36,61.0,38,2196.0,2318.0,1,2025-04-17,3585.99,profit
item_5232,16,137.0,92,2192.0,12604.0,1,2025-04-17,3586.57,profit
item_5225,16,137.0,72,2192.0,9864.0,1,2025-04-17,3586.5,profit
item_5237,36,61.0,75,2196.0,4575.0,1,2025-04-17,3585.2,profit
item_5248,17,129.0,18,2193.0,2322.0,1,2025-04-17,3585.75,profit
item_5240,20,109.0,34,2180.0,3706.0,1,2025-04-17,3586.02,profit
item_5234,39,56.0,43,2184.0,2408.0,1,2025-04-17,3585.96,profit
item_5226,24,91.0,48,2184.0,4368.0,1,2025-04-17,3585.03,profit
item_5247,21,104.0,74,2184.0,7696.0,1,2025-04-17,3586.69,profit
item_5230,30,73.0,89,2190.0,6497.0,1,2025-04-17,3586.09,profit
item_5252,37,59.0,62,2183.0,3658.0,1,2025-04-17,3585.36,profit
item_5238,37,59.0,97,2183.0,5723.0,1,2025-04-17,3586.64,profit
item_5224,36,61.0,40,2196.0,2440.0,1,2025-04-17,3585.26,profit
item_5251,21,104.0,90,2184.0,9360.0,1,2025-04-17,3586.01,profit
item_5227,36,61.0,37,2196.0,2257.0,1,2025-04-17,3585.88,profit
item_5223,18,122.0,52,2196.0,6344.0,1,2025-04-17,3585.2,profit
item_5235,15,146.0,57,2190.0,8322.0,1,2025-04-17,3586.41,profit
item_5233,30,73.0,87,2190.0,6351.0,1,2025-04-17,3584.6,profit
item_5242,30,73.0,88,2190.0,6424.0,1,2025-04-17,3585.68,profit
item_5283,49,45.0,51,2205.0,2295.0,1,2025-04-18,3586.63,profit
item_5284,28,79.0,74,2212.0,5846.0,1,2025-04-18,3586.99,profit
item_5264,31,71.0,32,2201.0,2272.0,1,2025-04-18,3585.61,profit
item_5263,21,105.0,71,2205.0,7455.0,1,2025-04-18,3586.05,profit
item_5281,45,49.0,57,2205.0,2793.0,1,2025-04-18,3586.14,profit
item_5282,34,65.0,88,2210.0,5720.0,1,2025-04-18,3587.16,profit
item_5265,32,69.0,20,2208.0,1380.0,1,2025-04-18,3586.29,profit
item_5294,26,85.0,80,2210.0,6800.0,1,2025-04-18,3585.35,profit
item_5273,40,55.0,41,2200.0,2255.0,1,2025-04-18,3586.99,profit
item_5288,21,105.0,62,2205.0,6510.0,1,2025-04-18,3585.55,profit
item_5255,34,65.0,91,2210.0,5915.0,1,2025-04-18,3586.29,profit
item_5278,18,123.0,89,2214.0,10947.0,1,2025-04-18,3586.61,profit
item_5286,44,50.0,87,2200.0,4350.0,1,2025-04-18,3585.96,profit
item_5285,26,85.0,65,2210.0,5525.0,1,2025-04-18,3586.13,profit
item_5259,27,82.0,89,2214.0,7298.0,1,2025-04-18,3586.19,profit
item_5258,33,67.0,13,2211.0,871.0,1,2025-04-18,3586.36,profit
item_5280,25,88.0,22,2200.0,1936.0,1,2025-04-18,3586.35,profit
item_5267,15,147.0,63,2205.0,9261.0,1,2025-04-18,3587.18,profit
item_5254,35,63.0,96,2205.0,6048.0,1,2025-04-18,3586.81,profit
item_5256,16,138.0,60,2208.0,8280.0,1,2025-04-18,3586.18,profit
item_5277,38,58.0,20,2204.0,1160.0,1,2025-04-18,3586.72,profit
item_5272,44,50.0,36,2200.0,1800.0,1,2025-04-18,3586.16,profit
item_5291,47,47.0,98,2209.0,4606.0,1,2025-04-18,3585.81,profit
item_5261,23,96.0,70,2208.0,6720.0,1,2025-04-18,3586.0,profit
item_5289,19,116.0,51,2204.0,5916.0,1,2025-04-18,3585.43,profit
item_5276,46,48.0,37,2208.0,1776.0,1,2025-04-18,3586.94,profit
item_5271,25,88.0,36,2200.0,3168.0,1,2025-04-18,3586.51,profit
item_5290,25,88.0,84,2200.0,7392.0,1,2025-04-18,3585.32,profit
item_5262,28,79.0,35,2212.0,2765.0,1,2025-04-18,3585.64,profit
item_5268,44,50.0,52,2200.0,2600.0,1,2025-04-18,3585.13,profit
item_5260,27,82.0,81,2214.0,6642.0,1,2025-04-18,3586.12,profit
item_5269,38,58.0,15,2204.0,870.0,1,2025-04-18,3586.89,profit
item_5266,50,44.0,11,2200.0,484.0,1,2025-04-18,3586.46,profit
item_5293,21,105.0,29,2205.0,3045.0,1,2025-04-18,3586.6,profit
item_5292,45,49.0,92,2205.0,4508.0,1,2025-04-18,3586.79,profit
item_5275,47,47.0,95,2209.0,4465.0,1,2025-04-18,3587.14,profit
item_5253,46,48.0,94,2208.0,4512.0,1,2025-04-18,3586.36,profit
item_5274,46,48.0,100,2208.0,4800.0,1,2025-04-18,3586.86,profit
item_5257,35,63.0,98,2205.0,6174.0,1,2025-04-18,3584.77,profit
item_5279,32,69.0,34,2208.0,2346.0,1,2025-04-18,3585.35,profit
item_5270,31,71.0,51,2201.0,3621.0,1,2025-04-18,3586.61,profit
item_5287,23,96.0,86,2208.0,8256.0,1,2025-04-18,3586.84,profit
item_5309,18,124.0,77,2232.0,9548.0,1,2025-04-19,3585.37,profit
item_5305,36,62.0,88,2232.0,5456.0,1,2025-04-19,3585.62,profit
item_5319,31,72.0,44,2232.0,3168.0,1,2025-04-19,3586.41,profit
item_5303,43,52.0,59,2236.0,3068.0,1,2025-04-19,3584.92,profit
item_5299,39,57.0,98,2223.0,5586.0,1,2025-04-19,3586.09,profit
item_5307,26,86.0,57,2236.0,4902.0,1,2025-04-19,3586.55,profit
item_5296,19,117.0,53,2223.0,6201.0,1,2025-04-19,3585.61,profit
item_5310,16,139.0,43,2224.0,5977.0,1,2025-04-19,3585.29,profit
item_5295,23,97.0,68,2231.0,6596.0,1,2025-04-19,3585.88,profit
item_5322,18,124.0,34,2232.0,4216.0,1,2025-04-19,3585.2,profit
item_5316,18,124.0,47,2232.0,5828.0,1,2025-04-19,3586.61,profit
item_5306,39,57.0,78,2223.0,4446.0,1,2025-04-19,3586.55,profit
item_5314,43,52.0,93,2236.0,4836.0,1,2025-04-19,3586.3,profit
item_5304,21,106.0,45,2226.0,4770.0,1,2025-04-19,3586.81,profit
item_5308,18,124.0,31,2232.0,3844.0,1,2025-04-19,3585.88,profit
item_5298,26,86.0,29,2236.0,2494.0,1,2025-04-19,3586.56,profit
item_5318,31,72.0,75,2232.0,5400.0,1,2025-04-19,3585.09,profit
item_5312,37,60.0,76,2220.0,4560.0,1,2025-04-19,3586.62,profit
item_5320,15,148.0,70,2220.0,10360.0,1,2025-04-19,3586.32,profit
item_5317,15,148.0,37,2220.0,5476.0,1,2025-04-19,3585.34,profit
item_5300,29,77.0,78,2233.0,6006.0,1,2025-04-19,3586.84,profit
item_5311,37,60.0,37,2220.0,2220.0,1,2025-04-19,3585.1,profit
item_5313,31,72.0,72,2232.0,5184.0,1,2025-04-19,3586.7,profit
item_5297,39,57.0,32,2223.0,1824.0,1,2025-04-19,3585.31,profit
item_5323,39,57.0,99,2223.0,5643.0,1,2025-04-19,3585.51,profit
item_5301,39,57.0,14,2223.0,798.0,1,2025-04-19,3586.09,profit
item_5302,15,148.0,68,2220.0,10064.0,1,2025-04-19,3586.5,profit
item_5315,42,53.0,43,2226.0,2279.0,1,2025-04-19,3586.8,profit
item_5321,16,139.0,23,2224.0,3197.0,1,2025-04-19,3584.85,profit
item_5351,34,66.0,78,2244.0,5148.0,1,2025-04-20,3586.94,profit
item_5346,25,90.0,27,2250.0,2430.0,1,2025-04-20,3586.99,profit
item_5347,49,46.0,16,2254.0,736.0,1,2025-04-20,3585.84,profit
item_5353,38,59.0,39,2242.0,2301.0,1,2025-04-20,3587.0,profit
item_5336,35,64.0,75,2240.0,4800.0,1,2025-04-20,3586.44,profit
item_5352,46,49.0,99,2254.0,4851.0,1,2025-04-20,3586.6,profit
item_5340,20,112.0,19,2240.0,2128.0,1,2025-04-20,3586.58,profit
item_5342,47,48.0,42,2256.0,2016.0,1,2025-04-20,3585.23,profit
item_5355,25,90.0,64,2250.0,5760.0,1,2025-04-20,3585.77,profit
item_5348,33,68.0,48,2244.0,3264.0,1,2025-04-20,3587.0,profit
item_5345,49,46.0,86,2254.0,3956.0,1,2025-04-20,3586.37,profit
item_5338,16,141.0,28,2256.0,3948.0,1,2025-04-20,3585.72,profit
item_5334,20,113.0,35,2260.0,3955.0,1,2025-04-20,3585.58,profit
item_5326,15,150.0,20,2250.0,3000.0,1,2025-04-20,3585.23,profit
item_5332,23,98.0,85,2254.0,8330.0,1,2025-04-20,3586.5,profit
item_5356,47,48.0,74,2256.0,3552.0,1,2025-04-20,3586.16,profit
item_5349,32,70.0,83,2240.0,5810.0,1,2025-04-20,3586.58,profit
item_5350,50,45.0,14,2250.0,630.0,1,2025-04-20,3586.5,profit
item_5341,18,125.0,92,2250.0,11500.0,1,2025-04-20,3585.59,profit
item_5354,21,107.0,15,2247.0,1605.0,1,2025-04-20,3586.47,profit
item_5327,25,90.0,96,2250.0,8640.0,1,2025-04-20,3584.97,profit
item_5328,41,55.0,84,2255.0,4620.0,1,2025-04-20,3585.92,profit
item_5339,35,64.0,88,2240.0,5632.0,1,2025-04-20,3585.15,profit
item_5330,15,150.0,38,2250.0,5700.0,1,2025-04-20,3585.79,profit
item_5343,35,64.0,94,2240.0,6016.0,1,2025-04-20,3586.79,profit
item_5329,27,83.0,94,2241.0,7802.0,1,2025-04-20,3586.63,profit
item_5335,33,68.0,85,2244.0,5780.0,1,2025-04-20,3585.53,profit
item_5344,37,61.0,42,2257.0,2562.0,1,2025-04-20,3586.43,profit
item_5337,24,94.0,59,2256.0,5546.0,1,2025-04-20,3586.4,profit
item_5324,49,46.0,98,2254.0,4508.0,1,2025-04-20,3586.84,profit
item_5333,22,102.0,58,2244.0,5916.0,1,2025-04-20,3585.7,profit
item_5325,20,113.0,58,2260.0,6554.0,1,2025-04-20,3586.94,profit
item_5331,37,61.0,42,2257.0,2562.0,1,2025-04-20,3584.72,profit
item_5372,35,65.0,41,2275.0,2665.0,1,2025-04-21,3585.62,profit
item_5385,25,91.0,28,2275.0,2548.0,1,2025-04-21,3586.52,profit
item_5365,42,54.0,12,2268.0,648.0,1,2025-04-21,3586.62,profit
item_5391,42,54.0,78,2268.0,4212.0,1,2025-04-21,3586.58,profit
item_5361,35,65.0,29,2275.0,1885.0,1,2025-04-21,3586.31,profit
item_5359,40,57.0,100,2280.0,5700.0,1,2025-04-21,3586.24,profit
item_5390,39,58.0,68,2262.0,3944.0,1,2025-04-21,3585.11,profit
item_5383,19,120.0,62,2280.0,7440.0,1,2025-04-21,3585.83,profit
item_5397,19,120.0,35,2280.0,4200.0,1,2025-04-21,3586.34,profit
item_5388,27,84.0,95,2268.0,7980.0,1,2025-04-21,3586.02,profit
item_5358,28,81.0,68,2268.0,5508.0,1,2025-04-21,3585.51,profit
item_5382,23,99.0,44,2277.0,4356.0,1,2025-04-21,3586.53,profit
item_5367,18,126.0,85,2268.0,10710.0,1,2025-04-21,3586.17,profit
item_5381,36,63.0,46,2268.0,2898.0,1,2025-04-21,3586.4,profit
item_5371,20,114.0,17,2280.0,1938.0,1,2025-04-21,3585.31,profit
item_5400,31,73.0,72,2263.0,5256.0,1,2025-04-21,3585.98,profit
item_5377,27,84.0,13,2268.0,1092.0,1,2025-04-21,3586.6,profit
item_5364,43,53.0,30,2279.0,1590.0,1,2025-04-21,3586.25,profit
item_5384,35,65.0,63,2275.0,4095.0,1,2025-04-21,3585.45,profit
item_5380,29,78.0,89,2262.0,6942.0,1,2025-04-21,3587.06,profit
item_5376,42,54.0,43,2268.0,2322.0,1,2025-04-21,3586.32,profit
item_5387,21,108.0,27,2268.0,2916.0,1,2025-04-21,3585.9,profit
item_5362,19,119.0,74,2261.0,8806.0,1,2025-04-21,3586.28,profit
item_5393,38,60.0,20,2280.0,1200.0,1,2025-04-21,3585.01,profit
item_5392,19,120.0,98,2280.0,11760.0,1,2025-04-21,3586.69,profit
item_5357,19,120.0,31,2280.0,3720.0,1,2025-04-21,3587.1,profit
item_5360,35,65.0,89,2275.0,5785.0,1,2025-04-21,3586.72,profit
item_5378,34,67.0,14,2278.0,938.0,1,2025-04-21,3586.1,profit
item_5374,17,133.0,69,2261.0,9177.0,1,2025-04-21,3586.25,profit
item_5366,26,87.0,67,2262.0,5829.0,1,2025-04-21,3586.73,profit
item_5386,21,108.0,17,2268.0,1836.0,1,2025-04-21,3585.99,profit
item_5399,28,81.0,80,2268.0,6480.0,1,2025-04-21,3586.23,profit
item_5398,28,81.0,91,2268.0,7371.0,1,2025-04-21,3585.69,profit
item_5373,27,84.0,21,2268.0,1764.0,1,2025-04-21,3586.65,profit
item_5368,29,78.0,91,2262.0,7098.0,1,2025-04-21,3585.18,profit
item_5375,32,71.0,88,2272.0,6248.0,1,2025-04-21,3585.31,profit
item_5363,32,71.0,84,2272.0,5964.0,1,2025-04-21,3585.32,profit
item_5389,17,133.0,62,2261.0,8246.0,1,2025-04-21,3586.31,profit
item_5370,19,120.0,49,2280.0,5880.0,1,2025-04-21,3585.36,profit
item_5369,21,108.0,61,2268.0,6588.0,1,2025-04-21,3586.02,profit
item_5394,39,58.0,20,2262.0,1160.0,1,2025-04-21,3586.27,profit
item_5396,28,81.0,28,2268.0,2268.0,1,2025-04-21,3585.65,profit
item_5379,43,53.0,34,2279.0,1802.0,1,2025-04-21,3586.64,profit
item_5395,19,119.0,40,2261.0,4760.0,1,2025-04-21,3586.59,profit
item_5405,26,88.0,31,2288.0,2728.0,1,2025-04-22,3586.28,profit
item_5403,21,109.0,87,2289.0,9483.0,1,2025-04-22,3584.77,profit
item_5420,17,135.0,75,2295.0,10125.0,1,2025-04-22,3585.8,profit
item_5401,26,88.0,71,2288.0,6248.0,1,2025-04-22,3586.09,profit
item_5412,31,74.0,64,2294.0,4736.0,1,2025-04-22,3586.87,profit
item_5413,22,104.0,49,2288.0,5096.0,1,2025-04-22,3586.23,profit
item_5419,27,85.0,84,2295.0,7140.0,1,2025-04-22,3586.08,profit
item_5415,20,115.0,73,2300.0,8395.0,1,2025-04-22,3586.93,profit
item_5407,28,82.0,54,2296.0,4428.0,1,2025-04-22,3586.73,profit
item_5411,46,50.0,55,2300.0,2750.0,1,2025-04-22,3585.87,profit
item_5406,46,50.0,19,2300.0,950.0,1,2025-04-22,3585.66,profit
item_5402,16,143.0,63,2288.0,9009.0,1,2025-04-22,3585.78,profit
item_5422,16,143.0,44,2288.0,6292.0,1,2025-04-22,3586.02,profit
item_5404,37,62.0,93,2294.0,5766.0,1,2025-04-22,3585.3,profit
item_5416,18,127.0,90,2286.0,11430.0,1,2025-04-22,3585.21,profit
item_5410,23,100.0,83,2300.0,8300.0,1,2025-04-22,3587.0,profit
item_5408,22,104.0,24,2288.0,2496.0,1,2025-04-22,3586.18,profit
item_5421,31,74.0,51,2294.0,3774.0,1,2025-04-22,3584.77,profit
item_5414,46,50.0,99,2300.0,4950.0,1,2025-04-22,3585.65,profit
item_5417,39,59.0,60,2301.0,3540.0,1,2025-04-22,3584.9,profit
item_5409,45,51.0,19,2295.0,969.0,1,2025-04-22,3585.85,profit
item_5418,31,74.0,82,2294.0,6068.0,1,2025-04-22,3586.38,profit
item_5440,32,72.0,48,2304.0,3456.0,1,2025-04-23,3586.44,profit
item_5433,29,80.0,32,2320.0,2560.0,1,2025-04-23,3586.7,profit
item_5438,48,48.0,29,2304.0,1392.0,1,2025-04-23,3584.67,profit
item_5434,21,110.0,29,2310.0,3190.0,1,2025-04-23,3586.23,profit
item_5426,30,77.0,47,2310.0,3619.0,1,2025-04-23,3585.92,profit
item_5442,18,128.0,90,2304.0,11520.0,1,2025-04-23,3586.15,profit
item_5425,26,89.0,44,2314.0,3916.0,1,2025-04-23,3584.9,profit
item_5436,49,47.0,62,2303.0,2914.0,1,2025-04-23,3586.84,profit
item_5424,16,145.0,73,2320.0,10585.0,1,2025-04-23,3586.2,profit
item_5427,18,128.0,36,2304.0,4608.0,1,2025-04-23,3586.25,profit
item_5432,40,58.0,44,2320.0,2552.0,1,2025-04-23,3586.84,profit
item_5435,40,58.0,56,2320.0,3248.0,1,2025-04-23,3585.77,profit
item_5431,49,47.0,20,2303.0,940.0,1,2025-04-23,3584.9,profit
item_5429,22,105.0,93,2310.0,9765.0,1,2025-04-23,3585.62,profit
item_5437,16,145.0,92,2320.0,13340.0,1,2025-04-23,3587.08,profit
item_5430,16,144.0,53,2304.0,7632.0,1,2025-04-23,3585.69,profit
item_5428,19,122.0,33,2318.0,4026.0,1,2025-04-23,3585.45,profit
item_5439,35,66.0,14,2310.0,924.0,1,2025-04-23,3586.7,profit
item_5423,30,77.0,34,2310.0,2618.0,1,2025-04-23,3584.9,profit
item_5441,26,89.0,59,2314.0,5251.0,1,2025-04-23,3586.53,profit
item_5443,27,86.0,43,2322.0,3698.0,1,2025-04-24,3585.16,profit
item_5453,43,54.0,68,2322.0,3672.0,1,2025-04-24,3585.62,profit
item_5462,19,123.0,18,2337.0,2214.0,1,2025-04-24,3584.92,profit
item_5464,25,93.0,75,2325.0,6975.0,1,2025-04-24,3586.28,profit
item_5459,31,75.0,77,2325.0,5775.0,1,2025-04-24,3586.34,profit
item_5447,31,75.0,24,2325.0,1800.0,1,2025-04-24,3585.68,profit
item_5450,24,97.0,36,2328.0,3492.0,1,2025-04-24,3586.61,profit
item_5455,37,63.0,32,2331.0,2016.0,1,2025-04-24,3586.06,profit
item_5461,19,123.0,84,2337.0,10332.0,1,2025-04-24,3585.27,profit
item_5457,20,117.0,20,2340.0,2340.0,1,2025-04-24,3586.24,profit
item_5451,18,130.0,25,2340.0,3250.0,1,2025-04-24,3585.75,profit
item_5446,23,101.0,61,2323.0,6161.0,1,2025-04-24,3585.51,profit
item_5448,20,117.0,69,2340.0,8073.0,1,2025-04-24,3586.23,profit
item_5463,32,73.0,92,2336.0,6716.0,1,2025-04-24,3585.22,profit
item_5460,21,111.0,97,2331.0,10767.0,1,2025-04-24,3586.28,profit
item_5445,20,117.0,88,2340.0,10296.0,1,2025-04-24,3585.94,profit
item_5452,22,106.0,97,2332.0,10282.0,1,2025-04-24,3585.43,profit
item_5458,28,83.0,71,2324.0,5893.0,1,2025-04-24,3585.8,profit
item_5449,39,60.0,71,2340.0,4260.0,1,2025-04-24,3585.5,profit
item_5454,31,75.0,71,2325.0,5325.0,1,2025-04-24,3586.65,profit
item_5466,16,146.0,44,2336.0,6424.0,1,2025-04-24,3585.83,profit
item_5444,24,97.0,19,2328.0,1843.0,1,2025-04-24,3585.96,profit
item_5465,26,90.0,38,2340.0,3420.0,1,2025-04-24,3585.71,profit
item_5456,30,78.0,17,2340.0,1326.0,1,2025-04-24,3586.37,profit
item_5475,23,102.0,37,2346.0,3774.0,1,2025-04-25,3587.25,profit
item_5483,31,76.0,86,2356.0,6536.0,1,2025-04-25,3586.34,profit
item_5493,22,107.0,74,2354.0,7918.0,1,2025-04-25,3587.08,profit
item_5497,17,139.0,46,2363.0,6394.0,1,2025-04-25,3585.66,profit
item_5481,48,49.0,99,2352.0,4851.0,1,2025-04-25,3586.15,profit
item_5501,24,98.0,57,2352.0,5586.0,1,2025-04-25,3586.86,profit
item_5491,48,49.0,20,2352.0,980.0,1,2025-04-25,3586.67,profit
item_5482,38,62.0,70,2356.0,4340.0,1,2025-04-25,3586.95,profit
item_5496,19,124.0,39,2356.0,4836.0,1,2025-04-25,3586.26,profit
item_5489,42,56.0,86,2352.0,4816.0,1,2025-04-25,3586.79,profit
item_5498,38,62.0,33,2356.0,2046.0,1,2025-04-25,3585.36,profit
item_5502,40,59.0,86,2360.0,5074.0,1,2025-04-25,3585.72,profit
item_5478,35,67.0,13,2345.0,871.0,1,2025-04-25,3586.37,profit
item_5479,29,81.0,62,2349.0,5022.0,1,2025-04-25,3586.56,profit
item_5477,31,76.0,46,2356.0,3496.0,1,2025-04-25,3586.08,profit
item_5469,25,94.0,53,2350.0,4982.0,1,2025-04-25,3586.07,profit
item_5500,40,59.0,95,2360.0,5605.0,1,2025-04-25,3586.71,profit
item_5480,28,84.0,84,2352.0,7056.0,1,2025-04-25,3586.37,profit
item_5467,38,62.0,34,2356.0,2108.0,1,2025-04-25,3585.02,profit
item_5492,48,49.0,51,2352.0,2499.0,1,2025-04-25,3586.88,profit
item_5468,27,87.0,56,2349.0,4872.0,1,2025-04-25,3586.56,profit
item_5495,29,81.0,11,2349.0,891.0,1,2025-04-25,3585.26,profit
item_5490,47,50.0,22,2350.0,1100.0,1,2025-04-25,3586.63,profit
item_5472,21,112.0,26,2352.0,2912.0,1,2025-04-25,3586.29,profit
item_5470,31,76.0,88,2356.0,6688.0,1,2025-04-25,3585.94,profit
item_5474,50,47.0,95,2350.0,4465.0,1,2025-04-25,3586.98,profit
item_5488,50,47.0,49,2350.0,2303.0,1,2025-04-25,3584.81,profit
item_5503,40,59.0,61,2360.0,3599.0,1,2025-04-25,3586.61,profit
item_5473,49,48.0,12,2352.0,576.0,1,2025-04-25,3585.53,profit
item_5476,27,87.0,40,2349.0,3480.0,1,2025-04-25,3585.7,profit
item_5499,38,62.0,22,2356.0,1364.0,1,2025-04-25,3586.7,profit
item_5485,47,50.0,56,2350.0,2800.0,1,2025-04-25,3586.11,profit
item_5486,31,76.0,49,2356.0,3724.0,1,2025-04-25,3586.72,profit
item_5471,34,69.0,66,2346.0,4554.0,1,2025-04-25,3586.25,profit
item_5484,33,71.0,71,2343.0,5041.0,1,2025-04-25,3586.02,profit
item_5487,17,139.0,95,2363.0,13205.0,1,2025-04-25,3586.17,profit
item_5494,18,131.0,35,2358.0,4585.0,1,2025-04-25,3585.63,profit
item_5511,39,61.0,67,2379.0,4087.0,1,2025-04-26,3585.32,profit
item_5524,25,95.0,70,2375.0,6650.0,1,2025-04-26,3585.0,profit
item_5513,16,148.0,92,2368.0,13616.0,1,2025-04-26,3586.35,profit
item_5506,17,140.0,55,2380.0,7700.0,1,2025-04-26,3586.08,profit
item_5535,21,113.0,67,2373.0,7571.0,1,2025-04-26,3586.03,profit
item_5529,20,119.0,72,2380.0,8568.0,1,2025-04-26,3586.15,profit
item_5520,24,99.0,75,2376.0,7425.0,1,2025-04-26,3586.35,profit
item_5515,21,113.0,19,2373.0,2147.0,1,2025-04-26,3584.93,profit
item_5531,22,108.0,76,2376.0,8208.0,1,2025-04-26,3585.55,profit
item_5526,20,119.0,37,2380.0,4403.0,1,2025-04-26,3585.82,profit
item_5540,19,125.0,79,2375.0,9875.0,1,2025-04-26,3586.57,profit
item_5505,30,79.0,23,2370.0,1817.0,1,2025-04-26,3585.9,profit
item_5521,19,125.0,42,2375.0,5250.0,1,2025-04-26,3585.67,profit
item_5534,26,91.0,56,2366.0,5096.0,1,2025-04-26,3586.17,profit
item_5514,18,132.0,55,2376.0,7260.0,1,2025-04-26,3584.55,profit
item_5512,35,68.0,64,2380.0,4352.0,1,2025-04-26,3586.56,profit
item_5508,43,55.0,33,2365.0,1815.0,1,2025-04-26,3585.43,profit
item_5539,36,66.0,28,2376.0,1848.0,1,2025-04-26,3586.03,profit
item_5522,17,140.0,88,2380.0,12320.0,1,2025-04-26,3585.27,profit
item_5509,37,64.0,32,2368.0,2048.0,1,2025-04-26,3586.63,profit
item_5538,29,82.0,21,2378.0,1722.0,1,2025-04-26,3584.72,profit
item_5537,16,148.0,70,2368.0,10360.0,1,2025-04-26,3585.96,profit
item_5510,19,125.0,80,2375.0,10000.0,1,2025-04-26,3586.56,profit
item_5533,30,79.0,26,2370.0,2054.0,1,2025-04-26,3585.43,profit
item_5507,21,113.0,87,2373.0,9831.0,1,2025-04-26,3585.14,profit
item_5532,21,113.0,49,2373.0,5537.0,1,2025-04-26,3585.5,profit
item_5530,22,108.0,51,2376.0,5508.0,1,2025-04-26,3585.34,profit
item_5525,29,82.0,86,2378.0,7052.0,1,2025-04-26,3585.48,profit
item_5523,20,119.0,83,2380.0,9877.0,1,2025-04-26,3584.77,profit
item_5519,41,58.0,15,2378.0,870.0,1,2025-04-26,3584.88,profit
item_5504,28,85.0,79,2380.0,6715.0,1,2025-04-26,3586.51,profit
item_5528,33,72.0,32,2376.0,2304.0,1,2025-04-26,3586.54,profit
item_5527,39,61.0,97,2379.0,5917.0,1,2025-04-26,3585.24,profit
item_5516,18,132.0,55,2376.0,7260.0,1,2025-04-26,3585.51,profit
item_5536,27,88.0,66,2376.0,5808.0,1,2025-04-26,3585.55,profit
item_5517,24,99.0,68,2376.0,6732.0,1,2025-04-26,3585.29,profit
item_5518,18,132.0,87,2376.0,11484.0,1,2025-04-26,3585.74,profit
item_5562,50,48.0,98,2400.0,4704.0,1,2025-04-27,3585.83,profit
item_5556,40,60.0,65,2400.0,3900.0,1,2025-04-27,3586.98,profit
item_5554,19,126.0,47,2394.0,5922.0,1,2025-04-27,3585.78,profit
item_5559,24,100.0,52,2400.0,5200.0,1,2025-04-27,3586.77,profit
item_5544,40,60.0,75,2400.0,4500.0,1,2025-04-27,3586.07,profit
item_5542,17,141.0,21,2397.0,2961.0,1,2025-04-27,3585.4,profit
item_5568,30,80.0,57,2400.0,4560.0,1,2025-04-27,3586.87,profit
item_5558,48,50.0,32,2400.0,1600.0,1,2025-04-27,3586.96,profit
item_5550,23,104.0,46,2392.0,4784.0,1,2025-04-27,3585.99,profit
item_5561,24,100.0,47,2400.0,4700.0,1,2025-04-27,3586.32,profit
item_5543,24,100.0,22,2400.0,2200.0,1,2025-04-27,3585.37,profit
item_5567,46,52.0,49,2392.0,2548.0,1,2025-04-27,3585.01,profit
item_5547,32,75.0,29,2400.0,2175.0,1,2025-04-27,3585.77,profit
item_5566,16,150.0,19,2400.0,2850.0,1,2025-04-27,3585.03,profit
item_5552,23,104.0,53,2392.0,5512.0,1,2025-04-27,3586.92,profit
item_5549,23,104.0,30,2392.0,3120.0,1,2025-04-27,3585.98,profit
item_5563,40,60.0,81,2400.0,4860.0,1,2025-04-27,3587.09,profit
item_5545,19,126.0,89,2394.0,11214.0,1,2025-04-27,3586.89,profit
item_5564,42,57.0,10,2394.0,570.0,1,2025-04-27,3586.49,profit
item_5541,19,126.0,30,2394.0,3780.0,1,2025-04-27,3585.35,profit
item_5560,32,75.0,47,2400.0,3525.0,1,2025-04-27,3585.78,profit
item_5551,42,57.0,70,2394.0,3990.0,1,2025-04-27,3585.97,profit
item_5546,25,96.0,30,2400.0,2880.0,1,2025-04-27,3585.16,profit
item_5553,23,104.0,43,2392.0,4472.0,1,2025-04-27,3585.74,profit
item_5565,18,133.0,86,2394.0,11438.0,1,2025-04-27,3586.48,profit
item_5548,24,100.0,36,2400.0,3600.0,1,2025-04-27,3586.33,profit
item_5557,47,51.0,87,2397.0,4437.0,1,2025-04-27,3586.82,profit
item_5555,50,48.0,10,2400.0,480.0,1,2025-04-27,3585.43,profit
item_5590,34,71.0,31,2414.0,2201.0,1,2025-04-28,3586.44,profit
item_5585,29,83.0,69,2407.0,5727.0,1,2025-04-28,3587.0,profit
item_5587,29,83.0,61,2407.0,5063.0,1,2025-04-28,3585.53,profit
item_5580,29,83.0,29,2407.0,2407.0,1,2025-04-28,3585.55,profit
item_5596,39,62.0,71,2418.0,4402.0,1,2025-04-28,3586.57,profit
item_5577,44,55.0,72,2420.0,3960.0,1,2025-04-28,3585.34,profit
item_5597,22,110.0,29,2420.0,3190.0,1,2025-04-28,3586.81,profit
item_5598,33,73.0,23,2409.0,1679.0,1,2025-04-28,3585.77,profit
item_5600,33,73.0,58,2409.0,4234.0,1,2025-04-28,3586.45,profit
item_5581,34,71.0,81,2414.0,5751.0,1,2025-04-28,3586.03,profit
item_5572,21,115.0,99,2415.0,11385.0,1,2025-04-28,3585.4,profit
item_5595,37,65.0,19,2405.0,1235.0,1,2025-04-28,3586.8,profit
item_5578,37,65.0,56,2405.0,3640.0,1,2025-04-28,3586.79,profit
item_5592,44,55.0,26,2420.0,1430.0,1,2025-04-28,3585.92,profit
item_5588,39,62.0,14,2418.0,868.0,1,2025-04-28,3585.84,profit
item_5601,39,62.0,100,2418.0,6200.0,1,2025-04-28,3586.4,profit
item_5569,33,73.0,70,2409.0,5110.0,1,2025-04-28,3586.19,profit
item_5582,22,110.0,13,2420.0,1430.0,1,2025-04-28,3586.39,profit
item_5579,23,105.0,75,2415.0,7875.0,1,2025-04-28,3586.42,profit
item_5574,39,62.0,58,2418.0,3596.0,1,2025-04-28,3586.17,profit
item_5599,31,78.0,77,2418.0,6006.0,1,2025-04-28,3586.54,profit
item_5584,43,56.0,94,2408.0,5264.0,1,2025-04-28,3586.55,profit
item_5583,34,71.0,22,2414.0,1562.0,1,2025-04-28,3585.67,profit
item_5591,24,101.0,66,2424.0,6666.0,1,2025-04-28,3586.53,profit
item_5589,33,73.0,43,2409.0,3139.0,1,2025-04-28,3586.42,profit
item_5570,29,83.0,66,2407.0,5478.0,1,2025-04-28,3586.32,profit
item_5575,34,71.0,74,2414.0,5254.0,1,2025-04-28,3586.5,profit
item_5593,37,65.0,71,2405.0,4615.0,1,2025-04-28,3586.81,profit
item_5594,44,55.0,38,2420.0,2090.0,1,2025-04-28,3586.62,profit
item_5576,20,121.0,35,2420.0,4235.0,1,2025-04-28,3586.25,profit
item_5573,35,69.0,36,2415.0,2484.0,1,2025-04-28,3585.22,profit
item_5586,24,101.0,100,2424.0,10100.0,1,2025-04-28,3586.07,profit
item_5571,21,115.0,53,2415.0,6095.0,1,2025-04-28,3585.99,profit
item_5607,47,52.0,18,2444.0,936.0,1,2025-04-29,3585.74,profit
item_5614,30,81.0,35,2430.0,2835.0,1,2025-04-29,3586.86,profit
item_5612,45,54.0,46,2430.0,2484.0,1,2025-04-29,3586.55,profit
item_5622,32,76.0,21,2432.0,1596.0,1,2025-04-29,3585.91,profit
item_5605,21,116.0,99,2436.0,11484.0,1,2025-04-29,3585.22,profit
item_5613,47,52.0,87,2444.0,4524.0,1,2025-04-29,3586.63,profit
item_5611,40,61.0,89,2440.0,5429.0,1,2025-04-29,3586.28,profit
item_5602,47,52.0,81,2444.0,4212.0,1,2025-04-29,3586.63,profit
item_5603,25,97.0,92,2425.0,8924.0,1,2025-04-29,3586.72,profit
item_5606,27,90.0,72,2430.0,6480.0,1,2025-04-29,3585.29,profit
item_5604,19,128.0,17,2432.0,2176.0,1,2025-04-29,3585.51,profit
item_5618,45,54.0,76,2430.0,4104.0,1,2025-04-29,3585.69,profit
item_5615,37,66.0,73,2442.0,4818.0,1,2025-04-29,3586.01,profit
item_5610,32,76.0,75,2432.0,5700.0,1,2025-04-29,3586.67,profit
item_5617,26,94.0,49,2444.0,4606.0,1,2025-04-29,3585.34,profit
item_5616,22,111.0,81,2442.0,8991.0,1,2025-04-29,3586.49,profit
item_5620,26,94.0,28,2444.0,2632.0,1,2025-04-29,3585.12,profit
item_5621,23,106.0,20,2438.0,2120.0,1,2025-04-29,3585.98,profit
item_5627,21,116.0,36,2436.0,4176.0,1,2025-04-29,3584.94,profit
item_5628,46,53.0,27,2438.0,1431.0,1,2025-04-29,3585.42,profit
item_5609,40,61.0,52,2440.0,3172.0,1,2025-04-29,3586.56,profit
item_5608,38,64.0,44,2432.0,2816.0,1,2025-04-29,3586.63,profit
item_5626,18,135.0,85,2430.0,11475.0,1,2025-04-29,3586.04,profit
item_5623,40,61.0,34,2440.0,2074.0,1,2025-04-29,3586.54,profit
item_5625,29,84.0,43,2436.0,3612.0,1,2025-04-29,3584.98,profit
item_5624,17,143.0,89,2431.0,12727.0,1,2025-04-29,3586.88,profit
item_5619,18,135.0,35,2430.0,4725.0,1,2025-04-29,3586.73,profit
item_5656,48,51.0,52,2448.0,2652.0,1,2025-04-30,3586.33,profit
item_5658,29,85.0,93,2465.0,7905.0,1,2025-04-30,3585.34,profit
item_5637,36,68.0,100,2448.0,6800.0,1,2025-04-30,3584.45,profit
item_5640,17,145.0,99,2465.0,14355.0,1,2025-04-30,3586.26,profit
item_5654,34,72.0,39,2448.0,2808.0,1,2025-04-30,3586.36,profit
item_5643,39,63.0,97,2457.0,6111.0,1,2025-04-30,3585.21,profit
item_5638,30,82.0,10,2460.0,820.0,1,2025-04-30,3586.08,profit
item_5650,41,60.0,73,2460.0,4380.0,1,2025-04-30,3586.52,profit
item_5652,41,60.0,86,2460.0,5160.0,1,2025-04-30,3586.07,profit
item_5655,31,79.0,88,2449.0,6952.0,1,2025-04-30,3586.51,profit
item_5641,20,123.0,29,2460.0,3567.0,1,2025-04-30,3584.62,profit
item_5647,27,91.0,17,2457.0,1547.0,1,2025-04-30,3586.02,profit
item_5642,18,136.0,36,2448.0,4896.0,1,2025-04-30,3585.21,profit
item_5653,35,70.0,13,2450.0,910.0,1,2025-04-30,3586.76,profit
item_5649,34,72.0,60,2448.0,4320.0,1,2025-04-30,3585.79,profit
item_5646,27,91.0,56,2457.0,5096.0,1,2025-04-30,3585.1,profit
item_5639,32,77.0,65,2464.0,5005.0,1,2025-04-30,3585.81,profit
item_5648,22,112.0,30,2464.0,3360.0,1,2025-04-30,3586.04,profit
item_5635,41,60.0,57,2460.0,3420.0,1,2025-04-30,3586.78,profit
item_5630,21,117.0,45,2457.0,5265.0,1,2025-04-30,3586.3,profit
item_5632,18,136.0,99,2448.0,13464.0,1,2025-04-30,3585.68,profit
item_5631,23,107.0,81,2461.0,8667.0,1,2025-04-30,3585.69,profit
item_5657,18,136.0,18,2448.0,2448.0,1,2025-04-30,3586.84,profit
item_5633,28,88.0,64,2464.0,5632.0,1,2025-04-30,3584.76,profit
item_5651,29,85.0,29,2465.0,2465.0,1,2025-04-30,3586.7,profit
item_5634,49,50.0,91,2450.0,4550.0,1,2025-04-30,3585.69,profit
item_5629,30,82.0,39,2460.0,3198.0,1,2025-04-30,3586.84,profit
item_5644,34,72.0,66,2448.0,4752.0,1,2025-04-30,3586.61,profit
item_5636,17,145.0,99,2465.0,14355.0,1,2025-04-30,3586.37,profit
item_5645,17,144.0,17,2448.0,2448.0,1,2025-04-30,3586.18,profit
item_5665,36,69.0,54,2484.0,3726.0,1,2025-05-01,3586.64,profit
item_5662,25,99.0,67,2475.0,6633.0,1,2025-05-01,3586.39,profit
item_5669,34,73.0,37,2482.0,2701.0,1,2025-05-01,3586.47,profit
item_5671,22,113.0,92,2486.0,10396.0,1,2025-05-01,3585.6,profit
item_5660,26,95.0,46,2470.0,4370.0,1,2025-05-01,3585.56,profit
item_5677,18,137.0,18,2466.0,2466.0,1,2025-05-01,3585.51,profit
item_5672,38,65.0,69,2470.0,4485.0,1,2025-05-01,3585.59,profit
item_5663,45,55.0,96,2475.0,5280.0,1,2025-05-01,3585.9,profit
item_5674,35,71.0,63,2485.0,4473.0,1,2025-05-01,3586.25,profit
item_5676,24,103.0,24,2472.0,2472.0,1,2025-05-01,3584.68,profit
item_5670,20,124.0,17,2480.0,2108.0,1,2025-05-01,3586.36,profit
item_5659,24,103.0,93,2472.0,9579.0,1,2025-05-01,3586.21,profit
item_5684,36,69.0,68,2484.0,4692.0,1,2025-05-01,3585.51,profit
item_5666,34,73.0,94,2482.0,6862.0,1,2025-05-01,3586.5,profit
item_5682,34,73.0,63,2482.0,4599.0,1,2025-05-01,3586.32,profit
item_5664,46,54.0,20,2484.0,1080.0,1,2025-05-01,3586.87,profit
item_5667,20,124.0,44,2480.0,5456.0,1,2025-05-01,3586.35,profit
item_5680,42,59.0,89,2478.0,5251.0,1,2025-05-01,3585.15,profit
item_5679,19,130.0,50,2470.0,6500.0,1,2025-05-01,3585.2,profit
item_5678,19,130.0,89,2470.0,11570.0,1,2025-05-01,3585.33,profit
item_5675,18,138.0,89,2484.0,12282.0,1,2025-05-01,3586.13,profit
item_5661,35,71.0,27,2485.0,1917.0,1,2025-05-01,3585.74,profit
item_5683,25,99.0,99,2475.0,9801.0,1,2025-05-01,3586.1,profit
item_5681,38,65.0,78,2470.0,5070.0,1,2025-05-01,3586.6,profit
item_5668,37,67.0,52,2479.0,3484.0,1,2025-05-01,3585.24,profit
item_5673,36,69.0,87,2484.0,6003.0,1,2025-05-01,3586.45,profit
item_5694,19,131.0,62,2489.0,8122.0,1,2025-05-02,3585.25,profit
item_5699,30,83.0,100,2490.0,8300.0,1,2025-05-02,3585.38,profit
item_5691,49,51.0,91,2499.0,4641.0,1,2025-05-02,3587.22,profit
item_5696,47,53.0,54,2491.0,2862.0,1,2025-05-02,3585.47,profit
item_5690,50,50.0,100,2500.0,5000.0,1,2025-05-02,3586.24,profit
item_5686,43,58.0,40,2494.0,2320.0,1,2025-05-02,3586.34,profit
item_5700,25,100.0,18,2500.0,1800.0,1,2025-05-02,3586.05,profit
item_5687,32,78.0,61,2496.0,4758.0,1,2025-05-02,3586.46,profit
item_5698,21,119.0,38,2499.0,4522.0,1,2025-05-02,3585.64,profit
item_5702,50,50.0,91,2500.0,4550.0,1,2025-05-02,3586.1,profit
item_5697,24,104.0,93,2496.0,9672.0,1,2025-05-02,3587.02,profit
item_5703,28,89.0,66,2492.0,5874.0,1,2025-05-02,3587.07,profit
item_5710,43,58.0,51,2494.0,2958.0,1,2025-05-02,3585.51,profit
item_5709,20,125.0,64,2500.0,8000.0,1,2025-05-02,3586.33,profit
item_5689,29,86.0,22,2494.0,1892.0,1,2025-05-02,3586.76,profit
item_5706,43,58.0,17,2494.0,986.0,1,2025-05-02,3585.21,profit
item_5688,47,53.0,12,2491.0,636.0,1,2025-05-02,3586.17,profit
item_5701,28,89.0,52,2492.0,4628.0,1,2025-05-02,3585.74,profit
item_5712,29,86.0,60,2494.0,5160.0,1,2025-05-02,3586.9,profit
item_5704,49,51.0,72,2499.0,3672.0,1,2025-05-02,3585.85,profit
item_5707,47,53.0,65,2491.0,3445.0,1,2025-05-02,3586.66,profit
item_5693,18,139.0,23,2502.0,3197.0,1,2025-05-02,3585.7,profit
item_5708,32,78.0,15,2496.0,1170.0,1,2025-05-02,3587.02,profit
item_5711,47,53.0,45,2491.0,2385.0,1,2025-05-02,3586.8,profit
item_5695,19,131.0,19,2489.0,2489.0,1,2025-05-02,3585.33,profit
item_5705,20,125.0,47,2500.0,5875.0,1,2025-05-02,3586.83,profit
item_5692,26,96.0,42,2496.0,4032.0,1,2025-05-02,3586.89,profit
item_5685,39,64.0,88,2496.0,5632.0,1,2025-05-02,3586.16,profit
item_5717,45,56.0,20,2520.0,1120.0,1,2025-05-03,3586.16,profit
item_5727,35,72.0,26,2520.0,1872.0,1,2025-05-03,3585.76,profit
item_5735,30,84.0,16,2520.0,1344.0,1,2025-05-03,3585.04,profit
item_5725,37,68.0,39,2516.0,2652.0,1,2025-05-03,3586.21,profit
item_5714,28,90.0,24,2520.0,2160.0,1,2025-05-03,3586.74,profit
item_5734,20,126.0,86,2520.0,10836.0,1,2025-05-03,3586.79,profit
item_5739,29,87.0,56,2523.0,4872.0,1,2025-05-03,3585.46,profit
item_5733,45,56.0,68,2520.0,3808.0,1,2025-05-03,3586.42,profit
item_5736,23,109.0,48,2507.0,5232.0,1,2025-05-03,3585.92,profit
item_5720,23,109.0,93,2507.0,10137.0,1,2025-05-03,3585.94,profit
item_5722,42,60.0,94,2520.0,5640.0,1,2025-05-03,3586.22,profit
item_5738,20,126.0,62,2520.0,7812.0,1,2025-05-03,3585.62,profit
item_5728,18,140.0,91,2520.0,12740.0,1,2025-05-03,3586.31,profit
item_5716,31,81.0,11,2511.0,891.0,1,2025-05-03,3586.24,profit
item_5715,30,84.0,97,2520.0,8148.0,1,2025-05-03,3586.19,profit
item_5737,21,120.0,21,2520.0,2520.0,1,2025-05-03,3585.67,profit
item_5719,27,93.0,75,2511.0,6975.0,1,2025-05-03,3586.65,profit
item_5713,44,57.0,21,2508.0,1197.0,1,2025-05-03,3586.13,profit
item_5732,38,66.0,35,2508.0,2310.0,1,2025-05-03,3586.13,profit
item_5731,31,81.0,69,2511.0,5589.0,1,2025-05-03,3585.58,profit
item_5718,36,70.0,78,2520.0,5460.0,1,2025-05-03,3586.9,profit
item_5742,26,97.0,21,2522.0,2037.0,1,2025-05-03,3586.64,profit
item_5740,25,101.0,83,2525.0,8383.0,1,2025-05-03,3586.07,profit
item_5721,37,68.0,40,2516.0,2720.0,1,2025-05-03,3585.39,profit
item_5729,20,126.0,41,2520.0,5166.0,1,2025-05-03,3584.89,profit
item_5724,34,74.0,54,2516.0,3996.0,1,2025-05-03,3585.73,profit
item_5726,25,101.0,79,2525.0,7979.0,1,2025-05-03,3586.44,profit
item_5723,27,93.0,61,2511.0,5673.0,1,2025-05-03,3586.6,profit
item_5730,23,109.0,56,2507.0,6104.0,1,2025-05-03,3585.22,profit
item_5741,45,56.0,100,2520.0,5600.0,1,2025-05-03,3585.65,profit
item_5758,31,82.0,39,2542.0,3198.0,1,2025-05-04,3585.35,profit
item_5743,43,59.0,32,2537.0,1888.0,1,2025-05-04,3585.62,profit
item_5749,41,62.0,36,2542.0,2232.0,1,2025-05-04,3585.59,profit
item_5757,23,110.0,98,2530.0,10780.0,1,2025-05-04,3585.81,profit
item_5744,17,149.0,60,2533.0,8940.0,1,2025-05-04,3586.69,profit
item_5752,17,149.0,60,2533.0,8940.0,1,2025-05-04,3586.56,profit
item_5753,18,141.0,93,2538.0,13113.0,1,2025-05-04,3584.81,profit
item_5765,33,77.0,91,2541.0,7007.0,1,2025-05-04,3586.4,profit
item_5763,39,65.0,74,2535.0,4810.0,1,2025-05-04,3586.72,profit
item_5745,21,121.0,87,2541.0,10527.0,1,2025-05-04,3584.98,profit
item_5748,23,110.0,46,2530.0,5060.0,1,2025-05-04,3585.45,profit
item_5750,21,121.0,88,2541.0,10648.0,1,2025-05-04,3586.65,profit
item_5762,47,54.0,76,2538.0,4104.0,1,2025-05-04,3585.52,profit
item_5756,27,94.0,61,2538.0,5734.0,1,2025-05-04,3586.46,profit
item_5759,20,127.0,12,2540.0,1524.0,1,2025-05-04,3585.9,profit
item_5760,43,59.0,57,2537.0,3363.0,1,2025-05-04,3585.44,profit
item_5755,38,67.0,67,2546.0,4489.0,1,2025-05-04,3585.33,profit
item_5761,23,110.0,86,2530.0,9460.0,1,2025-05-04,3586.86,profit
item_5747,24,106.0,29,2544.0,3074.0,1,2025-05-04,3584.71,profit
item_5751,43,59.0,43,2537.0,2537.0,1,2025-05-04,3585.29,profit
item_5754,22,115.0,26,2530.0,2990.0,1,2025-05-04,3584.68,profit
item_5746,19,134.0,96,2546.0,12864.0,1,2025-05-04,3585.21,profit
item_5764,41,62.0,52,2542.0,3224.0,1,2025-05-04,3586.33,profit
item_5785,19,135.0,84,2565.0,11340.0,1,2025-05-05,3585.87,profit
item_5783,23,111.0,75,2553.0,8325.0,1,2025-05-05,3586.2,profit
item_5774,18,142.0,13,2556.0,1846.0,1,2025-05-05,3584.93,profit
item_5769,50,51.0,56,2550.0,2856.0,1,2025-05-05,3585.63,profit
item_5771,24,107.0,83,2568.0,8881.0,1,2025-05-05,3585.86,profit
item_5789,32,80.0,98,2560.0,7840.0,1,2025-05-05,3585.73,profit
item_5772,25,102.0,62,2550.0,6324.0,1,2025-05-05,3585.44,profit
item_5770,29,88.0,62,2552.0,5456.0,1,2025-05-05,3586.7,profit
item_5787,17,150.0,96,2550.0,14400.0,1,2025-05-05,3585.69,profit
item_5775,49,52.0,50,2548.0,2600.0,1,2025-05-05,3585.18,profit
item_5780,50,51.0,58,2550.0,2958.0,1,2025-05-05,3586.34,profit
item_5788,30,85.0,78,2550.0,6630.0,1,2025-05-05,3584.39,profit
item_5790,42,61.0,100,2562.0,6100.0,1,2025-05-05,3585.87,profit
item_5786,28,91.0,53,2548.0,4823.0,1,2025-05-05,3584.73,profit
item_5779,36,71.0,51,2556.0,3621.0,1,2025-05-05,3586.95,profit
item_5781,42,61.0,73,2562.0,4453.0,1,2025-05-05,3586.92,profit
item_5777,44,58.0,57,2552.0,3306.0,1,2025-05-05,3586.02,profit
item_5767,37,69.0,88,2553.0,6072.0,1,2025-05-05,3586.52,profit
item_5768,27,95.0,92,2565.0,8740.0,1,2025-05-05,3586.37,profit
item_5784,30,85.0,91,2550.0,7735.0,1,2025-05-05,3585.37,profit
item_5766,44,58.0,44,2552.0,2552.0,1,2025-05-05,3586.11,profit
item_5776,28,91.0,52,2548.0,4732.0,1,2025-05-05,3587.01,profit
item_5778,50,51.0,70,2550.0,3570.0,1,2025-05-05,3586.78,profit
item_5782,34,75.0,73,2550.0,5475.0,1,2025-05-05,3586.62,profit
item_5773,19,135.0,73,2565.0,9855.0,1,2025-05-05,3585.56,profit
item_5799,30,86.0,65,2580.0,5590.0,1,2025-05-06,3585.71,profit
item_5805,23,112.0,83,2576.0,9296.0,1,2025-05-06,3586.6,profit
item_5807,38,68.0,12,2584.0,816.0,1,2025-05-06,3585.13,profit
item_5797,47,55.0,33,2585.0,1815.0,1,2025-05-06,3586.19,profit
item_5796,33,78.0,80,2574.0,6240.0,1,2025-05-06,3586.9,profit
item_5801,43,60.0,57,2580.0,3420.0,1,2025-05-06,3586.69,profit
item_5804,47,55.0,98,2585.0,5390.0,1,2025-05-06,3584.82,profit
item_5795,47,55.0,71,2585.0,3905.0,1,2025-05-06,3585.3,profit
item_5791,41,63.0,20,2583.0,1260.0,1,2025-05-06,3586.36,profit
item_5802,19,136.0,44,2584.0,5984.0,1,2025-05-06,3586.47,profit
item_5800,46,56.0,87,2576.0,4872.0,1,2025-05-06,3585.93,profit
item_5803,19,136.0,96,2584.0,13056.0,1,2025-05-06,3585.08,profit
item_5793,29,89.0,100,2581.0,8900.0,1,2025-05-06,3585.13,profit
item_5792,18,143.0,35,2574.0,5005.0,1,2025-05-06,3586.25,profit
item_5798,26,99.0,84,2574.0,8316.0,1,2025-05-06,3586.68,profit
item_5794,20,129.0,24,2580.0,3096.0,1,2025-05-06,3585.99,profit
item_5808,28,92.0,87,2576.0,8004.0,1,2025-05-06,3586.57,profit
item_5806,19,136.0,11,2584.0,1496.0,1,2025-05-06,3585.11,profit
item_5819,35,74.0,35,2590.0,2590.0,1,2025-05-07,3585.4,profit
item_5830,42,62.0,59,2604.0,3658.0,1,2025-05-07,3586.4,profit
item_5816,25,104.0,55,2600.0,5720.0,1,2025-05-07,3586.56,profit
item_5811,26,100.0,54,2600.0,5400.0,1,2025-05-07,3586.64,profit
item_5839,27,96.0,69,2592.0,6624.0,1,2025-05-07,3585.41,profit
item_5840,33,79.0,79,2607.0,6241.0,1,2025-05-07,3585.96,profit
item_5831,25,104.0,92,2600.0,9568.0,1,2025-05-07,3586.79,profit
item_5821,19,137.0,82,2603.0,11234.0,1,2025-05-07,3586.63,profit
item_5826,20,130.0,67,2600.0,8710.0,1,2025-05-07,3585.44,profit
item_5837,20,130.0,10,2600.0,1300.0,1,2025-05-07,3587.01,profit
item_5833,25,104.0,80,2600.0,8320.0,1,2025-05-07,3584.86,profit
item_5813,25,104.0,87,2600.0,9048.0,1,2025-05-07,3586.69,profit
item_5834,18,144.0,31,2592.0,4464.0,1,2025-05-07,3585.5,profit
item_5829,36,72.0,17,2592.0,1224.0,1,2025-05-07,3585.21,profit
item_5822,48,54.0,38,2592.0,2052.0,1,2025-05-07,3585.01,profit
item_5835,25,104.0,28,2600.0,2912.0,1,2025-05-07,3584.95,profit
item_5832,18,144.0,57,2592.0,8208.0,1,2025-05-07,3585.65,profit
item_5814,20,130.0,23,2600.0,2990.0,1,2025-05-07,3585.7,profit
item_5810,42,62.0,78,2604.0,4836.0,1,2025-05-07,3585.47,profit
item_5842,35,74.0,67,2590.0,4958.0,1,2025-05-07,3585.13,profit
item_5828,20,130.0,39,2600.0,5070.0,1,2025-05-07,3585.12,profit
item_5809,22,118.0,57,2596.0,6726.0,1,2025-05-07,3586.11,profit
item_5823,18,144.0,16,2592.0,2304.0,1,2025-05-07,3586.73,profit
item_5824,24,108.0,71,2592.0,7668.0,1,2025-05-07,3585.25,profit
item_5841,22,118.0,91,2596.0,10738.0,1,2025-05-07,3586.16,profit
item_5812,44,59.0,34,2596.0,2006.0,1,2025-05-07,3585.72,profit
item_5827,20,130.0,78,2600.0,10140.0,1,2025-05-07,3585.31,profit
item_5825,20,130.0,30,2600.0,3900.0,1,2025-05-07,3585.8,profit
item_5820,42,62.0,43,2604.0,2666.0,1,2025-05-07,3586.23,profit
item_5817,37,70.0,92,2590.0,6440.0,1,2025-05-07,3585.91,profit
item_5836,50,52.0,52,2600.0,2704.0,1,2025-05-07,3585.76,profit
item_5815,37,70.0,34,2590.0,2380.0,1,2025-05-07,3585.36,profit
item_5838,19,137.0,49,2603.0,6713.0,1,2025-05-07,3585.56,profit
item_5818,23,113.0,67,2599.0,7571.0,1,2025-05-07,3586.51,profit
item_5864,32,82.0,54,2624.0,4428.0,1,2025-05-08,3586.24,profit
item_5874,26,101.0,42,2626.0,4242.0,1,2025-05-08,3586.01,profit
item_5869,30,87.0,44,2610.0,3828.0,1,2025-05-08,3586.8,profit
item_5872,35,75.0,24,2625.0,1800.0,1,2025-05-08,3586.33,profit
item_5870,18,146.0,54,2628.0,7884.0,1,2025-05-08,3586.14,profit
item_5848,25,105.0,22,2625.0,2310.0,1,2025-05-08,3585.02,profit
item_5850,18,145.0,98,2610.0,14210.0,1,2025-05-08,3586.91,profit
item_5859,45,58.0,41,2610.0,2378.0,1,2025-05-08,3586.88,profit
item_5857,30,87.0,15,2610.0,1305.0,1,2025-05-08,3586.78,profit
item_5876,21,125.0,15,2625.0,1875.0,1,2025-05-08,3585.73,profit
item_5875,26,101.0,81,2626.0,8181.0,1,2025-05-08,3585.78,profit
item_5865,26,101.0,14,2626.0,1414.0,1,2025-05-08,3586.17,profit
item_5856,43,61.0,94,2623.0,5734.0,1,2025-05-08,3585.21,profit
item_5858,46,57.0,89,2622.0,5073.0,1,2025-05-08,3585.99,profit
item_5862,45,58.0,25,2610.0,1450.0,1,2025-05-08,3586.67,profit
item_5844,18,146.0,15,2628.0,2190.0,1,2025-05-08,3585.21,profit
item_5863,34,77.0,55,2618.0,4235.0,1,2025-05-08,3586.5,profit
item_5860,45,58.0,69,2610.0,4002.0,1,2025-05-08,3586.66,profit
item_5866,26,101.0,78,2626.0,7878.0,1,2025-05-08,3585.94,profit
item_5851,39,67.0,78,2613.0,5226.0,1,2025-05-08,3584.53,profit
item_5843,23,114.0,75,2622.0,8550.0,1,2025-05-08,3586.06,profit
item_5845,36,73.0,59,2628.0,4307.0,1,2025-05-08,3585.04,profit
item_5873,29,90.0,84,2610.0,7560.0,1,2025-05-08,3586.27,profit
item_5849,45,58.0,97,2610.0,5626.0,1,2025-05-08,3585.84,profit
item_5855,18,146.0,38,2628.0,5548.0,1,2025-05-08,3586.68,profit
item_5854,45,58.0,24,2610.0,1392.0,1,2025-05-08,3585.46,profit
item_5847,18,145.0,25,2610.0,3625.0,1,2025-05-08,3586.46,profit
item_5846,38,69.0,92,2622.0,6348.0,1,2025-05-08,3586.44,profit
item_5867,30,87.0,18,2610.0,1566.0,1,2025-05-08,3585.93,profit
item_5852,45,58.0,76,2610.0,4408.0,1,2025-05-08,3586.14,profit
item_5868,41,64.0,76,2624.0,4864.0,1,2025-05-08,3586.18,profit
item_5871,35,75.0,75,2625.0,5625.0,1,2025-05-08,3585.08,profit
item_5861,45,58.0,91,2610.0,5278.0,1,2025-05-08,3586.75,profit
item_5853,24,109.0,33,2616.0,3597.0,1,2025-05-08,3586.42,profit
item_5893,31,85.0,66,2635.0,5610.0,1,2025-05-09,3586.78,profit
item_5892,47,56.0,96,2632.0,5376.0,1,2025-05-09,3585.15,profit
item_5905,33,80.0,75,2640.0,6000.0,1,2025-05-09,3585.45,profit
item_5884,18,147.0,44,2646.0,6468.0,1,2025-05-09,3585.72,profit
item_5881,19,139.0,69,2641.0,9591.0,1,2025-05-09,3585.86,profit
item_5909,23,115.0,52,2645.0,5980.0,1,2025-05-09,3585.86,profit
item_5900,30,88.0,18,2640.0,1584.0,1,2025-05-09,3585.12,profit
item_5883,30,88.0,82,2640.0,7216.0,1,2025-05-09,3585.08,profit
item_5896,30,88.0,30,2640.0,2640.0,1,2025-05-09,3585.21,profit
item_5878,22,120.0,85,2640.0,10200.0,1,2025-05-09,3585.42,profit
item_5877,21,126.0,66,2646.0,8316.0,1,2025-05-09,3585.45,profit
item_5886,40,66.0,79,2640.0,5214.0,1,2025-05-09,3586.72,profit
item_5907,28,94.0,36,2632.0,3384.0,1,2025-05-09,3585.37,profit
item_5897,28,94.0,58,2632.0,5452.0,1,2025-05-09,3585.93,profit
item_5891,21,126.0,16,2646.0,2016.0,1,2025-05-09,3584.6,profit
item_5903,44,60.0,28,2640.0,1680.0,1,2025-05-09,3586.91,profit
item_5901,18,147.0,61,2646.0,8967.0,1,2025-05-09,3586.09,profit
item_5879,44,60.0,52,2640.0,3120.0,1,2025-05-09,3585.32,profit
item_5885,47,56.0,89,2632.0,4984.0,1,2025-05-09,3584.78,profit
item_5882,22,120.0,76,2640.0,9120.0,1,2025-05-09,3584.79,profit
item_5904,19,139.0,16,2641.0,2224.0,1,2025-05-09,3586.62,profit
item_5890,19,139.0,90,2641.0,12510.0,1,2025-05-09,3586.66,profit
item_5910,50,53.0,39,2650.0,2067.0,1,2025-05-09,3585.45,profit
item_5898,49,54.0,11,2646.0,594.0,1,2025-05-09,3585.95,profit
item_5888,30,88.0,81,2640.0,7128.0,1,2025-05-09,3584.94,profit
item_5899,19,139.0,74,2641.0,10286.0,1,2025-05-09,3586.83,profit
item_5880,30,88.0,86,2640.0,7568.0,1,2025-05-09,3586.54,profit
item_5887,19,139.0,44,2641.0,6116.0,1,2025-05-09,3586.28,profit
item_5908,27,98.0,97,2646.0,9506.0,1,2025-05-09,3586.08,profit
item_5889,48,55.0,78,2640.0,4290.0,1,2025-05-09,3585.88,profit
item_5894,33,80.0,76,2640.0,6080.0,1,2025-05-09,3585.86,profit
item_5895,22,120.0,62,2640.0,7440.0,1,2025-05-09,3585.99,profit
item_5906,20,132.0,42,2640.0,5544.0,1,2025-05-09,3586.43,profit
item_5902,49,54.0,64,2646.0,3456.0,1,2025-05-09,3585.04,profit
item_5934,28,95.0,46,2660.0,4370.0,1,2025-05-10,3586.09,profit
item_5923,21,127.0,42,2667.0,5334.0,1,2025-05-10,3585.24,profit
item_5925,18,148.0,39,2664.0,5772.0,1,2025-05-10,3586.68,profit
item_5930,30,89.0,93,2670.0,8277.0,1,2025-05-10,3584.93,profit
item_5928,39,68.0,94,2652.0,6392.0,1,2025-05-10,3586.52,profit
item_5921,21,127.0,38,2667.0,4826.0,1,2025-05-10,3586.43,profit
item_5915,26,102.0,62,2652.0,6324.0,1,2025-05-10,3585.78,profit
item_5919,28,95.0,54,2660.0,5130.0,1,2025-05-10,3586.23,profit
item_5920,37,72.0,94,2664.0,6768.0,1,2025-05-10,3586.04,profit
item_5918,32,83.0,30,2656.0,2490.0,1,2025-05-10,3586.58,profit
item_5933,38,70.0,91,2660.0,6370.0,1,2025-05-10,3586.2,profit
item_5911,31,86.0,55,2666.0,4730.0,1,2025-05-10,3586.85,profit
item_5922,22,121.0,85,2662.0,10285.0,1,2025-05-10,3585.28,profit
item_5929,21,127.0,81,2667.0,10287.0,1,2025-05-10,3586.41,profit
item_5931,41,65.0,90,2665.0,5850.0,1,2025-05-10,3585.67,profit
item_5916,24,111.0,16,2664.0,1776.0,1,2025-05-10,3585.74,profit
item_5938,35,76.0,18,2660.0,1368.0,1,2025-05-10,3585.53,profit
item_5926,24,111.0,83,2664.0,9213.0,1,2025-05-10,3584.82,profit
item_5913,21,127.0,91,2667.0,11557.0,1,2025-05-10,3585.99,profit
item_5937,21,127.0,27,2667.0,3429.0,1,2025-05-10,3585.29,profit
item_5927,46,58.0,31,2668.0,1798.0,1,2025-05-10,3585.39,profit
item_5924,46,58.0,89,2668.0,5162.0,1,2025-05-10,3585.2,profit
item_5932,41,65.0,86,2665.0,5590.0,1,2025-05-10,3586.21,profit
item_5912,30,89.0,88,2670.0,7832.0,1,2025-05-10,3586.13,profit
item_5917,37,72.0,73,2664.0,5256.0,1,2025-05-10,3585.75,profit
item_5936,20,133.0,56,2660.0,7448.0,1,2025-05-10,3586.29,profit
item_5914,29,92.0,28,2668.0,2576.0,1,2025-05-10,3584.97,profit
item_5935,37,72.0,20,2664.0,1440.0,1,2025-05-10,3585.61,profit
item_5947,32,84.0,84,2688.0,7056.0,1,2025-05-11,3586.28,profit
item_5944,39,69.0,52,2691.0,3588.0,1,2025-05-11,3585.42,profit
item_5939,42,64.0,25,2688.0,1600.0,1,2025-05-11,3586.48,profit
item_5941,25,107.0,91,2675.0,9737.0,1,2025-05-11,3587.05,profit
item_5945,34,79.0,30,2686.0,2370.0,1,2025-05-11,3586.34,profit
item_5960,44,61.0,43,2684.0,2623.0,1,2025-05-11,3585.92,profit
item_5951,26,103.0,59,2678.0,6077.0,1,2025-05-11,3585.55,profit
item_5957,32,84.0,29,2688.0,2436.0,1,2025-05-11,3586.22,profit
item_5940,47,57.0,53,2679.0,3021.0,1,2025-05-11,3586.84,profit
item_5954,48,56.0,20,2688.0,1120.0,1,2025-05-11,3586.75,profit
item_5955,33,81.0,18,2673.0,1458.0,1,2025-05-11,3586.79,profit
item_5961,40,67.0,34,2680.0,2278.0,1,2025-05-11,3587.04,profit
item_5958,47,57.0,21,2679.0,1197.0,1,2025-05-11,3586.56,profit
item_5952,20,134.0,19,2680.0,2546.0,1,2025-05-11,3585.95,profit
item_5950,21,128.0,28,2688.0,3584.0,1,2025-05-11,3586.75,profit
item_5948,20,134.0,31,2680.0,4154.0,1,2025-05-11,3586.09,profit
item_5942,32,84.0,45,2688.0,3780.0,1,2025-05-11,3585.67,profit
item_5949,44,61.0,39,2684.0,2379.0,1,2025-05-11,3585.24,profit
item_5959,22,122.0,17,2684.0,2074.0,1,2025-05-11,3587.1,profit
item_5956,27,99.0,16,2673.0,1584.0,1,2025-05-11,3586.39,profit
item_5943,24,112.0,79,2688.0,8848.0,1,2025-05-11,3586.04,profit
item_5953,40,67.0,88,2680.0,5896.0,1,2025-05-11,3585.51,profit
item_5946,33,81.0,66,2673.0,5346.0,1,2025-05-11,3586.19,profit
item_5975,20,135.0,34,2700.0,4590.0,1,2025-05-12,3585.53,profit
item_5973,36,75.0,40,2700.0,3000.0,1,2025-05-12,3585.98,profit
item_5970,36,75.0,91,2700.0,6825.0,1,2025-05-12,3585.3,profit
item_5963,33,82.0,86,2706.0,7052.0,1,2025-05-12,3586.55,profit
item_5976,36,75.0,98,2700.0,7350.0,1,2025-05-12,3585.52,profit
item_5974,21,129.0,16,2709.0,2064.0,1,2025-05-12,3586.33,profit
item_5971,30,90.0,22,2700.0,1980.0,1,2025-05-12,3586.24,profit
item_5962,36,75.0,19,2700.0,1425.0,1,2025-05-12,3586.75,profit
item_5981,41,66.0,78,2706.0,5148.0,1,2025-05-12,3585.1,profit
item_5982,29,93.0,97,2697.0,9021.0,1,2025-05-12,3586.49,profit
item_5978,38,71.0,45,2698.0,3195.0,1,2025-05-12,3585.11,profit
item_5964,38,71.0,45,2698.0,3195.0,1,2025-05-12,3586.34,profit
item_5967,33,82.0,33,2706.0,2706.0,1,2025-05-12,3586.51,profit
item_5980,19,142.0,49,2698.0,6958.0,1,2025-05-12,3586.26,profit
item_5969,21,129.0,83,2709.0,10707.0,1,2025-05-12,3585.56,profit
item_5966,41,66.0,24,2706.0,1584.0,1,2025-05-12,3586.06,profit
item_5968,21,129.0,38,2709.0,4902.0,1,2025-05-12,3586.31,profit
item_5972,29,93.0,61,2697.0,5673.0,1,2025-05-12,3585.86,profit
item_5965,31,87.0,66,2697.0,5742.0,1,2025-05-12,3586.4,profit
item_5983,25,108.0,87,2700.0,9396.0,1,2025-05-12,3585.64,profit
item_5979,35,77.0,40,2695.0,3080.0,1,2025-05-12,3586.37,profit
item_5977,20,135.0,37,2700.0,4995.0,1,2025-05-12,3586.45,profit
item_6014,30,91.0,89,2730.0,8099.0,1,2025-05-13,3585.41,profit
item_6010,31,88.0,73,2728.0,6424.0,1,2025-05-13,3586.22,profit
item_6012,32,85.0,69,2720.0,5865.0,1,2025-05-13,3586.4,profit
item_6007,25,109.0,65,2725.0,7085.0,1,2025-05-13,3585.94,profit
item_5994,46,59.0,38,2714.0,2242.0,1,2025-05-13,3585.38,profit
item_6006,29,94.0,78,2726.0,7332.0,1,2025-05-13,3585.88,profit
item_5993,22,124.0,42,2728.0,5208.0,1,2025-05-13,3585.73,profit
item_6002,19,143.0,55,2717.0,7865.0,1,2025-05-13,3585.98,profit
item_5986,26,105.0,28,2730.0,2940.0,1,2025-05-13,3585.87,profit
item_6003,29,94.0,17,2726.0,1598.0,1,2025-05-13,3584.89,profit
item_5990,28,97.0,71,2716.0,6887.0,1,2025-05-13,3585.93,profit
item_5988,22,124.0,97,2728.0,12028.0,1,2025-05-13,3585.73,profit
item_6008,26,105.0,26,2730.0,2730.0,1,2025-05-13,3585.53,profit
item_6000,44,62.0,88,2728.0,5456.0,1,2025-05-13,3586.26,profit
item_5992,26,105.0,70,2730.0,7350.0,1,2025-05-13,3586.05,profit
item_5987,23,118.0,20,2714.0,2360.0,1,2025-05-13,3585.8,profit
item_5999,34,80.0,33,2720.0,2640.0,1,2025-05-13,3586.47,profit
item_6011,39,70.0,54,2730.0,3780.0,1,2025-05-13,3586.08,profit
item_6004,30,91.0,42,2730.0,3822.0,1,2025-05-13,3585.93,profit
item_6013,25,109.0,80,2725.0,8720.0,1,2025-05-13,3586.03,profit
item_5989,31,88.0,48,2728.0,4224.0,1,2025-05-13,3585.31,profit
item_5985,30,91.0,34,2730.0,3094.0,1,2025-05-13,3585.36,profit
item_5984,26,105.0,31,2730.0,3255.0,1,2025-05-13,3585.11,profit
item_5998,39,70.0,49,2730.0,3430.0,1,2025-05-13,3585.64,profit
item_5991,32,85.0,26,2720.0,2210.0,1,2025-05-13,3585.74,profit
item_5997,26,105.0,39,2730.0,4095.0,1,2025-05-13,3586.33,profit
item_6001,32,85.0,67,2720.0,5695.0,1,2025-05-13,3586.72,profit
item_6005,26,105.0,54,2730.0,5670.0,1,2025-05-13,3586.16,profit
item_6009,32,85.0,56,2720.0,4760.0,1,2025-05-13,3585.74,profit
item_5995,27,101.0,83,2727.0,8383.0,1,2025-05-13,3586.73,profit
item_5996,39,70.0,69,2730.0,4830.0,1,2025-05-13,3585.72,profit
item_6027,20,137.0,40,2740.0,5480.0,1,2025-05-14,3586.61,profit
item_6015,38,72.0,75,2736.0,5400.0,1,2025-05-14,3585.7,profit
item_6025,36,76.0,36,2736.0,2736.0,1,2025-05-14,3585.2,profit
item_6017,28,98.0,55,2744.0,5390.0,1,2025-05-14,3586.17,profit
item_6032,24,114.0,48,2736.0,5472.0,1,2025-05-14,3586.27,profit
item_6034,37,74.0,71,2738.0,5254.0,1,2025-05-14,3585.39,profit
item_6022,36,76.0,70,2736.0,5320.0,1,2025-05-14,3586.59,profit
item_6018,25,110.0,53,2750.0,5830.0,1,2025-05-14,3585.71,profit
item_6033,20,137.0,26,2740.0,3562.0,1,2025-05-14,3585.59,profit
item_6019,28,98.0,39,2744.0,3822.0,1,2025-05-14,3585.54,profit
item_6023,28,98.0,41,2744.0,4018.0,1,2025-05-14,3586.25,profit
item_6026,41,67.0,11,2747.0,737.0,1,2025-05-14,3586.35,profit
item_6031,38,72.0,31,2736.0,2232.0,1,2025-05-14,3586.25,profit
item_6021,38,72.0,93,2736.0,6696.0,1,2025-05-14,3586.43,profit
item_6024,20,137.0,50,2740.0,6850.0,1,2025-05-14,3585.8,profit
item_6016,38,72.0,64,2736.0,4608.0,1,2025-05-14,3586.12,profit
item_6029,23,119.0,80,2737.0,9520.0,1,2025-05-14,3586.8,profit
item_6028,43,64.0,29,2752.0,1856.0,1,2025-05-14,3585.46,profit
item_6020,37,74.0,13,2738.0,962.0,1,2025-05-14,3585.86,profit
item_6030,36,76.0,79,2736.0,6004.0,1,2025-05-14,3585.52,profit
item_6042,35,79.0,61,2765.0,4819.0,1,2025-05-15,3585.74,profit
item_6039,23,120.0,27,2760.0,3240.0,1,2025-05-15,3586.51,profit
item_6041,27,102.0,24,2754.0,2448.0,1,2025-05-15,3584.87,profit
item_6058,20,138.0,87,2760.0,12006.0,1,2025-05-15,3585.0,profit
item_6046,26,106.0,76,2756.0,8056.0,1,2025-05-15,3586.32,profit
item_6053,22,126.0,99,2772.0,12474.0,1,2025-05-15,3585.93,profit
item_6061,36,77.0,98,2772.0,7546.0,1,2025-05-15,3586.5,profit
item_6048,36,77.0,84,2772.0,6468.0,1,2025-05-15,3584.97,profit
item_6060,46,60.0,83,2760.0,4980.0,1,2025-05-15,3585.93,profit
item_6051,46,60.0,31,2760.0,1860.0,1,2025-05-15,3586.19,profit
item_6054,36,77.0,45,2772.0,3465.0,1,2025-05-15,3585.23,profit
item_6057,20,138.0,59,2760.0,8142.0,1,2025-05-15,3586.61,profit
item_6036,20,138.0,82,2760.0,11316.0,1,2025-05-15,3585.49,profit
item_6056,46,60.0,57,2760.0,3420.0,1,2025-05-15,3586.38,profit
item_6043,31,89.0,49,2759.0,4361.0,1,2025-05-15,3586.3,profit
item_6062,34,81.0,49,2754.0,3969.0,1,2025-05-15,3586.0,profit
item_6047,20,138.0,71,2760.0,9798.0,1,2025-05-15,3585.78,profit
item_6044,23,120.0,28,2760.0,3360.0,1,2025-05-15,3586.07,profit
item_6049,24,115.0,36,2760.0,4140.0,1,2025-05-15,3586.1,profit
item_6040,19,145.0,96,2755.0,13920.0,1,2025-05-15,3585.67,profit
item_6055,40,69.0,73,2760.0,5037.0,1,2025-05-15,3586.13,profit
item_6059,34,81.0,65,2754.0,5265.0,1,2025-05-15,3584.82,profit
item_6052,27,102.0,21,2754.0,2142.0,1,2025-05-15,3586.7,profit
item_6037,36,77.0,48,2772.0,3696.0,1,2025-05-15,3584.95,profit
item_6050,34,81.0,45,2754.0,3645.0,1,2025-05-15,3585.37,profit
item_6038,42,66.0,30,2772.0,1980.0,1,2025-05-15,3586.15,profit
item_6045,33,84.0,28,2772.0,2352.0,1,2025-05-15,3585.59,profit
item_6035,23,120.0,51,2760.0,6120.0,1,2025-05-15,3586.52,profit
item_6080,23,121.0,72,2783.0,8712.0,1,2025-05-16,3586.24,profit
item_6069,26,107.0,74,2782.0,7918.0,1,2025-05-16,3586.66,profit
item_6086,45,62.0,64,2790.0,3968.0,1,2025-05-16,3586.22,profit
item_6073,19,147.0,44,2793.0,6468.0,1,2025-05-16,3585.81,profit
item_6088,26,107.0,85,2782.0,9095.0,1,2025-05-16,3584.86,profit
item_6064,27,103.0,16,2781.0,1648.0,1,2025-05-16,3586.67,profit
item_6066,38,73.0,63,2774.0,4599.0,1,2025-05-16,3585.19,profit
item_6075,19,146.0,51,2774.0,7446.0,1,2025-05-16,3586.51,profit
item_6070,49,57.0,78,2793.0,4446.0,1,2025-05-16,3585.53,profit
item_6087,19,147.0,50,2793.0,7350.0,1,2025-05-16,3586.48,profit
item_6093,48,58.0,55,2784.0,3190.0,1,2025-05-16,3585.04,profit
item_6091,25,111.0,88,2775.0,9768.0,1,2025-05-16,3585.81,profit
item_6077,21,133.0,51,2793.0,6783.0,1,2025-05-16,3586.87,profit
item_6089,27,103.0,14,2781.0,1442.0,1,2025-05-16,3585.49,profit
item_6076,49,57.0,52,2793.0,2964.0,1,2025-05-16,3585.14,profit
item_6081,21,133.0,22,2793.0,2926.0,1,2025-05-16,3585.18,profit
item_6078,48,58.0,62,2784.0,3596.0,1,2025-05-16,3585.23,profit
item_6063,49,57.0,58,2793.0,3306.0,1,2025-05-16,3585.89,profit
item_6090,26,107.0,41,2782.0,4387.0,1,2025-05-16,3585.69,profit
item_6084,20,139.0,86,2780.0,11954.0,1,2025-05-16,3585.22,profit
item_6074,38,73.0,40,2774.0,2920.0,1,2025-05-16,3585.18,profit
item_6079,37,75.0,83,2775.0,6225.0,1,2025-05-16,3586.76,profit
item_6068,48,58.0,54,2784.0,3132.0,1,2025-05-16,3586.08,profit
item_6083,19,146.0,16,2774.0,2336.0,1,2025-05-16,3585.42,profit
item_6085,37,75.0,85,2775.0,6375.0,1,2025-05-16,3585.05,profit
item_6082,23,121.0,73,2783.0,8833.0,1,2025-05-16,3585.25,profit
item_6092,19,147.0,27,2793.0,3969.0,1,2025-05-16,3585.55,profit
item_6071,21,133.0,24,2793.0,3192.0,1,2025-05-16,3586.66,profit
item_6065,20,139.0,61,2780.0,8479.0,1,2025-05-16,3585.78,profit
item_6067,34,82.0,74,2788.0,6068.0,1,2025-05-16,3586.37,profit
item_6072,26,107.0,31,2782.0,3317.0,1,2025-05-16,3585.19,profit
item_6106,20,140.0,55,2800.0,7700.0,1,2025-05-17,3585.41,profit
item_6114,21,134.0,89,2814.0,11926.0,1,2025-05-17,3586.84,profit
item_6112,42,67.0,41,2814.0,2747.0,1,2025-05-17,3585.67,profit
item_6105,23,122.0,32,2806.0,3904.0,1,2025-05-17,3585.29,profit
item_6101,38,74.0,84,2812.0,6216.0,1,2025-05-17,3585.85,profit
item_6099,42,67.0,31,2814.0,2077.0,1,2025-05-17,3585.97,profit
item_6098,28,100.0,39,2800.0,3900.0,1,2025-05-17,3586.63,profit
item_6113,46,61.0,35,2806.0,2135.0,1,2025-05-17,3586.68,profit
item_6096,28,100.0,52,2800.0,5200.0,1,2025-05-17,3585.81,profit
item_6100,25,112.0,22,2800.0,2464.0,1,2025-05-17,3586.67,profit
item_6107,29,97.0,62,2813.0,6014.0,1,2025-05-17,3585.15,profit
item_6102,38,74.0,80,2812.0,5920.0,1,2025-05-17,3586.57,profit
item_6095,29,97.0,69,2813.0,6693.0,1,2025-05-17,3586.12,profit
item_6109,50,56.0,36,2800.0,2016.0,1,2025-05-17,3586.67,profit
item_6103,28,100.0,88,2800.0,8800.0,1,2025-05-17,3586.35,profit
item_6111,24,117.0,35,2808.0,4095.0,1,2025-05-17,3585.88,profit
item_6097,46,61.0,19,2806.0,1159.0,1,2025-05-17,3585.74,profit
item_6104,24,117.0,56,2808.0,6552.0,1,2025-05-17,3585.59,profit
item_6094,33,85.0,62,2805.0,5270.0,1,2025-05-17,3586.81,profit
item_6108,46,61.0,87,2806.0,5307.0,1,2025-05-17,3585.88,profit
item_6110,29,97.0,39,2813.0,3783.0,1,2025-05-17,3586.65,profit
item_6119,19,149.0,61,2831.0,9089.0,1,2025-05-18,3586.54,profit
item_6117,30,94.0,52,2820.0,4888.0,1,2025-05-18,3585.67,profit
item_6126,25,113.0,93,2825.0,10509.0,1,2025-05-18,3585.06,profit
item_6128,48,59.0,59,2832.0,3481.0,1,2025-05-18,3586.4,profit
item_6135,28,101.0,33,2828.0,3333.0,1,2025-05-18,3586.19,profit
item_6136,28,101.0,38,2828.0,3838.0,1,2025-05-18,3585.8,profit
item_6127,45,63.0,53,2835.0,3339.0,1,2025-05-18,3585.31,profit
item_6121,26,109.0,52,2834.0,5668.0,1,2025-05-18,3585.98,profit
item_6129,31,91.0,44,2821.0,4004.0,1,2025-05-18,3586.61,profit
item_6122,19,149.0,30,2831.0,4470.0,1,2025-05-18,3585.64,profit
item_6116,30,94.0,54,2820.0,5076.0,1,2025-05-18,3585.37,profit
item_6124,31,91.0,41,2821.0,3731.0,1,2025-05-18,3586.84,profit
item_6138,34,83.0,78,2822.0,6474.0,1,2025-05-18,3585.01,profit
item_6137,20,141.0,80,2820.0,11280.0,1,2025-05-18,3585.93,profit
item_6139,34,83.0,99,2822.0,8217.0,1,2025-05-18,3586.02,profit
item_6125,20,141.0,72,2820.0,10152.0,1,2025-05-18,3586.18,profit
item_6118,44,64.0,40,2816.0,2560.0,1,2025-05-18,3585.81,profit
item_6131,47,60.0,16,2820.0,960.0,1,2025-05-18,3586.16,profit
item_6115,26,109.0,90,2834.0,9810.0,1,2025-05-18,3585.11,profit
item_6133,48,59.0,62,2832.0,3658.0,1,2025-05-18,3586.87,profit
item_6123,48,59.0,22,2832.0,1298.0,1,2025-05-18,3585.13,profit
item_6140,28,101.0,44,2828.0,4444.0,1,2025-05-18,3585.91,profit
item_6134,35,81.0,75,2835.0,6075.0,1,2025-05-18,3586.87,profit
item_6120,31,91.0,46,2821.0,4186.0,1,2025-05-18,3584.9,profit
item_6130,32,88.0,19,2816.0,1672.0,1,2025-05-18,3585.93,profit
item_6132,44,64.0,57,2816.0,3648.0,1,2025-05-18,3586.9,profit
item_6147,31,92.0,94,2852.0,8648.0,1,2025-05-19,3585.07,profit
item_6154,19,150.0,65,2850.0,9750.0,1,2025-05-19,3585.77,profit
item_6152,32,89.0,83,2848.0,7387.0,1,2025-05-19,3585.95,profit
item_6151,30,95.0,84,2850.0,7980.0,1,2025-05-19,3585.52,profit
item_6157,19,150.0,72,2850.0,10800.0,1,2025-05-19,3586.17,profit
item_6148,49,58.0,64,2842.0,3712.0,1,2025-05-19,3585.6,profit
item_6146,23,124.0,99,2852.0,12276.0,1,2025-05-19,3585.96,profit
item_6156,33,86.0,57,2838.0,4902.0,1,2025-05-19,3585.55,profit
item_6159,23,124.0,37,2852.0,4588.0,1,2025-05-19,3585.22,profit
item_6143,38,75.0,59,2850.0,4425.0,1,2025-05-19,3584.68,profit
item_6160,38,75.0,32,2850.0,2400.0,1,2025-05-19,3585.26,profit
item_6142,21,136.0,95,2856.0,12920.0,1,2025-05-19,3585.87,profit
item_6144,37,77.0,27,2849.0,2079.0,1,2025-05-19,3586.03,profit
item_6161,29,98.0,26,2842.0,2548.0,1,2025-05-19,3586.35,profit
item_6158,24,119.0,72,2856.0,8568.0,1,2025-05-19,3584.79,profit
item_6141,32,89.0,92,2848.0,8188.0,1,2025-05-19,3585.56,profit
item_6145,31,92.0,62,2852.0,5704.0,1,2025-05-19,3586.12,profit
item_6153,31,92.0,75,2852.0,6900.0,1,2025-05-19,3585.9,profit
item_6150,23,124.0,31,2852.0,3844.0,1,2025-05-19,3586.16,profit
item_6155,25,114.0,13,2850.0,1482.0,1,2025-05-19,3584.66,profit
item_6149,39,73.0,18,2847.0,1314.0,1,2025-05-19,3586.44,profit
item_6163,23,125.0,87,2875.0,10875.0,1,2025-05-20,3586.4,profit
item_6169,23,125.0,51,2875.0,6375.0,1,2025-05-20,3586.0,profit
item_6164,41,70.0,90,2870.0,6300.0,1,2025-05-20,3585.29,profit
item_6173,44,65.0,25,2860.0,1625.0,1,2025-05-20,3585.98,profit
item_6162,35,82.0,54,2870.0,4428.0,1,2025-05-20,3586.05,profit
item_6175,26,110.0,18,2860.0,1980.0,1,2025-05-20,3585.56,profit
item_6166,29,99.0,47,2871.0,4653.0,1,2025-05-20,3586.5,profit
item_6165,47,61.0,49,2867.0,2989.0,1,2025-05-20,3586.34,profit
item_6168,33,87.0,63,2871.0,5481.0,1,2025-05-20,3586.06,profit
item_6176,23,125.0,83,2875.0,10375.0,1,2025-05-20,3585.96,profit
item_6172,35,82.0,52,2870.0,4264.0,1,2025-05-20,3586.52,profit
item_6170,29,99.0,97,2871.0,9603.0,1,2025-05-20,3585.31,profit
item_6171,47,61.0,77,2867.0,4697.0,1,2025-05-20,3585.7,profit
item_6174,23,125.0,35,2875.0,4375.0,1,2025-05-20,3586.51,profit
item_6167,33,87.0,79,2871.0,6873.0,1,2025-05-20,3585.8,profit
item_6183,31,93.0,33,2883.0,3069.0,1,2025-05-21,3586.55,profit
item_6178,34,85.0,90,2890.0,7650.0,1,2025-05-21,3586.73,profit
item_6185,37,78.0,30,2886.0,2340.0,1,2025-05-21,3586.5,profit
item_6186,49,59.0,74,2891.0,4366.0,1,2025-05-21,3586.26,profit
item_6187,39,74.0,58,2886.0,4292.0,1,2025-05-21,3586.85,profit
item_6196,48,60.0,74,2880.0,4440.0,1,2025-05-21,3586.39,profit
item_6190,36,80.0,35,2880.0,2800.0,1,2025-05-21,3586.39,profit
item_6195,43,67.0,67,2881.0,4489.0,1,2025-05-21,3585.82,profit
item_6194,30,96.0,92,2880.0,8832.0,1,2025-05-21,3585.42,profit
item_6193,22,131.0,81,2882.0,10611.0,1,2025-05-21,3586.58,profit
item_6188,49,59.0,13,2891.0,767.0,1,2025-05-21,3586.32,profit
item_6189,37,78.0,75,2886.0,5850.0,1,2025-05-21,3586.69,profit
item_6181,20,144.0,36,2880.0,5184.0,1,2025-05-21,3586.86,profit
item_6184,40,72.0,84,2880.0,6048.0,1,2025-05-21,3586.03,profit
item_6180,49,59.0,98,2891.0,5782.0,1,2025-05-21,3586.09,profit
item_6182,43,67.0,47,2881.0,3149.0,1,2025-05-21,3585.01,profit
item_6191,32,90.0,17,2880.0,1530.0,1,2025-05-21,3586.28,profit
item_6192,36,80.0,19,2880.0,1520.0,1,2025-05-21,3586.24,profit
item_6177,49,59.0,26,2891.0,1534.0,1,2025-05-21,3585.46,profit
item_6197,27,107.0,47,2889.0,5029.0,1,2025-05-21,3586.62,profit
item_6179,34,85.0,30,2890.0,2550.0,1,2025-05-21,3586.12,profit
item_6200,29,100.0,39,2900.0,3900.0,1,2025-05-22,3585.52,profit
item_6223,46,63.0,14,2898.0,882.0,1,2025-05-22,3586.42,profit
item_6221,41,71.0,94,2911.0,6674.0,1,2025-05-22,3586.59,profit
item_6227,25,116.0,69,2900.0,8004.0,1,2025-05-22,3586.23,profit
item_6225,36,81.0,52,2916.0,4212.0,1,2025-05-22,3586.63,profit
item_6203,47,62.0,10,2914.0,620.0,1,2025-05-22,3585.78,profit
item_6201,22,132.0,89,2904.0,11748.0,1,2025-05-22,3585.85,profit
item_6230,33,88.0,48,2904.0,4224.0,1,2025-05-22,3585.55,profit
item_6199,25,116.0,60,2900.0,6960.0,1,2025-05-22,3586.66,profit
item_6215,41,71.0,43,2911.0,3053.0,1,2025-05-22,3586.21,profit
item_6213,22,132.0,18,2904.0,2376.0,1,2025-05-22,3585.1,profit
item_6231,24,121.0,50,2904.0,6050.0,1,2025-05-22,3585.79,profit
item_6210,22,132.0,21,2904.0,2772.0,1,2025-05-22,3586.03,profit
item_6219,27,108.0,68,2916.0,7344.0,1,2025-05-22,3586.04,profit
item_6229,29,100.0,97,2900.0,9700.0,1,2025-05-22,3585.02,profit
item_6218,33,88.0,63,2904.0,5544.0,1,2025-05-22,3585.28,profit
item_6202,31,94.0,45,2914.0,4230.0,1,2025-05-22,3585.03,profit
item_6209,30,97.0,26,2910.0,2522.0,1,2025-05-22,3586.28,profit
item_6208,35,83.0,59,2905.0,4897.0,1,2025-05-22,3586.63,profit
item_6212,20,145.0,46,2900.0,6670.0,1,2025-05-22,3586.27,profit
item_6214,32,91.0,46,2912.0,4186.0,1,2025-05-22,3585.49,profit
item_6206,50,58.0,73,2900.0,4234.0,1,2025-05-22,3585.9,profit
item_6216,25,116.0,87,2900.0,10092.0,1,2025-05-22,3586.6,profit
item_6224,46,63.0,37,2898.0,2331.0,1,2025-05-22,3586.32,profit
item_6205,23,126.0,10,2898.0,1260.0,1,2025-05-22,3586.4,profit
item_6198,47,62.0,42,2914.0,2604.0,1,2025-05-22,3585.57,profit
item_6222,46,63.0,98,2898.0,6174.0,1,2025-05-22,3586.25,profit
item_6220,47,62.0,82,2914.0,5084.0,1,2025-05-22,3585.56,profit
item_6207,42,69.0,39,2898.0,2691.0,1,2025-05-22,3587.19,profit
item_6228,21,138.0,64,2898.0,8832.0,1,2025-05-22,3585.54,profit
item_6204,35,83.0,11,2905.0,913.0,1,2025-05-22,3586.61,profit
item_6217,23,126.0,40,2898.0,5040.0,1,2025-05-22,3585.44,profit
item_6226,35,83.0,35,2905.0,2905.0,1,2025-05-22,3586.28,profit
item_6211,33,88.0,76,2904.0,6688.0,1,2025-05-22,3585.58,profit
item_6259,24,122.0,23,2928.0,2806.0,1,2025-05-23,3585.27,profit
item_6246,33,89.0,53,2937.0,4717.0,1,2025-05-23,3584.91,profit
item_6236,21,139.0,50,2919.0,6950.0,1,2025-05-23,3586.61,profit
item_6241,23,127.0,92,2921.0,11684.0,1,2025-05-23,3586.21,profit
item_6232,45,65.0,23,2925.0,1495.0,1,2025-05-23,3585.25,profit
item_6234,48,61.0,31,2928.0,1891.0,1,2025-05-23,3585.59,profit
item_6233,26,113.0,58,2938.0,6554.0,1,2025-05-23,3586.48,profit
item_6243,43,68.0,47,2924.0,3196.0,1,2025-05-23,3585.11,profit
item_6240,40,73.0,11,2920.0,803.0,1,2025-05-23,3585.05,profit
item_6250,26,113.0,44,2938.0,4972.0,1,2025-05-23,3585.01,profit
item_6258,24,122.0,64,2928.0,7808.0,1,2025-05-23,3585.26,profit
item_6257,23,127.0,71,2921.0,9017.0,1,2025-05-23,3586.54,profit
item_6235,43,68.0,17,2924.0,1156.0,1,2025-05-23,3586.71,profit
item_6248,25,117.0,15,2925.0,1755.0,1,2025-05-23,3586.34,profit
item_6237,43,68.0,93,2924.0,6324.0,1,2025-05-23,3585.31,profit
item_6244,48,61.0,82,2928.0,5002.0,1,2025-05-23,3586.22,profit
item_6249,21,139.0,88,2919.0,12232.0,1,2025-05-23,3585.57,profit
item_6242,25,117.0,99,2925.0,11583.0,1,2025-05-23,3585.13,profit
item_6251,34,86.0,38,2924.0,3268.0,1,2025-05-23,3585.51,profit
item_6253,25,117.0,81,2925.0,9477.0,1,2025-05-23,3584.7,profit
item_6252,20,146.0,93,2920.0,13578.0,1,2025-05-23,3586.1,profit
item_6239,24,122.0,74,2928.0,9028.0,1,2025-05-23,3586.21,profit
item_6238,40,73.0,93,2920.0,6789.0,1,2025-05-23,3586.6,profit
item_6254,38,77.0,40,2926.0,3080.0,1,2025-05-23,3585.15,profit
item_6245,21,139.0,59,2919.0,8201.0,1,2025-05-23,3586.59,profit
item_6255,38,77.0,17,2926.0,1309.0,1,2025-05-23,3586.06,profit
item_6247,40,73.0,79,2920.0,5767.0,1,2025-05-23,3585.93,profit
item_6256,40,73.0,64,2920.0,4672.0,1,2025-05-23,3586.27,profit
item_6271,50,59.0,19,2950.0,1121.0,1,2025-05-24,3585.43,profit
item_6270,22,134.0,29,2948.0,3886.0,1,2025-05-24,3585.01,profit
item_6273,42,70.0,97,2940.0,6790.0,1,2025-05-24,3585.74,profit
item_6263,50,59.0,75,2950.0,4425.0,1,2025-05-24,3586.38,profit
item_6281,32,92.0,66,2944.0,6072.0,1,2025-05-24,3586.56,profit
item_6262,41,72.0,85,2952.0,6120.0,1,2025-05-24,3586.45,profit
item_6275,21,140.0,66,2940.0,9240.0,1,2025-05-24,3586.58,profit
item_6264,50,59.0,81,2950.0,4779.0,1,2025-05-24,3586.63,profit
item_6266,36,82.0,50,2952.0,4100.0,1,2025-05-24,3586.56,profit
item_6279,23,128.0,89,2944.0,11392.0,1,2025-05-24,3586.8,profit
item_6265,49,60.0,73,2940.0,4380.0,1,2025-05-24,3586.61,profit
item_6274,50,59.0,89,2950.0,5251.0,1,2025-05-24,3586.45,profit
item_6272,27,109.0,83,2943.0,9047.0,1,2025-05-24,3586.94,profit
item_6278,50,59.0,65,2950.0,3835.0,1,2025-05-24,3585.35,profit
item_6261,41,72.0,60,2952.0,4320.0,1,2025-05-24,3585.27,profit
item_6268,41,72.0,83,2952.0,5976.0,1,2025-05-24,3586.44,profit
item_6284,31,95.0,70,2945.0,6650.0,1,2025-05-24,3586.89,profit
item_6260,22,134.0,54,2948.0,7236.0,1,2025-05-24,3585.43,profit
item_6283,50,59.0,47,2950.0,2773.0,1,2025-05-24,3585.7,profit
item_6282,27,109.0,17,2943.0,1853.0,1,2025-05-24,3585.86,profit
item_6267,42,70.0,40,2940.0,2800.0,1,2025-05-24,3586.04,profit
item_6269,20,147.0,38,2940.0,5586.0,1,2025-05-24,3586.45,profit
item_6277,25,118.0,29,2950.0,3422.0,1,2025-05-24,3586.34,profit
item_6280,50,59.0,45,2950.0,2655.0,1,2025-05-24,3585.03,profit
item_6276,44,67.0,83,2948.0,5561.0,1,2025-05-24,3584.74,profit
item_6287,28,106.0,24,2968.0,2544.0,1,2025-05-25,3585.41,profit
item_6286,23,129.0,19,2967.0,2451.0,1,2025-05-25,3585.48,profit
item_6301,45,66.0,18,2970.0,1188.0,1,2025-05-25,3585.73,profit
item_6294,39,76.0,22,2964.0,1672.0,1,2025-05-25,3585.39,profit
item_6302,32,93.0,45,2976.0,4185.0,1,2025-05-25,3586.54,profit
item_6295,21,141.0,90,2961.0,12690.0,1,2025-05-25,3586.37,profit
item_6285,26,114.0,71,2964.0,8094.0,1,2025-05-25,3585.97,profit
item_6291,26,114.0,48,2964.0,5472.0,1,2025-05-25,3586.57,profit
item_6297,40,74.0,40,2960.0,2960.0,1,2025-05-25,3586.13,profit
item_6288,40,74.0,63,2960.0,4662.0,1,2025-05-25,3585.97,profit
item_6292,33,90.0,54,2970.0,4860.0,1,2025-05-25,3585.46,profit
item_6299,45,66.0,44,2970.0,2904.0,1,2025-05-25,3586.48,profit
item_6290,45,66.0,82,2970.0,5412.0,1,2025-05-25,3585.21,profit
item_6298,40,74.0,16,2960.0,1184.0,1,2025-05-25,3586.38,profit
item_6300,28,106.0,94,2968.0,9964.0,1,2025-05-25,3586.81,profit
item_6289,22,135.0,68,2970.0,9180.0,1,2025-05-25,3586.62,profit
item_6293,24,124.0,52,2976.0,6448.0,1,2025-05-25,3586.01,profit
item_6296,37,80.0,41,2960.0,3280.0,1,2025-05-25,3584.93,profit
item_6311,20,149.0,37,2980.0,5513.0,1,2025-05-26,3586.23,profit
item_6312,25,120.0,37,3000.0,4440.0,1,2025-05-26,3584.85,profit
item_6322,37,81.0,33,2997.0,2673.0,1,2025-05-26,3585.69,profit
item_6329,49,61.0,12,2989.0,732.0,1,2025-05-26,3586.75,profit
item_6333,25,120.0,25,3000.0,3000.0,1,2025-05-26,3586.26,profit
item_6328,49,61.0,35,2989.0,2135.0,1,2025-05-26,3586.21,profit
item_6325,22,136.0,69,2992.0,9384.0,1,2025-05-26,3584.7,profit
item_6314,40,75.0,100,3000.0,7500.0,1,2025-05-26,3586.82,profit
item_6324,20,149.0,98,2980.0,14602.0,1,2025-05-26,3585.57,profit
item_6308,34,88.0,98,2992.0,8624.0,1,2025-05-26,3586.82,profit
item_6315,20,149.0,87,2980.0,12963.0,1,2025-05-26,3586.42,profit
item_6306,27,111.0,35,2997.0,3885.0,1,2025-05-26,3585.2,profit
item_6310,40,75.0,87,3000.0,6525.0,1,2025-05-26,3585.48,profit
item_6326,40,75.0,29,3000.0,2175.0,1,2025-05-26,3584.83,profit
item_6327,37,81.0,50,2997.0,4050.0,1,2025-05-26,3586.14,profit
item_6303,25,120.0,67,3000.0,8040.0,1,2025-05-26,3586.12,profit
item_6316,49,61.0,44,2989.0,2684.0,1,2025-05-26,3584.5,profit
item_6319,20,150.0,56,3000.0,8400.0,1,2025-05-26,3586.11,profit
item_6331,34,88.0,44,2992.0,3872.0,1,2025-05-26,3586.96,profit
item_6307,50,60.0,66,3000.0,3960.0,1,2025-05-26,3585.6,profit
item_6309,28,107.0,47,2996.0,5029.0,1,2025-05-26,3585.94,profit
item_6305,24,125.0,58,3000.0,7250.0,1,2025-05-26,3586.02,profit
item_6330,50,60.0,49,3000.0,2940.0,1,2025-05-26,3586.8,profit
item_6313,50,60.0,28,3000.0,1680.0,1,2025-05-26,3585.51,profit
item_6318,36,83.0,39,2988.0,3237.0,1,2025-05-26,3586.49,profit
item_6332,34,88.0,37,2992.0,3256.0,1,2025-05-26,3586.24,profit
item_6304,34,88.0,88,2992.0,7744.0,1,2025-05-26,3585.54,profit
item_6323,25,120.0,31,3000.0,3720.0,1,2025-05-26,3586.1,profit
item_6321,30,100.0,82,3000.0,8200.0,1,2025-05-26,3586.42,profit
item_6320,42,71.0,55,2982.0,3905.0,1,2025-05-26,3584.92,profit
item_6317,46,65.0,64,2990.0,4160.0,1,2025-05-26,3586.43,profit
item_6346,45,67.0,20,3015.0,1340.0,1,2025-05-27,3585.11,profit
item_6349,47,64.0,18,3008.0,1152.0,1,2025-05-27,3586.06,profit
item_6347,38,79.0,95,3002.0,7505.0,1,2025-05-27,3586.25,profit
item_6348,38,79.0,85,3002.0,6715.0,1,2025-05-27,3586.16,profit
item_6335,45,67.0,99,3015.0,6633.0,1,2025-05-27,3585.1,profit
item_6351,31,97.0,98,3007.0,9506.0,1,2025-05-27,3586.59,profit
item_6338,47,64.0,34,3008.0,2176.0,1,2025-05-27,3586.41,profit
item_6343,47,64.0,78,3008.0,4992.0,1,2025-05-27,3586.12,profit
item_6334,21,143.0,80,3003.0,11440.0,1,2025-05-27,3585.78,profit
item_6345,26,116.0,99,3016.0,11484.0,1,2025-05-27,3585.87,profit
item_6341,33,91.0,39,3003.0,3549.0,1,2025-05-27,3586.51,profit
item_6336,32,94.0,51,3008.0,4794.0,1,2025-05-27,3586.54,profit
item_6350,45,67.0,65,3015.0,4355.0,1,2025-05-27,3586.41,profit
item_6337,43,70.0,73,3010.0,5110.0,1,2025-05-27,3585.76,profit
item_6342,31,97.0,14,3007.0,1358.0,1,2025-05-27,3586.06,profit
item_6344,32,94.0,99,3008.0,9306.0,1,2025-05-27,3586.93,profit
item_6352,43,70.0,21,3010.0,1470.0,1,2025-05-27,3585.7,profit
item_6340,43,70.0,53,3010.0,3710.0,1,2025-05-27,3585.18,profit
item_6339,22,137.0,52,3014.0,7124.0,1,2025-05-27,3586.53,profit
item_6356,23,132.0,46,3036.0,6072.0,1,2025-05-28,3586.24,profit
item_6385,32,95.0,27,3040.0,2565.0,1,2025-05-28,3585.78,profit
item_6355,36,84.0,24,3024.0,2016.0,1,2025-05-28,3586.24,profit
item_6376,30,101.0,94,3030.0,9494.0,1,2025-05-28,3586.74,profit
item_6357,32,95.0,53,3040.0,5035.0,1,2025-05-28,3585.44,profit
item_6382,31,98.0,49,3038.0,4802.0,1,2025-05-28,3586.28,profit
item_6379,31,98.0,61,3038.0,5978.0,1,2025-05-28,3586.18,profit
item_6390,33,92.0,36,3036.0,3312.0,1,2025-05-28,3586.22,profit
item_6372,41,74.0,26,3034.0,1924.0,1,2025-05-28,3586.61,profit
item_6383,44,69.0,90,3036.0,6210.0,1,2025-05-28,3585.79,profit
item_6370,46,66.0,14,3036.0,924.0,1,2025-05-28,3586.21,profit
item_6369,40,76.0,29,3040.0,2204.0,1,2025-05-28,3585.68,profit
item_6381,38,80.0,86,3040.0,6880.0,1,2025-05-28,3585.51,profit
item_6365,46,66.0,59,3036.0,3894.0,1,2025-05-28,3584.74,profit
item_6374,31,98.0,48,3038.0,4704.0,1,2025-05-28,3585.25,profit
item_6367,21,144.0,80,3024.0,11520.0,1,2025-05-28,3585.58,profit
item_6389,34,89.0,11,3026.0,979.0,1,2025-05-28,3585.77,profit
item_6391,44,69.0,82,3036.0,5658.0,1,2025-05-28,3586.31,profit
item_6358,31,98.0,83,3038.0,8134.0,1,2025-05-28,3586.05,profit
item_6360,41,74.0,67,3034.0,4958.0,1,2025-05-28,3586.31,profit
item_6371,41,74.0,48,3034.0,3552.0,1,2025-05-28,3586.64,profit
item_6359,40,76.0,11,3040.0,836.0,1,2025-05-28,3585.84,profit
item_6366,30,101.0,72,3030.0,7272.0,1,2025-05-28,3586.36,profit
item_6354,38,80.0,38,3040.0,3040.0,1,2025-05-28,3586.47,profit
item_6363,31,98.0,59,3038.0,5782.0,1,2025-05-28,3586.08,profit
item_6384,31,98.0,25,3038.0,2450.0,1,2025-05-28,3586.45,profit
item_6378,40,76.0,53,3040.0,4028.0,1,2025-05-28,3586.45,profit
item_6364,21,144.0,95,3024.0,13680.0,1,2025-05-28,3585.97,profit
item_6377,44,69.0,78,3036.0,5382.0,1,2025-05-28,3585.91,profit
item_6361,22,138.0,35,3036.0,4830.0,1,2025-05-28,3586.53,profit
item_6387,23,132.0,74,3036.0,9768.0,1,2025-05-28,3585.66,profit
item_6392,27,112.0,55,3024.0,6160.0,1,2025-05-28,3586.76,profit
item_6368,32,95.0,60,3040.0,5700.0,1,2025-05-28,3584.65,profit
item_6353,42,72.0,63,3024.0,4536.0,1,2025-05-28,3586.29,profit
item_6362,32,95.0,53,3040.0,5035.0,1,2025-05-28,3585.31,profit
item_6386,28,108.0,98,3024.0,10584.0,1,2025-05-28,3586.07,profit
item_6388,31,98.0,23,3038.0,2254.0,1,2025-05-28,3585.0,profit
item_6373,21,144.0,56,3024.0,8064.0,1,2025-05-28,3586.6,profit
item_6380,25,121.0,27,3025.0,3267.0,1,2025-05-28,3585.79,profit
item_6375,48,63.0,10,3024.0,630.0,1,2025-05-28,3586.01,profit
item_6414,25,122.0,34,3050.0,4148.0,1,2025-05-29,3586.18,profit
item_6412,24,127.0,75,3048.0,9525.0,1,2025-05-29,3585.25,profit
item_6413,43,71.0,14,3053.0,994.0,1,2025-05-29,3584.9,profit
item_6401,21,145.0,97,3045.0,14065.0,1,2025-05-29,3585.68,profit
item_6395,27,113.0,66,3051.0,7458.0,1,2025-05-29,3585.96,profit
item_6409,25,122.0,48,3050.0,5856.0,1,2025-05-29,3585.49,profit
item_6408,26,117.0,40,3042.0,4680.0,1,2025-05-29,3585.64,profit
item_6415,23,133.0,84,3059.0,11172.0,1,2025-05-29,3585.52,profit
item_6410,30,102.0,79,3060.0,8058.0,1,2025-05-29,3585.47,profit
item_6399,45,68.0,25,3060.0,1700.0,1,2025-05-29,3586.36,profit
item_6396,24,127.0,97,3048.0,12319.0,1,2025-05-29,3585.52,profit
item_6394,35,87.0,34,3045.0,2958.0,1,2025-05-29,3585.44,profit
item_6393,27,113.0,91,3051.0,10283.0,1,2025-05-29,3585.62,profit
item_6397,23,133.0,82,3059.0,10906.0,1,2025-05-29,3584.99,profit
item_6400,28,109.0,66,3052.0,7194.0,1,2025-05-29,3586.44,profit
item_6403,47,65.0,50,3055.0,3250.0,1,2025-05-29,3585.13,profit
item_6405,23,133.0,44,3059.0,5852.0,1,2025-05-29,3585.42,profit
item_6407,30,102.0,51,3060.0,5202.0,1,2025-05-29,3585.19,profit
item_6402,23,133.0,25,3059.0,3325.0,1,2025-05-29,3584.64,profit
item_6404,24,127.0,40,3048.0,5080.0,1,2025-05-29,3586.62,profit
item_6398,50,61.0,27,3050.0,1647.0,1,2025-05-29,3584.72,profit
item_6411,27,113.0,99,3051.0,11187.0,1,2025-05-29,3585.76,profit
item_6406,24,127.0,90,3048.0,11430.0,1,2025-05-29,3585.39,profit
item_6433,27,114.0,68,3078.0,7752.0,1,2025-05-30,3586.45,profit
item_6436,31,99.0,41,3069.0,4059.0,1,2025-05-30,3584.78,profit
item_6427,40,77.0,44,3080.0,3388.0,1,2025-05-30,3585.26,profit
item_6426,26,118.0,66,3068.0,7788.0,1,2025-05-30,3585.02,profit
item_6421,35,88.0,27,3080.0,2376.0,1,2025-05-30,3586.49,profit
item_6422,23,134.0,38,3082.0,5092.0,1,2025-05-30,3585.99,profit
item_6430,32,96.0,13,3072.0,1248.0,1,2025-05-30,3585.92,profit
item_6438,24,128.0,68,3072.0,8704.0,1,2025-05-30,3586.56,profit
item_6440,28,110.0,67,3080.0,7370.0,1,2025-05-30,3586.24,profit
item_6445,35,88.0,31,3080.0,2728.0,1,2025-05-30,3586.18,profit
item_6448,38,81.0,11,3078.0,891.0,1,2025-05-30,3586.74,profit
item_6442,28,110.0,69,3080.0,7590.0,1,2025-05-30,3585.78,profit
item_6419,27,114.0,69,3078.0,7866.0,1,2025-05-30,3586.54,profit
item_6435,23,134.0,90,3082.0,12060.0,1,2025-05-30,3584.95,profit
item_6431,22,140.0,46,3080.0,6440.0,1,2025-05-30,3586.31,profit
item_6449,40,77.0,10,3080.0,770.0,1,2025-05-30,3586.32,profit
item_6429,28,110.0,16,3080.0,1760.0,1,2025-05-30,3586.61,profit
item_6444,40,77.0,62,3080.0,4774.0,1,2025-05-30,3586.12,profit
item_6423,28,110.0,72,3080.0,7920.0,1,2025-05-30,3585.38,profit
item_6434,23,134.0,80,3082.0,10720.0,1,2025-05-30,3585.46,profit
item_6447,46,67.0,68,3082.0,4556.0,1,2025-05-30,3586.33,profit
item_6416,25,123.0,49,3075.0,6027.0,1,2025-05-30,3585.15,profit
item_6428,48,64.0,21,3072.0,1344.0,1,2025-05-30,3586.16,profit
item_6441,31,99.0,18,3069.0,1782.0,1,2025-05-30,3585.39,profit
item_6443,37,83.0,86,3071.0,7138.0,1,2025-05-30,3585.64,profit
item_6432,39,79.0,89,3081.0,7031.0,1,2025-05-30,3585.48,profit
item_6418,44,70.0,76,3080.0,5320.0,1,2025-05-30,3586.3,profit
item_6425,23,134.0,88,3082.0,11792.0,1,2025-05-30,3586.2,profit
item_6446,38,81.0,29,3078.0,2349.0,1,2025-05-30,3586.01,profit
item_6424,37,83.0,44,3071.0,3652.0,1,2025-05-30,3585.69,profit
item_6417,41,75.0,32,3075.0,2400.0,1,2025-05-30,3585.29,profit
item_6437,48,64.0,62,3072.0,3968.0,1,2025-05-30,3585.59,profit
item_6439,41,75.0,84,3075.0,6300.0,1,2025-05-30,3585.15,profit
item_6420,46,67.0,77,3082.0,5159.0,1,2025-05-30,3585.45,profit
item_6450,30,103.0,37,3090.0,3811.0,1,2025-05-31,3586.59,profit
item_6452,30,103.0,85,3090.0,8755.0,1,2025-05-31,3585.53,profit
item_6456,34,91.0,21,3094.0,1911.0,1,2025-05-31,3586.8,profit
item_6453,47,66.0,37,3102.0,2442.0,1,2025-05-31,3585.61,profit
item_6459,43,72.0,78,3096.0,5616.0,1,2025-05-31,3585.78,profit
item_6460,34,91.0,55,3094.0,5005.0,1,2025-05-31,3586.33,profit
item_6454,31,100.0,11,3100.0,1100.0,1,2025-05-31,3586.42,profit
item_6458,31,100.0,91,3100.0,9100.0,1,2025-05-31,3586.86,profit
item_6451,26,119.0,95,3094.0,11305.0,1,2025-05-31,3586.15,profit
item_6455,47,66.0,27,3102.0,1782.0,1,2025-05-31,3585.94,profit
item_6457,47,66.0,71,3102.0,4686.0,1,2025-05-31,3586.29,profit
item_6469,39,80.0,98,3120.0,7840.0,1,2025-06-01,3586.32,profit
item_6482,37,84.0,66,3108.0,5544.0,1,2025-06-01,3586.52,profit
item_6466,32,97.0,91,3104.0,8827.0,1,2025-06-01,3585.11,profit
item_6478,30,104.0,39,3120.0,4056.0,1,2025-06-01,3586.41,profit
item_6468,42,74.0,13,3108.0,962.0,1,2025-06-01,3585.62,profit
item_6464,35,89.0,61,3115.0,5429.0,1,2025-06-01,3585.55,profit
item_6471,24,130.0,94,3120.0,12220.0,1,2025-06-01,3586.22,profit
item_6477,42,74.0,86,3108.0,6364.0,1,2025-06-01,3586.28,profit
item_6461,38,82.0,46,3116.0,3772.0,1,2025-06-01,3585.89,profit
item_6462,28,111.0,81,3108.0,8991.0,1,2025-06-01,3586.21,profit
item_6472,27,115.0,62,3105.0,7130.0,1,2025-06-01,3584.97,profit
item_6483,37,84.0,18,3108.0,1512.0,1,2025-06-01,3586.36,profit
item_6467,30,104.0,67,3120.0,6968.0,1,2025-06-01,3585.91,profit
item_6480,41,76.0,25,3116.0,1900.0,1,2025-06-01,3586.13,profit
item_6476,42,74.0,17,3108.0,1258.0,1,2025-06-01,3585.9,profit
item_6470,41,76.0,47,3116.0,3572.0,1,2025-06-01,3586.29,profit
item_6481,40,78.0,23,3120.0,1794.0,1,2025-06-01,3586.49,profit
item_6474,30,104.0,56,3120.0,5824.0,1,2025-06-01,3585.97,profit
item_6479,35,89.0,41,3115.0,3649.0,1,2025-06-01,3585.71,profit
item_6475,35,89.0,70,3115.0,6230.0,1,2025-06-01,3585.54,profit
item_6465,21,148.0,28,3108.0,4144.0,1,2025-06-01,3586.02,profit
item_6473,38,82.0,68,3116.0,5576.0,1,2025-06-01,3585.26,profit
item_6463,28,111.0,56,3108.0,6216.0,1,2025-06-01,3585.56,profit
item_6497,43,73.0,52,3139.0,3796.0,1,2025-06-02,3586.83,profit
item_6491,36,87.0,44,3132.0,3828.0,1,2025-06-02,3585.57,profit
item_6486,29,108.0,63,3132.0,6804.0,1,2025-06-02,3585.85,profit
item_6487,46,68.0,68,3128.0,4624.0,1,2025-06-02,3585.82,profit
item_6489,21,149.0,72,3129.0,10728.0,1,2025-06-02,3585.8,profit
item_6493,23,136.0,18,3128.0,2448.0,1,2025-06-02,3585.24,profit
item_6492,21,149.0,21,3129.0,3129.0,1,2025-06-02,3586.11,profit
item_6484,31,101.0,68,3131.0,6868.0,1,2025-06-02,3586.3,profit
item_6488,32,98.0,74,3136.0,7252.0,1,2025-06-02,3586.63,profit
item_6499,21,149.0,77,3129.0,11473.0,1,2025-06-02,3584.89,profit
item_6485,29,108.0,36,3132.0,3888.0,1,2025-06-02,3586.0,profit
item_6495,25,125.0,23,3125.0,2875.0,1,2025-06-02,3586.97,profit
item_6490,29,108.0,44,3132.0,4752.0,1,2025-06-02,3584.7,profit
item_6498,21,149.0,76,3129.0,11324.0,1,2025-06-02,3586.61,profit
item_6496,46,68.0,45,3128.0,3060.0,1,2025-06-02,3585.74,profit
item_6494,49,64.0,43,3136.0,2752.0,1,2025-06-02,3585.61,profit
item_6515,27,117.0,52,3159.0,6084.0,1,2025-06-03,3584.81,profit
item_6505,24,131.0,64,3144.0,8384.0,1,2025-06-03,3586.51,profit
item_6503,30,105.0,84,3150.0,8820.0,1,2025-06-03,3585.2,profit
item_6517,47,67.0,88,3149.0,5896.0,1,2025-06-03,3586.18,profit
item_6507,29,109.0,33,3161.0,3597.0,1,2025-06-03,3585.28,profit
item_6518,35,90.0,48,3150.0,4320.0,1,2025-06-03,3586.69,profit
item_6513,31,102.0,64,3162.0,6528.0,1,2025-06-03,3585.56,profit
item_6508,40,79.0,15,3160.0,1185.0,1,2025-06-03,3585.65,profit
item_6516,39,81.0,10,3159.0,810.0,1,2025-06-03,3585.29,profit
item_6502,24,131.0,45,3144.0,5895.0,1,2025-06-03,3585.75,profit
item_6511,47,67.0,45,3149.0,3015.0,1,2025-06-03,3585.55,profit
item_6509,38,83.0,42,3154.0,3486.0,1,2025-06-03,3586.37,profit
item_6501,34,93.0,51,3162.0,4743.0,1,2025-06-03,3586.17,profit
item_6504,50,63.0,16,3150.0,1008.0,1,2025-06-03,3585.59,profit
item_6514,23,137.0,86,3151.0,11782.0,1,2025-06-03,3585.66,profit
item_6510,26,121.0,62,3146.0,7502.0,1,2025-06-03,3586.4,profit
item_6500,42,75.0,81,3150.0,6075.0,1,2025-06-03,3584.68,profit
item_6512,29,109.0,86,3161.0,9374.0,1,2025-06-03,3586.64,profit
item_6506,25,126.0,57,3150.0,7182.0,1,2025-06-03,3585.19,profit
item_6520,25,127.0,36,3175.0,4572.0,1,2025-06-04,3586.46,profit
item_6528,46,69.0,86,3174.0,5934.0,1,2025-06-04,3586.05,profit
item_6526,26,122.0,52,3172.0,6344.0,1,2025-06-04,3586.08,profit
item_6519,46,69.0,71,3174.0,4899.0,1,2025-06-04,3585.96,profit
item_6527,32,99.0,47,3168.0,4653.0,1,2025-06-04,3585.68,profit
item_6532,37,86.0,89,3182.0,7654.0,1,2025-06-04,3586.25,profit
item_6525,33,96.0,15,3168.0,1440.0,1,2025-06-04,3586.44,profit
item_6529,44,72.0,95,3168.0,6840.0,1,2025-06-04,3586.64,profit
item_6533,43,74.0,61,3182.0,4514.0,1,2025-06-04,3586.11,profit
item_6530,25,127.0,66,3175.0,8382.0,1,2025-06-04,3586.34,profit
item_6522,24,132.0,79,3168.0,10428.0,1,2025-06-04,3586.44,profit
item_6524,43,74.0,51,3182.0,3774.0,1,2025-06-04,3585.26,profit
item_6523,24,132.0,43,3168.0,5676.0,1,2025-06-04,3585.21,profit
item_6521,43,74.0,23,3182.0,1702.0,1,2025-06-04,3585.29,profit
item_6531,43,74.0,16,3182.0,1184.0,1,2025-06-04,3585.01,profit
item_6563,24,133.0,32,3192.0,4256.0,1,2025-06-05,3585.28,profit
item_6548,27,118.0,67,3186.0,7906.0,1,2025-06-05,3585.3,profit
item_6558,45,71.0,28,3195.0,1988.0,1,2025-06-05,3585.85,profit
item_6550,27,118.0,92,3186.0,10856.0,1,2025-06-05,3584.99,profit
item_6560,22,145.0,42,3190.0,6090.0,1,2025-06-05,3586.1,profit
item_6562,23,139.0,48,3197.0,6672.0,1,2025-06-05,3586.0,profit
item_6535,38,84.0,83,3192.0,6972.0,1,2025-06-05,3585.36,profit
item_6534,28,114.0,75,3192.0,8550.0,1,2025-06-05,3586.27,profit
item_6538,31,103.0,85,3193.0,8755.0,1,2025-06-05,3586.12,profit
item_6541,29,110.0,67,3190.0,7370.0,1,2025-06-05,3585.63,profit
item_6556,29,110.0,71,3190.0,7810.0,1,2025-06-05,3586.05,profit
item_6552,22,145.0,12,3190.0,1740.0,1,2025-06-05,3585.15,profit
item_6547,28,114.0,60,3192.0,6840.0,1,2025-06-05,3584.88,profit
item_6553,22,145.0,53,3190.0,7685.0,1,2025-06-05,3585.0,profit
item_6551,28,114.0,76,3192.0,8664.0,1,2025-06-05,3585.06,profit
item_6549,25,128.0,78,3200.0,9984.0,1,2025-06-05,3585.25,profit
item_6559,35,91.0,10,3185.0,910.0,1,2025-06-05,3586.27,profit
item_6554,38,84.0,64,3192.0,5376.0,1,2025-06-05,3585.07,profit
item_6539,32,100.0,97,3200.0,9700.0,1,2025-06-05,3585.69,profit
item_6555,36,89.0,51,3204.0,4539.0,1,2025-06-05,3586.19,profit
item_6561,31,103.0,53,3193.0,5459.0,1,2025-06-05,3585.33,profit
item_6544,23,139.0,12,3197.0,1668.0,1,2025-06-05,3585.74,profit
item_6536,40,80.0,91,3200.0,7280.0,1,2025-06-05,3585.96,profit
item_6546,23,139.0,96,3197.0,13344.0,1,2025-06-05,3585.18,profit
item_6540,34,94.0,83,3196.0,7802.0,1,2025-06-05,3585.59,profit
item_6543,31,103.0,36,3193.0,3708.0,1,2025-06-05,3586.39,profit
item_6542,47,68.0,54,3196.0,3672.0,1,2025-06-05,3585.35,profit
item_6537,42,76.0,21,3192.0,1596.0,1,2025-06-05,3585.98,profit
item_6545,22,145.0,62,3190.0,8990.0,1,2025-06-05,3585.42,profit
item_6557,35,91.0,100,3185.0,9100.0,1,2025-06-05,3585.59,profit
item_6567,43,75.0,40,3225.0,3000.0,1,2025-06-06,3586.25,profit
item_6576,29,111.0,20,3219.0,2220.0,1,2025-06-06,3584.87,profit
item_6586,31,104.0,89,3224.0,9256.0,1,2025-06-06,3585.62,profit
item_6583,37,87.0,43,3219.0,3741.0,1,2025-06-06,3586.55,profit
item_6590,31,104.0,44,3224.0,4576.0,1,2025-06-06,3585.21,profit
item_6589,24,134.0,32,3216.0,4288.0,1,2025-06-06,3585.34,profit
item_6587,26,124.0,15,3224.0,1860.0,1,2025-06-06,3585.59,profit
item_6571,35,92.0,86,3220.0,7912.0,1,2025-06-06,3585.97,profit
item_6566,44,73.0,69,3212.0,5037.0,1,2025-06-06,3586.49,profit
item_6578,22,146.0,82,3212.0,11972.0,1,2025-06-06,3585.51,profit
item_6593,26,124.0,47,3224.0,5828.0,1,2025-06-06,3584.9,profit
item_6579,35,92.0,78,3220.0,7176.0,1,2025-06-06,3584.91,profit
item_6591,31,104.0,50,3224.0,5200.0,1,2025-06-06,3585.84,profit
item_6581,43,75.0,55,3225.0,4125.0,1,2025-06-06,3585.54,profit
item_6572,46,70.0,99,3220.0,6930.0,1,2025-06-06,3585.7,profit
item_6577,26,124.0,34,3224.0,4216.0,1,2025-06-06,3585.46,profit
item_6573,46,70.0,31,3220.0,2170.0,1,2025-06-06,3586.22,profit
item_6574,48,67.0,88,3216.0,5896.0,1,2025-06-06,3586.21,profit
item_6564,27,119.0,94,3213.0,11186.0,1,2025-06-06,3585.47,profit
item_6568,26,124.0,74,3224.0,9176.0,1,2025-06-06,3586.28,profit
item_6570,37,87.0,98,3219.0,8526.0,1,2025-06-06,3584.94,profit
item_6582,46,70.0,34,3220.0,2380.0,1,2025-06-06,3586.41,profit
item_6569,22,146.0,48,3212.0,7008.0,1,2025-06-06,3585.28,profit
item_6584,24,134.0,28,3216.0,3752.0,1,2025-06-06,3586.23,profit
item_6565,48,67.0,77,3216.0,5159.0,1,2025-06-06,3585.45,profit
item_6575,25,129.0,98,3225.0,12642.0,1,2025-06-06,3586.53,profit
item_6588,27,119.0,94,3213.0,11186.0,1,2025-06-06,3585.35,profit
item_6580,29,111.0,30,3219.0,3330.0,1,2025-06-06,3585.85,profit
item_6585,28,115.0,81,3220.0,9315.0,1,2025-06-06,3585.48,profit
item_6592,22,146.0,77,3212.0,11242.0,1,2025-06-06,3585.88,profit
item_6608,40,81.0,34,3240.0,2754.0,1,2025-06-07,3586.59,profit
item_6602,23,141.0,96,3243.0,13536.0,1,2025-06-07,3586.69,profit
item_6606,33,98.0,20,3234.0,1960.0,1,2025-06-07,3586.38,profit
item_6603,22,147.0,29,3234.0,4263.0,1,2025-06-07,3584.65,profit
item_6595,47,69.0,26,3243.0,1794.0,1,2025-06-07,3585.86,profit
item_6605,49,66.0,52,3234.0,3432.0,1,2025-06-07,3585.46,profit
item_6594,34,95.0,82,3230.0,7790.0,1,2025-06-07,3585.36,profit
item_6600,27,120.0,12,3240.0,1440.0,1,2025-06-07,3586.17,profit
item_6609,33,98.0,65,3234.0,6370.0,1,2025-06-07,3586.34,profit
item_6599,41,79.0,69,3239.0,5451.0,1,2025-06-07,3586.35,profit
item_6607,45,72.0,53,3240.0,3816.0,1,2025-06-07,3585.85,profit
item_6597,38,85.0,83,3230.0,7055.0,1,2025-06-07,3585.01,profit
item_6610,47,69.0,84,3243.0,5796.0,1,2025-06-07,3585.95,profit
item_6596,22,147.0,56,3234.0,8232.0,1,2025-06-07,3586.44,profit
item_6601,47,69.0,99,3243.0,6831.0,1,2025-06-07,3585.55,profit
item_6604,30,108.0,96,3240.0,10368.0,1,2025-06-07,3584.87,profit
item_6598,45,72.0,72,3240.0,5184.0,1,2025-06-07,3586.15,profit
item_6632,33,99.0,51,3267.0,5049.0,1,2025-06-08,3585.45,profit
item_6620,31,105.0,99,3255.0,10395.0,1,2025-06-08,3586.6,profit
item_6624,29,112.0,92,3248.0,10304.0,1,2025-06-08,3585.94,profit
item_6623,34,96.0,98,3264.0,9408.0,1,2025-06-08,3585.16,profit
item_6621,50,65.0,67,3250.0,4355.0,1,2025-06-08,3585.48,profit
item_6622,23,142.0,11,3266.0,1562.0,1,2025-06-08,3586.42,profit
item_6617,28,116.0,94,3248.0,10904.0,1,2025-06-08,3586.46,profit
item_6631,31,105.0,95,3255.0,9975.0,1,2025-06-08,3586.35,profit
item_6628,26,125.0,54,3250.0,6750.0,1,2025-06-08,3585.5,profit
item_6618,50,65.0,34,3250.0,2210.0,1,2025-06-08,3585.29,profit
item_6614,24,136.0,12,3264.0,1632.0,1,2025-06-08,3585.68,profit
item_6627,32,102.0,69,3264.0,7038.0,1,2025-06-08,3585.3,profit
item_6626,29,112.0,100,3248.0,11200.0,1,2025-06-08,3585.71,profit
item_6616,44,74.0,76,3256.0,5624.0,1,2025-06-08,3586.87,profit
item_6630,44,74.0,77,3256.0,5698.0,1,2025-06-08,3585.69,profit
item_6625,34,96.0,52,3264.0,4992.0,1,2025-06-08,3585.32,profit
item_6613,31,105.0,60,3255.0,6300.0,1,2025-06-08,3586.7,profit
item_6619,50,65.0,73,3250.0,4745.0,1,2025-06-08,3586.43,profit
item_6611,32,102.0,32,3264.0,3264.0,1,2025-06-08,3586.54,profit
item_6629,32,102.0,61,3264.0,6222.0,1,2025-06-08,3585.16,profit
item_6612,50,65.0,72,3250.0,4680.0,1,2025-06-08,3585.75,profit
item_6615,50,65.0,62,3250.0,4030.0,1,2025-06-08,3585.42,profit
item_6651,36,91.0,79,3276.0,7189.0,1,2025-06-09,3585.63,profit
item_6648,25,131.0,48,3275.0,6288.0,1,2025-06-09,3586.02,profit
item_6642,26,126.0,95,3276.0,11970.0,1,2025-06-09,3585.66,profit
item_6646,49,67.0,70,3283.0,4690.0,1,2025-06-09,3584.97,profit
item_6634,26,126.0,37,3276.0,4662.0,1,2025-06-09,3584.96,profit
item_6652,28,117.0,23,3276.0,2691.0,1,2025-06-09,3586.12,profit
item_6653,45,73.0,37,3285.0,2701.0,1,2025-06-09,3585.67,profit
item_6641,30,109.0,43,3270.0,4687.0,1,2025-06-09,3586.06,profit
item_6633,26,126.0,98,3276.0,12348.0,1,2025-06-09,3585.6,profit
item_6639,43,76.0,87,3268.0,6612.0,1,2025-06-09,3586.11,profit
item_6649,39,84.0,54,3276.0,4536.0,1,2025-06-09,3585.19,profit
item_6647,38,86.0,76,3268.0,6536.0,1,2025-06-09,3586.63,profit
item_6635,22,149.0,93,3278.0,13857.0,1,2025-06-09,3585.13,profit
item_6644,22,149.0,54,3278.0,8046.0,1,2025-06-09,3585.28,profit
item_6655,45,73.0,26,3285.0,1898.0,1,2025-06-09,3585.63,profit
item_6637,22,149.0,39,3278.0,5811.0,1,2025-06-09,3585.22,profit
item_6656,31,106.0,43,3286.0,4558.0,1,2025-06-09,3586.77,profit
item_6650,28,117.0,29,3276.0,3393.0,1,2025-06-09,3586.18,profit
item_6654,25,131.0,23,3275.0,3013.0,1,2025-06-09,3586.65,profit
item_6643,28,117.0,63,3276.0,7371.0,1,2025-06-09,3585.14,profit
item_6645,22,149.0,43,3278.0,6407.0,1,2025-06-09,3584.81,profit
item_6640,39,84.0,51,3276.0,4284.0,1,2025-06-09,3586.36,profit
item_6636,30,109.0,95,3270.0,10355.0,1,2025-06-09,3584.51,profit
item_6638,39,84.0,34,3276.0,2856.0,1,2025-06-09,3584.69,profit
item_6676,28,118.0,54,3304.0,6372.0,1,2025-06-10,3586.44,profit
item_6679,33,100.0,21,3300.0,2100.0,1,2025-06-10,3585.5,profit
item_6662,30,110.0,56,3300.0,6160.0,1,2025-06-10,3586.05,profit
item_6658,25,132.0,81,3300.0,10692.0,1,2025-06-10,3586.75,profit
item_6669,23,143.0,73,3289.0,10439.0,1,2025-06-10,3585.77,profit
item_6672,44,75.0,17,3300.0,1275.0,1,2025-06-10,3586.43,profit
item_6657,47,70.0,74,3290.0,5180.0,1,2025-06-10,3586.06,profit
item_6665,32,103.0,46,3296.0,4738.0,1,2025-06-10,3584.92,profit
item_6666,26,127.0,62,3302.0,7874.0,1,2025-06-10,3585.74,profit
item_6663,27,122.0,85,3294.0,10370.0,1,2025-06-10,3585.63,profit
item_6670,33,100.0,82,3300.0,8200.0,1,2025-06-10,3584.83,profit
item_6675,38,87.0,43,3306.0,3741.0,1,2025-06-10,3585.82,profit
item_6667,25,132.0,81,3300.0,10692.0,1,2025-06-10,3585.28,profit
item_6673,28,118.0,16,3304.0,1888.0,1,2025-06-10,3586.23,profit
item_6671,50,66.0,71,3300.0,4686.0,1,2025-06-10,3585.62,profit
item_6668,34,97.0,51,3298.0,4947.0,1,2025-06-10,3585.03,profit
item_6677,22,150.0,71,3300.0,10650.0,1,2025-06-10,3585.69,profit
item_6660,50,66.0,60,3300.0,3960.0,1,2025-06-10,3585.66,profit
item_6664,23,143.0,53,3289.0,7579.0,1,2025-06-10,3585.25,profit
item_6674,27,122.0,23,3294.0,2806.0,1,2025-06-10,3585.73,profit
item_6661,38,87.0,59,3306.0,5133.0,1,2025-06-10,3586.55,profit
item_6678,29,114.0,50,3306.0,5700.0,1,2025-06-10,3584.86,profit
item_6659,32,103.0,67,3296.0,6901.0,1,2025-06-10,3585.12,profit
item_6686,40,83.0,71,3320.0,5893.0,1,2025-06-11,3585.31,profit
item_6693,25,133.0,22,3325.0,2926.0,1,2025-06-11,3586.36,profit
item_6694,36,92.0,89,3312.0,8188.0,1,2025-06-11,3585.58,profit
item_6697,24,138.0,85,3312.0,11730.0,1,2025-06-11,3586.18,profit
item_6687,40,83.0,91,3320.0,7553.0,1,2025-06-11,3586.38,profit
item_6690,32,104.0,61,3328.0,6344.0,1,2025-06-11,3586.37,profit
item_6692,41,81.0,30,3321.0,2430.0,1,2025-06-11,3586.15,profit
item_6689,43,77.0,76,3311.0,5852.0,1,2025-06-11,3585.65,profit
item_6691,39,85.0,40,3315.0,3400.0,1,2025-06-11,3585.69,profit
item_6695,48,69.0,82,3312.0,5658.0,1,2025-06-11,3586.19,profit
item_6680,48,69.0,61,3312.0,4209.0,1,2025-06-11,3585.89,profit
item_6696,41,81.0,24,3321.0,1944.0,1,2025-06-11,3586.54,profit
item_6684,31,107.0,53,3317.0,5671.0,1,2025-06-11,3585.07,profit
item_6685,24,138.0,19,3312.0,2622.0,1,2025-06-11,3585.57,profit
item_6683,25,133.0,86,3325.0,11438.0,1,2025-06-11,3585.25,profit
item_6681,43,77.0,26,3311.0,2002.0,1,2025-06-11,3586.69,profit
item_6688,31,107.0,33,3317.0,3531.0,1,2025-06-11,3586.19,profit
item_6682,24,138.0,56,3312.0,7728.0,1,2025-06-11,3586.4,profit
item_6710,24,139.0,29,3336.0,4031.0,1,2025-06-12,3586.23,profit
item_6707,28,119.0,85,3332.0,10115.0,1,2025-06-12,3585.88,profit
item_6700,33,101.0,59,3333.0,5959.0,1,2025-06-12,3586.03,profit
item_6705,24,139.0,20,3336.0,2780.0,1,2025-06-12,3586.45,profit
item_6699,37,90.0,15,3330.0,1350.0,1,2025-06-12,3585.87,profit
item_6714,28,119.0,60,3332.0,7140.0,1,2025-06-12,3586.51,profit
item_6704,45,74.0,29,3330.0,2146.0,1,2025-06-12,3585.55,profit
item_6712,49,68.0,75,3332.0,5100.0,1,2025-06-12,3586.0,profit
item_6706,27,124.0,11,3348.0,1364.0,1,2025-06-12,3585.45,profit
item_6708,37,90.0,14,3330.0,1260.0,1,2025-06-12,3585.66,profit
item_6711,31,108.0,23,3348.0,2484.0,1,2025-06-12,3585.35,profit
item_6702,49,68.0,39,3332.0,2652.0,1,2025-06-12,3586.59,profit
item_6698,36,93.0,58,3348.0,5394.0,1,2025-06-12,3584.97,profit
item_6701,49,68.0,59,3332.0,4012.0,1,2025-06-12,3585.92,profit
item_6709,37,90.0,69,3330.0,6210.0,1,2025-06-12,3586.17,profit
item_6713,47,71.0,86,3337.0,6106.0,1,2025-06-12,3586.84,profit
item_6703,29,115.0,63,3335.0,7245.0,1,2025-06-12,3586.55,profit
item_6728,24,140.0,56,3360.0,7840.0,1,2025-06-13,3586.01,profit
item_6721,43,78.0,55,3354.0,4290.0,1,2025-06-13,3586.59,profit
item_6727,37,91.0,71,3367.0,6461.0,1,2025-06-13,3586.61,profit
item_6735,50,67.0,99,3350.0,6633.0,1,2025-06-13,3585.92,profit
item_6717,33,102.0,62,3366.0,6324.0,1,2025-06-13,3586.33,profit
item_6722,48,70.0,17,3360.0,1190.0,1,2025-06-13,3586.32,profit
item_6723,43,78.0,17,3354.0,1326.0,1,2025-06-13,3586.55,profit
item_6726,43,78.0,85,3354.0,6630.0,1,2025-06-13,3586.4,profit
item_6733,41,82.0,51,3362.0,4182.0,1,2025-06-13,3586.14,profit
item_6731,46,73.0,69,3358.0,5037.0,1,2025-06-13,3586.18,profit
item_6734,37,91.0,82,3367.0,7462.0,1,2025-06-13,3586.15,profit
item_6730,37,91.0,43,3367.0,3913.0,1,2025-06-13,3585.62,profit
item_6732,40,84.0,66,3360.0,5544.0,1,2025-06-13,3586.54,profit
item_6716,46,73.0,58,3358.0,4234.0,1,2025-06-13,3585.12,profit
item_6719,35,96.0,30,3360.0,2880.0,1,2025-06-13,3584.89,profit
item_6725,37,91.0,23,3367.0,2093.0,1,2025-06-13,3586.64,profit
item_6729,29,116.0,25,3364.0,2900.0,1,2025-06-13,3584.99,profit
item_6715,26,129.0,71,3354.0,9159.0,1,2025-06-13,3585.32,profit
item_6720,48,70.0,64,3360.0,4480.0,1,2025-06-13,3585.92,profit
item_6718,23,146.0,57,3358.0,8322.0,1,2025-06-13,3585.67,profit
item_6724,43,78.0,23,3354.0,1794.0,1,2025-06-13,3586.56,profit
item_6742,25,135.0,99,3375.0,13365.0,1,2025-06-14,3585.41,profit
item_6747,30,113.0,99,3390.0,11187.0,1,2025-06-14,3584.79,profit
item_6737,25,135.0,99,3375.0,13365.0,1,2025-06-14,3586.07,profit
item_6744,26,130.0,76,3380.0,9880.0,1,2025-06-14,3586.07,profit
item_6746,23,147.0,43,3381.0,6321.0,1,2025-06-14,3586.29,profit
item_6740,26,130.0,98,3380.0,12740.0,1,2025-06-14,3585.27,profit
item_6752,26,130.0,18,3380.0,2340.0,1,2025-06-14,3584.75,profit
item_6748,49,69.0,53,3381.0,3657.0,1,2025-06-14,3585.27,profit
item_6749,26,130.0,79,3380.0,10270.0,1,2025-06-14,3586.24,profit
item_6736,44,77.0,79,3388.0,6083.0,1,2025-06-14,3586.45,profit
item_6741,31,109.0,82,3379.0,8938.0,1,2025-06-14,3585.1,profit
item_6745,47,72.0,84,3384.0,6048.0,1,2025-06-14,3585.03,profit
item_6743,45,75.0,28,3375.0,2100.0,1,2025-06-14,3584.65,profit
item_6751,23,147.0,37,3381.0,5439.0,1,2025-06-14,3584.61,profit
item_6750,24,141.0,80,3384.0,11280.0,1,2025-06-14,3584.91,profit
item_6739,26,130.0,11,3380.0,1430.0,1,2025-06-14,3584.54,profit
item_6738,23,147.0,63,3381.0,9261.0,1,2025-06-14,3584.61,profit
item_6754,31,110.0,72,3410.0,7920.0,1,2025-06-15,3585.44,profit
item_6766,25,136.0,68,3400.0,9248.0,1,2025-06-15,3585.52,profit
item_6777,26,131.0,39,3406.0,5109.0,1,2025-06-15,3586.35,profit
item_6756,41,83.0,52,3403.0,4316.0,1,2025-06-15,3586.25,profit
item_6775,31,110.0,28,3410.0,3080.0,1,2025-06-15,3585.47,profit
item_6767,34,100.0,38,3400.0,3800.0,1,2025-06-15,3585.15,profit
item_6773,32,106.0,19,3392.0,2014.0,1,2025-06-15,3584.84,profit
item_6784,33,103.0,87,3399.0,8961.0,1,2025-06-15,3585.8,profit
item_6765,29,117.0,33,3393.0,3861.0,1,2025-06-15,3585.99,profit
item_6781,25,136.0,17,3400.0,2312.0,1,2025-06-15,3585.86,profit
item_6761,26,131.0,85,3406.0,11135.0,1,2025-06-15,3585.99,profit
item_6769,33,103.0,75,3399.0,7725.0,1,2025-06-15,3585.84,profit
item_6768,33,103.0,64,3399.0,6592.0,1,2025-06-15,3585.88,profit
item_6771,34,100.0,88,3400.0,8800.0,1,2025-06-15,3586.22,profit
item_6759,46,74.0,81,3404.0,5994.0,1,2025-06-15,3586.09,profit
item_6783,32,106.0,88,3392.0,9328.0,1,2025-06-15,3585.65,profit
item_6760,37,92.0,64,3404.0,5888.0,1,2025-06-15,3586.55,profit
item_6757,26,131.0,86,3406.0,11266.0,1,2025-06-15,3586.39,profit
item_6755,39,87.0,23,3393.0,2001.0,1,2025-06-15,3585.84,profit
item_6776,39,87.0,35,3393.0,3045.0,1,2025-06-15,3585.83,profit
item_6770,41,83.0,21,3403.0,1743.0,1,2025-06-15,3585.77,profit
item_6778,40,85.0,18,3400.0,1530.0,1,2025-06-15,3585.53,profit
item_6758,39,87.0,14,3393.0,1218.0,1,2025-06-15,3585.16,profit
item_6774,27,126.0,61,3402.0,7686.0,1,2025-06-15,3585.8,profit
item_6779,40,85.0,21,3400.0,1785.0,1,2025-06-15,3586.42,profit
item_6763,39,87.0,32,3393.0,2784.0,1,2025-06-15,3585.29,profit
item_6764,37,92.0,90,3404.0,8280.0,1,2025-06-15,3586.04,profit
item_6753,24,142.0,19,3408.0,2698.0,1,2025-06-15,3585.37,profit
item_6762,29,117.0,70,3393.0,8190.0,1,2025-06-15,3585.04,profit
item_6772,23,148.0,60,3404.0,8880.0,1,2025-06-15,3585.87,profit
item_6785,41,83.0,62,3403.0,5146.0,1,2025-06-15,3585.61,profit
item_6782,27,126.0,44,3402.0,5544.0,1,2025-06-15,3585.48,profit
item_6780,31,110.0,66,3410.0,7260.0,1,2025-06-15,3586.48,profit
item_6786,25,136.0,58,3400.0,7888.0,1,2025-06-15,3586.04,profit
item_6795,36,95.0,30,3420.0,2850.0,1,2025-06-16,3585.9,profit
item_6800,27,127.0,35,3429.0,4445.0,1,2025-06-16,3586.49,profit
item_6792,28,122.0,70,3416.0,8540.0,1,2025-06-16,3585.16,profit
item_6789,36,95.0,46,3420.0,4370.0,1,2025-06-16,3584.94,profit
item_6793,45,76.0,59,3420.0,4484.0,1,2025-06-16,3585.23,profit
item_6788,23,149.0,54,3427.0,8046.0,1,2025-06-16,3585.65,profit
item_6794,35,98.0,15,3430.0,1470.0,1,2025-06-16,3586.26,profit
item_6801,30,114.0,89,3420.0,10146.0,1,2025-06-16,3585.41,profit
item_6791,27,127.0,58,3429.0,7366.0,1,2025-06-16,3586.39,profit
item_6802,27,127.0,46,3429.0,5842.0,1,2025-06-16,3585.46,profit
item_6799,49,70.0,51,3430.0,3570.0,1,2025-06-16,3586.63,profit
item_6796,23,149.0,12,3427.0,1788.0,1,2025-06-16,3586.18,profit
item_6797,28,122.0,49,3416.0,5978.0,1,2025-06-16,3585.46,profit
item_6787,32,107.0,51,3424.0,5457.0,1,2025-06-16,3585.03,profit
item_6798,47,73.0,82,3431.0,5986.0,1,2025-06-16,3585.79,profit
item_6790,45,76.0,92,3420.0,6992.0,1,2025-06-16,3585.99,profit
item_6825,40,86.0,48,3440.0,4128.0,1,2025-06-17,3586.28,profit
item_6818,40,86.0,66,3440.0,5676.0,1,2025-06-17,3586.18,profit
item_6822,46,75.0,30,3450.0,2250.0,1,2025-06-17,3586.23,profit
item_6816,41,84.0,53,3444.0,4452.0,1,2025-06-17,3586.09,profit
item_6815,40,86.0,37,3440.0,3182.0,1,2025-06-17,3584.82,profit
item_6819,50,69.0,81,3450.0,5589.0,1,2025-06-17,3586.13,profit
item_6805,40,86.0,88,3440.0,7568.0,1,2025-06-17,3585.67,profit
item_6809,46,75.0,96,3450.0,7200.0,1,2025-06-17,3586.8,profit
item_6808,50,69.0,30,3450.0,2070.0,1,2025-06-17,3585.59,profit
item_6824,43,80.0,29,3440.0,2320.0,1,2025-06-17,3585.49,profit
item_6814,23,150.0,81,3450.0,12150.0,1,2025-06-17,3586.26,profit
item_6806,42,82.0,44,3444.0,3608.0,1,2025-06-17,3586.25,profit
item_6804,30,115.0,12,3450.0,1380.0,1,2025-06-17,3586.03,profit
item_6821,42,82.0,78,3444.0,6396.0,1,2025-06-17,3585.36,profit
item_6813,37,93.0,60,3441.0,5580.0,1,2025-06-17,3585.82,profit
item_6803,39,88.0,55,3432.0,4840.0,1,2025-06-17,3585.19,profit
item_6817,40,86.0,61,3440.0,5246.0,1,2025-06-17,3586.22,profit
item_6820,28,123.0,30,3444.0,3690.0,1,2025-06-17,3586.51,profit
item_6807,28,123.0,17,3444.0,2091.0,1,2025-06-17,3586.2,profit
item_6811,23,150.0,25,3450.0,3750.0,1,2025-06-17,3585.63,profit
item_6823,30,115.0,70,3450.0,8050.0,1,2025-06-17,3586.33,profit
item_6826,25,138.0,78,3450.0,10764.0,1,2025-06-17,3586.25,profit
item_6812,30,115.0,14,3450.0,1610.0,1,2025-06-17,3584.95,profit
item_6810,34,101.0,94,3434.0,9494.0,1,2025-06-17,3586.59,profit
item_6831,45,77.0,52,3465.0,4004.0,1,2025-06-18,3585.82,profit
item_6834,24,144.0,25,3456.0,3600.0,1,2025-06-18,3585.34,profit
item_6828,38,91.0,14,3458.0,1274.0,1,2025-06-18,3586.45,profit
item_6837,26,133.0,81,3458.0,10773.0,1,2025-06-18,3585.15,profit
item_6830,28,124.0,43,3472.0,5332.0,1,2025-06-18,3585.79,profit
item_6835,36,96.0,46,3456.0,4416.0,1,2025-06-18,3585.31,profit
item_6833,27,128.0,31,3456.0,3968.0,1,2025-06-18,3585.66,profit
item_6829,27,128.0,14,3456.0,1792.0,1,2025-06-18,3586.2,profit
item_6836,26,133.0,86,3458.0,11438.0,1,2025-06-18,3586.15,profit
item_6832,32,108.0,90,3456.0,9720.0,1,2025-06-18,3586.61,profit
item_6827,48,72.0,28,3456.0,2016.0,1,2025-06-18,3585.08,profit
item_6851,36,97.0,89,3492.0,8633.0,1,2025-06-19,3585.89,profit
item_6844,47,74.0,30,3478.0,2220.0,1,2025-06-19,3585.46,profit
item_6841,32,109.0,45,3488.0,4905.0,1,2025-06-19,3586.58,profit
item_6849,27,129.0,100,3483.0,12900.0,1,2025-06-19,3585.91,profit
item_6855,37,94.0,97,3478.0,9118.0,1,2025-06-19,3586.39,profit
item_6839,26,134.0,29,3484.0,3886.0,1,2025-06-19,3585.43,profit
item_6847,47,74.0,92,3478.0,6808.0,1,2025-06-19,3585.63,profit
item_6850,41,85.0,53,3485.0,4505.0,1,2025-06-19,3584.89,profit
item_6845,43,81.0,62,3483.0,5022.0,1,2025-06-19,3586.69,profit
item_6853,49,71.0,34,3479.0,2414.0,1,2025-06-19,3585.37,profit
item_6846,27,129.0,13,3483.0,1677.0,1,2025-06-19,3586.49,profit
item_6848,37,94.0,71,3478.0,6674.0,1,2025-06-19,3586.67,profit
item_6842,25,139.0,41,3475.0,5699.0,1,2025-06-19,3585.73,profit
item_6838,29,120.0,22,3480.0,2640.0,1,2025-06-19,3584.96,profit
item_6843,25,139.0,20,3475.0,2780.0,1,2025-06-19,3585.28,profit
item_6852,32,109.0,68,3488.0,7412.0,1,2025-06-19,3585.62,profit
item_6854,47,74.0,55,3478.0,4070.0,1,2025-06-19,3586.31,profit
item_6840,47,74.0,67,3478.0,4958.0,1,2025-06-19,3585.42,profit
item_6875,28,125.0,38,3500.0,4750.0,1,2025-06-20,3585.65,profit
item_6869,30,117.0,65,3510.0,7605.0,1,2025-06-20,3586.65,profit
item_6866,46,76.0,63,3496.0,4788.0,1,2025-06-20,3586.04,profit
item_6871,25,140.0,42,3500.0,5880.0,1,2025-06-20,3585.23,profit
item_6867,35,100.0,39,3500.0,3900.0,1,2025-06-20,3586.52,profit
item_6863,31,113.0,48,3503.0,5424.0,1,2025-06-20,3584.9,profit
item_6876,46,76.0,56,3496.0,4256.0,1,2025-06-20,3585.33,profit
item_6861,33,106.0,61,3498.0,6466.0,1,2025-06-20,3586.36,profit
item_6868,50,70.0,12,3500.0,840.0,1,2025-06-20,3585.91,profit
item_6880,45,78.0,30,3510.0,2340.0,1,2025-06-20,3586.08,profit
item_6856,38,92.0,90,3496.0,8280.0,1,2025-06-20,3585.81,profit
item_6857,28,125.0,98,3500.0,12250.0,1,2025-06-20,3585.67,profit
item_6878,25,140.0,20,3500.0,2800.0,1,2025-06-20,3585.76,profit
item_6885,38,92.0,54,3496.0,4968.0,1,2025-06-20,3586.18,profit
item_6873,33,106.0,62,3498.0,6572.0,1,2025-06-20,3585.24,profit
item_6874,33,106.0,90,3498.0,9540.0,1,2025-06-20,3585.83,profit
item_6883,50,70.0,23,3500.0,1610.0,1,2025-06-20,3586.43,profit
item_6870,27,130.0,73,3510.0,9490.0,1,2025-06-20,3585.69,profit
item_6864,46,76.0,71,3496.0,5396.0,1,2025-06-20,3585.47,profit
item_6879,35,100.0,87,3500.0,8700.0,1,2025-06-20,3585.6,profit
item_6858,28,125.0,50,3500.0,6250.0,1,2025-06-20,3584.79,profit
item_6860,45,78.0,28,3510.0,2184.0,1,2025-06-20,3585.39,profit
item_6881,50,70.0,52,3500.0,3640.0,1,2025-06-20,3586.43,profit
item_6882,45,78.0,65,3510.0,5070.0,1,2025-06-20,3586.68,profit
item_6877,30,117.0,12,3510.0,1404.0,1,2025-06-20,3586.45,profit
item_6884,39,90.0,80,3510.0,7200.0,1,2025-06-20,3586.6,profit
item_6865,38,92.0,12,3496.0,1104.0,1,2025-06-20,3586.33,profit
item_6872,25,140.0,37,3500.0,5180.0,1,2025-06-20,3585.1,profit
item_6862,25,140.0,82,3500.0,11480.0,1,2025-06-20,3585.81,profit
item_6859,30,117.0,46,3510.0,5382.0,1,2025-06-20,3585.0,profit
item_6890,36,98.0,98,3528.0,9604.0,1,2025-06-21,3586.36,profit
item_6894,31,114.0,27,3534.0,3078.0,1,2025-06-21,3586.64,profit
item_6902,33,107.0,100,3531.0,10700.0,1,2025-06-21,3585.73,profit
item_6886,49,72.0,100,3528.0,7200.0,1,2025-06-21,3586.03,profit
item_6889,43,82.0,93,3526.0,7626.0,1,2025-06-21,3586.45,profit
item_6901,33,107.0,21,3531.0,2247.0,1,2025-06-21,3585.44,profit
item_6892,40,88.0,27,3520.0,2376.0,1,2025-06-21,3586.05,profit
item_6904,47,75.0,22,3525.0,1650.0,1,2025-06-21,3584.76,profit
item_6893,49,72.0,95,3528.0,6840.0,1,2025-06-21,3586.24,profit
item_6896,31,114.0,63,3534.0,7182.0,1,2025-06-21,3585.68,profit
item_6900,32,110.0,56,3520.0,6160.0,1,2025-06-21,3585.49,profit
item_6888,47,75.0,14,3525.0,1050.0,1,2025-06-21,3585.24,profit
item_6898,28,126.0,65,3528.0,8190.0,1,2025-06-21,3584.85,profit
item_6899,33,107.0,86,3531.0,9202.0,1,2025-06-21,3585.23,profit
item_6895,32,110.0,72,3520.0,7920.0,1,2025-06-21,3585.6,profit
item_6903,24,147.0,60,3528.0,8820.0,1,2025-06-21,3585.64,profit
item_6887,28,126.0,38,3528.0,4788.0,1,2025-06-21,3586.47,profit
item_6891,42,84.0,11,3528.0,924.0,1,2025-06-21,3585.7,profit
item_6897,24,147.0,63,3528.0,9261.0,1,2025-06-21,3585.52,profit
item_6909,34,104.0,77,3536.0,8008.0,1,2025-06-22,3585.44,profit
item_6913,25,142.0,23,3550.0,3266.0,1,2025-06-22,3585.45,profit
item_6916,48,74.0,51,3552.0,3774.0,1,2025-06-22,3584.65,profit
item_6912,32,111.0,86,3552.0,9546.0,1,2025-06-22,3585.74,profit
item_6908,35,101.0,98,3535.0,9898.0,1,2025-06-22,3584.65,profit
item_6910,32,111.0,27,3552.0,2997.0,1,2025-06-22,3585.34,profit
item_6922,37,96.0,13,3552.0,1248.0,1,2025-06-22,3585.49,profit
item_6920,37,96.0,51,3552.0,4896.0,1,2025-06-22,3585.84,profit
item_6906,46,77.0,91,3542.0,7007.0,1,2025-06-22,3586.38,profit
item_6917,30,118.0,20,3540.0,2360.0,1,2025-06-22,3586.22,profit
item_6907,25,142.0,81,3550.0,11502.0,1,2025-06-22,3586.24,profit
item_6919,37,96.0,49,3552.0,4704.0,1,2025-06-22,3585.83,profit
item_6914,26,136.0,82,3536.0,11152.0,1,2025-06-22,3585.12,profit
item_6905,46,77.0,74,3542.0,5698.0,1,2025-06-22,3586.28,profit
item_6911,34,104.0,68,3536.0,7072.0,1,2025-06-22,3585.48,profit
item_6918,35,101.0,97,3535.0,9797.0,1,2025-06-22,3585.54,profit
item_6915,24,148.0,80,3552.0,11840.0,1,2025-06-22,3585.05,profit
item_6921,32,111.0,91,3552.0,10101.0,1,2025-06-22,3585.89,profit
item_6939,25,143.0,65,3575.0,9295.0,1,2025-06-23,3586.57,profit
item_6937,35,102.0,14,3570.0,1428.0,1,2025-06-23,3586.06,profit
item_6947,33,108.0,96,3564.0,10368.0,1,2025-06-23,3585.98,profit
item_6926,41,87.0,66,3567.0,5742.0,1,2025-06-23,3586.05,profit
item_6930,34,105.0,63,3570.0,6615.0,1,2025-06-23,3585.25,profit
item_6928,43,83.0,22,3569.0,1826.0,1,2025-06-23,3585.58,profit
item_6934,42,85.0,66,3570.0,5610.0,1,2025-06-23,3586.23,profit
item_6933,43,83.0,79,3569.0,6557.0,1,2025-06-23,3585.89,profit
item_6946,41,87.0,60,3567.0,5220.0,1,2025-06-23,3585.63,profit
item_6941,38,94.0,58,3572.0,5452.0,1,2025-06-23,3586.2,profit
item_6938,42,85.0,28,3570.0,2380.0,1,2025-06-23,3586.16,profit
item_6943,44,81.0,11,3564.0,891.0,1,2025-06-23,3585.54,profit
item_6942,29,123.0,32,3567.0,3936.0,1,2025-06-23,3586.01,profit
item_6936,36,99.0,28,3564.0,2772.0,1,2025-06-23,3585.52,profit
item_6944,29,123.0,88,3567.0,10824.0,1,2025-06-23,3586.51,profit
item_6927,30,119.0,53,3570.0,6307.0,1,2025-06-23,3586.34,profit
item_6935,30,119.0,37,3570.0,4403.0,1,2025-06-23,3586.11,profit
item_6940,40,89.0,63,3560.0,5607.0,1,2025-06-23,3585.27,profit
item_6923,34,105.0,50,3570.0,5250.0,1,2025-06-23,3585.91,profit
item_6929,28,127.0,99,3556.0,12573.0,1,2025-06-23,3586.37,profit
item_6931,28,127.0,34,3556.0,4318.0,1,2025-06-23,3585.63,profit
item_6924,36,99.0,45,3564.0,4455.0,1,2025-06-23,3585.9,profit
item_6925,35,102.0,29,3570.0,2958.0,1,2025-06-23,3586.05,profit
item_6945,34,105.0,82,3570.0,8610.0,1,2025-06-23,3585.5,profit
item_6932,35,102.0,64,3570.0,6528.0,1,2025-06-23,3585.38,profit
item_6963,26,138.0,85,3588.0,11730.0,1,2025-06-24,3585.45,profit
item_6956,32,112.0,96,3584.0,10752.0,1,2025-06-24,3585.94,profit
item_6954,24,149.0,39,3576.0,5811.0,1,2025-06-24,3585.7,profit
item_6949,24,149.0,78,3576.0,11622.0,1,2025-06-24,3585.73,profit
item_6951,24,149.0,51,3576.0,7599.0,1,2025-06-24,3584.3,profit
item_6955,37,97.0,47,3589.0,4559.0,1,2025-06-24,3584.87,profit
item_6950,24,149.0,98,3576.0,14602.0,1,2025-06-24,3584.5,profit
item_6959,37,97.0,86,3589.0,8342.0,1,2025-06-24,3585.76,profit
item_6960,28,128.0,18,3584.0,2304.0,1,2025-06-24,3585.82,profit
item_6953,37,97.0,72,3589.0,6984.0,1,2025-06-24,3584.65,profit
item_6961,27,133.0,93,3591.0,12369.0,1,2025-06-24,3585.37,profit
item_6948,39,92.0,77,3588.0,7084.0,1,2025-06-24,3585.44,profit
item_6952,24,149.0,61,3576.0,9089.0,1,2025-06-24,3584.52,profit
item_6958,37,97.0,24,3589.0,2328.0,1,2025-06-24,3585.62,profit
item_6962,32,112.0,57,3584.0,6384.0,1,2025-06-24,3585.07,profit
item_6957,37,97.0,89,3589.0,8633.0,1,2025-06-24,3585.45,profit
item_6970,48,75.0,27,3600.0,2025.0,1,2025-06-25,3586.2,profit
item_6976,38,95.0,16,3610.0,1520.0,1,2025-06-25,3585.87,profit
item_6972,41,88.0,72,3608.0,6336.0,1,2025-06-25,3586.2,profit
item_6966,24,150.0,22,3600.0,3300.0,1,2025-06-25,3585.95,profit
item_6983,29,124.0,37,3596.0,4588.0,1,2025-06-25,3585.13,profit
item_6969,40,90.0,91,3600.0,8190.0,1,2025-06-25,3585.36,profit
item_6965,44,82.0,53,3608.0,4346.0,1,2025-06-25,3585.13,profit
item_6964,31,116.0,82,3596.0,9512.0,1,2025-06-25,3584.76,profit
item_6979,36,100.0,45,3600.0,4500.0,1,2025-06-25,3586.41,profit
item_6975,36,100.0,97,3600.0,9700.0,1,2025-06-25,3585.66,profit
item_6977,34,106.0,49,3604.0,5194.0,1,2025-06-25,3585.98,profit
item_6980,45,80.0,65,3600.0,5200.0,1,2025-06-25,3585.83,profit
item_6968,25,144.0,21,3600.0,3024.0,1,2025-06-25,3585.44,profit
item_6981,50,72.0,87,3600.0,6264.0,1,2025-06-25,3586.32,profit
item_6967,28,129.0,49,3612.0,6321.0,1,2025-06-25,3585.0,profit
item_6982,29,124.0,75,3596.0,9300.0,1,2025-06-25,3586.47,profit
item_6973,33,109.0,19,3597.0,2071.0,1,2025-06-25,3586.05,profit
item_6974,30,120.0,51,3600.0,6120.0,1,2025-06-25,3585.75,profit
item_6978,45,80.0,90,3600.0,7200.0,1,2025-06-25,3585.92,profit
item_6971,42,86.0,82,3612.0,7052.0,1,2025-06-25,3586.41,profit
item_6994,27,134.0,96,3618.0,12864.0,1,2025-06-26,3585.24,profit
item_6993,25,145.0,38,3625.0,5510.0,1,2025-06-26,3586.36,profit
item_6997,39,93.0,64,3627.0,5952.0,1,2025-06-26,3586.2,profit
item_6985,36,101.0,37,3636.0,3737.0,1,2025-06-26,3586.03,profit
item_6991,27,134.0,55,3618.0,7370.0,1,2025-06-26,3585.83,profit
item_6989,37,98.0,71,3626.0,6958.0,1,2025-06-26,3586.63,profit
item_6995,49,74.0,61,3626.0,4514.0,1,2025-06-26,3585.05,profit
item_6999,49,74.0,40,3626.0,2960.0,1,2025-06-26,3586.24,profit
item_6992,47,77.0,21,3619.0,1617.0,1,2025-06-26,3585.07,profit
item_6987,25,145.0,58,3625.0,8410.0,1,2025-06-26,3586.52,profit
item_6990,37,98.0,87,3626.0,8526.0,1,2025-06-26,3585.96,profit
item_6984,39,93.0,60,3627.0,5580.0,1,2025-06-26,3585.32,profit
item_6996,47,77.0,90,3619.0,6930.0,1,2025-06-26,3586.29,profit
item_6998,46,79.0,31,3634.0,2449.0,1,2025-06-26,3585.77,profit
item_6986,46,79.0,11,3634.0,869.0,1,2025-06-26,3585.94,profit
item_6988,49,74.0,45,3626.0,3330.0,1,2025-06-26,3585.25,profit
item_7009,40,91.0,68,3640.0,6188.0,1,2025-06-27,3586.73,profit
item_7005,48,76.0,59,3648.0,4484.0,1,2025-06-27,3586.26,profit
item_7021,40,91.0,40,3640.0,3640.0,1,2025-06-27,3585.67,profit
item_7004,43,85.0,88,3655.0,7480.0,1,2025-06-27,3585.5,profit
item_7017,25,146.0,52,3650.0,7592.0,1,2025-06-27,3584.84,profit
item_7014,43,85.0,35,3655.0,2975.0,1,2025-06-27,3585.74,profit
item_7019,34,107.0,10,3638.0,1070.0,1,2025-06-27,3586.43,profit
item_7015,41,89.0,65,3649.0,5785.0,1,2025-06-27,3586.14,profit
item_7013,34,107.0,99,3638.0,10593.0,1,2025-06-27,3586.41,profit
item_7016,25,146.0,76,3650.0,11096.0,1,2025-06-27,3586.12,profit
item_7011,35,104.0,38,3640.0,3952.0,1,2025-06-27,3586.6,profit
item_7008,50,73.0,22,3650.0,1606.0,1,2025-06-27,3585.79,profit
item_7000,50,73.0,70,3650.0,5110.0,1,2025-06-27,3586.51,profit
item_7006,27,135.0,46,3645.0,6210.0,1,2025-06-27,3586.32,profit
item_7007,32,114.0,18,3648.0,2052.0,1,2025-06-27,3585.19,profit
item_7001,27,135.0,94,3645.0,12690.0,1,2025-06-27,3586.58,profit
item_7020,29,126.0,29,3654.0,3654.0,1,2025-06-27,3585.77,profit
item_7018,50,73.0,78,3650.0,5694.0,1,2025-06-27,3584.9,profit
item_7010,50,73.0,47,3650.0,3431.0,1,2025-06-27,3586.3,profit
item_7002,25,146.0,23,3650.0,3358.0,1,2025-06-27,3584.89,profit
item_7003,29,126.0,41,3654.0,5166.0,1,2025-06-27,3584.99,profit
item_7012,44,83.0,25,3652.0,2075.0,1,2025-06-27,3585.91,profit
item_7030,30,122.0,34,3660.0,4148.0,1,2025-06-28,3585.64,profit
item_7034,34,108.0,39,3672.0,4212.0,1,2025-06-28,3585.68,profit
item_7027,31,118.0,17,3658.0,2006.0,1,2025-06-28,3585.33,profit
item_7022,37,99.0,59,3663.0,5841.0,1,2025-06-28,3586.35,profit
item_7024,47,78.0,76,3666.0,5928.0,1,2025-06-28,3585.66,profit
item_7032,27,136.0,100,3672.0,13600.0,1,2025-06-28,3586.48,profit
item_7038,35,105.0,67,3675.0,7035.0,1,2025-06-28,3585.41,profit
item_7028,47,78.0,79,3666.0,6162.0,1,2025-06-28,3585.83,profit
item_7037,33,111.0,36,3663.0,3996.0,1,2025-06-28,3584.6,profit
item_7036,26,141.0,89,3666.0,12549.0,1,2025-06-28,3585.55,profit
item_7033,39,94.0,73,3666.0,6862.0,1,2025-06-28,3584.81,profit
item_7031,47,78.0,81,3666.0,6318.0,1,2025-06-28,3585.65,profit
item_7035,35,105.0,92,3675.0,9660.0,1,2025-06-28,3585.5,profit
item_7029,31,118.0,39,3658.0,4602.0,1,2025-06-28,3586.62,profit
item_7025,35,105.0,43,3675.0,4515.0,1,2025-06-28,3586.21,profit
item_7026,27,136.0,28,3672.0,3808.0,1,2025-06-28,3585.65,profit
item_7023,34,108.0,96,3672.0,10368.0,1,2025-06-28,3586.11,profit
item_7039,42,88.0,68,3696.0,5984.0,1,2025-06-29,3585.66,profit
item_7044,30,123.0,65,3690.0,7995.0,1,2025-06-29,3586.44,profit
item_7049,33,112.0,18,3696.0,2016.0,1,2025-06-29,3585.83,profit
item_7042,28,132.0,17,3696.0,2244.0,1,2025-06-29,3585.88,profit
item_7045,28,132.0,24,3696.0,3168.0,1,2025-06-29,3585.64,profit
item_7050,42,88.0,92,3696.0,8096.0,1,2025-06-29,3585.55,profit
item_7046,45,82.0,90,3690.0,7380.0,1,2025-06-29,3585.54,profit
item_7040,41,90.0,34,3690.0,3060.0,1,2025-06-29,3586.02,profit
item_7048,40,92.0,97,3680.0,8924.0,1,2025-06-29,3585.47,profit
item_7041,38,97.0,88,3686.0,8536.0,1,2025-06-29,3586.03,profit
item_7047,32,115.0,62,3680.0,7130.0,1,2025-06-29,3586.4,profit
item_7043,44,84.0,13,3696.0,1092.0,1,2025-06-29,3585.38,profit
item_7058,34,109.0,77,3706.0,8393.0,1,2025-06-30,3585.56,profit
item_7059,29,128.0,14,3712.0,1792.0,1,2025-06-30,3585.44,profit
item_7065,27,137.0,23,3699.0,3151.0,1,2025-06-30,3585.9,profit
item_7062,25,148.0,84,3700.0,12432.0,1,2025-06-30,3585.47,profit
item_7063,27,137.0,44,3699.0,6028.0,1,2025-06-30,3584.83,profit
item_7051,35,106.0,72,3710.0,7632.0,1,2025-06-30,3586.12,profit
item_7060,29,128.0,74,3712.0,9472.0,1,2025-06-30,3585.39,profit
item_7066,26,143.0,28,3718.0,4004.0,1,2025-06-30,3585.23,profit
item_7061,29,128.0,33,3712.0,4224.0,1,2025-06-30,3585.37,profit
item_7055,50,74.0,42,3700.0,3108.0,1,2025-06-30,3585.22,profit
item_7052,35,106.0,29,3710.0,3074.0,1,2025-06-30,3585.58,profit
item_7053,29,128.0,78,3712.0,9984.0,1,2025-06-30,3585.72,profit
item_7054,29,128.0,55,3712.0,7040.0,1,2025-06-30,3585.23,profit
item_7064,39,95.0,83,3705.0,7885.0,1,2025-06-30,3585.12,profit
item_7056,50,74.0,85,3700.0,6290.0,1,2025-06-30,3586.42,profit
item_7057,35,106.0,79,3710.0,8374.0,1,2025-06-30,3586.46,profit
item_7073,45,83.0,58,3735.0,4814.0,1,2025-07-01,3586.07,profit
item_7076,40,93.0,30,3720.0,2790.0,1,2025-07-01,3586.09,profit
item_7083,40,93.0,72,3720.0,6696.0,1,2025-07-01,3585.19,profit
item_7070,41,91.0,97,3731.0,8827.0,1,2025-07-01,3586.31,profit
item_7082,28,133.0,30,3724.0,3990.0,1,2025-07-01,3585.74,profit
item_7068,37,101.0,88,3737.0,8888.0,1,2025-07-01,3586.62,profit
item_7074,46,81.0,83,3726.0,6723.0,1,2025-07-01,3586.21,profit
item_7077,37,101.0,74,3737.0,7474.0,1,2025-07-01,3585.91,profit
item_7067,49,76.0,54,3724.0,4104.0,1,2025-07-01,3585.31,profit
item_7078,37,101.0,29,3737.0,2929.0,1,2025-07-01,3585.84,profit
item_7080,38,98.0,86,3724.0,8428.0,1,2025-07-01,3585.4,profit
item_7081,38,98.0,95,3724.0,9310.0,1,2025-07-01,3586.0,profit
item_7075,45,83.0,82,3735.0,6806.0,1,2025-07-01,3586.23,profit
item_7084,28,133.0,33,3724.0,4389.0,1,2025-07-01,3586.02,profit
item_7079,27,138.0,36,3726.0,4968.0,1,2025-07-01,3585.89,profit
item_7069,49,76.0,41,3724.0,3116.0,1,2025-07-01,3585.81,profit
item_7072,42,89.0,68,3738.0,6052.0,1,2025-07-01,3585.03,profit
item_7071,27,138.0,37,3726.0,5106.0,1,2025-07-01,3585.93,profit
item_7087,40,94.0,25,3760.0,2350.0,1,2025-07-02,3585.69,profit
item_7098,25,150.0,33,3750.0,4950.0,1,2025-07-02,3585.81,profit
item_7104,48,78.0,41,3744.0,3198.0,1,2025-07-02,3585.91,profit
item_7089,43,87.0,67,3741.0,5829.0,1,2025-07-02,3585.34,profit
item_7088,27,139.0,61,3753.0,8479.0,1,2025-07-02,3586.35,profit
item_7102,29,129.0,32,3741.0,4128.0,1,2025-07-02,3584.76,profit
item_7105,34,110.0,72,3740.0,7920.0,1,2025-07-02,3586.52,profit
item_7092,28,134.0,27,3752.0,3618.0,1,2025-07-02,3586.11,profit
item_7100,29,129.0,33,3741.0,4257.0,1,2025-07-02,3584.76,profit
item_7107,27,139.0,90,3753.0,12510.0,1,2025-07-02,3585.08,profit
item_7091,44,85.0,40,3740.0,3400.0,1,2025-07-02,3585.37,profit
item_7103,36,104.0,36,3744.0,3744.0,1,2025-07-02,3585.32,profit
item_7093,35,107.0,63,3745.0,6741.0,1,2025-07-02,3585.37,profit
item_7095,25,150.0,33,3750.0,4950.0,1,2025-07-02,3586.09,profit
item_7106,26,144.0,45,3744.0,6480.0,1,2025-07-02,3585.7,profit
item_7112,36,104.0,86,3744.0,8944.0,1,2025-07-02,3586.02,profit
item_7109,48,78.0,62,3744.0,4836.0,1,2025-07-02,3585.57,profit
item_7090,32,117.0,86,3744.0,10062.0,1,2025-07-02,3586.27,profit
item_7108,34,110.0,32,3740.0,3520.0,1,2025-07-02,3584.87,profit
item_7099,25,150.0,86,3750.0,12900.0,1,2025-07-02,3585.04,profit
item_7096,47,80.0,53,3760.0,4240.0,1,2025-07-02,3585.19,profit
item_7101,25,150.0,79,3750.0,11850.0,1,2025-07-02,3585.29,profit
item_7097,36,104.0,81,3744.0,8424.0,1,2025-07-02,3586.53,profit
item_7094,40,94.0,43,3760.0,4042.0,1,2025-07-02,3585.86,profit
item_7085,48,78.0,12,3744.0,936.0,1,2025-07-02,3585.33,profit
item_7111,44,85.0,48,3740.0,4080.0,1,2025-07-02,3585.83,profit
item_7110,39,96.0,85,3744.0,8160.0,1,2025-07-02,3586.38,profit
item_7086,29,129.0,33,3741.0,4257.0,1,2025-07-02,3586.55,profit
item_7119,35,108.0,65,3780.0,7020.0,1,2025-07-03,3586.02,profit
item_7122,36,105.0,16,3780.0,1680.0,1,2025-07-03,3585.97,profit
item_7121,33,114.0,11,3762.0,1254.0,1,2025-07-03,3586.15,profit
item_7118,36,105.0,49,3780.0,5145.0,1,2025-07-03,3586.03,profit
item_7125,29,130.0,78,3770.0,10140.0,1,2025-07-03,3586.73,profit
item_7132,45,84.0,94,3780.0,7896.0,1,2025-07-03,3586.48,profit
item_7129,38,99.0,14,3762.0,1386.0,1,2025-07-03,3585.41,profit
item_7130,34,111.0,33,3774.0,3663.0,1,2025-07-03,3586.2,profit
item_7115,26,145.0,38,3770.0,5510.0,1,2025-07-03,3585.53,profit
item_7127,34,111.0,11,3774.0,1221.0,1,2025-07-03,3585.65,profit
item_7123,29,130.0,17,3770.0,2210.0,1,2025-07-03,3586.27,profit
item_7120,41,92.0,17,3772.0,1564.0,1,2025-07-03,3585.82,profit
item_7116,42,90.0,46,3780.0,4140.0,1,2025-07-03,3585.03,profit
item_7124,46,82.0,44,3772.0,3608.0,1,2025-07-03,3585.9,profit
item_7114,37,102.0,34,3774.0,3468.0,1,2025-07-03,3584.66,profit
item_7128,27,140.0,44,3780.0,6160.0,1,2025-07-03,3585.8,profit
item_7117,37,102.0,21,3774.0,2142.0,1,2025-07-03,3586.18,profit
item_7126,34,111.0,64,3774.0,7104.0,1,2025-07-03,3585.42,profit
item_7131,46,82.0,94,3772.0,7708.0,1,2025-07-03,3586.05,profit
item_7113,28,135.0,100,3780.0,13500.0,1,2025-07-03,3585.58,profit
item_7135,44,86.0,99,3784.0,8514.0,1,2025-07-04,3585.84,profit
item_7140,29,131.0,56,3799.0,7336.0,1,2025-07-04,3586.13,profit
item_7138,40,95.0,40,3800.0,3800.0,1,2025-07-04,3585.4,profit
item_7139,44,86.0,83,3784.0,7138.0,1,2025-07-04,3585.88,profit
item_7137,33,115.0,92,3795.0,10580.0,1,2025-07-04,3585.38,profit
item_7134,40,95.0,17,3800.0,1615.0,1,2025-07-04,3585.69,profit
item_7133,40,95.0,94,3800.0,8930.0,1,2025-07-04,3586.13,profit
item_7136,31,122.0,40,3782.0,4880.0,1,2025-07-04,3586.15,profit
item_7141,38,100.0,80,3800.0,8000.0,1,2025-07-04,3585.14,profit
item_7142,30,127.0,24,3810.0,3048.0,1,2025-07-05,3585.73,profit
item_7148,32,119.0,12,3808.0,1428.0,1,2025-07-05,3585.96,profit
item_7146,30,127.0,22,3810.0,2794.0,1,2025-07-05,3585.54,profit
item_7143,28,136.0,64,3808.0,8704.0,1,2025-07-05,3585.35,profit
item_7153,47,81.0,11,3807.0,891.0,1,2025-07-05,3585.68,profit
item_7152,34,112.0,10,3808.0,1120.0,1,2025-07-05,3585.24,profit
item_7147,35,109.0,34,3815.0,3706.0,1,2025-07-05,3585.58,profit
item_7150,27,141.0,54,3807.0,7614.0,1,2025-07-05,3585.52,profit
item_7151,30,127.0,89,3810.0,11303.0,1,2025-07-05,3585.34,profit
item_7144,35,109.0,28,3815.0,3052.0,1,2025-07-05,3585.13,profit
item_7149,27,141.0,28,3807.0,3948.0,1,2025-07-05,3585.87,profit
item_7145,31,123.0,44,3813.0,5412.0,1,2025-07-05,3585.74,profit
item_7163,29,132.0,13,3828.0,1716.0,1,2025-07-06,3585.14,profit
item_7170,39,98.0,19,3822.0,1862.0,1,2025-07-06,3586.45,profit
item_7162,28,137.0,77,3836.0,10549.0,1,2025-07-06,3586.16,profit
item_7176,28,137.0,38,3836.0,5206.0,1,2025-07-06,3585.05,profit
item_7166,45,85.0,88,3825.0,7480.0,1,2025-07-06,3585.6,profit
item_7161,42,91.0,28,3822.0,2548.0,1,2025-07-06,3585.58,profit
item_7174,38,101.0,47,3838.0,4747.0,1,2025-07-06,3586.05,profit
item_7165,32,120.0,41,3840.0,4920.0,1,2025-07-06,3586.54,profit
item_7159,49,78.0,31,3822.0,2418.0,1,2025-07-06,3585.02,profit
item_7164,48,80.0,71,3840.0,5680.0,1,2025-07-06,3585.46,profit
item_7160,33,116.0,68,3828.0,7888.0,1,2025-07-06,3586.37,profit
item_7167,45,85.0,32,3825.0,2720.0,1,2025-07-06,3586.26,profit
item_7173,44,87.0,100,3828.0,8700.0,1,2025-07-06,3585.27,profit
item_7171,30,128.0,53,3840.0,6784.0,1,2025-07-06,3586.26,profit
item_7154,26,147.0,16,3822.0,2352.0,1,2025-07-06,3586.53,profit
item_7158,27,142.0,93,3834.0,13206.0,1,2025-07-06,3586.68,profit
item_7157,48,80.0,36,3840.0,2880.0,1,2025-07-06,3585.8,profit
item_7175,30,128.0,77,3840.0,9856.0,1,2025-07-06,3585.64,profit
item_7156,30,128.0,38,3840.0,4864.0,1,2025-07-06,3586.45,profit
item_7178,27,142.0,43,3834.0,6106.0,1,2025-07-06,3585.98,profit
item_7177,42,91.0,67,3822.0,6097.0,1,2025-07-06,3585.06,profit
item_7169,45,85.0,21,3825.0,1785.0,1,2025-07-06,3585.67,profit
item_7168,32,120.0,27,3840.0,3240.0,1,2025-07-06,3586.16,profit
item_7155,40,96.0,12,3840.0,1152.0,1,2025-07-06,3585.56,profit
item_7172,28,137.0,58,3836.0,7946.0,1,2025-07-06,3585.6,profit
item_7185,27,143.0,85,3861.0,12155.0,1,2025-07-07,3585.24,profit
item_7193,47,82.0,42,3854.0,3444.0,1,2025-07-07,3585.59,profit
item_7198,33,117.0,44,3861.0,5148.0,1,2025-07-07,3585.11,profit
item_7196,36,107.0,39,3852.0,4173.0,1,2025-07-07,3586.38,profit
item_7195,50,77.0,85,3850.0,6545.0,1,2025-07-07,3585.32,profit
item_7180,37,104.0,32,3848.0,3328.0,1,2025-07-07,3585.41,profit
item_7184,27,143.0,37,3861.0,5291.0,1,2025-07-07,3586.63,profit
item_7182,39,99.0,29,3861.0,2871.0,1,2025-07-07,3585.48,profit
item_7186,27,143.0,51,3861.0,7293.0,1,2025-07-07,3584.95,profit
item_7201,37,104.0,40,3848.0,4160.0,1,2025-07-07,3584.65,profit
item_7194,29,133.0,69,3857.0,9177.0,1,2025-07-07,3586.58,profit
item_7191,29,133.0,43,3857.0,5719.0,1,2025-07-07,3585.3,profit
item_7200,26,148.0,78,3848.0,11544.0,1,2025-07-07,3585.36,profit
item_7189,36,107.0,33,3852.0,3531.0,1,2025-07-07,3585.93,profit
item_7188,39,99.0,10,3861.0,990.0,1,2025-07-07,3585.93,profit
item_7183,50,77.0,64,3850.0,4928.0,1,2025-07-07,3586.19,profit
item_7199,33,117.0,78,3861.0,9126.0,1,2025-07-07,3585.36,profit
item_7197,31,124.0,99,3844.0,12276.0,1,2025-07-07,3585.61,profit
item_7187,41,94.0,69,3854.0,6486.0,1,2025-07-07,3584.97,profit
item_7181,29,133.0,18,3857.0,2394.0,1,2025-07-07,3585.86,profit
item_7192,29,133.0,18,3857.0,2394.0,1,2025-07-07,3585.51,profit
item_7179,31,124.0,52,3844.0,6448.0,1,2025-07-07,3585.05,profit
item_7190,26,148.0,36,3848.0,5328.0,1,2025-07-07,3585.99,profit
item_7210,45,86.0,11,3870.0,946.0,1,2025-07-08,3585.76,profit
item_7207,49,79.0,87,3871.0,6873.0,1,2025-07-08,3585.95,profit
item_7203,46,84.0,38,3864.0,3192.0,1,2025-07-08,3586.17,profit
item_7206,45,86.0,54,3870.0,4644.0,1,2025-07-08,3586.2,profit
item_7213,42,92.0,43,3864.0,3956.0,1,2025-07-08,3586.21,profit
item_7211,45,86.0,19,3870.0,1634.0,1,2025-07-08,3585.99,profit
item_7212,40,97.0,47,3880.0,4559.0,1,2025-07-08,3586.34,profit
item_7205,49,79.0,94,3871.0,7426.0,1,2025-07-08,3586.18,profit
item_7209,43,90.0,82,3870.0,7380.0,1,2025-07-08,3584.52,profit
item_7208,26,149.0,76,3874.0,11324.0,1,2025-07-08,3586.17,profit
item_7204,43,90.0,92,3870.0,8280.0,1,2025-07-08,3586.45,profit
item_7202,43,90.0,14,3870.0,1260.0,1,2025-07-08,3585.66,profit
item_7224,50,78.0,64,3900.0,4992.0,1,2025-07-09,3585.73,profit
item_7214,28,139.0,58,3892.0,8062.0,1,2025-07-09,3586.26,profit
item_7223,32,122.0,28,3904.0,3416.0,1,2025-07-09,3585.32,profit
item_7232,32,122.0,29,3904.0,3538.0,1,2025-07-09,3584.85,profit
item_7225,47,83.0,65,3901.0,5395.0,1,2025-07-09,3586.61,profit
item_7219,30,130.0,76,3900.0,9880.0,1,2025-07-09,3585.58,profit
item_7222,28,139.0,44,3892.0,6116.0,1,2025-07-09,3586.11,profit
item_7229,32,122.0,90,3904.0,10980.0,1,2025-07-09,3586.28,profit
item_7221,41,95.0,45,3895.0,4275.0,1,2025-07-09,3585.03,profit
item_7230,41,95.0,20,3895.0,1900.0,1,2025-07-09,3585.33,profit
item_7231,27,144.0,91,3888.0,13104.0,1,2025-07-09,3585.97,profit
item_7227,37,105.0,74,3885.0,7770.0,1,2025-07-09,3585.52,profit
item_7228,50,78.0,17,3900.0,1326.0,1,2025-07-09,3585.55,profit
item_7215,48,81.0,67,3888.0,5427.0,1,2025-07-09,3585.25,profit
item_7218,35,111.0,31,3885.0,3441.0,1,2025-07-09,3585.43,profit
item_7217,35,111.0,81,3885.0,8991.0,1,2025-07-09,3584.91,profit
item_7216,27,144.0,62,3888.0,8928.0,1,2025-07-09,3586.34,profit
item_7220,26,150.0,31,3900.0,4650.0,1,2025-07-09,3585.19,profit
item_7226,35,111.0,88,3885.0,9768.0,1,2025-07-09,3586.33,profit
item_7249,37,106.0,81,3922.0,8586.0,1,2025-07-10,3585.98,profit
item_7233,40,98.0,60,3920.0,5880.0,1,2025-07-10,3585.48,profit
item_7246,40,98.0,41,3920.0,4018.0,1,2025-07-10,3586.27,profit
item_7238,29,135.0,12,3915.0,1620.0,1,2025-07-10,3585.49,profit
item_7247,38,103.0,87,3914.0,8961.0,1,2025-07-10,3586.18,profit
item_7239,40,98.0,55,3920.0,5390.0,1,2025-07-10,3585.27,profit
item_7240,43,91.0,12,3913.0,1092.0,1,2025-07-10,3586.04,profit
item_7236,27,145.0,62,3915.0,8990.0,1,2025-07-10,3586.08,profit
item_7243,40,98.0,68,3920.0,6664.0,1,2025-07-10,3585.24,profit
item_7235,45,87.0,82,3915.0,7134.0,1,2025-07-10,3586.05,profit
item_7237,36,109.0,76,3924.0,8284.0,1,2025-07-10,3584.82,profit
item_7245,44,89.0,20,3916.0,1780.0,1,2025-07-10,3585.79,profit
item_7241,28,140.0,23,3920.0,3220.0,1,2025-07-10,3586.27,profit
item_7248,43,91.0,76,3913.0,6916.0,1,2025-07-10,3585.87,profit
item_7234,42,93.0,71,3906.0,6603.0,1,2025-07-10,3586.02,profit
item_7242,27,145.0,68,3915.0,9860.0,1,2025-07-10,3585.58,profit
item_7244,37,106.0,44,3922.0,4664.0,1,2025-07-10,3585.99,profit
item_7254,31,127.0,67,3937.0,8509.0,1,2025-07-11,3585.85,profit
item_7253,34,116.0,13,3944.0,1508.0,1,2025-07-11,3585.88,profit
item_7250,48,82.0,73,3936.0,5986.0,1,2025-07-11,3585.52,profit
item_7255,27,146.0,62,3942.0,9052.0,1,2025-07-11,3585.57,profit
item_7252,39,101.0,38,3939.0,3838.0,1,2025-07-11,3585.2,profit
item_7251,31,127.0,51,3937.0,6477.0,1,2025-07-11,3586.09,profit
item_7271,35,113.0,66,3955.0,7458.0,1,2025-07-12,3585.82,profit
item_7257,50,79.0,21,3950.0,1659.0,1,2025-07-12,3585.98,profit
item_7272,42,94.0,47,3948.0,4418.0,1,2025-07-12,3585.65,profit
item_7261,36,110.0,91,3960.0,10010.0,1,2025-07-12,3586.6,profit
item_7270,37,107.0,52,3959.0,5564.0,1,2025-07-12,3586.18,profit
item_7256,40,99.0,35,3960.0,3465.0,1,2025-07-12,3585.05,profit
item_7264,44,90.0,28,3960.0,2520.0,1,2025-07-12,3586.24,profit
item_7258,36,110.0,43,3960.0,4730.0,1,2025-07-12,3586.52,profit
item_7273,37,107.0,74,3959.0,7918.0,1,2025-07-12,3586.04,profit
item_7265,40,99.0,25,3960.0,2475.0,1,2025-07-12,3586.11,profit
item_7266,45,88.0,51,3960.0,4488.0,1,2025-07-12,3586.08,profit
item_7259,28,141.0,34,3948.0,4794.0,1,2025-07-12,3585.97,profit
item_7262,30,132.0,28,3960.0,3696.0,1,2025-07-12,3585.59,profit
item_7269,44,90.0,56,3960.0,5040.0,1,2025-07-12,3585.72,profit
item_7267,33,120.0,75,3960.0,9000.0,1,2025-07-12,3586.35,profit
item_7260,50,79.0,64,3950.0,5056.0,1,2025-07-12,3585.43,profit
item_7263,46,86.0,80,3956.0,6880.0,1,2025-07-12,3585.3,profit
item_7268,36,110.0,34,3960.0,3740.0,1,2025-07-12,3585.46,profit
item_7280,27,147.0,64,3969.0,9408.0,1,2025-07-13,3585.02,profit
item_7274,39,102.0,77,3978.0,7854.0,1,2025-07-13,3585.71,profit
item_7277,48,83.0,90,3984.0,7470.0,1,2025-07-13,3586.32,profit
item_7278,32,124.0,45,3968.0,5580.0,1,2025-07-13,3586.24,profit
item_7276,49,81.0,48,3969.0,3888.0,1,2025-07-13,3585.86,profit
item_7279,28,142.0,56,3976.0,7952.0,1,2025-07-13,3585.31,profit
item_7281,48,83.0,78,3984.0,6474.0,1,2025-07-13,3584.86,profit
item_7275,41,97.0,56,3977.0,5432.0,1,2025-07-13,3585.73,profit
item_7287,33,121.0,69,3993.0,8349.0,1,2025-07-14,3586.19,profit
item_7290,45,89.0,75,4005.0,6675.0,1,2025-07-14,3586.25,profit
item_7286,42,95.0,32,3990.0,3040.0,1,2025-07-14,3586.33,profit
item_7292,33,121.0,50,3993.0,6050.0,1,2025-07-14,3585.4,profit
item_7295,36,111.0,20,3996.0,2220.0,1,2025-07-14,3585.23,profit
item_7283,33,121.0,87,3993.0,10527.0,1,2025-07-14,3585.37,profit
item_7293,33,121.0,74,3993.0,8954.0,1,2025-07-14,3585.67,profit
item_7289,45,89.0,49,4005.0,4361.0,1,2025-07-14,3586.13,profit
item_7291,30,133.0,18,3990.0,2394.0,1,2025-07-14,3586.18,profit
item_7296,27,148.0,98,3996.0,14504.0,1,2025-07-14,3585.76,profit
item_7282,31,129.0,13,3999.0,1677.0,1,2025-07-14,3586.13,profit
item_7294,31,129.0,64,3999.0,8256.0,1,2025-07-14,3585.48,profit
item_7285,46,87.0,45,4002.0,3915.0,1,2025-07-14,3586.18,profit
item_7288,43,93.0,43,3999.0,3999.0,1,2025-07-14,3585.58,profit
item_7284,46,87.0,11,4002.0,957.0,1,2025-07-14,3585.43,profit
item_7299,30,134.0,23,4020.0,3082.0,1,2025-07-15,3585.38,profit
item_7298,35,115.0,53,4025.0,6095.0,1,2025-07-15,3585.23,profit
item_7301,41,98.0,41,4018.0,4018.0,1,2025-07-15,3585.15,profit
item_7297,34,118.0,82,4012.0,9676.0,1,2025-07-15,3584.76,profit
item_7307,34,118.0,26,4012.0,3068.0,1,2025-07-15,3585.8,profit
item_7300,27,149.0,48,4023.0,7152.0,1,2025-07-15,3585.33,profit
item_7304,34,118.0,64,4012.0,7552.0,1,2025-07-15,3586.52,profit
item_7305,39,103.0,30,4017.0,3090.0,1,2025-07-15,3585.49,profit
item_7306,39,103.0,94,4017.0,9682.0,1,2025-07-15,3585.88,profit
item_7303,49,82.0,84,4018.0,6888.0,1,2025-07-15,3586.52,profit
item_7302,49,82.0,14,4018.0,1148.0,1,2025-07-15,3586.11,profit
item_7308,41,98.0,81,4018.0,7938.0,1,2025-07-15,3585.54,profit
item_7311,28,144.0,92,4032.0,13248.0,1,2025-07-16,3585.88,profit
item_7322,43,94.0,60,4042.0,5640.0,1,2025-07-16,3585.33,profit
item_7320,28,144.0,12,4032.0,1728.0,1,2025-07-16,3584.64,profit
item_7310,38,106.0,23,4028.0,2438.0,1,2025-07-16,3586.22,profit
item_7318,28,144.0,78,4032.0,11232.0,1,2025-07-16,3585.99,profit
item_7315,29,139.0,91,4031.0,12649.0,1,2025-07-16,3585.6,profit
item_7317,47,86.0,88,4042.0,7568.0,1,2025-07-16,3585.08,profit
item_7309,48,84.0,47,4032.0,3948.0,1,2025-07-16,3585.94,profit
item_7312,32,126.0,30,4032.0,3780.0,1,2025-07-16,3584.88,profit
item_7316,31,130.0,68,4030.0,8840.0,1,2025-07-16,3584.97,profit
item_7314,34,119.0,32,4046.0,3808.0,1,2025-07-16,3586.02,profit
item_7323,32,126.0,82,4032.0,10332.0,1,2025-07-16,3586.03,profit
item_7321,31,130.0,67,4030.0,8710.0,1,2025-07-16,3585.08,profit
item_7319,28,144.0,74,4032.0,10656.0,1,2025-07-16,3584.62,profit
item_7313,43,94.0,68,4042.0,6392.0,1,2025-07-16,3585.39,profit
item_7338,29,140.0,38,4060.0,5320.0,1,2025-07-17,3585.28,profit
item_7326,39,104.0,10,4056.0,1040.0,1,2025-07-17,3584.92,profit
item_7325,29,140.0,95,4060.0,13300.0,1,2025-07-17,3585.45,profit
item_7349,50,81.0,56,4050.0,4536.0,1,2025-07-17,3586.13,profit
item_7330,44,92.0,97,4048.0,8924.0,1,2025-07-17,3584.91,profit
item_7343,36,113.0,49,4068.0,5537.0,1,2025-07-17,3585.19,profit
item_7339,35,116.0,95,4060.0,11020.0,1,2025-07-17,3585.2,profit
item_7345,41,99.0,75,4059.0,7425.0,1,2025-07-17,3585.44,profit
item_7328,33,123.0,81,4059.0,9963.0,1,2025-07-17,3585.71,profit
item_7335,46,88.0,60,4048.0,5280.0,1,2025-07-17,3585.52,profit
item_7331,44,92.0,90,4048.0,8280.0,1,2025-07-17,3585.82,profit
item_7347,50,81.0,64,4050.0,5184.0,1,2025-07-17,3585.17,profit
item_7337,31,131.0,70,4061.0,9170.0,1,2025-07-17,3586.37,profit
item_7346,29,140.0,46,4060.0,6440.0,1,2025-07-17,3586.0,profit
item_7332,50,81.0,97,4050.0,7857.0,1,2025-07-17,3585.71,profit
item_7340,44,92.0,41,4048.0,3772.0,1,2025-07-17,3585.44,profit
item_7327,36,113.0,57,4068.0,6441.0,1,2025-07-17,3585.79,profit
item_7336,50,81.0,36,4050.0,2916.0,1,2025-07-17,3586.21,profit
item_7348,46,88.0,61,4048.0,5368.0,1,2025-07-17,3586.37,profit
item_7334,35,116.0,36,4060.0,4176.0,1,2025-07-17,3585.26,profit
item_7344,31,131.0,36,4061.0,4716.0,1,2025-07-17,3585.59,profit
item_7324,33,123.0,20,4059.0,2460.0,1,2025-07-17,3585.17,profit
item_7341,29,140.0,97,4060.0,13580.0,1,2025-07-17,3585.99,profit
item_7333,35,116.0,46,4060.0,5336.0,1,2025-07-17,3585.98,profit
item_7342,32,127.0,49,4064.0,6223.0,1,2025-07-17,3584.79,profit
item_7329,29,140.0,66,4060.0,9240.0,1,2025-07-17,3585.32,profit
item_7359,28,146.0,47,4088.0,6862.0,1,2025-07-18,3586.15,profit
item_7354,43,95.0,42,4085.0,3990.0,1,2025-07-18,3585.15,profit
item_7360,30,136.0,28,4080.0,3808.0,1,2025-07-18,3584.93,profit
item_7361,48,85.0,10,4080.0,850.0,1,2025-07-18,3585.33,profit
item_7350,30,136.0,98,4080.0,13328.0,1,2025-07-18,3586.29,profit
item_7362,48,85.0,81,4080.0,6885.0,1,2025-07-18,3586.47,profit
item_7358,47,87.0,99,4089.0,8613.0,1,2025-07-18,3586.21,profit
item_7351,47,87.0,98,4089.0,8526.0,1,2025-07-18,3584.87,profit
item_7353,34,120.0,49,4080.0,5880.0,1,2025-07-18,3585.37,profit
item_7357,48,85.0,32,4080.0,2720.0,1,2025-07-18,3585.1,profit
item_7352,40,102.0,100,4080.0,10200.0,1,2025-07-18,3585.87,profit
item_7356,30,136.0,95,4080.0,12920.0,1,2025-07-18,3585.64,profit
item_7355,34,120.0,27,4080.0,3240.0,1,2025-07-18,3585.92,profit
item_7370,36,114.0,81,4104.0,9234.0,1,2025-07-19,3586.01,profit
item_7364,37,111.0,59,4107.0,6549.0,1,2025-07-19,3585.38,profit
item_7377,38,108.0,85,4104.0,9180.0,1,2025-07-19,3585.85,profit
item_7368,46,89.0,87,4094.0,7743.0,1,2025-07-19,3585.84,profit
item_7366,37,111.0,27,4107.0,2997.0,1,2025-07-19,3586.14,profit
item_7375,33,124.0,79,4092.0,9796.0,1,2025-07-19,3586.58,profit
item_7367,37,111.0,67,4107.0,7437.0,1,2025-07-19,3585.89,profit
item_7376,38,108.0,38,4104.0,4104.0,1,2025-07-19,3585.51,profit
item_7363,31,132.0,41,4092.0,5412.0,1,2025-07-19,3586.46,profit
item_7371,38,108.0,44,4104.0,4752.0,1,2025-07-19,3585.56,profit
item_7365,44,93.0,47,4092.0,4371.0,1,2025-07-19,3585.76,profit
item_7369,44,93.0,33,4092.0,3069.0,1,2025-07-19,3586.16,profit
item_7378,44,93.0,10,4092.0,930.0,1,2025-07-19,3585.73,profit
item_7373,32,128.0,38,4096.0,4864.0,1,2025-07-19,3585.57,profit
item_7374,50,82.0,30,4100.0,2460.0,1,2025-07-19,3585.61,profit
item_7372,33,124.0,32,4092.0,3968.0,1,2025-07-19,3585.7,profit
item_7394,28,147.0,52,4116.0,7644.0,1,2025-07-20,3585.34,profit
item_7386,48,86.0,53,4128.0,4558.0,1,2025-07-20,3585.53,profit
item_7391,30,137.0,27,4110.0,3699.0,1,2025-07-20,3585.53,profit
item_7397,34,121.0,15,4114.0,1815.0,1,2025-07-20,3586.4,profit
item_7396,48,86.0,89,4128.0,7654.0,1,2025-07-20,3586.03,profit
item_7381,42,98.0,50,4116.0,4900.0,1,2025-07-20,3586.32,profit
item_7392,29,142.0,28,4118.0,3976.0,1,2025-07-20,3585.54,profit
item_7384,34,121.0,48,4114.0,5808.0,1,2025-07-20,3585.24,profit
item_7382,48,86.0,100,4128.0,8600.0,1,2025-07-20,3586.1,profit
item_7395,40,103.0,11,4120.0,1133.0,1,2025-07-20,3585.06,profit
item_7383,32,129.0,42,4128.0,5418.0,1,2025-07-20,3586.23,profit
item_7388,49,84.0,89,4116.0,7476.0,1,2025-07-20,3586.32,profit
item_7379,40,103.0,89,4120.0,9167.0,1,2025-07-20,3586.13,profit
item_7387,48,86.0,60,4128.0,5160.0,1,2025-07-20,3586.39,profit
item_7390,33,125.0,21,4125.0,2625.0,1,2025-07-20,3586.08,profit
item_7393,30,137.0,71,4110.0,9727.0,1,2025-07-20,3585.52,profit
item_7385,32,129.0,31,4128.0,3999.0,1,2025-07-20,3585.51,profit
item_7380,49,84.0,22,4116.0,1848.0,1,2025-07-20,3585.93,profit
item_7389,48,86.0,48,4128.0,4128.0,1,2025-07-20,3586.21,profit
item_7401,46,90.0,100,4140.0,9000.0,1,2025-07-21,3584.72,profit
item_7406,45,92.0,14,4140.0,1288.0,1,2025-07-21,3586.01,profit
item_7409,41,101.0,78,4141.0,7878.0,1,2025-07-21,3585.3,profit
item_7399,28,148.0,99,4144.0,14652.0,1,2025-07-21,3585.71,profit
item_7410,37,112.0,51,4144.0,5712.0,1,2025-07-21,3585.94,profit
item_7407,38,109.0,97,4142.0,10573.0,1,2025-07-21,3586.03,profit
item_7398,38,109.0,97,4142.0,10573.0,1,2025-07-21,3585.66,profit
item_7403,44,94.0,25,4136.0,2350.0,1,2025-07-21,3585.43,profit
item_7402,37,112.0,35,4144.0,3920.0,1,2025-07-21,3585.82,profit
item_7408,30,138.0,14,4140.0,1932.0,1,2025-07-21,3585.62,profit
item_7404,28,148.0,48,4144.0,7104.0,1,2025-07-21,3586.07,profit
item_7400,29,143.0,54,4147.0,7722.0,1,2025-07-21,3584.5,profit
item_7405,44,94.0,98,4136.0,9212.0,1,2025-07-21,3585.16,profit
item_7414,49,85.0,80,4165.0,6800.0,1,2025-07-22,3586.49,profit
item_7415,30,139.0,10,4170.0,1390.0,1,2025-07-22,3586.42,profit
item_7411,30,139.0,45,4170.0,6255.0,1,2025-07-22,3585.67,profit
item_7412,43,97.0,23,4171.0,2231.0,1,2025-07-22,3585.23,profit
item_7413,49,85.0,29,4165.0,2465.0,1,2025-07-22,3586.12,profit
item_7424,46,91.0,35,4186.0,3185.0,1,2025-07-23,3586.02,profit
item_7434,44,95.0,93,4180.0,8835.0,1,2025-07-23,3585.89,profit
item_7428,46,91.0,100,4186.0,9100.0,1,2025-07-23,3585.83,profit
item_7425,48,87.0,26,4176.0,2262.0,1,2025-07-23,3586.3,profit
item_7419,34,123.0,29,4182.0,3567.0,1,2025-07-23,3584.77,profit
item_7427,38,110.0,37,4180.0,4070.0,1,2025-07-23,3585.03,profit
item_7422,44,95.0,85,4180.0,8075.0,1,2025-07-23,3586.27,profit
item_7418,28,149.0,83,4172.0,12367.0,1,2025-07-23,3585.76,profit
item_7435,34,123.0,18,4182.0,2214.0,1,2025-07-23,3585.74,profit
item_7431,37,113.0,91,4181.0,10283.0,1,2025-07-23,3586.32,profit
item_7417,36,116.0,58,4176.0,6728.0,1,2025-07-23,3585.38,profit
item_7430,47,89.0,45,4183.0,4005.0,1,2025-07-23,3586.12,profit
item_7433,44,95.0,91,4180.0,8645.0,1,2025-07-23,3585.28,profit
item_7416,29,144.0,42,4176.0,6048.0,1,2025-07-23,3585.44,profit
item_7420,33,127.0,31,4191.0,3937.0,1,2025-07-23,3585.42,profit
item_7426,28,149.0,77,4172.0,11473.0,1,2025-07-23,3586.49,profit
item_7423,45,93.0,11,4185.0,1023.0,1,2025-07-23,3585.91,profit
item_7429,47,89.0,11,4183.0,979.0,1,2025-07-23,3586.11,profit
item_7421,47,89.0,82,4183.0,7298.0,1,2025-07-23,3585.55,profit
item_7432,33,127.0,50,4191.0,6350.0,1,2025-07-23,3585.58,profit
item_7437,30,140.0,18,4200.0,2520.0,1,2025-07-24,3586.03,profit
item_7442,29,145.0,15,4205.0,2175.0,1,2025-07-24,3585.68,profit
item_7436,40,105.0,11,4200.0,1155.0,1,2025-07-24,3585.34,profit
item_7441,40,105.0,68,4200.0,7140.0,1,2025-07-24,3585.05,profit
item_7443,36,117.0,93,4212.0,10881.0,1,2025-07-24,3585.21,profit
item_7438,28,150.0,44,4200.0,6600.0,1,2025-07-24,3585.62,profit
item_7440,30,140.0,64,4200.0,8960.0,1,2025-07-24,3585.23,profit
item_7439,30,140.0,68,4200.0,9520.0,1,2025-07-24,3585.37,profit
item_7458,46,92.0,42,4232.0,3864.0,1,2025-07-25,3584.97,profit
item_7459,44,96.0,87,4224.0,8352.0,1,2025-07-25,3585.93,profit
item_7446,44,96.0,68,4224.0,6528.0,1,2025-07-25,3586.07,profit
item_7462,44,96.0,44,4224.0,4224.0,1,2025-07-25,3585.95,profit
item_7445,41,103.0,31,4223.0,3193.0,1,2025-07-25,3586.12,profit
item_7452,31,136.0,98,4216.0,13328.0,1,2025-07-25,3586.3,profit
item_7448,37,114.0,25,4218.0,2850.0,1,2025-07-25,3586.19,profit
item_7451,47,90.0,76,4230.0,6840.0,1,2025-07-25,3585.39,profit
item_7457,32,132.0,72,4224.0,9504.0,1,2025-07-25,3585.85,profit
item_7450,30,141.0,13,4230.0,1833.0,1,2025-07-25,3585.62,profit
item_7447,49,86.0,97,4214.0,8342.0,1,2025-07-25,3586.18,profit
item_7455,38,111.0,87,4218.0,9657.0,1,2025-07-25,3585.02,profit
item_7456,46,92.0,75,4232.0,6900.0,1,2025-07-25,3585.45,profit
item_7453,46,92.0,90,4232.0,8280.0,1,2025-07-25,3584.88,profit
item_7444,47,90.0,12,4230.0,1080.0,1,2025-07-25,3585.53,profit
item_7449,37,114.0,67,4218.0,7638.0,1,2025-07-25,3585.56,profit
item_7460,48,88.0,32,4224.0,2816.0,1,2025-07-25,3585.87,profit
item_7454,32,132.0,48,4224.0,6336.0,1,2025-07-25,3585.77,profit
item_7461,44,96.0,76,4224.0,7296.0,1,2025-07-25,3586.1,profit
item_7466,50,85.0,47,4250.0,3995.0,1,2025-07-26,3586.32,profit
item_7464,39,109.0,51,4251.0,5559.0,1,2025-07-26,3585.86,profit
item_7463,40,106.0,33,4240.0,3498.0,1,2025-07-26,3585.96,profit
item_7465,50,85.0,61,4250.0,5185.0,1,2025-07-26,3585.82,profit
item_7469,29,146.0,68,4234.0,9928.0,1,2025-07-26,3585.77,profit
item_7467,36,118.0,20,4248.0,2360.0,1,2025-07-26,3586.3,profit
item_7468,34,125.0,34,4250.0,4250.0,1,2025-07-26,3585.78,profit
item_7472,43,99.0,78,4257.0,7722.0,1,2025-07-27,3585.43,profit
item_7477,41,104.0,57,4264.0,5928.0,1,2025-07-27,3585.79,profit
item_7486,38,112.0,72,4256.0,8064.0,1,2025-07-27,3586.11,profit
item_7483,35,122.0,93,4270.0,11346.0,1,2025-07-27,3585.44,profit
item_7479,43,99.0,31,4257.0,3069.0,1,2025-07-27,3585.31,profit
item_7482,30,142.0,20,4260.0,2840.0,1,2025-07-27,3585.41,profit
item_7476,41,104.0,50,4264.0,5200.0,1,2025-07-27,3585.73,profit
item_7485,48,89.0,55,4272.0,4895.0,1,2025-07-27,3586.12,profit
item_7478,32,133.0,50,4256.0,6650.0,1,2025-07-27,3585.83,profit
item_7480,35,122.0,96,4270.0,11712.0,1,2025-07-27,3586.08,profit
item_7481,33,129.0,28,4257.0,3612.0,1,2025-07-27,3585.42,profit
item_7474,35,122.0,78,4270.0,9516.0,1,2025-07-27,3586.21,profit
item_7470,37,115.0,25,4255.0,2875.0,1,2025-07-27,3585.16,profit
item_7473,48,89.0,58,4272.0,5162.0,1,2025-07-27,3586.19,profit
item_7484,48,89.0,63,4272.0,5607.0,1,2025-07-27,3585.52,profit
item_7471,29,147.0,19,4263.0,2793.0,1,2025-07-27,3585.8,profit
item_7475,41,104.0,63,4264.0,6552.0,1,2025-07-27,3585.36,profit
item_7509,39,110.0,34,4290.0,3740.0,1,2025-07-28,3584.95,profit
item_7507,45,95.0,45,4275.0,4275.0,1,2025-07-28,3586.18,profit
item_7508,31,138.0,94,4278.0,12972.0,1,2025-07-28,3586.11,profit
item_7494,30,143.0,88,4290.0,12584.0,1,2025-07-28,3585.84,profit
item_7498,32,134.0,28,4288.0,3752.0,1,2025-07-28,3585.43,profit
item_7496,36,119.0,16,4284.0,1904.0,1,2025-07-28,3585.22,profit
item_7492,37,116.0,60,4292.0,6960.0,1,2025-07-28,3586.07,profit
item_7499,36,119.0,11,4284.0,1309.0,1,2025-07-28,3585.59,profit
item_7500,30,143.0,97,4290.0,13871.0,1,2025-07-28,3585.97,profit
item_7497,32,134.0,29,4288.0,3886.0,1,2025-07-28,3585.36,profit
item_7487,39,110.0,41,4290.0,4510.0,1,2025-07-28,3585.56,profit
item_7495,38,113.0,95,4294.0,10735.0,1,2025-07-28,3584.75,profit
item_7501,38,113.0,32,4294.0,3616.0,1,2025-07-28,3585.1,profit
item_7490,29,148.0,56,4292.0,8288.0,1,2025-07-28,3585.58,profit
item_7488,37,116.0,55,4292.0,6380.0,1,2025-07-28,3585.68,profit
item_7502,42,102.0,40,4284.0,4080.0,1,2025-07-28,3585.73,profit
item_7493,42,102.0,63,4284.0,6426.0,1,2025-07-28,3585.58,profit
item_7506,45,95.0,66,4275.0,6270.0,1,2025-07-28,3585.61,profit
item_7491,46,93.0,43,4278.0,3999.0,1,2025-07-28,3584.96,profit
item_7489,37,116.0,58,4292.0,6728.0,1,2025-07-28,3585.62,profit
item_7504,34,126.0,51,4284.0,6426.0,1,2025-07-28,3586.29,profit
item_7505,34,126.0,29,4284.0,3654.0,1,2025-07-28,3585.51,profit
item_7503,47,91.0,49,4277.0,4459.0,1,2025-07-28,3586.02,profit
item_7510,31,139.0,33,4309.0,4587.0,1,2025-07-29,3585.65,profit
item_7517,44,98.0,16,4312.0,1568.0,1,2025-07-29,3586.09,profit
item_7515,43,100.0,55,4300.0,5500.0,1,2025-07-29,3586.12,profit
item_7513,43,100.0,58,4300.0,5800.0,1,2025-07-29,3586.28,profit
item_7520,41,105.0,75,4305.0,7875.0,1,2025-07-29,3586.39,profit
item_7519,50,86.0,40,4300.0,3440.0,1,2025-07-29,3585.33,profit
item_7516,44,98.0,56,4312.0,5488.0,1,2025-07-29,3586.13,profit
item_7512,49,88.0,14,4312.0,1232.0,1,2025-07-29,3586.3,profit
item_7521,44,98.0,35,4312.0,3430.0,1,2025-07-29,3585.86,profit
item_7511,49,88.0,79,4312.0,6952.0,1,2025-07-29,3585.3,profit
item_7514,43,100.0,27,4300.0,2700.0,1,2025-07-29,3586.09,profit
item_7518,31,139.0,64,4309.0,8896.0,1,2025-07-29,3586.17,profit
item_7539,39,111.0,67,4329.0,7437.0,1,2025-07-30,3585.32,profit
item_7525,47,92.0,67,4324.0,6164.0,1,2025-07-30,3585.28,profit
item_7524,32,135.0,58,4320.0,7830.0,1,2025-07-30,3585.53,profit
item_7538,38,114.0,84,4332.0,9576.0,1,2025-07-30,3585.8,profit
item_7548,32,135.0,96,4320.0,12960.0,1,2025-07-30,3585.66,profit
item_7541,37,117.0,84,4329.0,9828.0,1,2025-07-30,3585.27,profit
item_7547,39,111.0,31,4329.0,3441.0,1,2025-07-30,3585.39,profit
item_7526,48,90.0,85,4320.0,7650.0,1,2025-07-30,3586.06,profit
item_7535,40,108.0,86,4320.0,9288.0,1,2025-07-30,3585.57,profit
item_7522,36,120.0,53,4320.0,6360.0,1,2025-07-30,3586.03,profit
item_7540,36,120.0,63,4320.0,7560.0,1,2025-07-30,3585.39,profit
item_7529,37,117.0,68,4329.0,7956.0,1,2025-07-30,3585.28,profit
item_7527,32,135.0,69,4320.0,9315.0,1,2025-07-30,3586.0,profit
item_7546,40,108.0,40,4320.0,4320.0,1,2025-07-30,3584.4,profit
item_7534,34,127.0,26,4318.0,3302.0,1,2025-07-30,3585.12,profit
item_7528,32,135.0,17,4320.0,2295.0,1,2025-07-30,3584.93,profit
item_7542,38,114.0,57,4332.0,6498.0,1,2025-07-30,3585.25,profit
item_7543,29,149.0,72,4321.0,10728.0,1,2025-07-30,3585.39,profit
item_7545,30,144.0,98,4320.0,14112.0,1,2025-07-30,3584.87,profit
item_7532,29,149.0,36,4321.0,5364.0,1,2025-07-30,3585.18,profit
item_7531,33,131.0,60,4323.0,7860.0,1,2025-07-30,3585.62,profit
item_7533,30,144.0,53,4320.0,7632.0,1,2025-07-30,3585.04,profit
item_7530,39,111.0,69,4329.0,7659.0,1,2025-07-30,3585.64,profit
item_7544,33,131.0,92,4323.0,12052.0,1,2025-07-30,3584.66,profit
item_7523,34,127.0,43,4318.0,5461.0,1,2025-07-30,3585.62,profit
item_7537,42,103.0,93,4326.0,9579.0,1,2025-07-30,3585.38,profit
item_7536,33,131.0,31,4323.0,4061.0,1,2025-07-30,3585.79,profit
item_7550,30,145.0,90,4350.0,13050.0,1,2025-07-31,3586.1,profit
item_7555,34,128.0,44,4352.0,5632.0,1,2025-07-31,3585.33,profit
item_7561,33,132.0,68,4356.0,8976.0,1,2025-07-31,3585.51,profit
item_7560,34,128.0,65,4352.0,8320.0,1,2025-07-31,3585.73,profit
item_7551,35,124.0,86,4340.0,10664.0,1,2025-07-31,3584.73,profit
item_7556,31,140.0,55,4340.0,7700.0,1,2025-07-31,3585.45,profit
item_7552,44,99.0,10,4356.0,990.0,1,2025-07-31,3585.06,profit
item_7553,31,140.0,23,4340.0,3220.0,1,2025-07-31,3585.82,profit
item_7549,50,87.0,32,4350.0,2784.0,1,2025-07-31,3584.99,profit
item_7558,30,145.0,26,4350.0,3770.0,1,2025-07-31,3585.33,profit
item_7557,36,121.0,87,4356.0,10527.0,1,2025-07-31,3585.18,profit
item_7554,32,136.0,73,4352.0,9928.0,1,2025-07-31,3585.43,profit
item_7559,36,121.0,23,4356.0,2783.0,1,2025-07-31,3585.1,profit
item_7571,47,93.0,26,4371.0,2418.0,1,2025-08-01,3585.67,profit
item_7570,37,118.0,50,4366.0,5900.0,1,2025-08-01,3586.25,profit
item_7563,45,97.0,72,4365.0,6984.0,1,2025-08-01,3586.07,profit
item_7567,48,91.0,63,4368.0,5733.0,1,2025-08-01,3586.19,profit
item_7565,47,93.0,28,4371.0,2604.0,1,2025-08-01,3585.52,profit
item_7573,47,93.0,38,4371.0,3534.0,1,2025-08-01,3586.34,profit
item_7564,39,112.0,70,4368.0,7840.0,1,2025-08-01,3585.86,profit
item_7569,47,93.0,62,4371.0,5766.0,1,2025-08-01,3585.7,profit
item_7566,47,93.0,56,4371.0,5208.0,1,2025-08-01,3586.06,profit
item_7572,48,91.0,65,4368.0,5915.0,1,2025-08-01,3586.27,profit
item_7562,48,91.0,69,4368.0,6279.0,1,2025-08-01,3585.25,profit
item_7568,37,118.0,29,4366.0,3422.0,1,2025-08-01,3586.2,profit
item_7575,30,146.0,85,4380.0,12410.0,1,2025-08-02,3585.41,profit
item_7582,43,102.0,88,4386.0,8976.0,1,2025-08-02,3585.5,profit
item_7577,33,133.0,33,4389.0,4389.0,1,2025-08-02,3585.53,profit
item_7584,36,122.0,83,4392.0,10126.0,1,2025-08-02,3585.03,profit
item_7576,41,107.0,95,4387.0,10165.0,1,2025-08-02,3584.91,profit
item_7574,32,137.0,44,4384.0,6028.0,1,2025-08-02,3586.24,profit
item_7580,43,102.0,19,4386.0,1938.0,1,2025-08-02,3585.42,profit
item_7579,33,133.0,61,4389.0,8113.0,1,2025-08-02,3585.24,profit
item_7586,33,133.0,81,4389.0,10773.0,1,2025-08-02,3585.18,profit
item_7581,34,129.0,57,4386.0,7353.0,1,2025-08-02,3586.07,profit
item_7585,33,133.0,48,4389.0,6384.0,1,2025-08-02,3585.34,profit
item_7578,30,146.0,24,4380.0,3504.0,1,2025-08-02,3585.17,profit
item_7583,30,146.0,39,4380.0,5694.0,1,2025-08-02,3585.87,profit
item_7588,35,126.0,55,4410.0,6930.0,1,2025-08-03,3585.02,profit
item_7605,31,142.0,39,4402.0,5538.0,1,2025-08-03,3585.99,profit
item_7590,30,147.0,48,4410.0,7056.0,1,2025-08-03,3585.23,profit
item_7596,45,98.0,29,4410.0,2842.0,1,2025-08-03,3584.83,profit
item_7601,31,142.0,96,4402.0,13632.0,1,2025-08-03,3585.8,profit
item_7597,49,90.0,20,4410.0,1800.0,1,2025-08-03,3585.9,profit
item_7608,40,110.0,55,4400.0,6050.0,1,2025-08-03,3585.44,profit
item_7589,32,138.0,49,4416.0,6762.0,1,2025-08-03,3585.39,profit
item_7592,32,138.0,35,4416.0,4830.0,1,2025-08-03,3585.62,profit
item_7599,49,90.0,90,4410.0,8100.0,1,2025-08-03,3584.89,profit
item_7604,46,96.0,69,4416.0,6624.0,1,2025-08-03,3585.84,profit
item_7593,31,142.0,34,4402.0,4828.0,1,2025-08-03,3585.23,profit
item_7603,46,96.0,29,4416.0,2784.0,1,2025-08-03,3585.84,profit
item_7598,30,147.0,90,4410.0,13230.0,1,2025-08-03,3586.25,profit
item_7587,31,142.0,41,4402.0,5822.0,1,2025-08-03,3585.06,profit
item_7600,46,96.0,46,4416.0,4416.0,1,2025-08-03,3585.96,profit
item_7595,30,147.0,93,4410.0,13671.0,1,2025-08-03,3585.74,profit
item_7606,32,138.0,36,4416.0,4968.0,1,2025-08-03,3585.14,profit
item_7591,39,113.0,73,4407.0,8249.0,1,2025-08-03,3585.09,profit
item_7594,37,119.0,39,4403.0,4641.0,1,2025-08-03,3585.29,profit
item_7602,49,90.0,80,4410.0,7200.0,1,2025-08-03,3584.7,profit
item_7607,35,126.0,69,4410.0,8694.0,1,2025-08-03,3585.33,profit
item_7610,36,123.0,46,4428.0,5658.0,1,2025-08-04,3585.96,profit
item_7617,36,123.0,78,4428.0,9594.0,1,2025-08-04,3585.85,profit
item_7612,33,134.0,66,4422.0,8844.0,1,2025-08-04,3585.95,profit
item_7614,36,123.0,31,4428.0,3813.0,1,2025-08-04,3584.87,profit
item_7611,47,94.0,90,4418.0,8460.0,1,2025-08-04,3585.36,profit
item_7616,47,94.0,95,4418.0,8930.0,1,2025-08-04,3585.34,profit
item_7615,36,123.0,73,4428.0,8979.0,1,2025-08-04,3585.32,profit
item_7613,33,134.0,89,4422.0,11926.0,1,2025-08-04,3585.0,profit
item_7609,47,94.0,92,4418.0,8648.0,1,2025-08-04,3585.73,profit
item_7627,32,139.0,33,4448.0,4587.0,1,2025-08-05,3585.54,profit
item_7626,34,131.0,12,4454.0,1572.0,1,2025-08-05,3585.39,profit
item_7629,37,120.0,42,4440.0,5040.0,1,2025-08-05,3585.64,profit
item_7619,39,114.0,34,4446.0,3876.0,1,2025-08-05,3584.99,profit
item_7618,35,127.0,77,4445.0,9779.0,1,2025-08-05,3585.07,profit
item_7623,32,139.0,15,4448.0,2085.0,1,2025-08-05,3584.55,profit
item_7624,38,117.0,41,4446.0,4797.0,1,2025-08-05,3585.16,profit
item_7634,40,111.0,48,4440.0,5328.0,1,2025-08-05,3585.3,profit
item_7620,45,99.0,91,4455.0,9009.0,1,2025-08-05,3585.49,profit
item_7632,35,127.0,76,4445.0,9652.0,1,2025-08-05,3586.41,profit
item_7621,50,89.0,62,4450.0,5518.0,1,2025-08-05,3585.81,profit
item_7625,35,127.0,76,4445.0,9652.0,1,2025-08-05,3585.74,profit
item_7631,50,89.0,100,4450.0,8900.0,1,2025-08-05,3585.73,profit
item_7630,33,135.0,16,4455.0,2160.0,1,2025-08-05,3585.9,profit
item_7628,32,139.0,24,4448.0,3336.0,1,2025-08-05,3585.55,profit
item_7622,30,148.0,90,4440.0,13320.0,1,2025-08-05,3585.99,profit
item_7633,37,120.0,71,4440.0,8520.0,1,2025-08-05,3585.21,profit
item_7643,43,104.0,43,4472.0,4472.0,1,2025-08-06,3586.44,profit
item_7644,48,93.0,13,4464.0,1209.0,1,2025-08-06,3586.18,profit
item_7640,43,104.0,17,4472.0,1768.0,1,2025-08-06,3585.3,profit
item_7637,48,93.0,15,4464.0,1395.0,1,2025-08-06,3585.01,profit
item_7646,36,124.0,95,4464.0,11780.0,1,2025-08-06,3586.35,profit
item_7638,47,95.0,21,4465.0,1995.0,1,2025-08-06,3585.89,profit
item_7639,30,149.0,41,4470.0,6109.0,1,2025-08-06,3586.2,profit
item_7635,31,144.0,93,4464.0,13392.0,1,2025-08-06,3585.59,profit
item_7641,30,149.0,44,4470.0,6556.0,1,2025-08-06,3586.21,profit
item_7645,43,104.0,17,4472.0,1768.0,1,2025-08-06,3586.46,profit
item_7642,48,93.0,25,4464.0,2325.0,1,2025-08-06,3585.37,profit
item_7636,36,124.0,96,4464.0,11904.0,1,2025-08-06,3584.74,profit
item_7647,50,90.0,89,4500.0,8010.0,1,2025-08-07,3585.6,profit
item_7650,44,102.0,90,4488.0,9180.0,1,2025-08-07,3585.27,profit
item_7659,36,125.0,62,4500.0,7750.0,1,2025-08-07,3586.26,profit
item_7655,36,125.0,38,4500.0,4750.0,1,2025-08-07,3585.02,profit
item_7654,33,136.0,80,4488.0,10880.0,1,2025-08-07,3585.39,profit
item_7657,38,118.0,12,4484.0,1416.0,1,2025-08-07,3585.5,profit
item_7652,34,132.0,53,4488.0,6996.0,1,2025-08-07,3585.75,profit
item_7648,36,125.0,25,4500.0,3125.0,1,2025-08-07,3586.11,profit
item_7660,35,128.0,100,4480.0,12800.0,1,2025-08-07,3585.38,profit
item_7656,40,112.0,93,4480.0,10416.0,1,2025-08-07,3585.34,profit
item_7649,30,150.0,27,4500.0,4050.0,1,2025-08-07,3585.42,profit
item_7658,50,90.0,77,4500.0,6930.0,1,2025-08-07,3585.59,profit
item_7651,40,112.0,21,4480.0,2352.0,1,2025-08-07,3585.97,profit
item_7653,35,128.0,61,4480.0,7808.0,1,2025-08-07,3585.38,profit
item_7668,46,98.0,63,4508.0,6174.0,1,2025-08-08,3585.23,profit
item_7672,47,96.0,27,4512.0,2592.0,1,2025-08-08,3586.36,profit
item_7664,32,141.0,13,4512.0,1833.0,1,2025-08-08,3585.81,profit
item_7662,43,105.0,47,4515.0,4935.0,1,2025-08-08,3585.54,profit
item_7661,43,105.0,70,4515.0,7350.0,1,2025-08-08,3585.07,profit
item_7669,47,96.0,25,4512.0,2400.0,1,2025-08-08,3585.73,profit
item_7671,48,94.0,23,4512.0,2162.0,1,2025-08-08,3585.56,profit
item_7675,46,98.0,46,4508.0,4508.0,1,2025-08-08,3586.51,profit
item_7666,47,96.0,91,4512.0,8736.0,1,2025-08-08,3586.18,profit
item_7667,37,122.0,91,4514.0,11102.0,1,2025-08-08,3586.2,profit
item_7673,40,113.0,30,4520.0,3390.0,1,2025-08-08,3586.37,profit
item_7663,41,110.0,20,4510.0,2200.0,1,2025-08-08,3585.66,profit
item_7670,35,129.0,26,4515.0,3354.0,1,2025-08-08,3585.93,profit
item_7674,48,94.0,12,4512.0,1128.0,1,2025-08-08,3586.06,profit
item_7665,41,110.0,16,4510.0,1760.0,1,2025-08-08,3585.56,profit
item_7679,33,137.0,86,4521.0,11782.0,1,2025-08-09,3585.35,profit
item_7685,38,119.0,53,4522.0,6307.0,1,2025-08-09,3585.31,profit
item_7681,31,146.0,43,4526.0,6278.0,1,2025-08-09,3585.69,profit
item_7682,36,126.0,18,4536.0,2268.0,1,2025-08-09,3585.29,profit
item_7683,34,133.0,48,4522.0,6384.0,1,2025-08-09,3585.81,profit
item_7678,33,137.0,47,4521.0,6439.0,1,2025-08-09,3585.86,profit
item_7676,31,146.0,76,4526.0,11096.0,1,2025-08-09,3586.42,profit
item_7684,33,137.0,67,4521.0,9179.0,1,2025-08-09,3585.62,profit
item_7677,42,108.0,36,4536.0,3888.0,1,2025-08-09,3585.12,profit
item_7680,39,116.0,13,4524.0,1508.0,1,2025-08-09,3585.1,profit
item_7697,38,120.0,13,4560.0,1560.0,1,2025-08-10,3585.3,profit
item_7693,45,101.0,30,4545.0,3030.0,1,2025-08-10,3586.26,profit
item_7702,35,130.0,59,4550.0,7670.0,1,2025-08-10,3585.86,profit
item_7700,31,147.0,37,4557.0,5439.0,1,2025-08-10,3586.24,profit
item_7703,45,101.0,38,4545.0,3838.0,1,2025-08-10,3585.22,profit
item_7695,33,138.0,63,4554.0,8694.0,1,2025-08-10,3586.14,profit
item_7692,50,91.0,31,4550.0,2821.0,1,2025-08-10,3586.19,profit
item_7691,46,99.0,73,4554.0,7227.0,1,2025-08-10,3585.74,profit
item_7694,45,101.0,54,4545.0,5454.0,1,2025-08-10,3586.14,profit
item_7696,35,130.0,61,4550.0,7930.0,1,2025-08-10,3585.26,profit
item_7701,43,106.0,87,4558.0,9222.0,1,2025-08-10,3585.29,profit
item_7688,35,130.0,21,4550.0,2730.0,1,2025-08-10,3586.15,profit
item_7698,35,130.0,60,4550.0,7800.0,1,2025-08-10,3585.66,profit
item_7699,49,93.0,20,4557.0,1860.0,1,2025-08-10,3585.43,profit
item_7704,35,130.0,26,4550.0,3380.0,1,2025-08-10,3585.91,profit
item_7705,34,134.0,67,4556.0,8978.0,1,2025-08-10,3585.56,profit
item_7689,41,111.0,35,4551.0,3885.0,1,2025-08-10,3585.48,profit
item_7687,48,95.0,87,4560.0,8265.0,1,2025-08-10,3586.22,profit
item_7686,49,93.0,24,4557.0,2232.0,1,2025-08-10,3585.6,profit
item_7690,35,130.0,14,4550.0,1820.0,1,2025-08-10,3585.95,profit
item_7707,44,104.0,41,4576.0,4264.0,1,2025-08-11,3585.64,profit
item_7710,39,117.0,77,4563.0,9009.0,1,2025-08-11,3585.47,profit
item_7706,39,117.0,48,4563.0,5616.0,1,2025-08-11,3585.37,profit
item_7711,44,104.0,81,4576.0,8424.0,1,2025-08-11,3585.51,profit
item_7712,32,143.0,80,4576.0,11440.0,1,2025-08-11,3585.65,profit
item_7709,36,127.0,62,4572.0,7874.0,1,2025-08-11,3585.6,profit
item_7713,42,109.0,69,4578.0,7521.0,1,2025-08-11,3584.7,profit
item_7708,36,127.0,33,4572.0,4191.0,1,2025-08-11,3585.95,profit
item_7715,42,109.0,26,4578.0,2834.0,1,2025-08-11,3584.92,profit
item_7714,36,127.0,94,4572.0,11938.0,1,2025-08-11,3585.46,profit
item_7727,45,102.0,56,4590.0,5712.0,1,2025-08-12,3584.87,profit
item_7725,43,107.0,99,4601.0,10593.0,1,2025-08-12,3585.7,profit
item_7734,38,121.0,92,4598.0,11132.0,1,2025-08-12,3585.57,profit
item_7724,45,102.0,74,4590.0,7548.0,1,2025-08-12,3585.37,profit
item_7722,38,121.0,72,4598.0,8712.0,1,2025-08-12,3585.39,profit
item_7717,50,92.0,76,4600.0,6992.0,1,2025-08-12,3584.76,profit
item_7732,31,148.0,83,4588.0,12284.0,1,2025-08-12,3585.64,profit
item_7730,31,148.0,41,4588.0,6068.0,1,2025-08-12,3586.06,profit
item_7733,37,124.0,12,4588.0,1488.0,1,2025-08-12,3584.85,profit
item_7726,34,135.0,59,4590.0,7965.0,1,2025-08-12,3585.43,profit
item_7723,39,118.0,67,4602.0,7906.0,1,2025-08-12,3585.31,profit
item_7731,38,121.0,39,4598.0,4719.0,1,2025-08-12,3585.06,profit
item_7718,41,112.0,62,4592.0,6944.0,1,2025-08-12,3585.9,profit
item_7728,38,121.0,65,4598.0,7865.0,1,2025-08-12,3585.71,profit
item_7716,31,148.0,77,4588.0,11396.0,1,2025-08-12,3585.53,profit
item_7721,39,118.0,57,4602.0,6726.0,1,2025-08-12,3585.38,profit
item_7720,39,118.0,79,4602.0,9322.0,1,2025-08-12,3585.55,profit
item_7719,41,112.0,52,4592.0,5824.0,1,2025-08-12,3585.43,profit
item_7729,50,92.0,52,4600.0,4784.0,1,2025-08-12,3585.34,profit
item_7740,42,110.0,44,4620.0,4840.0,1,2025-08-13,3586.11,profit
item_7746,47,98.0,39,4606.0,3822.0,1,2025-08-13,3585.23,profit
item_7737,49,94.0,57,4606.0,5358.0,1,2025-08-13,3586.05,profit
item_7738,42,110.0,60,4620.0,6600.0,1,2025-08-13,3586.21,profit
item_7735,44,105.0,63,4620.0,6615.0,1,2025-08-13,3585.47,profit
item_7743,33,140.0,44,4620.0,6160.0,1,2025-08-13,3586.26,profit
item_7739,48,96.0,51,4608.0,4896.0,1,2025-08-13,3585.81,profit
item_7736,48,96.0,26,4608.0,2496.0,1,2025-08-13,3585.74,profit
item_7744,35,132.0,18,4620.0,2376.0,1,2025-08-13,3585.48,profit
item_7745,31,149.0,66,4619.0,9834.0,1,2025-08-13,3585.74,profit
item_7741,44,105.0,41,4620.0,4305.0,1,2025-08-13,3585.86,profit
item_7742,47,98.0,25,4606.0,2450.0,1,2025-08-13,3586.03,profit
item_7749,37,125.0,49,4625.0,6125.0,1,2025-08-14,3585.77,profit
item_7748,38,122.0,25,4636.0,3050.0,1,2025-08-14,3585.21,profit
item_7753,34,136.0,31,4624.0,4216.0,1,2025-08-14,3585.57,profit
item_7754,34,136.0,57,4624.0,7752.0,1,2025-08-14,3585.3,profit
item_7747,32,145.0,54,4640.0,7830.0,1,2025-08-14,3586.19,profit
item_7751,39,119.0,43,4641.0,5117.0,1,2025-08-14,3585.96,profit
item_7752,39,119.0,96,4641.0,11424.0,1,2025-08-14,3585.91,profit
item_7750,40,116.0,22,4640.0,2552.0,1,2025-08-14,3585.71,profit
item_7766,35,133.0,38,4655.0,5054.0,1,2025-08-15,3585.72,profit
item_7758,46,101.0,88,4646.0,8888.0,1,2025-08-15,3586.08,profit
item_7762,44,106.0,92,4664.0,9752.0,1,2025-08-15,3586.0,profit
item_7768,37,126.0,66,4662.0,8316.0,1,2025-08-15,3585.63,profit
item_7763,31,150.0,60,4650.0,9000.0,1,2025-08-15,3585.83,profit
item_7769,47,99.0,41,4653.0,4059.0,1,2025-08-15,3585.54,profit
item_7771,33,141.0,39,4653.0,5499.0,1,2025-08-15,3585.93,profit
item_7764,49,95.0,49,4655.0,4655.0,1,2025-08-15,3584.82,profit
item_7770,48,97.0,97,4656.0,9409.0,1,2025-08-15,3586.05,profit
item_7761,43,108.0,42,4644.0,4536.0,1,2025-08-15,3585.78,profit
item_7755,35,133.0,98,4655.0,13034.0,1,2025-08-15,3585.3,profit
item_7767,36,129.0,26,4644.0,3354.0,1,2025-08-15,3585.43,profit
item_7757,50,93.0,50,4650.0,4650.0,1,2025-08-15,3585.21,profit
item_7760,42,111.0,11,4662.0,1221.0,1,2025-08-15,3584.75,profit
item_7772,48,97.0,97,4656.0,9409.0,1,2025-08-15,3585.04,profit
item_7756,36,129.0,42,4644.0,5418.0,1,2025-08-15,3585.02,profit
item_7765,42,111.0,43,4662.0,4773.0,1,2025-08-15,3585.99,profit
item_7759,31,150.0,60,4650.0,9000.0,1,2025-08-15,3585.81,profit
item_7773,34,137.0,49,4658.0,6713.0,1,2025-08-15,3585.86,profit
item_7777,41,114.0,21,4674.0,2394.0,1,2025-08-16,3585.54,profit
item_7778,38,123.0,31,4674.0,3813.0,1,2025-08-16,3585.69,profit
item_7776,40,117.0,89,4680.0,10413.0,1,2025-08-16,3585.2,profit
item_7775,32,146.0,34,4672.0,4964.0,1,2025-08-16,3585.46,profit
item_7774,38,123.0,43,4674.0,5289.0,1,2025-08-16,3585.01,profit
item_7783,32,147.0,79,4704.0,11613.0,1,2025-08-17,3586.1,profit
item_7779,35,134.0,51,4690.0,6834.0,1,2025-08-17,3585.72,profit
item_7784,46,102.0,97,4692.0,9894.0,1,2025-08-17,3584.77,profit
item_7786,49,96.0,74,4704.0,7104.0,1,2025-08-17,3584.67,profit
item_7785,32,147.0,59,4704.0,8673.0,1,2025-08-17,3585.6,profit
item_7781,35,134.0,15,4690.0,2010.0,1,2025-08-17,3585.95,profit
item_7780,47,100.0,99,4700.0,9900.0,1,2025-08-17,3585.49,profit
item_7782,49,96.0,86,4704.0,8256.0,1,2025-08-17,3585.38,profit
item_7799,41,115.0,37,4715.0,4255.0,1,2025-08-18,3585.33,profit
item_7789,45,105.0,25,4725.0,2625.0,1,2025-08-18,3585.49,profit
item_7791,44,107.0,49,4708.0,5243.0,1,2025-08-18,3585.95,profit
item_7792,34,139.0,64,4726.0,8896.0,1,2025-08-18,3586.12,profit
item_7794,39,121.0,43,4719.0,5203.0,1,2025-08-18,3585.86,profit
item_7795,45,105.0,55,4725.0,5775.0,1,2025-08-18,3585.55,profit
item_7793,45,105.0,63,4725.0,6615.0,1,2025-08-18,3585.27,profit
item_7796,45,105.0,85,4725.0,8925.0,1,2025-08-18,3585.92,profit
item_7798,38,124.0,53,4712.0,6572.0,1,2025-08-18,3585.39,profit
item_7797,40,118.0,73,4720.0,8614.0,1,2025-08-18,3585.78,profit
item_7787,39,121.0,16,4719.0,1936.0,1,2025-08-18,3585.82,profit
item_7788,38,124.0,67,4712.0,8308.0,1,2025-08-18,3585.53,profit
item_7790,41,115.0,21,4715.0,2415.0,1,2025-08-18,3585.96,profit
item_7803,37,128.0,21,4736.0,2688.0,1,2025-08-19,3585.69,profit
item_7800,43,110.0,75,4730.0,8250.0,1,2025-08-19,3585.69,profit
item_7804,42,113.0,70,4746.0,7910.0,1,2025-08-19,3585.67,profit
item_7801,46,103.0,94,4738.0,9682.0,1,2025-08-19,3585.74,profit
item_7802,43,110.0,12,4730.0,1320.0,1,2025-08-19,3585.71,profit
item_7809,35,136.0,91,4760.0,12376.0,1,2025-08-20,3586.05,profit
item_7812,49,97.0,76,4753.0,7372.0,1,2025-08-20,3585.07,profit
item_7807,34,140.0,82,4760.0,11480.0,1,2025-08-20,3585.45,profit
item_7821,33,144.0,26,4752.0,3744.0,1,2025-08-20,3586.02,profit
item_7810,38,125.0,33,4750.0,4125.0,1,2025-08-20,3585.15,profit
item_7814,40,119.0,39,4760.0,4641.0,1,2025-08-20,3585.5,profit
item_7816,49,97.0,15,4753.0,1455.0,1,2025-08-20,3585.48,profit
item_7818,41,116.0,94,4756.0,10904.0,1,2025-08-20,3585.86,profit
item_7817,40,119.0,61,4760.0,7259.0,1,2025-08-20,3586.4,profit
item_7815,34,140.0,13,4760.0,1820.0,1,2025-08-20,3585.58,profit
item_7805,39,122.0,22,4758.0,2684.0,1,2025-08-20,3585.88,profit
item_7813,41,116.0,50,4756.0,5800.0,1,2025-08-20,3585.91,profit
item_7819,33,144.0,58,4752.0,8352.0,1,2025-08-20,3585.56,profit
item_7811,34,140.0,78,4760.0,10920.0,1,2025-08-20,3585.48,profit
item_7820,50,95.0,54,4750.0,5130.0,1,2025-08-20,3584.92,profit
item_7806,34,140.0,42,4760.0,5880.0,1,2025-08-20,3585.75,profit
item_7808,47,101.0,19,4747.0,1919.0,1,2025-08-20,3585.16,profit
item_7823,45,106.0,26,4770.0,2756.0,1,2025-08-21,3585.79,profit
item_7828,32,149.0,15,4768.0,2235.0,1,2025-08-21,3585.93,profit
item_7822,37,129.0,10,4773.0,1290.0,1,2025-08-21,3585.26,profit
item_7824,45,106.0,42,4770.0,4452.0,1,2025-08-21,3586.3,profit
item_7826,46,104.0,94,4784.0,9776.0,1,2025-08-21,3585.64,profit
item_7825,33,145.0,11,4785.0,1595.0,1,2025-08-21,3586.24,profit
item_7827,46,104.0,44,4784.0,4576.0,1,2025-08-21,3586.11,profit
item_7829,33,145.0,68,4785.0,9860.0,1,2025-08-21,3585.33,profit
item_7835,39,123.0,81,4797.0,9963.0,1,2025-08-22,3585.36,profit
item_7830,48,100.0,92,4800.0,9200.0,1,2025-08-22,3585.22,profit
item_7842,47,102.0,64,4794.0,6528.0,1,2025-08-22,3586.28,profit
item_7845,32,150.0,76,4800.0,11400.0,1,2025-08-22,3585.53,profit
item_7833,50,96.0,83,4800.0,7968.0,1,2025-08-22,3584.34,profit
item_7834,39,123.0,11,4797.0,1353.0,1,2025-08-22,3585.62,profit
item_7836,42,114.0,100,4788.0,11400.0,1,2025-08-22,3585.41,profit
item_7838,47,102.0,41,4794.0,4182.0,1,2025-08-22,3585.04,profit
item_7831,41,117.0,96,4797.0,11232.0,1,2025-08-22,3585.89,profit
item_7841,47,102.0,11,4794.0,1122.0,1,2025-08-22,3585.61,profit
item_7844,44,109.0,76,4796.0,8284.0,1,2025-08-22,3585.37,profit
item_7839,39,123.0,27,4797.0,3321.0,1,2025-08-22,3585.94,profit
item_7843,39,123.0,91,4797.0,11193.0,1,2025-08-22,3586.19,profit
item_7837,35,137.0,37,4795.0,5069.0,1,2025-08-22,3585.37,profit
item_7840,36,133.0,33,4788.0,4389.0,1,2025-08-22,3585.68,profit
item_7832,32,150.0,91,4800.0,13650.0,1,2025-08-22,3585.19,profit
item_7850,38,127.0,40,4826.0,5080.0,1,2025-08-23,3585.44,profit
item_7852,34,142.0,39,4828.0,5538.0,1,2025-08-23,3585.05,profit
item_7846,43,112.0,41,4816.0,4592.0,1,2025-08-23,3584.6,profit
item_7855,36,134.0,82,4824.0,10988.0,1,2025-08-23,3585.27,profit
item_7853,36,134.0,49,4824.0,6566.0,1,2025-08-23,3585.15,profit
item_7847,38,127.0,54,4826.0,6858.0,1,2025-08-23,3585.57,profit
item_7849,36,134.0,19,4824.0,2546.0,1,2025-08-23,3585.08,profit
item_7848,34,142.0,53,4828.0,7526.0,1,2025-08-23,3585.36,profit
item_7854,38,127.0,87,4826.0,11049.0,1,2025-08-23,3585.35,profit
item_7851,34,142.0,81,4828.0,11502.0,1,2025-08-23,3585.63,profit
item_7859,41,118.0,44,4838.0,5192.0,1,2025-08-24,3585.84,profit
item_7863,39,124.0,63,4836.0,7812.0,1,2025-08-24,3585.04,profit
item_7869,37,131.0,69,4847.0,9039.0,1,2025-08-24,3585.1,profit
item_7857,47,103.0,30,4841.0,3090.0,1,2025-08-24,3585.88,profit
item_7871,44,110.0,98,4840.0,10780.0,1,2025-08-24,3585.13,profit
item_7868,35,138.0,46,4830.0,6348.0,1,2025-08-24,3585.22,profit
item_7862,35,138.0,41,4830.0,5658.0,1,2025-08-24,3585.51,profit
item_7856,48,101.0,13,4848.0,1313.0,1,2025-08-24,3584.97,profit
item_7858,39,124.0,30,4836.0,3720.0,1,2025-08-24,3586.11,profit
item_7861,44,110.0,92,4840.0,10120.0,1,2025-08-24,3585.8,profit
item_7866,47,103.0,70,4841.0,7210.0,1,2025-08-24,3585.41,profit
item_7865,39,124.0,97,4836.0,12028.0,1,2025-08-24,3585.54,profit
item_7860,44,110.0,95,4840.0,10450.0,1,2025-08-24,3585.93,profit
item_7870,39,124.0,98,4836.0,12152.0,1,2025-08-24,3585.21,profit
item_7867,39,124.0,68,4836.0,8432.0,1,2025-08-24,3585.72,profit
item_7864,37,131.0,12,4847.0,1572.0,1,2025-08-24,3585.36,profit
item_7881,50,97.0,48,4850.0,4656.0,1,2025-08-25,3585.77,profit
item_7872,45,108.0,45,4860.0,4860.0,1,2025-08-25,3585.32,profit
item_7882,38,128.0,83,4864.0,10624.0,1,2025-08-25,3585.84,profit
item_7874,43,113.0,91,4859.0,10283.0,1,2025-08-25,3585.46,profit
item_7876,45,108.0,30,4860.0,3240.0,1,2025-08-25,3585.05,profit
item_7873,43,113.0,78,4859.0,8814.0,1,2025-08-25,3585.51,profit
item_7878,45,108.0,83,4860.0,8964.0,1,2025-08-25,3585.92,profit
item_7879,35,139.0,90,4865.0,12510.0,1,2025-08-25,3585.81,profit
item_7877,43,113.0,47,4859.0,5311.0,1,2025-08-25,3586.0,profit
item_7875,33,147.0,10,4851.0,1470.0,1,2025-08-25,3585.34,profit
item_7880,50,97.0,76,4850.0,7372.0,1,2025-08-25,3584.85,profit
item_7887,37,132.0,48,4884.0,6336.0,1,2025-08-26,3585.44,profit
item_7888,40,122.0,79,4880.0,9638.0,1,2025-08-26,3585.13,profit
item_7885,44,111.0,92,4884.0,10212.0,1,2025-08-26,3585.88,profit
item_7889,37,132.0,68,4884.0,8976.0,1,2025-08-26,3585.33,profit
item_7886,44,111.0,83,4884.0,9213.0,1,2025-08-26,3585.56,profit
item_7890,39,125.0,28,4875.0,3500.0,1,2025-08-26,3585.11,profit
item_7883,46,106.0,25,4876.0,2650.0,1,2025-08-26,3585.14,profit
item_7884,46,106.0,59,4876.0,6254.0,1,2025-08-26,3585.79,profit
item_7898,34,144.0,65,4896.0,9360.0,1,2025-08-27,3585.16,profit
item_7899,35,140.0,76,4900.0,10640.0,1,2025-08-27,3585.04,profit
item_7893,43,114.0,94,4902.0,10716.0,1,2025-08-27,3586.08,profit
item_7897,35,140.0,62,4900.0,8680.0,1,2025-08-27,3585.8,profit
item_7891,49,100.0,20,4900.0,2000.0,1,2025-08-27,3585.47,profit
item_7892,49,100.0,93,4900.0,9300.0,1,2025-08-27,3586.19,profit
item_7894,49,100.0,81,4900.0,8100.0,1,2025-08-27,3585.44,profit
item_7903,36,136.0,42,4896.0,5712.0,1,2025-08-27,3585.79,profit
item_7901,35,140.0,75,4900.0,10500.0,1,2025-08-27,3585.68,profit
item_7900,43,114.0,27,4902.0,3078.0,1,2025-08-27,3584.97,profit
item_7902,49,100.0,95,4900.0,9500.0,1,2025-08-27,3585.08,profit
item_7895,49,100.0,100,4900.0,10000.0,1,2025-08-27,3585.7,profit
item_7896,49,100.0,14,4900.0,1400.0,1,2025-08-27,3585.61,profit
item_7914,34,145.0,89,4930.0,12905.0,1,2025-08-28,3585.05,profit
item_7917,46,107.0,93,4922.0,9951.0,1,2025-08-28,3584.88,profit
item_7910,40,123.0,71,4920.0,8733.0,1,2025-08-28,3586.02,profit
item_7907,44,112.0,73,4928.0,8176.0,1,2025-08-28,3585.47,profit
item_7909,44,112.0,18,4928.0,2016.0,1,2025-08-28,3585.44,profit
item_7915,44,112.0,94,4928.0,10528.0,1,2025-08-28,3584.62,profit
item_7913,37,133.0,80,4921.0,10640.0,1,2025-08-28,3584.88,profit
item_7908,37,133.0,27,4921.0,3591.0,1,2025-08-28,3585.7,profit
item_7904,37,133.0,27,4921.0,3591.0,1,2025-08-28,3585.08,profit
item_7911,33,149.0,26,4917.0,3874.0,1,2025-08-28,3585.68,profit
item_7916,37,133.0,64,4921.0,8512.0,1,2025-08-28,3585.26,profit
item_7906,40,123.0,31,4920.0,3813.0,1,2025-08-28,3584.76,profit
item_7912,33,149.0,91,4917.0,13559.0,1,2025-08-28,3585.29,profit
item_7905,33,149.0,99,4917.0,14751.0,1,2025-08-28,3585.41,profit
item_7919,35,141.0,54,4935.0,7614.0,1,2025-08-29,3585.78,profit
item_7918,50,99.0,34,4950.0,3366.0,1,2025-08-29,3585.45,profit
item_7920,49,101.0,88,4949.0,8888.0,1,2025-08-29,3585.08,profit
item_7921,36,137.0,77,4932.0,10549.0,1,2025-08-29,3585.85,profit
item_7930,46,108.0,22,4968.0,2376.0,1,2025-08-30,3585.23,profit
item_7922,39,127.0,93,4953.0,11811.0,1,2025-08-30,3584.92,profit
item_7927,37,134.0,73,4958.0,9782.0,1,2025-08-30,3585.68,profit
item_7933,42,118.0,85,4956.0,10030.0,1,2025-08-30,3585.72,profit
item_7928,34,146.0,21,4964.0,3066.0,1,2025-08-30,3585.25,profit
item_7926,44,113.0,20,4972.0,2260.0,1,2025-08-30,3584.88,profit
item_7923,36,138.0,45,4968.0,6210.0,1,2025-08-30,3585.0,profit
item_7932,36,138.0,12,4968.0,1656.0,1,2025-08-30,3585.83,profit
item_7924,44,113.0,87,4972.0,9831.0,1,2025-08-30,3584.97,profit
item_7929,34,146.0,52,4964.0,7592.0,1,2025-08-30,3585.27,profit
item_7934,42,118.0,32,4956.0,3776.0,1,2025-08-30,3585.8,profit
item_7925,36,138.0,69,4968.0,9522.0,1,2025-08-30,3585.45,profit
item_7931,40,124.0,31,4960.0,3844.0,1,2025-08-30,3586.07,profit
item_7940,39,128.0,63,4992.0,8064.0,1,2025-08-31,3585.99,profit
item_7943,47,106.0,90,4982.0,9540.0,1,2025-08-31,3585.53,profit
item_7936,39,128.0,65,4992.0,8320.0,1,2025-08-31,3585.24,profit
item_7941,39,128.0,70,4992.0,8960.0,1,2025-08-31,3585.55,profit
item_7935,39,128.0,98,4992.0,12544.0,1,2025-08-31,3585.77,profit
item_7938,38,131.0,41,4978.0,5371.0,1,2025-08-31,3585.0,profit
item_7942,39,128.0,31,4992.0,3968.0,1,2025-08-31,3585.42,profit
item_7946,43,116.0,19,4988.0,2204.0,1,2025-08-31,3585.75,profit
item_7937,38,131.0,85,4978.0,11135.0,1,2025-08-31,3585.19,profit
item_7944,43,116.0,16,4988.0,1856.0,1,2025-08-31,3585.86,profit
item_7939,47,106.0,20,4982.0,2120.0,1,2025-08-31,3585.21,profit
item_7945,39,128.0,25,4992.0,3200.0,1,2025-08-31,3585.75,profit
item_7954,35,143.0,50,5005.0,7150.0,1,2025-09-01,3585.73,profit
item_7962,36,139.0,52,5004.0,7228.0,1,2025-09-01,3586.08,profit
item_7959,50,100.0,14,5000.0,1400.0,1,2025-09-01,3586.24,profit
item_7958,50,100.0,36,5000.0,3600.0,1,2025-09-01,3585.36,profit
item_7961,50,100.0,23,5000.0,2300.0,1,2025-09-01,3586.09,profit
item_7956,37,135.0,71,4995.0,9585.0,1,2025-09-01,3585.47,profit
item_7953,42,119.0,76,4998.0,9044.0,1,2025-09-01,3586.08,profit
item_7948,37,135.0,54,4995.0,7290.0,1,2025-09-01,3585.59,profit
item_7960,49,102.0,96,4998.0,9792.0,1,2025-09-01,3586.31,profit
item_7963,34,147.0,60,4998.0,8820.0,1,2025-09-01,3585.36,profit
item_7955,40,125.0,52,5000.0,6500.0,1,2025-09-01,3585.15,profit
item_7950,42,119.0,24,4998.0,2856.0,1,2025-09-01,3585.55,profit
item_7952,45,111.0,26,4995.0,2886.0,1,2025-09-01,3586.32,profit
item_7957,36,139.0,13,5004.0,1807.0,1,2025-09-01,3585.17,profit
item_7964,36,139.0,13,5004.0,1807.0,1,2025-09-01,3585.11,profit
item_7951,50,100.0,43,5000.0,4300.0,1,2025-09-01,3585.94,profit
item_7947,36,139.0,47,5004.0,6533.0,1,2025-09-01,3586.1,profit
item_7949,37,135.0,35,4995.0,4725.0,1,2025-09-01,3585.53,profit
item_7973,43,117.0,40,5031.0,4680.0,1,2025-09-02,3585.99,profit
item_7969,39,129.0,15,5031.0,1935.0,1,2025-09-02,3585.61,profit
item_7972,47,107.0,27,5029.0,2889.0,1,2025-09-02,3585.9,profit
item_7971,47,107.0,45,5029.0,4815.0,1,2025-09-02,3585.56,profit
item_7967,44,114.0,50,5016.0,5700.0,1,2025-09-02,3585.58,profit
item_7975,38,132.0,15,5016.0,1980.0,1,2025-09-02,3585.08,profit
item_7966,37,136.0,13,5032.0,1768.0,1,2025-09-02,3586.03,profit
item_7976,43,117.0,26,5031.0,3042.0,1,2025-09-02,3585.39,profit
item_7974,37,136.0,95,5032.0,12920.0,1,2025-09-02,3585.81,profit
item_7970,39,129.0,80,5031.0,10320.0,1,2025-09-02,3585.88,profit
item_7968,37,136.0,22,5032.0,2992.0,1,2025-09-02,3585.95,profit
item_7965,47,107.0,70,5029.0,7490.0,1,2025-09-02,3585.51,profit
item_7979,49,103.0,46,5047.0,4738.0,1,2025-09-03,3585.31,profit
item_7978,40,126.0,98,5040.0,12348.0,1,2025-09-03,3585.37,profit
item_7982,50,101.0,17,5050.0,1717.0,1,2025-09-03,3585.62,profit
item_7977,35,144.0,47,5040.0,6768.0,1,2025-09-03,3585.89,profit
item_7985,49,103.0,16,5047.0,1648.0,1,2025-09-03,3586.0,profit
item_7983,35,144.0,74,5040.0,10656.0,1,2025-09-03,3585.93,profit
item_7987,38,133.0,72,5054.0,9576.0,1,2025-09-03,3585.78,profit
item_7980,50,101.0,94,5050.0,9494.0,1,2025-09-03,3585.79,profit
item_7981,48,105.0,68,5040.0,7140.0,1,2025-09-03,3585.77,profit
item_7986,38,133.0,17,5054.0,2261.0,1,2025-09-03,3586.2,profit
item_7984,49,103.0,17,5047.0,1751.0,1,2025-09-03,3585.01,profit
item_7989,34,149.0,39,5066.0,5811.0,1,2025-09-04,3585.28,profit
item_7988,34,149.0,29,5066.0,4321.0,1,2025-09-04,3585.53,profit
item_7993,39,130.0,12,5070.0,1560.0,1,2025-09-04,3585.07,profit
item_7991,46,110.0,27,5060.0,2970.0,1,2025-09-04,3585.0,profit
item_7996,43,118.0,49,5074.0,5782.0,1,2025-09-04,3585.74,profit
item_7995,43,118.0,19,5074.0,2242.0,1,2025-09-04,3585.76,profit
item_7990,34,149.0,72,5066.0,10728.0,1,2025-09-04,3585.31,profit
item_7992,34,149.0,56,5066.0,8344.0,1,2025-09-04,3585.86,profit
item_7994,44,115.0,81,5060.0,9315.0,1,2025-09-04,3585.63,profit
item_7998,38,134.0,26,5092.0,3484.0,1,2025-09-05,3584.93,profit
item_7999,47,108.0,51,5076.0,5508.0,1,2025-09-05,3585.28,profit
item_8005,47,108.0,67,5076.0,7236.0,1,2025-09-05,3585.18,profit
item_8003,40,127.0,71,5080.0,9017.0,1,2025-09-05,3585.26,profit
item_8008,48,106.0,79,5088.0,8374.0,1,2025-09-05,3585.5,profit
item_8002,36,141.0,47,5076.0,6627.0,1,2025-09-05,3585.45,profit
item_8007,36,141.0,16,5076.0,2256.0,1,2025-09-05,3585.34,profit
item_8000,48,106.0,96,5088.0,10176.0,1,2025-09-05,3585.9,profit
item_7997,36,141.0,96,5076.0,13536.0,1,2025-09-05,3585.79,profit
item_8001,41,124.0,27,5084.0,3348.0,1,2025-09-05,3585.74,profit
item_8004,38,134.0,62,5092.0,8308.0,1,2025-09-05,3585.42,profit
item_8006,38,134.0,35,5092.0,4690.0,1,2025-09-05,3585.71,profit
item_8017,35,146.0,88,5110.0,12848.0,1,2025-09-06,3584.34,profit
item_8013,44,116.0,17,5104.0,1972.0,1,2025-09-06,3585.64,profit
item_8019,36,142.0,60,5112.0,8520.0,1,2025-09-06,3585.32,profit
item_8020,35,146.0,31,5110.0,4526.0,1,2025-09-06,3584.95,profit
item_8010,35,146.0,60,5110.0,8760.0,1,2025-09-06,3585.84,profit
item_8021,49,104.0,55,5096.0,5720.0,1,2025-09-06,3585.12,profit
item_8011,39,131.0,62,5109.0,8122.0,1,2025-09-06,3585.06,profit
item_8012,44,116.0,41,5104.0,4756.0,1,2025-09-06,3585.26,profit
item_8014,49,104.0,94,5096.0,9776.0,1,2025-09-06,3585.82,profit
item_8023,34,150.0,36,5100.0,5400.0,1,2025-09-06,3586.04,profit
item_8009,46,111.0,39,5106.0,4329.0,1,2025-09-06,3586.02,profit
item_8015,34,150.0,92,5100.0,13800.0,1,2025-09-06,3585.94,profit
item_8016,34,150.0,97,5100.0,14550.0,1,2025-09-06,3584.56,profit
item_8018,44,116.0,39,5104.0,4524.0,1,2025-09-06,3584.37,profit
item_8022,49,104.0,28,5096.0,2912.0,1,2025-09-06,3585.98,profit
item_8028,40,128.0,51,5120.0,6528.0,1,2025-09-07,3585.29,profit
item_8031,48,107.0,59,5136.0,6313.0,1,2025-09-07,3585.72,profit
item_8030,48,107.0,70,5136.0,7490.0,1,2025-09-07,3585.39,profit
item_8029,41,125.0,65,5125.0,8125.0,1,2025-09-07,3585.35,profit
item_8027,40,128.0,79,5120.0,10112.0,1,2025-09-07,3585.82,profit
item_8026,47,109.0,37,5123.0,4033.0,1,2025-09-07,3585.46,profit
item_8025,41,125.0,86,5125.0,10750.0,1,2025-09-07,3586.05,profit
item_8024,47,109.0,41,5123.0,4469.0,1,2025-09-07,3585.28,profit
item_8041,46,112.0,94,5152.0,10528.0,1,2025-09-08,3585.16,profit
item_8033,37,139.0,65,5143.0,9035.0,1,2025-09-08,3585.3,profit
item_8039,37,139.0,14,5143.0,1946.0,1,2025-09-08,3585.76,profit
item_8035,50,103.0,59,5150.0,6077.0,1,2025-09-08,3585.82,profit
item_8032,35,147.0,10,5145.0,1470.0,1,2025-09-08,3585.73,profit
item_8038,46,112.0,73,5152.0,8176.0,1,2025-09-08,3585.22,profit
item_8034,46,112.0,50,5152.0,5600.0,1,2025-09-08,3585.33,profit
item_8043,50,103.0,23,5150.0,2369.0,1,2025-09-08,3585.01,profit
item_8044,49,105.0,50,5145.0,5250.0,1,2025-09-08,3586.13,profit
item_8037,35,147.0,54,5145.0,7938.0,1,2025-09-08,3585.31,profit
item_8040,37,139.0,89,5143.0,12371.0,1,2025-09-08,3585.43,profit
item_8042,35,147.0,29,5145.0,4263.0,1,2025-09-08,3585.51,profit
item_8036,36,143.0,28,5148.0,4004.0,1,2025-09-08,3585.96,profit
item_8046,42,123.0,43,5166.0,5289.0,1,2025-09-09,3585.71,profit
item_8045,42,123.0,46,5166.0,5658.0,1,2025-09-09,3586.13,profit
item_8049,43,120.0,74,5160.0,8880.0,1,2025-09-09,3585.28,profit
item_8050,38,136.0,90,5168.0,12240.0,1,2025-09-09,3585.33,profit
item_8048,40,129.0,96,5160.0,12384.0,1,2025-09-09,3585.88,profit
item_8047,45,115.0,35,5175.0,4025.0,1,2025-09-09,3585.69,profit
item_8064,48,108.0,27,5184.0,2916.0,1,2025-09-10,3585.91,profit
item_8058,35,148.0,95,5180.0,14060.0,1,2025-09-10,3586.28,profit
item_8062,44,118.0,27,5192.0,3186.0,1,2025-09-10,3584.74,profit
item_8051,36,144.0,51,5184.0,7344.0,1,2025-09-10,3584.82,profit
item_8059,35,148.0,28,5180.0,4144.0,1,2025-09-10,3584.99,profit
item_8055,44,118.0,25,5192.0,2950.0,1,2025-09-10,3585.25,profit
item_8054,37,140.0,11,5180.0,1540.0,1,2025-09-10,3585.57,profit
item_8060,37,140.0,72,5180.0,10080.0,1,2025-09-10,3585.14,profit
item_8061,36,144.0,92,5184.0,13248.0,1,2025-09-10,3585.12,profit
item_8057,48,108.0,30,5184.0,3240.0,1,2025-09-10,3585.69,profit
item_8056,37,140.0,17,5180.0,2380.0,1,2025-09-10,3585.9,profit
item_8052,48,108.0,69,5184.0,7452.0,1,2025-09-10,3584.84,profit
item_8063,49,106.0,49,5194.0,5194.0,1,2025-09-10,3585.52,profit
item_8053,48,108.0,88,5184.0,9504.0,1,2025-09-10,3585.65,profit
item_8066,41,127.0,19,5207.0,2413.0,1,2025-09-11,3585.78,profit
item_8065,40,130.0,13,5200.0,1690.0,1,2025-09-11,3585.99,profit
item_8074,40,130.0,46,5200.0,5980.0,1,2025-09-11,3585.98,profit
item_8070,42,124.0,90,5208.0,11160.0,1,2025-09-11,3585.28,profit
item_8073,50,104.0,88,5200.0,9152.0,1,2025-09-11,3585.45,profit
item_8069,42,124.0,91,5208.0,11284.0,1,2025-09-11,3585.55,profit
item_8075,38,137.0,70,5206.0,9590.0,1,2025-09-11,3585.36,profit
item_8071,40,130.0,14,5200.0,1820.0,1,2025-09-11,3585.1,profit
item_8072,38,137.0,33,5206.0,4521.0,1,2025-09-11,3585.3,profit
item_8067,40,130.0,89,5200.0,11570.0,1,2025-09-11,3585.97,profit
item_8068,43,121.0,57,5203.0,6897.0,1,2025-09-11,3585.52,profit
item_8078,44,119.0,92,5236.0,10948.0,1,2025-09-12,3585.83,profit
item_8079,45,116.0,73,5220.0,8468.0,1,2025-09-12,3585.64,profit
item_8080,39,134.0,63,5226.0,8442.0,1,2025-09-12,3585.52,profit
item_8077,44,119.0,12,5236.0,1428.0,1,2025-09-12,3585.79,profit
item_8082,36,145.0,16,5220.0,2320.0,1,2025-09-12,3585.41,profit
item_8076,48,109.0,51,5232.0,5559.0,1,2025-09-12,3585.15,profit
item_8081,44,119.0,67,5236.0,7973.0,1,2025-09-12,3585.09,profit
item_8083,43,122.0,24,5246.0,2928.0,1,2025-09-13,3585.21,profit
item_8085,46,114.0,76,5244.0,8664.0,1,2025-09-13,3586.11,profit
item_8088,49,107.0,64,5243.0,6848.0,1,2025-09-13,3584.98,profit
item_8087,35,150.0,32,5250.0,4800.0,1,2025-09-13,3584.77,profit
item_8091,41,128.0,44,5248.0,5632.0,1,2025-09-13,3584.9,profit
item_8090,35,150.0,54,5250.0,8100.0,1,2025-09-13,3585.1,profit
item_8084,49,107.0,50,5243.0,5350.0,1,2025-09-13,3585.81,profit
item_8092,40,131.0,43,5240.0,5633.0,1,2025-09-13,3585.39,profit
item_8086,36,146.0,88,5256.0,12848.0,1,2025-09-13,3585.75,profit
item_8089,38,138.0,67,5244.0,9246.0,1,2025-09-13,3585.83,profit
item_8093,40,132.0,29,5280.0,3828.0,1,2025-09-14,3585.44,profit
item_8095,48,110.0,30,5280.0,3300.0,1,2025-09-14,3585.38,profit
item_8094,39,135.0,66,5265.0,8910.0,1,2025-09-14,3585.56,profit
item_8105,42,126.0,89,5292.0,11214.0,1,2025-09-15,3585.49,profit
item_8096,36,147.0,30,5292.0,4410.0,1,2025-09-15,3585.96,profit
item_8102,41,129.0,14,5289.0,1806.0,1,2025-09-15,3585.52,profit
item_8103,43,123.0,97,5289.0,11931.0,1,2025-09-15,3585.46,profit
item_8098,43,123.0,95,5289.0,11685.0,1,2025-09-15,3585.91,profit
item_8107,38,139.0,87,5282.0,12093.0,1,2025-09-15,3585.68,profit
item_8100,42,126.0,75,5292.0,9450.0,1,2025-09-15,3584.88,profit
item_8097,49,108.0,94,5292.0,10152.0,1,2025-09-15,3585.41,profit
item_8101,49,108.0,64,5292.0,6912.0,1,2025-09-15,3584.97,profit
item_8106,49,108.0,63,5292.0,6804.0,1,2025-09-15,3585.32,profit
item_8104,42,126.0,24,5292.0,3024.0,1,2025-09-15,3585.4,profit
item_8099,41,129.0,95,5289.0,12255.0,1,2025-09-15,3585.22,profit
item_8110,39,136.0,10,5304.0,1360.0,1,2025-09-16,3585.24,profit
item_8109,40,133.0,65,5320.0,8645.0,1,2025-09-16,3585.11,profit
item_8108,38,140.0,33,5320.0,4620.0,1,2025-09-16,3584.86,profit
item_8111,38,140.0,38,5320.0,5320.0,1,2025-09-16,3585.49,profit
item_8123,36,148.0,34,5328.0,5032.0,1,2025-09-17,3585.57,profit
item_8122,43,124.0,43,5332.0,5332.0,1,2025-09-17,3585.17,profit
item_8121,37,144.0,78,5328.0,11232.0,1,2025-09-17,3585.48,profit
item_8118,46,116.0,70,5336.0,8120.0,1,2025-09-17,3585.36,profit
item_8116,37,144.0,62,5328.0,8928.0,1,2025-09-17,3585.75,profit
item_8124,46,116.0,42,5336.0,4872.0,1,2025-09-17,3585.26,profit
item_8119,44,121.0,17,5324.0,2057.0,1,2025-09-17,3585.81,profit
item_8115,43,124.0,18,5332.0,2232.0,1,2025-09-17,3585.87,profit
item_8120,37,144.0,32,5328.0,4608.0,1,2025-09-17,3585.79,profit
item_8113,44,121.0,35,5324.0,4235.0,1,2025-09-17,3585.5,profit
item_8112,42,127.0,81,5334.0,10287.0,1,2025-09-17,3585.5,profit
item_8114,48,111.0,58,5328.0,6438.0,1,2025-09-17,3585.66,profit
item_8117,36,148.0,22,5328.0,3256.0,1,2025-09-17,3585.26,profit
item_8131,38,141.0,29,5358.0,4089.0,1,2025-09-18,3585.82,profit
item_8126,45,119.0,70,5355.0,8330.0,1,2025-09-18,3585.57,profit
item_8127,39,137.0,67,5343.0,9179.0,1,2025-09-18,3585.84,profit
item_8129,50,107.0,56,5350.0,5992.0,1,2025-09-18,3585.34,profit
item_8132,38,141.0,21,5358.0,2961.0,1,2025-09-18,3585.57,profit
item_8128,40,134.0,47,5360.0,6298.0,1,2025-09-18,3585.26,profit
item_8130,45,119.0,16,5355.0,1904.0,1,2025-09-18,3585.9,profit
item_8133,50,107.0,71,5350.0,7597.0,1,2025-09-18,3585.7,profit
item_8125,38,141.0,24,5358.0,3384.0,1,2025-09-18,3585.91,profit
item_8138,46,117.0,85,5382.0,9945.0,1,2025-09-19,3585.45,profit
item_8139,41,131.0,21,5371.0,2751.0,1,2025-09-19,3585.55,profit
item_8146,44,122.0,97,5368.0,11834.0,1,2025-09-19,3584.87,profit
item_8144,36,149.0,52,5364.0,7748.0,1,2025-09-19,3584.95,profit
item_8141,43,125.0,75,5375.0,9375.0,1,2025-09-19,3585.54,profit
item_8145,37,145.0,79,5365.0,11455.0,1,2025-09-19,3584.96,profit
item_8134,37,145.0,10,5365.0,1450.0,1,2025-09-19,3586.14,profit
item_8140,46,117.0,97,5382.0,11349.0,1,2025-09-19,3585.43,profit
item_8143,37,145.0,43,5365.0,6235.0,1,2025-09-19,3585.21,profit
item_8137,43,125.0,24,5375.0,3000.0,1,2025-09-19,3585.22,profit
item_8136,42,128.0,84,5376.0,10752.0,1,2025-09-19,3585.89,profit
item_8135,48,112.0,91,5376.0,10192.0,1,2025-09-19,3585.52,profit
item_8142,44,122.0,74,5368.0,9028.0,1,2025-09-19,3585.21,profit
item_8155,45,120.0,12,5400.0,1440.0,1,2025-09-20,3584.77,profit
item_8152,37,146.0,70,5402.0,10220.0,1,2025-09-20,3585.11,profit
item_8151,37,146.0,41,5402.0,5986.0,1,2025-09-20,3584.98,profit
item_8153,49,110.0,94,5390.0,10340.0,1,2025-09-20,3584.99,profit
item_8147,45,120.0,96,5400.0,11520.0,1,2025-09-20,3585.12,profit
item_8154,40,135.0,90,5400.0,12150.0,1,2025-09-20,3585.54,profit
item_8150,38,142.0,21,5396.0,2982.0,1,2025-09-20,3584.31,profit
item_8157,40,135.0,77,5400.0,10395.0,1,2025-09-20,3585.67,profit
item_8149,36,150.0,93,5400.0,13950.0,1,2025-09-20,3585.03,profit
item_8148,45,120.0,81,5400.0,9720.0,1,2025-09-20,3585.04,profit
item_8156,49,110.0,89,5390.0,9790.0,1,2025-09-20,3585.47,profit
item_8166,43,126.0,90,5418.0,11340.0,1,2025-09-21,3585.14,profit
item_8161,39,139.0,62,5421.0,8618.0,1,2025-09-21,3585.78,profit
item_8159,44,123.0,83,5412.0,10209.0,1,2025-09-21,3585.12,profit
item_8163,44,123.0,58,5412.0,7134.0,1,2025-09-21,3585.76,profit
item_8164,47,115.0,85,5405.0,9775.0,1,2025-09-21,3585.71,profit
item_8160,48,113.0,13,5424.0,1469.0,1,2025-09-21,3585.34,profit
item_8158,39,139.0,31,5421.0,4309.0,1,2025-09-21,3584.95,profit
item_8162,44,123.0,23,5412.0,2829.0,1,2025-09-21,3585.29,profit
item_8165,42,129.0,83,5418.0,10707.0,1,2025-09-21,3585.67,profit
item_8168,37,147.0,90,5439.0,13230.0,1,2025-09-22,3584.99,profit
item_8172,40,136.0,41,5440.0,5576.0,1,2025-09-22,3585.31,profit
item_8169,40,136.0,61,5440.0,8296.0,1,2025-09-22,3584.62,profit
item_8167,40,136.0,58,5440.0,7888.0,1,2025-09-22,3585.06,profit
item_8171,40,136.0,31,5440.0,4216.0,1,2025-09-22,3584.82,profit
item_8170,37,147.0,64,5439.0,9408.0,1,2025-09-22,3584.99,profit
item_8175,44,124.0,71,5456.0,8804.0,1,2025-09-23,3586.06,profit
item_8183,44,124.0,99,5456.0,12276.0,1,2025-09-23,3585.48,profit
item_8178,47,116.0,90,5452.0,10440.0,1,2025-09-23,3585.44,profit
item_8174,47,116.0,10,5452.0,1160.0,1,2025-09-23,3585.42,profit
item_8184,41,133.0,51,5453.0,6783.0,1,2025-09-23,3585.11,profit
item_8173,39,140.0,44,5460.0,6160.0,1,2025-09-23,3585.45,profit
item_8177,44,124.0,50,5456.0,6200.0,1,2025-09-23,3585.32,profit
item_8181,39,140.0,84,5460.0,11760.0,1,2025-09-23,3585.29,profit
item_8185,44,124.0,25,5456.0,3100.0,1,2025-09-23,3585.04,profit
item_8176,42,130.0,84,5460.0,10920.0,1,2025-09-23,3585.76,profit
item_8182,47,116.0,64,5452.0,7424.0,1,2025-09-23,3584.95,profit
item_8179,41,133.0,60,5453.0,7980.0,1,2025-09-23,3585.48,profit
item_8180,42,130.0,54,5460.0,7020.0,1,2025-09-23,3585.1,profit
item_8191,37,148.0,48,5476.0,7104.0,1,2025-09-24,3585.14,profit
item_8187,38,144.0,74,5472.0,10656.0,1,2025-09-24,3585.14,profit
item_8192,48,114.0,14,5472.0,1596.0,1,2025-09-24,3585.16,profit
item_8186,38,144.0,64,5472.0,9216.0,1,2025-09-24,3585.55,profit
item_8190,38,144.0,28,5472.0,4032.0,1,2025-09-24,3584.98,profit
item_8189,40,137.0,84,5480.0,11508.0,1,2025-09-24,3585.01,profit
item_8188,38,144.0,53,5472.0,7632.0,1,2025-09-24,3584.96,profit
item_8199,50,110.0,25,5500.0,2750.0,1,2025-09-25,3585.31,profit
item_8198,39,141.0,45,5499.0,6345.0,1,2025-09-25,3585.8,profit
item_8193,41,134.0,54,5494.0,7236.0,1,2025-09-25,3586.02,profit
item_8201,44,125.0,79,5500.0,9875.0,1,2025-09-25,3585.99,profit
item_8194,50,110.0,19,5500.0,2090.0,1,2025-09-25,3585.6,profit
item_8202,47,117.0,53,5499.0,6201.0,1,2025-09-25,3585.5,profit
item_8195,50,110.0,31,5500.0,3410.0,1,2025-09-25,3586.15,profit
item_8200,49,112.0,49,5488.0,5488.0,1,2025-09-25,3586.03,profit
item_8196,47,117.0,59,5499.0,6903.0,1,2025-09-25,3586.2,profit
item_8197,47,117.0,53,5499.0,6201.0,1,2025-09-25,3585.92,profit
item_8205,40,138.0,29,5520.0,4002.0,1,2025-09-26,3585.72,profit
item_8203,37,149.0,23,5513.0,3427.0,1,2025-09-26,3585.64,profit
item_8204,46,120.0,75,5520.0,9000.0,1,2025-09-26,3585.27,profit
item_8206,40,138.0,83,5520.0,11454.0,1,2025-09-26,3585.45,profit
item_8212,39,142.0,33,5538.0,4686.0,1,2025-09-27,3585.31,profit
item_8208,39,142.0,72,5538.0,10224.0,1,2025-09-27,3585.55,profit
item_8210,42,132.0,89,5544.0,11748.0,1,2025-09-27,3585.39,profit
item_8211,39,142.0,24,5538.0,3408.0,1,2025-09-27,3585.33,profit
item_8207,44,126.0,37,5544.0,4662.0,1,2025-09-27,3585.2,profit
item_8213,42,132.0,18,5544.0,2376.0,1,2025-09-27,3585.45,profit
item_8209,39,142.0,17,5538.0,2414.0,1,2025-09-27,3585.1,profit
item_8227,38,146.0,27,5548.0,3942.0,1,2025-09-28,3585.64,profit
item_8216,37,150.0,66,5550.0,9900.0,1,2025-09-28,3585.33,profit
item_8215,40,139.0,31,5560.0,4309.0,1,2025-09-28,3585.89,profit
item_8223,40,139.0,82,5560.0,11398.0,1,2025-09-28,3584.71,profit
item_8219,46,121.0,18,5566.0,2178.0,1,2025-09-28,3584.96,profit
item_8231,48,116.0,13,5568.0,1508.0,1,2025-09-28,3585.2,profit
item_8230,37,150.0,19,5550.0,2850.0,1,2025-09-28,3584.98,profit
item_8222,37,150.0,86,5550.0,12900.0,1,2025-09-28,3585.26,profit
item_8224,50,111.0,78,5550.0,8658.0,1,2025-09-28,3584.79,profit
item_8221,40,139.0,74,5560.0,10286.0,1,2025-09-28,3585.36,profit
item_8225,38,146.0,20,5548.0,2920.0,1,2025-09-28,3585.42,profit
item_8218,40,139.0,70,5560.0,9730.0,1,2025-09-28,3585.68,profit
item_8217,50,111.0,75,5550.0,8325.0,1,2025-09-28,3585.0,profit
item_8214,50,111.0,97,5550.0,10767.0,1,2025-09-28,3585.77,profit
item_8226,46,121.0,55,5566.0,6655.0,1,2025-09-28,3585.07,profit
item_8220,38,146.0,26,5548.0,3796.0,1,2025-09-28,3585.57,profit
item_8232,38,146.0,53,5548.0,7738.0,1,2025-09-28,3586.03,profit
item_8228,50,111.0,70,5550.0,7770.0,1,2025-09-28,3585.31,profit
item_8229,38,146.0,69,5548.0,10074.0,1,2025-09-28,3585.89,profit
item_8243,38,147.0,17,5586.0,2499.0,1,2025-09-29,3585.69,profit
item_8242,49,114.0,79,5586.0,9006.0,1,2025-09-29,3585.34,profit
item_8236,38,147.0,76,5586.0,11172.0,1,2025-09-29,3584.93,profit
item_8237,49,114.0,89,5586.0,10146.0,1,2025-09-29,3584.78,profit
item_8233,44,127.0,79,5588.0,10033.0,1,2025-09-29,3585.39,profit
item_8234,45,124.0,54,5580.0,6696.0,1,2025-09-29,3585.49,profit
item_8239,39,143.0,29,5577.0,4147.0,1,2025-09-29,3585.37,profit
item_8238,49,114.0,69,5586.0,7866.0,1,2025-09-29,3585.38,profit
item_8245,49,114.0,43,5586.0,4902.0,1,2025-09-29,3585.61,profit
item_8241,42,133.0,22,5586.0,2926.0,1,2025-09-29,3585.22,profit
item_8244,45,124.0,69,5580.0,8556.0,1,2025-09-29,3585.29,profit
item_8235,38,147.0,68,5586.0,9996.0,1,2025-09-29,3585.47,profit
item_8240,44,127.0,94,5588.0,11938.0,1,2025-09-29,3585.1,profit
item_8247,40,140.0,93,5600.0,13020.0,1,2025-09-30,3585.12,profit
item_8246,40,140.0,76,5600.0,10640.0,1,2025-09-30,3585.83,profit
item_8252,45,125.0,24,5625.0,3000.0,1,2025-10-01,3585.18,profit
item_8256,45,125.0,77,5625.0,9625.0,1,2025-10-01,3584.97,profit
item_8257,45,125.0,28,5625.0,3500.0,1,2025-10-01,3585.13,profit
item_8249,48,117.0,52,5616.0,6084.0,1,2025-10-01,3585.39,profit
item_8248,45,125.0,27,5625.0,3375.0,1,2025-10-01,3584.83,profit
item_8251,42,134.0,69,5628.0,9246.0,1,2025-10-01,3585.08,profit
item_8250,39,144.0,69,5616.0,9936.0,1,2025-10-01,3585.71,profit
item_8255,42,134.0,87,5628.0,11658.0,1,2025-10-01,3585.47,profit
item_8253,45,125.0,96,5625.0,12000.0,1,2025-10-01,3585.56,profit
item_8254,48,117.0,58,5616.0,6786.0,1,2025-10-01,3585.34,profit
item_8258,40,141.0,16,5640.0,2256.0,1,2025-10-02,3585.41,profit
item_8259,40,141.0,74,5640.0,10434.0,1,2025-10-02,3585.47,profit
item_8263,44,128.0,66,5632.0,8448.0,1,2025-10-02,3585.45,profit
item_8262,43,131.0,63,5633.0,8253.0,1,2025-10-02,3585.81,profit
item_8261,49,115.0,34,5635.0,3910.0,1,2025-10-02,3585.36,profit
item_8260,43,131.0,62,5633.0,8122.0,1,2025-10-02,3585.26,profit
item_8264,44,128.0,20,5632.0,2560.0,1,2025-10-02,3585.42,profit
item_8266,38,149.0,92,5662.0,13708.0,1,2025-10-03,3585.11,profit
item_8268,41,138.0,41,5658.0,5658.0,1,2025-10-03,3584.99,profit
item_8267,41,138.0,60,5658.0,8280.0,1,2025-10-03,3584.75,profit
item_8265,38,149.0,68,5662.0,10132.0,1,2025-10-03,3585.62,profit
item_8274,47,121.0,52,5687.0,6292.0,1,2025-10-04,3585.6,profit
item_8277,40,142.0,64,5680.0,9088.0,1,2025-10-04,3585.3,profit
item_8276,44,129.0,70,5676.0,9030.0,1,2025-10-04,3585.13,profit
item_8271,44,129.0,71,5676.0,9159.0,1,2025-10-04,3585.52,profit
item_8272,49,116.0,43,5684.0,4988.0,1,2025-10-04,3585.16,profit
item_8270,49,116.0,85,5684.0,9860.0,1,2025-10-04,3585.7,profit
item_8273,47,121.0,51,5687.0,6171.0,1,2025-10-04,3585.58,profit
item_8275,40,142.0,65,5680.0,9230.0,1,2025-10-04,3585.64,profit
item_8269,49,116.0,60,5684.0,6960.0,1,2025-10-04,3585.18,profit
item_8282,41,139.0,80,5699.0,11120.0,1,2025-10-05,3585.49,profit
item_8279,38,150.0,48,5700.0,7200.0,1,2025-10-05,3585.69,profit
item_8280,46,124.0,30,5704.0,3720.0,1,2025-10-05,3585.06,profit
item_8278,50,114.0,49,5700.0,5586.0,1,2025-10-05,3584.99,profit
item_8281,42,136.0,49,5712.0,6664.0,1,2025-10-05,3585.72,profit
item_8289,43,133.0,77,5719.0,10241.0,1,2025-10-06,3584.89,profit
item_8291,40,143.0,92,5720.0,13156.0,1,2025-10-06,3584.94,profit
item_8283,44,130.0,38,5720.0,4940.0,1,2025-10-06,3585.19,profit
item_8286,45,127.0,73,5715.0,9271.0,1,2025-10-06,3585.52,profit
item_8284,40,143.0,47,5720.0,6721.0,1,2025-10-06,3585.44,profit
item_8285,40,143.0,12,5720.0,1716.0,1,2025-10-06,3585.26,profit
item_8288,40,143.0,90,5720.0,12870.0,1,2025-10-06,3585.5,profit
item_8287,45,127.0,57,5715.0,7239.0,1,2025-10-06,3585.61,profit
item_8290,44,130.0,91,5720.0,11830.0,1,2025-10-06,3585.01,profit
item_8294,49,117.0,97,5733.0,11349.0,1,2025-10-07,3584.55,profit
item_8296,46,125.0,36,5750.0,4500.0,1,2025-10-07,3585.33,profit
item_8293,39,147.0,93,5733.0,13671.0,1,2025-10-07,3585.37,profit
item_8292,50,115.0,56,5750.0,6440.0,1,2025-10-07,3584.56,profit
item_8295,50,115.0,60,5750.0,6900.0,1,2025-10-07,3585.17,profit
item_8297,47,122.0,82,5734.0,10004.0,1,2025-10-07,3585.39,profit
item_8298,47,122.0,18,5734.0,2196.0,1,2025-10-07,3585.41,profit
item_8301,43,134.0,19,5762.0,2546.0,1,2025-10-08,3585.07,profit
item_8305,43,134.0,15,5762.0,2010.0,1,2025-10-08,3585.37,profit
item_8303,44,131.0,87,5764.0,11397.0,1,2025-10-08,3585.49,profit
item_8308,40,144.0,16,5760.0,2304.0,1,2025-10-08,3585.37,profit
item_8300,45,128.0,96,5760.0,12288.0,1,2025-10-08,3584.98,profit
item_8306,42,137.0,81,5754.0,11097.0,1,2025-10-08,3585.58,profit
item_8304,44,131.0,43,5764.0,5633.0,1,2025-10-08,3585.31,profit
item_8309,44,131.0,68,5764.0,8908.0,1,2025-10-08,3585.44,profit
item_8299,40,144.0,89,5760.0,12816.0,1,2025-10-08,3585.64,profit
item_8302,43,134.0,38,5762.0,5092.0,1,2025-10-08,3585.25,profit
item_8307,43,134.0,43,5762.0,5762.0,1,2025-10-08,3585.3,profit
item_8312,47,123.0,27,5781.0,3321.0,1,2025-10-09,3585.62,profit
item_8313,41,141.0,12,5781.0,1692.0,1,2025-10-09,3585.69,profit
item_8311,49,118.0,51,5782.0,6018.0,1,2025-10-09,3585.12,profit
item_8310,41,141.0,73,5781.0,10293.0,1,2025-10-09,3585.54,profit
item_8322,50,116.0,36,5800.0,4176.0,1,2025-10-10,3585.37,profit
item_8320,40,145.0,37,5800.0,5365.0,1,2025-10-10,3585.38,profit
item_8323,50,116.0,45,5800.0,5220.0,1,2025-10-10,3585.78,profit
item_8324,48,121.0,97,5808.0,11737.0,1,2025-10-10,3585.84,profit
item_8325,50,116.0,70,5800.0,8120.0,1,2025-10-10,3585.46,profit
item_8315,45,129.0,19,5805.0,2451.0,1,2025-10-10,3586.11,profit
item_8314,48,121.0,26,5808.0,3146.0,1,2025-10-10,3585.65,profit
item_8318,45,129.0,54,5805.0,6966.0,1,2025-10-10,3585.58,profit
item_8317,44,132.0,82,5808.0,10824.0,1,2025-10-10,3585.64,profit
item_8321,44,132.0,78,5808.0,10296.0,1,2025-10-10,3585.31,profit
item_8319,43,135.0,54,5805.0,7290.0,1,2025-10-10,3585.52,profit
item_8316,39,149.0,32,5811.0,4768.0,1,2025-10-10,3586.03,profit
item_8326,43,135.0,43,5805.0,5805.0,1,2025-10-10,3585.47,profit
item_8330,41,142.0,66,5822.0,9372.0,1,2025-10-11,3584.67,profit
item_8329,41,142.0,95,5822.0,13490.0,1,2025-10-11,3584.87,profit
item_8328,41,142.0,63,5822.0,8946.0,1,2025-10-11,3584.8,profit
item_8327,41,142.0,100,5822.0,14200.0,1,2025-10-11,3585.23,profit
item_8335,43,136.0,33,5848.0,4488.0,1,2025-10-12,3585.48,profit
item_8331,39,150.0,34,5850.0,5100.0,1,2025-10-12,3584.74,profit
item_8336,42,139.0,40,5838.0,5560.0,1,2025-10-12,3585.52,profit
item_8334,46,127.0,19,5842.0,2413.0,1,2025-10-12,3585.3,profit
item_8333,46,127.0,100,5842.0,12700.0,1,2025-10-12,3585.4,profit
item_8337,39,150.0,45,5850.0,6750.0,1,2025-10-12,3585.48,profit
item_8332,42,139.0,30,5838.0,4170.0,1,2025-10-12,3584.93,profit
item_8338,41,143.0,31,5863.0,4433.0,1,2025-10-13,3585.23,profit
item_8341,41,143.0,53,5863.0,7579.0,1,2025-10-13,3585.49,profit
item_8340,47,125.0,39,5875.0,4875.0,1,2025-10-13,3585.5,profit
item_8339,47,125.0,86,5875.0,10750.0,1,2025-10-13,3585.45,profit
item_8342,45,131.0,28,5895.0,3668.0,1,2025-10-14,3585.14,profit
item_8348,46,128.0,98,5888.0,12544.0,1,2025-10-14,3585.53,profit
item_8350,42,140.0,13,5880.0,1820.0,1,2025-10-14,3585.42,profit
item_8345,45,131.0,83,5895.0,10873.0,1,2025-10-14,3585.41,profit
item_8343,44,134.0,35,5896.0,4690.0,1,2025-10-14,3585.55,profit
item_8346,42,140.0,35,5880.0,4900.0,1,2025-10-14,3585.28,profit
item_8347,43,137.0,24,5891.0,3288.0,1,2025-10-14,3585.24,profit
item_8349,44,134.0,24,5896.0,3216.0,1,2025-10-14,3585.39,profit
item_8344,43,137.0,63,5891.0,8631.0,1,2025-10-14,3585.6,profit
item_8351,41,144.0,100,5904.0,14400.0,1,2025-10-15,3585.62,profit
item_8354,50,118.0,76,5900.0,8968.0,1,2025-10-15,3585.7,profit
item_8356,50,118.0,33,5900.0,3894.0,1,2025-10-15,3585.39,profit
item_8353,48,123.0,10,5904.0,1230.0,1,2025-10-15,3585.54,profit
item_8355,48,123.0,88,5904.0,10824.0,1,2025-10-15,3585.77,profit
item_8352,50,118.0,69,5900.0,8142.0,1,2025-10-15,3585.09,profit
item_8363,46,129.0,14,5934.0,1806.0,1,2025-10-16,3585.68,profit
item_8362,43,138.0,15,5934.0,2070.0,1,2025-10-16,3585.43,profit
item_8361,42,141.0,46,5922.0,6486.0,1,2025-10-16,3585.63,profit
item_8360,47,126.0,12,5922.0,1512.0,1,2025-10-16,3585.3,profit
item_8357,43,138.0,67,5934.0,9246.0,1,2025-10-16,3585.63,profit
item_8358,49,121.0,60,5929.0,7260.0,1,2025-10-16,3585.2,profit
item_8359,46,129.0,67,5934.0,8643.0,1,2025-10-16,3585.55,profit
item_8364,50,119.0,80,5950.0,9520.0,1,2025-10-17,3585.95,profit
item_8367,44,135.0,70,5940.0,9450.0,1,2025-10-17,3585.66,profit
item_8368,50,119.0,13,5950.0,1547.0,1,2025-10-17,3585.24,profit
item_8366,50,119.0,47,5950.0,5593.0,1,2025-10-17,3585.31,profit
item_8365,44,135.0,65,5940.0,8775.0,1,2025-10-17,3585.89,profit
item_8369,45,132.0,29,5940.0,3828.0,1,2025-10-17,3585.81,profit
item_8375,47,127.0,96,5969.0,12192.0,1,2025-10-18,3585.26,profit
item_8370,49,122.0,37,5978.0,4514.0,1,2025-10-18,3585.71,profit
item_8372,42,142.0,45,5964.0,6390.0,1,2025-10-18,3585.15,profit
item_8373,49,122.0,13,5978.0,1586.0,1,2025-10-18,3585.3,profit
item_8374,42,142.0,80,5964.0,11360.0,1,2025-10-18,3585.9,profit
item_8371,40,149.0,68,5960.0,10132.0,1,2025-10-18,3585.94,profit
item_8382,44,136.0,35,5984.0,4760.0,1,2025-10-19,3585.34,profit
item_8379,44,136.0,73,5984.0,9928.0,1,2025-10-19,3585.52,profit
item_8381,44,136.0,58,5984.0,7888.0,1,2025-10-19,3585.68,profit
item_8378,46,130.0,74,5980.0,9620.0,1,2025-10-19,3585.6,profit
item_8383,40,150.0,72,6000.0,10800.0,1,2025-10-19,3585.46,profit
item_8380,50,120.0,34,6000.0,4080.0,1,2025-10-19,3585.21,profit
item_8376,45,133.0,43,5985.0,5719.0,1,2025-10-19,3585.22,profit
item_8377,45,133.0,10,5985.0,1330.0,1,2025-10-19,3585.21,profit
item_8384,43,140.0,31,6020.0,4340.0,1,2025-10-20,3585.02,profit
item_8385,47,128.0,18,6016.0,2304.0,1,2025-10-20,3585.36,profit
item_8386,43,140.0,54,6020.0,7560.0,1,2025-10-20,3585.77,profit
item_8387,47,128.0,20,6016.0,2560.0,1,2025-10-20,3585.48,profit
item_8388,41,147.0,43,6027.0,6321.0,1,2025-10-21,3585.8,profit
item_8390,46,131.0,38,6026.0,4978.0,1,2025-10-21,3585.54,profit
item_8389,49,123.0,88,6027.0,10824.0,1,2025-10-21,3585.4,profit
item_8391,42,144.0,61,6048.0,8784.0,1,2025-10-22,3585.4,profit
item_8400,44,138.0,36,6072.0,4968.0,1,2025-10-23,3585.47,profit
item_8394,44,138.0,66,6072.0,9108.0,1,2025-10-23,3585.21,profit
item_8398,49,124.0,82,6076.0,10168.0,1,2025-10-23,3584.88,profit
item_8392,43,141.0,33,6063.0,4653.0,1,2025-10-23,3585.11,profit
item_8395,44,138.0,99,6072.0,13662.0,1,2025-10-23,3585.25,profit
item_8393,41,148.0,52,6068.0,7696.0,1,2025-10-23,3585.35,profit
item_8399,47,129.0,24,6063.0,3096.0,1,2025-10-23,3585.34,profit
item_8397,41,148.0,35,6068.0,5180.0,1,2025-10-23,3584.79,profit
item_8396,44,138.0,81,6072.0,11178.0,1,2025-10-23,3584.89,profit
item_8402,48,127.0,26,6096.0,3302.0,1,2025-10-24,3585.5,profit
item_8401,48,127.0,78,6096.0,9906.0,1,2025-10-24,3585.47,profit
item_8405,44,139.0,22,6116.0,3058.0,1,2025-10-25,3584.99,profit
item_8404,41,149.0,84,6109.0,12516.0,1,2025-10-25,3585.59,profit
item_8411,44,139.0,40,6116.0,5560.0,1,2025-10-25,3585.08,profit
item_8410,44,139.0,36,6116.0,5004.0,1,2025-10-25,3585.04,profit
item_8408,41,149.0,60,6109.0,8940.0,1,2025-10-25,3585.46,profit
item_8406,43,142.0,25,6106.0,3550.0,1,2025-10-25,3585.38,profit
item_8412,46,133.0,60,6118.0,7980.0,1,2025-10-25,3585.28,profit
item_8407,47,130.0,90,6110.0,11700.0,1,2025-10-25,3585.52,profit
item_8409,47,130.0,98,6110.0,12740.0,1,2025-10-25,3584.93,profit
item_8403,45,136.0,35,6120.0,4760.0,1,2025-10-25,3585.61,profit
item_8413,49,125.0,52,6125.0,6500.0,1,2025-10-26,3585.39,profit
item_8418,47,131.0,32,6157.0,4192.0,1,2025-10-27,3585.34,profit
item_8420,44,140.0,26,6160.0,3640.0,1,2025-10-27,3585.34,profit
item_8421,48,128.0,64,6144.0,8192.0,1,2025-10-27,3585.57,profit
item_8424,46,134.0,30,6164.0,4020.0,1,2025-10-27,3585.3,profit
item_8416,44,140.0,50,6160.0,7000.0,1,2025-10-27,3585.38,profit
item_8417,48,128.0,79,6144.0,10112.0,1,2025-10-27,3585.24,profit
item_8422,41,150.0,46,6150.0,6900.0,1,2025-10-27,3585.66,profit
item_8414,41,150.0,29,6150.0,4350.0,1,2025-10-27,3585.52,profit
item_8419,43,143.0,40,6149.0,5720.0,1,2025-10-27,3585.45,profit
item_8415,46,134.0,73,6164.0,9782.0,1,2025-10-27,3585.22,profit
item_8425,41,150.0,45,6150.0,6750.0,1,2025-10-27,3585.4,profit
item_8423,47,131.0,88,6157.0,11528.0,1,2025-10-27,3585.2,profit
item_8431,49,126.0,66,6174.0,8316.0,1,2025-10-28,3585.45,profit
item_8426,45,137.0,66,6165.0,9042.0,1,2025-10-28,3585.17,profit
item_8430,49,126.0,34,6174.0,4284.0,1,2025-10-28,3584.98,profit
item_8428,42,147.0,69,6174.0,10143.0,1,2025-10-28,3585.06,profit
item_8429,45,137.0,72,6165.0,9864.0,1,2025-10-28,3584.78,profit
item_8427,45,137.0,83,6165.0,11371.0,1,2025-10-28,3585.29,profit
item_8435,47,132.0,85,6204.0,11220.0,1,2025-10-29,3585.47,profit
item_8433,43,144.0,35,6192.0,5040.0,1,2025-10-29,3585.52,profit
item_8436,50,124.0,64,6200.0,7936.0,1,2025-10-29,3585.06,profit
item_8437,50,124.0,95,6200.0,11780.0,1,2025-10-29,3585.29,profit
item_8439,50,124.0,87,6200.0,10788.0,1,2025-10-29,3585.1,profit
item_8434,50,124.0,100,6200.0,12400.0,1,2025-10-29,3585.43,profit
item_8438,50,124.0,84,6200.0,10416.0,1,2025-10-29,3585.16,profit
item_8432,47,132.0,28,6204.0,3696.0,1,2025-10-29,3585.45,profit
item_8440,45,138.0,73,6210.0,10074.0,1,2025-10-30,3585.04,profit
item_8442,45,138.0,62,6210.0,8556.0,1,2025-10-30,3585.24,profit
item_8441,46,135.0,26,6210.0,3510.0,1,2025-10-30,3584.8,profit
item_8443,49,127.0,79,6223.0,10033.0,1,2025-10-30,3585.23,profit
item_8444,48,130.0,35,6240.0,4550.0,1,2025-10-31,3585.32,profit
item_8445,43,145.0,53,6235.0,7685.0,1,2025-10-31,3585.42,profit
item_8446,43,145.0,63,6235.0,9135.0,1,2025-10-31,3585.17,profit
item_8448,48,130.0,22,6240.0,2860.0,1,2025-10-31,3585.18,profit
item_8447,48,130.0,86,6240.0,11180.0,1,2025-10-31,3585.1,profit
item_8453,46,136.0,45,6256.0,6120.0,1,2025-11-01,3585.21,profit
item_8451,47,133.0,59,6251.0,7847.0,1,2025-11-01,3585.62,profit
item_8449,45,139.0,60,6255.0,8340.0,1,2025-11-01,3585.44,profit
item_8450,47,133.0,24,6251.0,3192.0,1,2025-11-01,3585.29,profit
item_8452,45,139.0,75,6255.0,10425.0,1,2025-11-01,3585.54,profit
item_8456,43,146.0,49,6278.0,7154.0,1,2025-11-02,3584.9,profit
item_8454,43,146.0,99,6278.0,14454.0,1,2025-11-02,3585.31,profit
item_8455,43,146.0,55,6278.0,8030.0,1,2025-11-02,3584.78,profit
item_8457,43,146.0,54,6278.0,7884.0,1,2025-11-02,3585.05,profit
item_8462,50,126.0,52,6300.0,6552.0,1,2025-11-03,3585.25,profit
item_8460,45,140.0,88,6300.0,12320.0,1,2025-11-03,3585.64,profit
item_8463,45,140.0,76,6300.0,10640.0,1,2025-11-03,3585.46,profit
item_8458,44,143.0,24,6292.0,3432.0,1,2025-11-03,3585.11,profit
item_8461,48,131.0,65,6288.0,8515.0,1,2025-11-03,3585.13,profit
item_8464,50,126.0,100,6300.0,12600.0,1,2025-11-03,3585.09,profit
item_8465,42,150.0,87,6300.0,13050.0,1,2025-11-03,3585.16,profit
item_8459,48,131.0,49,6288.0,6419.0,1,2025-11-03,3585.4,profit
item_8470,44,144.0,96,6336.0,13824.0,1,2025-11-05,3585.27,profit
item_8468,46,138.0,81,6348.0,11178.0,1,2025-11-05,3585.24,profit
item_8469,48,132.0,53,6336.0,6996.0,1,2025-11-05,3585.12,profit
item_8467,45,141.0,54,6345.0,7614.0,1,2025-11-05,3585.23,profit
item_8472,47,135.0,56,6345.0,7560.0,1,2025-11-05,3584.66,profit
item_8471,44,144.0,85,6336.0,12240.0,1,2025-11-05,3584.75,profit
item_8466,47,135.0,24,6345.0,3240.0,1,2025-11-05,3584.48,profit
item_8473,50,127.0,25,6350.0,3175.0,1,2025-11-06,3585.02,profit
item_8475,45,142.0,10,6390.0,1420.0,1,2025-11-07,3585.24,profit
item_8474,49,130.0,98,6370.0,12740.0,1,2025-11-07,3585.5,profit
item_8476,45,142.0,22,6390.0,3124.0,1,2025-11-07,3585.33,profit
item_8482,47,136.0,95,6392.0,12920.0,1,2025-11-08,3585.56,profit
item_8478,46,139.0,19,6394.0,2641.0,1,2025-11-08,3585.29,profit
item_8479,50,128.0,74,6400.0,9472.0,1,2025-11-08,3585.43,profit
item_8481,50,128.0,12,6400.0,1536.0,1,2025-11-08,3585.02,profit
item_8477,47,136.0,95,6392.0,12920.0,1,2025-11-08,3585.58,profit
item_8480,46,139.0,88,6394.0,12232.0,1,2025-11-08,3585.52,profit
item_8483,49,131.0,60,6419.0,7860.0,1,2025-11-09,3585.17,profit
item_8484,44,146.0,96,6424.0,14016.0,1,2025-11-09,3585.28,profit
item_8490,46,140.0,86,6440.0,12040.0,1,2025-11-10,3585.19,profit
item_8486,48,134.0,20,6432.0,2680.0,1,2025-11-10,3584.87,profit
item_8488,45,143.0,75,6435.0,10725.0,1,2025-11-10,3585.67,profit
item_8485,47,137.0,76,6439.0,10412.0,1,2025-11-10,3584.67,profit
item_8489,45,143.0,61,6435.0,8723.0,1,2025-11-10,3585.3,profit
item_8487,48,134.0,19,6432.0,2546.0,1,2025-11-10,3585.32,profit
item_8491,49,132.0,57,6468.0,7524.0,1,2025-11-11,3585.0,profit
item_8492,44,147.0,61,6468.0,8967.0,1,2025-11-11,3585.24,profit
item_8494,46,141.0,18,6486.0,2538.0,1,2025-11-12,3584.94,profit
item_8499,46,141.0,87,6486.0,12267.0,1,2025-11-12,3585.32,profit
item_8498,46,141.0,27,6486.0,3807.0,1,2025-11-12,3585.04,profit
item_8493,46,141.0,86,6486.0,12126.0,1,2025-11-12,3584.98,profit
item_8497,46,141.0,61,6486.0,8601.0,1,2025-11-12,3585.05,profit
item_8496,47,138.0,67,6486.0,9246.0,1,2025-11-12,3584.99,profit
item_8500,48,135.0,56,6480.0,7560.0,1,2025-11-12,3585.1,profit
item_8495,46,141.0,97,6486.0,13677.0,1,2025-11-12,3585.28,profit
item_8501,44,148.0,28,6512.0,4144.0,1,2025-11-13,3585.22,profit
item_8503,50,130.0,91,6500.0,11830.0,1,2025-11-13,3585.43,profit
item_8502,50,130.0,75,6500.0,9750.0,1,2025-11-13,3585.2,profit
item_8505,45,145.0,76,6525.0,11020.0,1,2025-11-14,3584.91,profit
item_8509,47,139.0,12,6533.0,1668.0,1,2025-11-14,3585.35,profit
item_8510,47,139.0,33,6533.0,4587.0,1,2025-11-14,3585.59,profit
item_8504,48,136.0,79,6528.0,10744.0,1,2025-11-14,3585.17,profit
item_8507,46,142.0,93,6532.0,13206.0,1,2025-11-14,3585.07,profit
item_8508,49,133.0,32,6517.0,4256.0,1,2025-11-14,3584.9,profit
item_8506,45,145.0,35,6525.0,5075.0,1,2025-11-14,3584.73,profit
item_8514,49,134.0,12,6566.0,1608.0,1,2025-11-16,3585.29,profit
item_8512,45,146.0,44,6570.0,6424.0,1,2025-11-16,3585.64,profit
item_8513,45,146.0,67,6570.0,9782.0,1,2025-11-16,3585.57,profit
item_8518,45,146.0,45,6570.0,6570.0,1,2025-11-16,3585.64,profit
item_8511,44,149.0,20,6556.0,2980.0,1,2025-11-16,3585.69,profit
item_8515,45,146.0,49,6570.0,7154.0,1,2025-11-16,3585.7,profit
item_8516,45,146.0,26,6570.0,3796.0,1,2025-11-16,3585.43,profit
item_8517,44,149.0,19,6556.0,2831.0,1,2025-11-16,3585.55,profit
item_8519,48,137.0,49,6576.0,6713.0,1,2025-11-17,3585.59,profit
item_8520,46,143.0,17,6578.0,2431.0,1,2025-11-17,3585.63,profit
item_8524,45,147.0,82,6615.0,12054.0,1,2025-11-18,3585.48,profit
item_8525,49,135.0,25,6615.0,3375.0,1,2025-11-18,3584.92,profit
item_8521,49,135.0,22,6615.0,2970.0,1,2025-11-18,3585.64,profit
item_8526,45,147.0,63,6615.0,9261.0,1,2025-11-18,3585.41,profit
item_8522,44,150.0,35,6600.0,5250.0,1,2025-11-18,3585.9,profit
item_8527,50,132.0,15,6600.0,1980.0,1,2025-11-18,3585.14,profit
item_8523,49,135.0,82,6615.0,11070.0,1,2025-11-18,3585.59,profit
item_8530,46,144.0,66,6624.0,9504.0,1,2025-11-19,3585.51,profit
item_8531,47,141.0,98,6627.0,13818.0,1,2025-11-19,3585.32,profit
item_8532,48,138.0,97,6624.0,13386.0,1,2025-11-19,3585.0,profit
item_8528,47,141.0,85,6627.0,11985.0,1,2025-11-19,3585.69,profit
item_8529,47,141.0,11,6627.0,1551.0,1,2025-11-19,3585.25,profit
item_8533,47,141.0,32,6627.0,4512.0,1,2025-11-19,3584.79,profit
item_8536,47,142.0,55,6674.0,7810.0,1,2025-11-21,3585.57,profit
item_8535,48,139.0,10,6672.0,1390.0,1,2025-11-21,3585.2,profit
item_8534,47,142.0,48,6674.0,6816.0,1,2025-11-21,3585.05,profit
item_8537,48,139.0,37,6672.0,5143.0,1,2025-11-21,3585.44,profit
item_8539,50,134.0,39,6700.0,5226.0,1,2025-11-23,3585.74,profit
item_8540,49,137.0,19,6713.0,2603.0,1,2025-11-23,3585.75,profit
item_8544,50,134.0,37,6700.0,4958.0,1,2025-11-23,3585.28,profit
item_8546,50,134.0,54,6700.0,7236.0,1,2025-11-23,3585.39,profit
item_8538,50,134.0,14,6700.0,1876.0,1,2025-11-23,3585.47,profit
item_8542,46,146.0,53,6716.0,7738.0,1,2025-11-23,3585.74,profit
item_8543,49,137.0,82,6713.0,11234.0,1,2025-11-23,3585.52,profit
item_8545,49,137.0,48,6713.0,6576.0,1,2025-11-23,3585.41,profit
item_8541,46,146.0,15,6716.0,2190.0,1,2025-11-23,3585.77,profit
item_8549,47,143.0,50,6721.0,7150.0,1,2025-11-24,3585.58,profit
item_8548,47,143.0,19,6721.0,2717.0,1,2025-11-24,3585.37,profit
item_8547,47,143.0,35,6721.0,5005.0,1,2025-11-24,3585.44,profit
item_8550,45,150.0,82,6750.0,12300.0,1,2025-11-25,3585.49,profit
item_8551,50,135.0,68,6750.0,9180.0,1,2025-11-25,3585.0,profit
item_8552,50,135.0,76,6750.0,10260.0,1,2025-11-25,3585.22,profit
item_8556,47,144.0,57,6768.0,8208.0,1,2025-11-26,3585.09,profit
item_8555,47,144.0,51,6768.0,7344.0,1,2025-11-26,3584.96,profit
item_8557,48,141.0,92,6768.0,12972.0,1,2025-11-26,3585.12,profit
item_8553,46,147.0,63,6762.0,9261.0,1,2025-11-26,3585.12,profit
item_8554,47,144.0,64,6768.0,9216.0,1,2025-11-26,3584.89,profit
item_8558,49,138.0,63,6762.0,8694.0,1,2025-11-26,3584.94,profit
item_8559,48,141.0,97,6768.0,13677.0,1,2025-11-26,3585.02,profit
item_8560,50,136.0,42,6800.0,5712.0,1,2025-11-27,3584.76,profit
item_8564,46,148.0,64,6808.0,9472.0,1,2025-11-28,3585.45,profit
item_8561,46,148.0,26,6808.0,3848.0,1,2025-11-28,3585.12,profit
item_8563,47,145.0,32,6815.0,4640.0,1,2025-11-28,3585.36,profit
item_8562,47,145.0,36,6815.0,5220.0,1,2025-11-28,3585.2,profit
item_8565,47,145.0,62,6815.0,8990.0,1,2025-11-28,3585.17,profit
item_8571,49,140.0,59,6860.0,8260.0,1,2025-11-30,3584.78,profit
item_8567,50,137.0,14,6850.0,1918.0,1,2025-11-30,3584.73,profit
item_8570,46,149.0,98,6854.0,14602.0,1,2025-11-30,3585.26,profit
item_8566,46,149.0,87,6854.0,12963.0,1,2025-11-30,3585.11,profit
item_8569,46,149.0,68,6854.0,10132.0,1,2025-11-30,3585.64,profit
item_8572,47,146.0,81,6862.0,11826.0,1,2025-11-30,3585.02,profit
item_8568,49,140.0,12,6860.0,1680.0,1,2025-11-30,3585.34,profit
item_8574,48,143.0,12,6864.0,1716.0,1,2025-12-01,3585.01,profit
item_8573,48,143.0,50,6864.0,7150.0,1,2025-12-01,3584.79,profit
item_8575,46,150.0,54,6900.0,8100.0,1,2025-12-02,3585.41,profit
item_8576,50,138.0,98,6900.0,13524.0,1,2025-12-02,3585.27,profit
item_8577,47,147.0,49,6909.0,7203.0,1,2025-12-03,3585.1,profit
item_8579,49,141.0,99,6909.0,13959.0,1,2025-12-03,3584.94,profit
item_8578,47,147.0,72,6909.0,10584.0,1,2025-12-03,3584.99,profit
item_8581,47,148.0,25,6956.0,3700.0,1,2025-12-05,3585.06,profit
item_8580,50,139.0,47,6950.0,6533.0,1,2025-12-05,3584.81,profit
item_8582,49,142.0,36,6958.0,5112.0,1,2025-12-05,3585.24,profit
item_8583,50,139.0,56,6950.0,7784.0,1,2025-12-05,3585.51,profit
item_8584,47,149.0,85,7003.0,12665.0,1,2025-12-07,3585.48,profit
item_8588,48,146.0,89,7008.0,12994.0,1,2025-12-08,3585.27,profit
item_8587,49,143.0,52,7007.0,7436.0,1,2025-12-08,3585.27,profit
item_8585,48,146.0,40,7008.0,5840.0,1,2025-12-08,3584.94,profit
item_8586,49,143.0,51,7007.0,7293.0,1,2025-12-08,3585.15,profit
item_8593,49,144.0,87,7056.0,12528.0,1,2025-12-10,3585.41,profit
item_8598,48,147.0,72,7056.0,10584.0,1,2025-12-10,3584.86,profit
item_8595,48,147.0,86,7056.0,12642.0,1,2025-12-10,3584.9,profit
item_8594,47,150.0,65,7050.0,9750.0,1,2025-12-10,3585.14,profit
item_8599,47,150.0,73,7050.0,10950.0,1,2025-12-10,3584.76,profit
item_8590,47,150.0,69,7050.0,10350.0,1,2025-12-10,3585.17,profit
item_8591,50,141.0,23,7050.0,3243.0,1,2025-12-10,3584.92,profit
item_8592,48,147.0,36,7056.0,5292.0,1,2025-12-10,3585.4,profit
item_8596,50,141.0,54,7050.0,7614.0,1,2025-12-10,3584.76,profit
item_8589,50,141.0,38,7050.0,5358.0,1,2025-12-10,3584.9,profit
item_8597,50,141.0,92,7050.0,12972.0,1,2025-12-10,3585.01,profit
item_8605,49,145.0,91,7105.0,13195.0,1,2025-12-12,3585.13,profit
item_8603,48,148.0,56,7104.0,8288.0,1,2025-12-12,3584.63,profit
item_8604,50,142.0,49,7100.0,6958.0,1,2025-12-12,3584.79,profit
item_8602,48,148.0,93,7104.0,13764.0,1,2025-12-12,3585.03,profit
item_8601,50,142.0,88,7100.0,12496.0,1,2025-12-12,3585.22,profit
item_8600,50,142.0,27,7100.0,3834.0,1,2025-12-12,3584.7,profit
item_8606,50,143.0,77,7150.0,11011.0,1,2025-12-14,3584.86,profit
item_8607,48,149.0,75,7152.0,11175.0,1,2025-12-15,3584.83,profit
item_8610,49,146.0,80,7154.0,11680.0,1,2025-12-15,3584.91,profit
item_8608,48,149.0,42,7152.0,6258.0,1,2025-12-15,3584.69,profit
item_8609,48,149.0,68,7152.0,10132.0,1,2025-12-15,3584.96,profit
item_8612,48,150.0,78,7200.0,11700.0,1,2025-12-17,3584.91,profit
item_8613,49,147.0,35,7203.0,5145.0,1,2025-12-17,3584.76,profit
item_8611,49,147.0,58,7203.0,8526.0,1,2025-12-17,3584.84,profit
item_8615,50,145.0,95,7250.0,13775.0,1,2025-12-19,3585.45,profit
item_8616,49,148.0,60,7252.0,8880.0,1,2025-12-19,3585.11,profit
item_8614,49,148.0,13,7252.0,1924.0,1,2025-12-19,3585.11,profit
item_8617,49,149.0,97,7301.0,14453.0,1,2025-12-22,3584.99,profit
item_8618,50,146.0,74,7300.0,10804.0,1,2025-12-22,3584.66,profit
item_8620,50,147.0,68,7350.0,9996.0,1,2025-12-24,3585.08,profit
item_8619,49,150.0,23,7350.0,3450.0,1,2025-12-24,3584.72,profit
item_8621,50,148.0,41,7400.0,6068.0,1,2025-12-27,3585.1,profit
item_8624,50,149.0,70,7450.0,10430.0,1,2025-12-29,3585.14,profit
item_8623,50,149.0,60,7450.0,8940.0,1,2025-12-29,3585.21,profit
item_8622,50,149.0,55,7450.0,8195.0,1,2025-12-29,3585.23,profit
item_8625,50,150.0,17,7500.0,2550.0,1,2025-12-31,3585.01,profit
