item_id,purchase_count,price,stocks,sales,stock_value,profit_status,date,predicted_sales,predicted_profit
8624,48,128.0,79,6144.0,10112.0,1,2025-10-27,3585.24,profit
8623,31,34.0,90,1054.0,3060.0,1,2025-02-21,3587.32,profit
8622,42,36.0,75,1512.0,2700.0,1,2025-03-15,3586.27,profit
8621,4,119.0,18,476.0,2142.0,1,2025-01-24,3586.73,profit
8620,14,23.0,41,322.0,943.0,1,2025-01-16,3586.86,profit
8619,24,60.0,93,1440.0,5580.0,1,2025-03-12,3586.3,profit
8618,50,25.0,46,1250.0,1150.0,1,2025-03-02,3586.8,profit
8617,26,65.0,54,1690.0,3510.0,1,2025-03-24,3586.11,profit
8616,34,56.0,41,1904.0,2296.0,1,2025-04-03,3585.86,profit
8615,26,31.0,37,806.0,1147.0,1,2025-02-09,3585.36,profit
8614,40,139.0,31,5560.0,4309.0,1,2025-09-28,3585.89,profit
8613,5,139.0,46,695.0,6394.0,1,2025-02-03,3585.88,profit
8612,8,71.0,23,568.0,1633.0,1,2025-01-28,3586.66,profit
8611,44,129.0,70,5676.0,9030.0,1,2025-10-04,3585.13,profit
8610,37,125.0,49,4625.0,6125.0,1,2025-08-14,3585.77,profit
8609,13,33.0,72,429.0,2376.0,1,2025-01-21,3586.57,profit
8608,10,57.0,75,570.0,4275.0,1,2025-01-28,3586.61,profit
8607,4,52.0,25,208.0,1300.0,1,2025-01-11,3585.4,profit
8606,40,77.0,62,3080.0,4774.0,1,2025-05-30,3586.12,profit
8605,20,94.0,23,1880.0,2162.0,1,2025-04-02,3586.59,profit
8604,10,130.0,66,1300.0,8580.0,1,2025-03-05,3585.94,profit
8603,7,99.0,80,693.0,7920.0,1,2025-02-03,3586.96,profit
8602,32,45.0,11,1440.0,495.0,1,2025-03-12,3587.07,profit
8601,13,136.0,99,1768.0,13464.0,1,2025-03-28,3585.4,profit
8600,8,38.0,15,304.0,570.0,1,2025-01-15,3584.87,profit
8599,32,39.0,73,1248.0,2847.0,1,2025-03-02,3586.04,profit
8598,31,88.0,73,2728.0,6424.0,1,2025-05-13,3586.22,profit
8597,6,148.0,80,888.0,11840.0,1,2025-02-13,3585.3,profit
8596,26,81.0,78,2106.0,6318.0,1,2025-04-13,3586.93,profit
8595,22,120.0,76,2640.0,9120.0,1,2025-05-09,3584.79,profit
8594,35,130.0,59,4550.0,7670.0,1,2025-08-10,3585.86,profit
8593,41,75.0,84,3075.0,6300.0,1,2025-05-30,3585.15,profit
8592,14,23.0,25,322.0,575.0,1,2025-01-16,3586.58,profit
8591,41,18.0,23,738.0,414.0,1,2025-02-05,3585.1,profit
8590,23,148.0,60,3404.0,8880.0,1,2025-06-15,3585.87,profit
8589,22,43.0,79,946.0,3397.0,1,2025-02-16,3587.64,profit
8588,0,108.0,95,0.0,10260.0,0,2025-01-01,3585.95,profit
8587,15,26.0,10,390.0,260.0,1,2025-01-19,3587.1,profit
8586,23,53.0,63,1219.0,3339.0,1,2025-03-01,3586.04,profit
8585,4,57.0,75,228.0,4275.0,1,2025-01-12,3585.68,profit
8584,0,98.0,48,0.0,4704.0,0,2025-01-01,3584.98,profit
8583,38,67.0,67,2546.0,4489.0,1,2025-05-04,3585.33,profit
8582,46,150.0,54,6900.0,8100.0,1,2025-12-02,3585.41,profit
8581,23,67.0,17,1541.0,1139.0,1,2025-03-16,3585.19,profit
8580,11,93.0,96,1023.0,8928.0,1,2025-02-19,3586.36,profit
8579,23,137.0,86,3151.0,11782.0,1,2025-06-03,3585.66,profit
8578,3,80.0,28,240.0,2240.0,1,2025-01-12,3585.1,profit
8577,47,144.0,64,6768.0,9216.0,1,2025-11-26,3584.89,profit
8576,40,98.0,60,3920.0,5880.0,1,2025-07-10,3585.48,profit
8575,14,132.0,17,1848.0,2244.0,1,2025-03-31,3586.94,profit
8574,22,126.0,99,2772.0,12474.0,1,2025-05-15,3585.93,profit
8573,29,124.0,37,3596.0,4588.0,1,2025-06-25,3585.13,profit
8572,35,129.0,26,4515.0,3354.0,1,2025-08-08,3585.93,profit
8571,6,55.0,30,330.0,1650.0,1,2025-01-17,3585.75,profit
8570,13,144.0,37,1872.0,5328.0,1,2025-04-02,3584.5,profit
8569,32,122.0,29,3904.0,3538.0,1,2025-07-09,3584.85,profit
8568,30,53.0,70,1590.0,3710.0,1,2025-03-19,3586.67,profit
8567,45,73.0,37,3285.0,2701.0,1,2025-06-09,3585.67,profit
8566,40,49.0,97,1960.0,4753.0,1,2025-04-06,3585.8,profit
8565,21,80.0,54,1680.0,4320.0,1,2025-03-23,3585.17,profit
8564,35,127.0,76,4445.0,9652.0,1,2025-08-05,3585.74,profit
8563,8,94.0,60,752.0,5640.0,1,2025-02-06,3587.32,profit
8562,16,144.0,53,2304.0,7632.0,1,2025-04-23,3585.69,profit
8561,40,119.0,61,4760.0,7259.0,1,2025-08-20,3586.4,profit
8560,27,78.0,90,2106.0,7020.0,1,2025-04-13,3586.46,profit
8559,38,140.0,38,5320.0,5320.0,1,2025-09-16,3585.49,profit
8557,43,36.0,88,1548.0,3168.0,1,2025-03-17,3584.96,profit
8556,9,21.0,98,189.0,2058.0,1,2025-01-10,3586.4,profit
8555,23,30.0,61,690.0,1830.0,1,2025-02-03,3587.54,profit
8554,19,72.0,50,1368.0,3600.0,1,2025-03-08,3585.7,profit
8553,21,141.0,90,2961.0,12690.0,1,2025-05-25,3586.37,profit
8552,9,68.0,99,612.0,6732.0,1,2025-01-30,3585.84,profit
8551,13,81.0,35,1053.0,2835.0,1,2025-02-21,3586.54,profit
8550,21,16.0,38,336.0,608.0,1,2025-01-17,3586.99,profit
8549,44,84.0,13,3696.0,1092.0,1,2025-06-29,3585.38,profit
8548,27,113.0,99,3051.0,11187.0,1,2025-05-29,3585.76,profit
8547,38,73.0,40,2774.0,2920.0,1,2025-05-16,3585.18,profit
8546,26,59.0,36,1534.0,2124.0,1,2025-03-16,3586.44,profit
8545,49,42.0,37,2058.0,1554.0,1,2025-04-11,3587.01,profit
8544,10,90.0,46,900.0,4140.0,1,2025-02-13,3585.8,profit
8543,48,51.0,52,2448.0,2652.0,1,2025-04-30,3586.33,profit
8542,20,123.0,29,2460.0,3567.0,1,2025-04-30,3584.62,profit
8541,49,144.0,87,7056.0,12528.0,1,2025-12-10,3585.41,profit
8540,5,84.0,90,420.0,7560.0,1,2025-01-21,3587.02,profit
8539,19,74.0,61,1406.0,4514.0,1,2025-03-10,3586.6,profit
8538,39,70.0,54,2730.0,3780.0,1,2025-05-13,3586.08,profit
8537,3,147.0,25,441.0,3675.0,1,2025-01-22,3585.57,profit
8536,14,20.0,31,280.0,620.0,1,2025-01-14,3586.62,profit
8535,5,61.0,71,305.0,4331.0,1,2025-01-15,3586.8,profit
8534,22,44.0,48,968.0,2112.0,1,2025-02-17,3586.2,profit
8533,29,81.0,62,2349.0,5022.0,1,2025-04-25,3586.56,profit
8532,48,112.0,91,5376.0,10192.0,1,2025-09-19,3585.52,profit
8531,18,69.0,79,1242.0,5451.0,1,2025-03-02,3585.35,profit
8530,3,20.0,33,60.0,660.0,1,2025-01-03,3586.53,profit
8529,11,132.0,43,1452.0,5676.0,1,2025-03-12,3587.22,profit
8528,43,104.0,17,4472.0,1768.0,1,2025-08-06,3585.3,profit
8527,43,135.0,54,5805.0,7290.0,1,2025-10-10,3585.52,profit
8526,36,139.0,47,5004.0,6533.0,1,2025-09-01,3586.1,profit
8525,44,139.0,22,6116.0,3058.0,1,2025-10-25,3584.99,profit
8524,1,129.0,49,129.0,6321.0,1,2025-01-07,3586.56,profit
8523,16,137.0,92,2192.0,12604.0,1,2025-04-17,3586.57,profit
8522,15,26.0,69,390.0,1794.0,1,2025-01-19,3586.59,profit
8521,49,126.0,34,6174.0,4284.0,1,2025-10-28,3584.98,profit
8520,39,41.0,57,1599.0,2337.0,1,2025-03-19,3586.84,profit
8519,28,31.0,65,868.0,2015.0,1,2025-02-12,3587.11,profit
8518,34,79.0,30,2686.0,2370.0,1,2025-05-11,3586.34,profit
8517,39,64.0,88,2496.0,5632.0,1,2025-05-02,3586.16,profit
8516,3,81.0,28,243.0,2268.0,1,2025-01-12,3585.46,profit
8515,37,91.0,43,3367.0,3913.0,1,2025-06-13,3585.62,profit
8514,18,49.0,85,882.0,4165.0,1,2025-02-12,3586.14,profit
8513,46,96.0,29,4416.0,2784.0,1,2025-08-03,3585.84,profit
8512,31,139.0,64,4309.0,8896.0,1,2025-07-29,3586.17,profit
8511,11,37.0,34,407.0,1258.0,1,2025-01-20,3586.63,profit
8510,49,143.0,51,7007.0,7293.0,1,2025-12-08,3585.15,profit
8509,49,32.0,32,1568.0,1024.0,1,2025-03-18,3585.57,profit
8508,12,35.0,85,420.0,2975.0,1,2025-01-21,3585.73,profit
8507,44,134.0,24,5896.0,3216.0,1,2025-10-14,3585.39,profit
8506,29,33.0,51,957.0,1683.0,1,2025-02-16,3586.18,profit
8505,28,100.0,39,2800.0,3900.0,1,2025-05-17,3586.63,profit
8504,50,59.0,45,2950.0,2655.0,1,2025-05-24,3585.03,profit
8503,50,59.0,89,2950.0,5251.0,1,2025-05-24,3586.45,profit
8502,22,149.0,39,3278.0,5811.0,1,2025-06-09,3585.22,profit
8501,16,73.0,25,1168.0,1825.0,1,2025-02-26,3585.43,profit
8500,41,99.0,75,4059.0,7425.0,1,2025-07-17,3585.44,profit
8499,14,66.0,75,924.0,4950.0,1,2025-02-14,3585.32,profit
8498,20,115.0,73,2300.0,8395.0,1,2025-04-22,3586.93,profit
8497,7,19.0,44,133.0,836.0,1,2025-01-07,3585.62,profit
8496,8,148.0,82,1184.0,12136.0,1,2025-02-27,3587.34,profit
8495,36,58.0,16,2088.0,928.0,1,2025-04-12,3585.87,profit
8494,18,135.0,85,2430.0,11475.0,1,2025-04-29,3586.04,profit
8493,9,41.0,89,369.0,3649.0,1,2025-01-18,3585.51,profit
8492,19,137.0,82,2603.0,11234.0,1,2025-05-07,3586.63,profit
8491,11,21.0,98,231.0,2058.0,1,2025-01-12,3585.67,profit
8490,20,139.0,61,2780.0,8479.0,1,2025-05-16,3585.78,profit
8489,24,61.0,46,1464.0,2806.0,1,2025-03-13,3585.04,profit
8488,5,46.0,59,230.0,2714.0,1,2025-01-12,3586.1,profit
8487,5,38.0,75,190.0,2850.0,1,2025-01-10,3587.18,profit
8486,46,120.0,75,5520.0,9000.0,1,2025-09-26,3585.27,profit
8485,2,46.0,70,92.0,3220.0,1,2025-01-05,3585.85,profit
8484,42,47.0,24,1974.0,1128.0,1,2025-04-07,3586.45,profit
8483,19,95.0,63,1805.0,5985.0,1,2025-03-29,3586.81,profit
8482,8,73.0,64,584.0,4672.0,1,2025-01-29,3586.48,profit
8481,37,28.0,54,1036.0,1512.0,1,2025-02-20,3585.16,profit
8480,3,108.0,72,324.0,7776.0,1,2025-01-16,3585.93,profit
8479,31,18.0,28,558.0,504.0,1,2025-01-28,3586.76,profit
8478,35,128.0,61,4480.0,7808.0,1,2025-08-07,3585.38,profit
8477,13,77.0,74,1001.0,5698.0,1,2025-02-18,3587.11,profit
8476,50,50.0,91,2500.0,4550.0,1,2025-05-02,3586.1,profit
8475,6,53.0,80,318.0,4240.0,1,2025-01-16,3585.9,profit
8474,50,42.0,82,2100.0,3444.0,1,2025-04-13,3587.25,profit
8473,48,80.0,71,3840.0,5680.0,1,2025-07-06,3585.46,profit
8472,48,101.0,13,4848.0,1313.0,1,2025-08-24,3584.97,profit
8471,48,108.0,30,5184.0,3240.0,1,2025-09-10,3585.69,profit
8470,0,44.0,42,0.0,1848.0,0,2025-01-01,3585.63,profit
8469,9,29.0,73,261.0,2117.0,1,2025-01-13,3586.46,profit
8468,42,94.0,47,3948.0,4418.0,1,2025-07-12,3585.65,profit
8467,18,58.0,20,1044.0,1160.0,1,2025-02-20,3586.56,profit
8466,30,53.0,41,1590.0,2173.0,1,2025-03-19,3585.45,profit
8465,16,66.0,72,1056.0,4752.0,1,2025-02-21,3585.25,profit
8464,17,62.0,58,1054.0,3596.0,1,2025-02-21,3585.74,profit
8463,11,49.0,64,539.0,3136.0,1,2025-01-27,3586.74,profit
8462,42,110.0,60,4620.0,6600.0,1,2025-08-13,3586.21,profit
8461,1,43.0,52,43.0,2236.0,1,2025-01-03,3586.6,profit
8460,4,114.0,41,456.0,4674.0,1,2025-01-23,3585.79,profit
8459,40,58.0,56,2320.0,3248.0,1,2025-04-23,3585.77,profit
8458,10,77.0,68,770.0,5236.0,1,2025-02-07,3586.77,profit
8457,30,49.0,56,1470.0,2744.0,1,2025-03-13,3585.14,profit
8456,38,54.0,44,2052.0,2376.0,1,2025-04-10,3585.77,profit
8455,28,51.0,65,1428.0,3315.0,1,2025-03-11,3586.65,profit
8454,15,44.0,37,660.0,1628.0,1,2025-02-02,3586.69,profit
8453,46,53.0,27,2438.0,1431.0,1,2025-04-29,3585.42,profit
8452,28,68.0,75,1904.0,5100.0,1,2025-04-03,3585.32,profit
8451,7,41.0,63,287.0,2583.0,1,2025-01-14,3586.72,profit
8450,43,133.0,77,5719.0,10241.0,1,2025-10-06,3584.89,profit
8449,40,118.0,73,4720.0,8614.0,1,2025-08-18,3585.78,profit
8448,7,148.0,31,1036.0,4588.0,1,2025-02-20,3586.35,profit
8447,49,122.0,37,5978.0,4514.0,1,2025-10-18,3585.71,profit
8446,18,82.0,80,1476.0,6560.0,1,2025-03-13,3586.61,profit
8445,2,122.0,65,244.0,7930.0,1,2025-01-12,3586.99,profit
8444,34,42.0,22,1428.0,924.0,1,2025-03-11,3585.8,profit
8443,23,96.0,86,2208.0,8256.0,1,2025-04-18,3586.84,profit
8442,15,58.0,76,870.0,4408.0,1,2025-02-12,3585.19,profit
8441,20,130.0,10,2600.0,1300.0,1,2025-05-07,3587.01,profit
8440,6,37.0,49,222.0,1813.0,1,2025-01-11,3586.39,profit
8439,17,37.0,92,629.0,3404.0,1,2025-01-31,3587.31,profit
8438,13,60.0,96,780.0,5760.0,1,2025-02-07,3585.68,profit
8437,16,107.0,56,1712.0,5992.0,1,2025-03-25,3585.96,profit
8436,1,90.0,41,90.0,3690.0,1,2025-01-05,3586.64,profit
8435,38,62.0,70,2356.0,4340.0,1,2025-04-25,3586.95,profit
8434,15,36.0,73,540.0,2628.0,1,2025-01-27,3587.19,profit
8433,5,142.0,15,710.0,2130.0,1,2025-02-04,3586.21,profit
8432,8,103.0,25,824.0,2575.0,1,2025-02-10,3586.63,profit
8431,28,125.0,98,3500.0,12250.0,1,2025-06-20,3585.67,profit
8430,11,27.0,53,297.0,1431.0,1,2025-01-15,3586.19,profit
8429,42,48.0,37,2016.0,1776.0,1,2025-04-09,3586.43,profit
8428,49,107.0,50,5243.0,5350.0,1,2025-09-13,3585.81,profit
8427,31,63.0,44,1953.0,2772.0,1,2025-04-06,3587.22,profit
8426,45,65.0,23,2925.0,1495.0,1,2025-05-23,3585.25,profit
8425,31,142.0,34,4402.0,4828.0,1,2025-08-03,3585.23,profit
8424,31,43.0,75,1333.0,3225.0,1,2025-03-06,3584.91,profit
8423,40,124.0,31,4960.0,3844.0,1,2025-08-30,3586.07,profit
8422,24,117.0,56,2808.0,6552.0,1,2025-05-17,3585.59,profit
8421,23,34.0,63,782.0,2142.0,1,2025-02-08,3587.1,profit
8420,24,100.0,52,2400.0,5200.0,1,2025-04-27,3586.77,profit
8419,47,128.0,20,6016.0,2560.0,1,2025-10-20,3585.48,profit
8418,22,18.0,80,396.0,1440.0,1,2025-01-20,3585.79,profit
8417,40,35.0,25,1400.0,875.0,1,2025-03-10,3585.19,profit
8416,30,103.0,37,3090.0,3811.0,1,2025-05-31,3586.59,profit
8415,40,125.0,52,5000.0,6500.0,1,2025-09-01,3585.15,profit
8414,48,113.0,13,5424.0,1469.0,1,2025-09-21,3585.34,profit
8413,13,86.0,16,1118.0,1376.0,1,2025-02-24,3587.1,profit
8412,35,140.0,76,4900.0,10640.0,1,2025-08-27,3585.04,profit
8411,41,87.0,60,3567.0,5220.0,1,2025-06-23,3585.63,profit
8410,10,139.0,90,1390.0,12510.0,1,2025-03-09,3585.63,profit
8409,12,47.0,95,564.0,4465.0,1,2025-01-28,3586.47,profit
8408,24,139.0,29,3336.0,4031.0,1,2025-06-12,3586.23,profit
8407,49,106.0,49,5194.0,5194.0,1,2025-09-10,3585.52,profit
8406,28,128.0,18,3584.0,2304.0,1,2025-06-24,3585.82,profit
8405,37,126.0,66,4662.0,8316.0,1,2025-08-15,3585.63,profit
8404,47,78.0,81,3666.0,6318.0,1,2025-06-28,3585.65,profit
8403,39,15.0,87,585.0,1305.0,1,2025-01-29,3587.46,profit
8402,25,143.0,65,3575.0,9295.0,1,2025-06-23,3586.57,profit
8401,3,117.0,39,351.0,4563.0,1,2025-01-18,3585.58,profit
8400,34,27.0,88,918.0,2376.0,1,2025-02-14,3585.2,profit
8399,21,144.0,56,3024.0,8064.0,1,2025-05-28,3586.6,profit
8398,37,90.0,69,3330.0,6210.0,1,2025-06-12,3586.17,profit
8397,26,131.0,86,3406.0,11266.0,1,2025-06-15,3586.39,profit
8396,49,33.0,45,1617.0,1485.0,1,2025-03-20,3585.25,profit
8395,45,141.0,54,6345.0,7614.0,1,2025-11-05,3585.23,profit
8394,31,31.0,53,961.0,1643.0,1,2025-02-16,3585.89,profit
8393,31,75.0,71,2325.0,5325.0,1,2025-04-24,3586.65,profit
8392,25,74.0,84,1850.0,6216.0,1,2025-04-01,3585.44,profit
8391,12,142.0,74,1704.0,10508.0,1,2025-03-24,3586.75,profit
8390,27,51.0,100,1377.0,5100.0,1,2025-03-09,3585.96,profit
8389,1,110.0,38,110.0,4180.0,1,2025-01-06,3586.45,profit
8388,39,87.0,14,3393.0,1218.0,1,2025-06-15,3585.16,profit
8387,39,60.0,71,2340.0,4260.0,1,2025-04-24,3585.5,profit
8386,47,52.0,81,2444.0,4212.0,1,2025-04-29,3586.63,profit
8385,3,139.0,24,417.0,3336.0,1,2025-01-21,3587.01,profit
8384,31,98.0,83,3038.0,8134.0,1,2025-05-28,3586.05,profit
8383,23,75.0,10,1725.0,750.0,1,2025-03-25,3585.7,profit
8382,44,95.0,93,4180.0,8835.0,1,2025-07-23,3585.89,profit
8381,44,138.0,81,6072.0,11178.0,1,2025-10-23,3584.89,profit
8380,8,37.0,47,296.0,1739.0,1,2025-01-15,3586.97,profit
8379,45,80.0,90,3600.0,7200.0,1,2025-06-25,3585.92,profit
8378,14,128.0,32,1792.0,4096.0,1,2025-03-29,3585.61,profit
8377,14,68.0,86,952.0,5848.0,1,2025-02-16,3586.97,profit
8376,9,20.0,56,180.0,1120.0,1,2025-01-09,3586.33,profit
8375,20,53.0,13,1060.0,689.0,1,2025-02-21,3586.34,profit
8374,0,119.0,98,0.0,11662.0,0,2025-01-01,3586.65,profit
8373,8,42.0,26,336.0,1092.0,1,2025-01-17,3586.71,profit
8372,38,60.0,20,2280.0,1200.0,1,2025-04-21,3585.01,profit
8371,14,63.0,81,882.0,5103.0,1,2025-02-12,3586.8,profit
8370,36,146.0,88,5256.0,12848.0,1,2025-09-13,3585.75,profit
8369,39,130.0,12,5070.0,1560.0,1,2025-09-04,3585.07,profit
8368,23,52.0,93,1196.0,4836.0,1,2025-02-28,3587.37,profit
8367,21,143.0,80,3003.0,11440.0,1,2025-05-27,3585.78,profit
8366,50,100.0,23,5000.0,2300.0,1,2025-09-01,3586.09,profit
8365,46,91.0,35,4186.0,3185.0,1,2025-07-23,3586.02,profit
8364,29,83.0,29,2407.0,2407.0,1,2025-04-28,3585.55,profit
8363,28,24.0,18,672.0,432.0,1,2025-02-02,3587.08,profit
8362,50,97.0,48,4850.0,4656.0,1,2025-08-25,3585.77,profit
8361,44,112.0,18,4928.0,2016.0,1,2025-08-28,3585.44,profit
8360,48,28.0,41,1344.0,1148.0,1,2025-03-07,3587.12,profit
8359,4,58.0,92,232.0,5336.0,1,2025-01-12,3586.31,profit
8358,31,114.0,63,3534.0,7182.0,1,2025-06-21,3585.68,profit
8357,13,76.0,12,988.0,912.0,1,2025-02-18,3586.02,profit
8356,41,17.0,53,697.0,901.0,1,2025-02-03,3587.46,profit
8355,18,57.0,15,1026.0,855.0,1,2025-02-19,3587.14,profit
8354,16,125.0,24,2000.0,3000.0,1,2025-04-08,3585.26,profit
8353,50,40.0,65,2000.0,2600.0,1,2025-04-08,3585.91,profit
8352,32,107.0,51,3424.0,5457.0,1,2025-06-16,3585.03,profit
8351,7,67.0,93,469.0,6231.0,1,2025-01-23,3586.22,profit
8350,17,38.0,48,646.0,1824.0,1,2025-02-01,3587.19,profit
8349,38,72.0,64,2736.0,4608.0,1,2025-05-14,3586.12,profit
8348,22,105.0,93,2310.0,9765.0,1,2025-04-23,3585.62,profit
8347,24,147.0,63,3528.0,9261.0,1,2025-06-21,3585.52,profit
8346,29,140.0,66,4060.0,9240.0,1,2025-07-17,3585.32,profit
8345,47,38.0,99,1786.0,3762.0,1,2025-03-28,3586.07,profit
8344,3,18.0,89,54.0,1602.0,1,2025-01-03,3586.66,profit
8343,16,121.0,47,1936.0,5687.0,1,2025-04-05,3586.8,profit
8342,27,69.0,14,1863.0,966.0,1,2025-04-01,3585.8,profit
8341,19,115.0,45,2185.0,5175.0,1,2025-04-17,3585.69,profit
8340,41,35.0,16,1435.0,560.0,1,2025-03-11,3586.71,profit
8339,47,145.0,62,6815.0,8990.0,1,2025-11-28,3585.17,profit
8338,22,76.0,40,1672.0,3040.0,1,2025-03-23,3586.72,profit
8337,5,103.0,82,515.0,8446.0,1,2025-01-26,3586.68,profit
8336,6,82.0,15,492.0,1230.0,1,2025-01-24,3587.0,profit
8335,12,46.0,51,552.0,2346.0,1,2025-01-27,3585.91,profit
8334,40,73.0,11,2920.0,803.0,1,2025-05-23,3585.05,profit
8333,1,149.0,36,149.0,5364.0,1,2025-01-08,3586.72,profit
8332,29,46.0,80,1334.0,3680.0,1,2025-03-06,3586.54,profit
8331,7,20.0,43,140.0,860.0,1,2025-01-07,3585.08,profit
8330,28,31.0,54,868.0,1674.0,1,2025-02-12,3587.04,profit
8329,31,109.0,82,3379.0,8938.0,1,2025-06-14,3585.1,profit
8328,46,96.0,69,4416.0,6624.0,1,2025-08-03,3585.84,profit
8327,23,139.0,12,3197.0,1668.0,1,2025-06-05,3585.74,profit
8326,1,137.0,48,137.0,6576.0,1,2025-01-07,3584.96,profit
8325,49,108.0,63,5292.0,6804.0,1,2025-09-15,3585.32,profit
8324,38,137.0,33,5206.0,4521.0,1,2025-09-11,3585.3,profit
8323,0,84.0,29,0.0,2436.0,0,2025-01-01,3585.71,profit
8322,48,83.0,90,3984.0,7470.0,1,2025-07-13,3586.32,profit
8321,33,133.0,61,4389.0,8113.0,1,2025-08-02,3585.24,profit
8320,31,17.0,71,527.0,1207.0,1,2025-01-26,3584.76,profit
8319,45,129.0,19,5805.0,2451.0,1,2025-10-10,3586.11,profit
8318,18,99.0,12,1782.0,1188.0,1,2025-03-28,3585.57,profit
8317,5,96.0,23,480.0,2208.0,1,2025-01-24,3586.79,profit
8316,36,39.0,54,1404.0,2106.0,1,2025-03-10,3584.89,profit
8315,16,103.0,14,1648.0,1442.0,1,2025-03-22,3584.89,profit
8314,14,103.0,29,1442.0,2987.0,1,2025-03-12,3586.02,profit
8313,42,84.0,11,3528.0,924.0,1,2025-06-21,3585.7,profit
8312,24,73.0,59,1752.0,4307.0,1,2025-03-27,3585.27,profit
8311,31,76.0,86,2356.0,6536.0,1,2025-04-25,3586.34,profit
8310,34,55.0,15,1870.0,825.0,1,2025-04-02,3586.82,profit
8309,22,132.0,89,2904.0,11748.0,1,2025-05-22,3585.85,profit
8308,13,35.0,11,455.0,385.0,1,2025-01-23,3586.56,profit
8307,2,29.0,14,58.0,406.0,1,2025-01-03,3586.01,profit
8306,37,118.0,29,4366.0,3422.0,1,2025-08-01,3586.2,profit
8305,4,116.0,16,464.0,1856.0,1,2025-01-23,3586.9,profit
8304,40,108.0,40,4320.0,4320.0,1,2025-07-30,3584.4,profit
8303,40,103.0,11,4120.0,1133.0,1,2025-07-20,3585.06,profit
8302,20,86.0,42,1720.0,3612.0,1,2025-03-25,3586.83,profit
8301,5,106.0,58,530.0,6148.0,1,2025-01-26,3586.96,profit
8300,28,65.0,84,1820.0,5460.0,1,2025-03-30,3584.99,profit
8299,3,39.0,16,117.0,624.0,1,2025-01-06,3585.57,profit
8298,1,32.0,44,32.0,1408.0,1,2025-01-02,3586.94,profit
8297,50,115.0,60,5750.0,6900.0,1,2025-10-07,3585.17,profit
8296,7,122.0,57,854.0,6954.0,1,2025-02-11,3585.7,profit
8295,50,30.0,40,1500.0,1200.0,1,2025-03-14,3586.66,profit
8294,4,116.0,51,464.0,5916.0,1,2025-01-23,3586.51,profit
8293,48,108.0,69,5184.0,7452.0,1,2025-09-10,3584.84,profit
8292,13,45.0,37,585.0,1665.0,1,2025-01-29,3586.71,profit
8291,23,102.0,37,2346.0,3774.0,1,2025-04-25,3587.25,profit
8290,4,36.0,25,144.0,900.0,1,2025-01-08,3586.37,profit
8289,14,41.0,24,574.0,984.0,1,2025-01-28,3587.45,profit
8288,7,71.0,84,497.0,5964.0,1,2025-01-25,3586.71,profit
8287,3,61.0,12,183.0,732.0,1,2025-01-09,3586.97,profit
8286,43,144.0,35,6192.0,5040.0,1,2025-10-29,3585.52,profit
8285,0,109.0,59,0.0,6431.0,0,2025-01-01,3585.43,profit
8284,28,20.0,37,560.0,740.0,1,2025-01-28,3585.61,profit
8283,45,36.0,26,1620.0,936.0,1,2025-03-20,3584.52,profit
8282,7,130.0,19,910.0,2470.0,1,2025-02-14,3585.54,profit
8281,24,62.0,52,1488.0,3224.0,1,2025-03-14,3586.56,profit
8280,42,62.0,59,2604.0,3658.0,1,2025-05-07,3586.4,profit
8279,38,34.0,35,1292.0,1190.0,1,2025-03-04,3586.49,profit
8278,38,137.0,70,5206.0,9590.0,1,2025-09-11,3585.36,profit
8277,28,77.0,90,2156.0,6930.0,1,2025-04-15,3586.45,profit
8276,47,35.0,14,1645.0,490.0,1,2025-03-22,3586.18,profit
8275,44,24.0,43,1056.0,1032.0,1,2025-02-21,3584.83,profit
8274,11,109.0,28,1199.0,3052.0,1,2025-02-28,3586.34,profit
8273,19,65.0,47,1235.0,3055.0,1,2025-03-02,3584.64,profit
8272,33,48.0,56,1584.0,2688.0,1,2025-03-19,3586.56,profit
8271,4,84.0,92,336.0,7728.0,1,2025-01-17,3587.56,profit
8270,50,97.0,76,4850.0,7372.0,1,2025-08-25,3584.85,profit
8269,24,70.0,61,1680.0,4270.0,1,2025-03-23,3586.31,profit
8268,34,27.0,54,918.0,1458.0,1,2025-02-14,3586.78,profit
8267,28,79.0,35,2212.0,2765.0,1,2025-04-18,3585.64,profit
8266,28,110.0,69,3080.0,7590.0,1,2025-05-30,3585.78,profit
8265,17,121.0,24,2057.0,2904.0,1,2025-04-11,3586.75,profit
8264,22,52.0,67,1144.0,3484.0,1,2025-02-25,3587.14,profit
8263,36,110.0,34,3960.0,3740.0,1,2025-07-12,3585.46,profit
8262,6,117.0,39,702.0,4563.0,1,2025-02-04,3586.19,profit
8261,31,103.0,85,3193.0,8755.0,1,2025-06-05,3586.12,profit
8260,42,67.0,41,2814.0,2747.0,1,2025-05-17,3585.67,profit
8259,17,62.0,29,1054.0,1798.0,1,2025-02-21,3585.66,profit
8258,0,46.0,14,0.0,644.0,0,2025-01-01,3585.05,profit
8257,47,136.0,95,6392.0,12920.0,1,2025-11-08,3585.56,profit
8256,42,22.0,100,924.0,2200.0,1,2025-02-14,3586.95,profit
8255,42,39.0,94,1638.0,3666.0,1,2025-03-21,3585.97,profit
8254,0,59.0,72,0.0,4248.0,0,2025-01-01,3585.37,profit
8253,36,24.0,60,864.0,1440.0,1,2025-02-12,3587.16,profit
8252,29,74.0,31,2146.0,2294.0,1,2025-04-15,3585.63,profit
8251,48,109.0,51,5232.0,5559.0,1,2025-09-12,3585.15,profit
8250,5,95.0,16,475.0,1520.0,1,2025-01-24,3586.23,profit
8249,39,110.0,34,4290.0,3740.0,1,2025-07-28,3584.95,profit
8248,33,134.0,66,4422.0,8844.0,1,2025-08-04,3585.95,profit
8247,20,113.0,35,2260.0,3955.0,1,2025-04-20,3585.58,profit
8246,20,126.0,86,2520.0,10836.0,1,2025-05-03,3586.79,profit
8245,38,24.0,22,912.0,528.0,1,2025-02-14,3587.28,profit
8244,32,95.0,53,3040.0,5035.0,1,2025-05-28,3585.44,profit
8243,1,109.0,44,109.0,4796.0,1,2025-01-06,3585.52,profit
8242,0,92.0,11,0.0,1012.0,0,2025-01-01,3585.49,profit
8241,27,44.0,48,1188.0,2112.0,1,2025-02-27,3584.63,profit
8240,15,36.0,96,540.0,3456.0,1,2025-01-27,3587.42,profit
8239,14,55.0,56,770.0,3080.0,1,2025-02-07,3587.05,profit
8238,30,73.0,87,2190.0,6351.0,1,2025-04-17,3584.6,profit
8237,3,56.0,64,168.0,3584.0,1,2025-01-09,3586.9,profit
8236,11,100.0,76,1100.0,7600.0,1,2025-02-23,3587.19,profit
8235,26,46.0,73,1196.0,3358.0,1,2025-02-28,3587.36,profit
8234,0,109.0,98,0.0,10682.0,0,2025-01-01,3586.28,profit
8233,8,23.0,30,184.0,690.0,1,2025-01-09,3586.12,profit
8232,8,102.0,68,816.0,6936.0,1,2025-02-09,3587.26,profit
8231,21,60.0,94,1260.0,5640.0,1,2025-03-03,3587.31,profit
8230,15,121.0,13,1815.0,1573.0,1,2025-03-30,3585.51,profit
8229,33,63.0,81,2079.0,5103.0,1,2025-04-12,3585.36,profit
8228,2,64.0,39,128.0,2496.0,1,2025-01-07,3586.72,profit
8227,47,34.0,83,1598.0,2822.0,1,2025-03-19,3587.3,profit
8226,31,54.0,78,1674.0,4212.0,1,2025-03-23,3585.2,profit
8225,35,36.0,81,1260.0,2916.0,1,2025-03-03,3587.03,profit
8224,48,42.0,65,2016.0,2730.0,1,2025-04-09,3586.74,profit
8223,34,136.0,57,4624.0,7752.0,1,2025-08-14,3585.3,profit
8222,28,23.0,44,644.0,1012.0,1,2025-02-01,3586.93,profit
8221,31,82.0,39,2542.0,3198.0,1,2025-05-04,3585.35,profit
8220,42,30.0,89,1260.0,2670.0,1,2025-03-03,3587.12,profit
8219,14,39.0,55,546.0,2145.0,1,2025-01-27,3586.12,profit
8218,10,38.0,55,380.0,2090.0,1,2025-01-19,3586.54,profit
8217,31,41.0,90,1271.0,3690.0,1,2025-03-03,3586.84,profit
8216,35,46.0,89,1610.0,4094.0,1,2025-03-20,3584.46,profit
8215,39,109.0,51,4251.0,5559.0,1,2025-07-26,3585.86,profit
8214,21,62.0,81,1302.0,5022.0,1,2025-03-05,3587.13,profit
8213,41,87.0,66,3567.0,5742.0,1,2025-06-23,3586.05,profit
8212,44,67.0,83,2948.0,5561.0,1,2025-05-24,3584.74,profit
8211,50,19.0,85,950.0,1615.0,1,2025-02-16,3586.48,profit
8210,24,21.0,57,504.0,1197.0,1,2025-01-25,3585.92,profit
8209,50,96.0,83,4800.0,7968.0,1,2025-08-22,3584.34,profit
8208,5,27.0,39,135.0,1053.0,1,2025-01-07,3586.57,profit
8207,44,46.0,61,2024.0,2806.0,1,2025-04-09,3586.98,profit
8206,0,45.0,31,0.0,1395.0,0,2025-01-01,3585.1,profit
8205,0,98.0,94,0.0,9212.0,0,2025-01-01,3586.02,profit
8204,6,83.0,50,498.0,4150.0,1,2025-01-25,3586.4,profit
8203,42,23.0,58,966.0,1334.0,1,2025-02-17,3586.76,profit
8202,3,94.0,87,282.0,8178.0,1,2025-01-14,3584.78,profit
8201,11,69.0,79,759.0,5451.0,1,2025-02-06,3587.0,profit
8200,41,89.0,65,3649.0,5785.0,1,2025-06-27,3586.14,profit
8199,29,18.0,41,522.0,738.0,1,2025-01-26,3585.48,profit
8198,24,122.0,64,2928.0,7808.0,1,2025-05-23,3585.26,profit
8197,20,29.0,91,580.0,2639.0,1,2025-01-29,3586.13,profit
8196,8,99.0,20,792.0,1980.0,1,2025-02-08,3585.08,profit
8195,39,56.0,99,2184.0,5544.0,1,2025-04-17,3586.21,profit
8194,48,105.0,68,5040.0,7140.0,1,2025-09-03,3585.77,profit
8193,16,39.0,74,624.0,2886.0,1,2025-01-31,3585.81,profit
8192,6,37.0,61,222.0,2257.0,1,2025-01-11,3586.18,profit
8191,45,105.0,55,4725.0,5775.0,1,2025-08-18,3585.55,profit
8190,15,79.0,20,1185.0,1580.0,1,2025-02-27,3587.01,profit
8189,6,60.0,54,360.0,3240.0,1,2025-01-18,3585.85,profit
8188,20,46.0,49,920.0,2254.0,1,2025-02-14,3585.45,profit
8187,1,122.0,59,122.0,7198.0,1,2025-01-06,3585.59,profit
8186,39,47.0,45,1833.0,2115.0,1,2025-03-31,3586.49,profit
8185,18,56.0,75,1008.0,4200.0,1,2025-02-19,3585.57,profit
8184,25,82.0,53,2050.0,4346.0,1,2025-04-10,3586.33,profit
8183,49,116.0,85,5684.0,9860.0,1,2025-10-04,3585.7,profit
8182,42,91.0,28,3822.0,2548.0,1,2025-07-06,3585.58,profit
8181,34,140.0,13,4760.0,1820.0,1,2025-08-20,3585.58,profit
8180,25,31.0,91,775.0,2821.0,1,2025-02-07,3585.98,profit
8179,0,144.0,24,0.0,3456.0,0,2025-01-01,3584.8,profit
8178,37,61.0,42,2257.0,2562.0,1,2025-04-20,3584.72,profit
8177,46,63.0,14,2898.0,882.0,1,2025-05-22,3586.42,profit
8176,43,80.0,29,3440.0,2320.0,1,2025-06-17,3585.49,profit
8175,3,117.0,25,351.0,2925.0,1,2025-01-18,3586.74,profit
8174,48,86.0,53,4128.0,4558.0,1,2025-07-20,3585.53,profit
8173,19,18.0,53,342.0,954.0,1,2025-01-17,3586.17,profit
8172,11,97.0,86,1067.0,8342.0,1,2025-02-21,3586.44,profit
8171,16,17.0,88,272.0,1496.0,1,2025-01-14,3584.85,profit
8170,19,23.0,13,437.0,299.0,1,2025-01-22,3585.17,profit
8169,30,18.0,56,540.0,1008.0,1,2025-01-27,3586.55,profit
8168,0,122.0,90,0.0,10980.0,0,2025-01-01,3584.93,profit
8167,8,70.0,21,560.0,1470.0,1,2025-01-28,3587.18,profit
8166,27,83.0,94,2241.0,7802.0,1,2025-04-20,3586.63,profit
8165,26,71.0,34,1846.0,2414.0,1,2025-03-31,3586.53,profit
8164,38,133.0,17,5054.0,2261.0,1,2025-09-03,3586.2,profit
8163,11,22.0,27,242.0,594.0,1,2025-01-12,3585.45,profit
8162,37,83.0,86,3071.0,7138.0,1,2025-05-30,3585.64,profit
8161,17,39.0,36,663.0,1404.0,1,2025-02-02,3586.41,profit
8160,44,49.0,87,2156.0,4263.0,1,2025-04-15,3586.59,profit
8159,30,83.0,100,2490.0,8300.0,1,2025-05-02,3585.38,profit
8158,12,89.0,56,1068.0,4984.0,1,2025-02-21,3584.59,profit
8157,26,43.0,67,1118.0,2881.0,1,2025-02-24,3586.96,profit
8156,3,15.0,99,45.0,1485.0,1,2025-01-03,3586.18,profit
8155,29,32.0,88,928.0,2816.0,1,2025-02-15,3585.22,profit
8154,25,135.0,99,3375.0,13365.0,1,2025-06-14,3585.41,profit
8153,19,131.0,62,2489.0,8122.0,1,2025-05-02,3585.25,profit
8152,44,82.0,53,3608.0,4346.0,1,2025-06-25,3585.13,profit
8151,15,102.0,64,1530.0,6528.0,1,2025-03-16,3586.08,profit
8150,11,100.0,99,1100.0,9900.0,1,2025-02-23,3586.75,profit
8149,40,95.0,94,3800.0,8930.0,1,2025-07-04,3586.13,profit
8148,12,115.0,59,1380.0,6785.0,1,2025-03-09,3585.5,profit
8147,37,150.0,19,5550.0,2850.0,1,2025-09-28,3584.98,profit
8146,16,28.0,72,448.0,2016.0,1,2025-01-22,3584.96,profit
8145,18,48.0,76,864.0,3648.0,1,2025-02-12,3586.22,profit
8144,37,74.0,13,2738.0,962.0,1,2025-05-14,3585.86,profit
8143,33,81.0,66,2673.0,5346.0,1,2025-05-11,3586.19,profit
8142,26,101.0,42,2626.0,4242.0,1,2025-05-08,3586.01,profit
8141,2,145.0,80,290.0,11600.0,1,2025-01-15,3586.53,profit
8140,31,97.0,98,3007.0,9506.0,1,2025-05-27,3586.59,profit
8139,26,124.0,15,3224.0,1860.0,1,2025-06-06,3585.59,profit
8138,49,135.0,25,6615.0,3375.0,1,2025-11-18,3584.92,profit
8137,35,42.0,87,1470.0,3654.0,1,2025-03-13,3586.0,profit
8136,48,134.0,20,6432.0,2680.0,1,2025-11-10,3584.87,profit
8135,12,146.0,34,1752.0,4964.0,1,2025-03-27,3585.15,profit
8134,13,120.0,99,1560.0,11880.0,1,2025-03-17,3586.09,profit
8133,17,69.0,42,1173.0,2898.0,1,2025-02-27,3586.53,profit
8132,0,148.0,83,0.0,12284.0,0,2025-01-01,3585.51,profit
8131,8,97.0,73,776.0,7081.0,1,2025-02-07,3585.79,profit
8130,1,95.0,90,95.0,8550.0,1,2025-01-05,3587.14,profit
8129,21,93.0,20,1953.0,1860.0,1,2025-04-06,3586.13,profit
8128,8,76.0,74,608.0,5624.0,1,2025-01-30,3587.13,profit
8127,14,133.0,33,1862.0,4389.0,1,2025-04-01,3585.86,profit
8126,15,147.0,63,2205.0,9261.0,1,2025-04-18,3587.18,profit
8125,48,22.0,90,1056.0,1980.0,1,2025-02-21,3585.93,profit
8124,40,90.0,91,3600.0,8190.0,1,2025-06-25,3585.36,profit
8123,43,100.0,55,4300.0,5500.0,1,2025-07-29,3586.12,profit
8122,41,74.0,67,3034.0,4958.0,1,2025-05-28,3586.31,profit
8121,13,104.0,67,1352.0,6968.0,1,2025-03-07,3586.51,profit
8120,32,128.0,38,4096.0,4864.0,1,2025-07-19,3585.57,profit
8119,9,139.0,92,1251.0,12788.0,1,2025-03-02,3585.76,profit
8118,46,27.0,98,1242.0,2646.0,1,2025-03-02,3587.25,profit
8117,50,59.0,81,2950.0,4779.0,1,2025-05-24,3586.63,profit
8116,41,105.0,75,4305.0,7875.0,1,2025-07-29,3586.39,profit
8115,40,132.0,29,5280.0,3828.0,1,2025-09-14,3585.44,profit
8114,6,27.0,62,162.0,1674.0,1,2025-01-08,3586.73,profit
8113,38,17.0,82,646.0,1394.0,1,2025-02-01,3587.42,profit
8112,29,48.0,65,1392.0,3120.0,1,2025-03-09,3586.48,profit
8111,47,20.0,82,940.0,1640.0,1,2025-02-15,3587.55,profit
8110,12,134.0,51,1608.0,6834.0,1,2025-03-20,3585.89,profit
8109,11,42.0,53,462.0,2226.0,1,2025-01-23,3585.78,profit
8108,39,117.0,48,4563.0,5616.0,1,2025-08-11,3585.37,profit
8107,20,114.0,17,2280.0,1938.0,1,2025-04-21,3585.31,profit
8106,11,99.0,13,1089.0,1287.0,1,2025-02-22,3586.94,profit
8105,10,32.0,27,320.0,864.0,1,2025-01-16,3586.07,profit
8104,44,39.0,13,1716.0,507.0,1,2025-03-25,3585.3,profit
8103,37,86.0,89,3182.0,7654.0,1,2025-06-04,3586.25,profit
8102,21,103.0,75,2163.0,7725.0,1,2025-04-16,3586.59,profit
8101,37,84.0,18,3108.0,1512.0,1,2025-06-01,3586.36,profit
8100,35,140.0,75,4900.0,10500.0,1,2025-08-27,3585.68,profit
8099,31,66.0,75,2046.0,4950.0,1,2025-04-10,3584.64,profit
8098,12,85.0,84,1020.0,7140.0,1,2025-02-19,3587.4,profit
8097,12,127.0,95,1524.0,12065.0,1,2025-03-16,3585.16,profit
8096,14,38.0,39,532.0,1482.0,1,2025-01-26,3585.71,profit
8095,33,68.0,48,2244.0,3264.0,1,2025-04-20,3587.0,profit
8094,43,83.0,79,3569.0,6557.0,1,2025-06-23,3585.89,profit
8093,47,20.0,20,940.0,400.0,1,2025-02-15,3586.34,profit
8092,5,149.0,53,745.0,7897.0,1,2025-02-06,3585.39,profit
8091,50,142.0,88,7100.0,12496.0,1,2025-12-12,3585.22,profit
8090,39,125.0,28,4875.0,3500.0,1,2025-08-26,3585.11,profit
8089,24,62.0,34,1488.0,2108.0,1,2025-03-14,3586.94,profit
8088,36,48.0,33,1728.0,1584.0,1,2025-03-26,3586.2,profit
8087,15,125.0,48,1875.0,6000.0,1,2025-04-02,3586.51,profit
8086,36,28.0,94,1008.0,2632.0,1,2025-02-19,3585.66,profit
8085,3,35.0,72,105.0,2520.0,1,2025-01-06,3585.3,profit
8084,6,72.0,12,432.0,864.0,1,2025-01-22,3586.53,profit
8083,15,51.0,26,765.0,1326.0,1,2025-02-07,3585.13,profit
8082,46,91.0,100,4186.0,9100.0,1,2025-07-23,3585.83,profit
8081,10,127.0,34,1270.0,4318.0,1,2025-03-03,3584.73,profit
8080,35,64.0,94,2240.0,6016.0,1,2025-04-20,3586.79,profit
8079,19,112.0,72,2128.0,8064.0,1,2025-04-14,3585.57,profit
8078,33,87.0,79,2871.0,6873.0,1,2025-05-20,3585.8,profit
8077,2,144.0,86,288.0,12384.0,1,2025-01-15,3586.24,profit
8076,20,101.0,79,2020.0,7979.0,1,2025-04-09,3585.25,profit
8075,6,145.0,23,870.0,3335.0,1,2025-02-12,3586.35,profit
8074,17,85.0,32,1445.0,2720.0,1,2025-03-12,3586.1,profit
8073,26,141.0,89,3666.0,12549.0,1,2025-06-28,3585.55,profit
8072,41,52.0,94,2132.0,4888.0,1,2025-04-14,3586.33,profit
8071,14,28.0,58,392.0,1624.0,1,2025-01-20,3586.81,profit
8070,35,35.0,43,1225.0,1505.0,1,2025-03-01,3587.34,profit
8069,4,53.0,94,212.0,4982.0,1,2025-01-11,3585.93,profit
8068,36,37.0,50,1332.0,1850.0,1,2025-03-06,3586.19,profit
8067,45,22.0,22,990.0,484.0,1,2025-02-18,3586.9,profit
8066,26,133.0,81,3458.0,10773.0,1,2025-06-18,3585.15,profit
8065,24,127.0,97,3048.0,12319.0,1,2025-05-29,3585.52,profit
8064,5,41.0,47,205.0,1927.0,1,2025-01-10,3585.47,profit
8063,34,29.0,27,986.0,783.0,1,2025-02-17,3585.48,profit
8062,6,31.0,24,186.0,744.0,1,2025-01-10,3586.86,profit
8061,43,60.0,57,2580.0,3420.0,1,2025-05-06,3586.69,profit
8060,22,50.0,97,1100.0,4850.0,1,2025-02-23,3585.97,profit
8059,1,108.0,52,108.0,5616.0,1,2025-01-06,3585.52,profit
8058,45,108.0,45,4860.0,4860.0,1,2025-08-25,3585.32,profit
8057,48,87.0,26,4176.0,2262.0,1,2025-07-23,3586.3,profit
8056,28,91.0,53,2548.0,4823.0,1,2025-05-05,3584.73,profit
8055,48,82.0,73,3936.0,5986.0,1,2025-07-11,3585.52,profit
8054,4,130.0,89,520.0,11570.0,1,2025-01-26,3585.49,profit
8053,48,91.0,63,4368.0,5733.0,1,2025-08-01,3586.19,profit
8052,4,55.0,83,220.0,4565.0,1,2025-01-11,3586.63,profit
8051,14,112.0,33,1568.0,3696.0,1,2025-03-18,3586.08,profit
8050,22,32.0,30,704.0,960.0,1,2025-02-04,3585.85,profit
8049,37,97.0,24,3589.0,2328.0,1,2025-06-24,3585.62,profit
8048,2,145.0,71,290.0,10295.0,1,2025-01-15,3584.84,profit
8047,19,119.0,74,2261.0,8806.0,1,2025-04-21,3586.28,profit
8046,33,44.0,48,1452.0,2112.0,1,2025-03-12,3586.8,profit
8045,15,21.0,47,315.0,987.0,1,2025-01-16,3586.89,profit
8044,29,98.0,26,2842.0,2548.0,1,2025-05-19,3586.35,profit
8043,18,124.0,34,2232.0,4216.0,1,2025-04-19,3585.2,profit
8042,18,48.0,12,864.0,576.0,1,2025-02-12,3586.89,profit
8041,27,42.0,13,1134.0,546.0,1,2025-02-25,3586.99,profit
8040,43,140.0,31,6020.0,4340.0,1,2025-10-20,3585.02,profit
8039,30,67.0,100,2010.0,6700.0,1,2025-04-08,3585.8,profit
8038,30,88.0,86,2640.0,7568.0,1,2025-05-09,3586.54,profit
8037,42,147.0,69,6174.0,10143.0,1,2025-10-28,3585.06,profit
8036,48,100.0,92,4800.0,9200.0,1,2025-08-22,3585.22,profit
8035,26,83.0,23,2158.0,1909.0,1,2025-04-16,3584.99,profit
8034,30,133.0,18,3990.0,2394.0,1,2025-07-14,3586.18,profit
8033,25,140.0,20,3500.0,2800.0,1,2025-06-20,3585.76,profit
8032,9,146.0,89,1314.0,12994.0,1,2025-03-05,3586.34,profit
8031,41,141.0,12,5781.0,1692.0,1,2025-10-09,3585.69,profit
8030,4,142.0,51,568.0,7242.0,1,2025-01-28,3586.87,profit
8029,11,69.0,40,759.0,2760.0,1,2025-02-06,3587.67,profit
8028,25,116.0,69,2900.0,8004.0,1,2025-05-22,3586.23,profit
8027,50,65.0,34,3250.0,2210.0,1,2025-06-08,3585.29,profit
8026,28,114.0,76,3192.0,8664.0,1,2025-06-05,3585.06,profit
8025,28,41.0,15,1148.0,615.0,1,2025-02-25,3585.02,profit
8024,13,101.0,87,1313.0,8787.0,1,2025-03-05,3586.04,profit
8023,25,128.0,78,3200.0,9984.0,1,2025-06-05,3585.25,profit
8022,3,102.0,61,306.0,6222.0,1,2025-01-15,3585.13,profit
8021,3,109.0,89,327.0,9701.0,1,2025-01-16,3586.99,profit
8020,28,34.0,29,952.0,986.0,1,2025-02-16,3587.36,profit
8019,5,124.0,96,620.0,11904.0,1,2025-01-31,3587.21,profit
8018,14,60.0,92,840.0,5520.0,1,2025-02-10,3586.89,profit
8017,3,58.0,35,174.0,2030.0,1,2025-01-09,3586.17,profit
8016,3,66.0,36,198.0,2376.0,1,2025-01-10,3586.8,profit
8015,21,16.0,68,336.0,1088.0,1,2025-01-17,3586.96,profit
8014,2,144.0,62,288.0,8928.0,1,2025-01-15,3586.91,profit
8013,31,105.0,99,3255.0,10395.0,1,2025-06-08,3586.6,profit
8012,0,90.0,97,0.0,8730.0,0,2025-01-01,3586.6,profit
8011,32,26.0,38,832.0,988.0,1,2025-02-10,3585.93,profit
8010,26,101.0,81,2626.0,8181.0,1,2025-05-08,3585.78,profit
8009,25,42.0,65,1050.0,2730.0,1,2025-02-21,3587.65,profit
8008,50,136.0,42,6800.0,5712.0,1,2025-11-27,3584.76,profit
8007,11,70.0,36,770.0,2520.0,1,2025-02-07,3587.63,profit
8006,39,51.0,29,1989.0,1479.0,1,2025-04-07,3585.58,profit
8005,22,55.0,48,1210.0,2640.0,1,2025-02-28,3585.94,profit
8004,11,112.0,72,1232.0,8064.0,1,2025-03-01,3586.75,profit
8003,25,43.0,87,1075.0,3741.0,1,2025-02-22,3586.59,profit
8002,18,78.0,11,1404.0,858.0,1,2025-03-10,3587.15,profit
8001,12,77.0,10,924.0,770.0,1,2025-02-14,3587.18,profit
8000,13,26.0,78,338.0,2028.0,1,2025-01-17,3585.48,profit
7999,31,130.0,68,4030.0,8840.0,1,2025-07-16,3584.97,profit
7998,17,112.0,27,1904.0,3024.0,1,2025-04-03,3586.34,profit
7997,7,133.0,59,931.0,7847.0,1,2025-02-15,3585.13,profit
7996,15,85.0,48,1275.0,4080.0,1,2025-03-04,3585.09,profit
7995,45,20.0,69,900.0,1380.0,1,2025-02-13,3584.61,profit
7994,28,59.0,74,1652.0,4366.0,1,2025-03-22,3586.46,profit
7993,36,61.0,37,2196.0,2257.0,1,2025-04-17,3585.88,profit
7992,47,22.0,68,1034.0,1496.0,1,2025-02-20,3584.97,profit
7991,16,19.0,20,304.0,380.0,1,2025-01-15,3586.19,profit
7990,39,62.0,14,2418.0,868.0,1,2025-04-28,3585.84,profit
7989,4,19.0,72,76.0,1368.0,1,2025-01-04,3585.85,profit
7988,1,101.0,37,101.0,3737.0,1,2025-01-05,3586.7,profit
7987,31,138.0,94,4278.0,12972.0,1,2025-07-28,3586.11,profit
7986,19,123.0,18,2337.0,2214.0,1,2025-04-24,3584.92,profit
7985,45,78.0,30,3510.0,2340.0,1,2025-06-20,3586.08,profit
7984,50,143.0,77,7150.0,11011.0,1,2025-12-14,3584.86,profit
7983,21,39.0,62,819.0,2418.0,1,2025-02-09,3586.85,profit
7982,46,117.0,97,5382.0,11349.0,1,2025-09-19,3585.43,profit
7981,23,91.0,11,2093.0,1001.0,1,2025-04-12,3586.37,profit
7980,37,101.0,29,3737.0,2929.0,1,2025-07-01,3585.84,profit
7979,40,128.0,51,5120.0,6528.0,1,2025-09-07,3585.29,profit
7978,47,141.0,11,6627.0,1551.0,1,2025-11-19,3585.25,profit
7977,48,25.0,42,1200.0,1050.0,1,2025-02-28,3586.71,profit
7976,32,114.0,18,3648.0,2052.0,1,2025-06-27,3585.19,profit
7975,37,132.0,68,4884.0,8976.0,1,2025-08-26,3585.33,profit
7974,17,139.0,95,2363.0,13205.0,1,2025-04-25,3586.17,profit
7973,21,140.0,66,2940.0,9240.0,1,2025-05-24,3586.58,profit
7972,9,114.0,48,1026.0,5472.0,1,2025-02-19,3586.58,profit
7971,19,44.0,46,836.0,2024.0,1,2025-02-10,3587.07,profit
7970,45,47.0,22,2115.0,1034.0,1,2025-04-13,3586.99,profit
7969,11,130.0,62,1430.0,8060.0,1,2025-03-11,3586.74,profit
7968,45,37.0,63,1665.0,2331.0,1,2025-03-23,3585.22,profit
7967,9,141.0,96,1269.0,13536.0,1,2025-03-03,3587.07,profit
7966,45,23.0,69,1035.0,1587.0,1,2025-02-20,3586.88,profit
7965,5,141.0,35,705.0,4935.0,1,2025-02-04,3585.0,profit
7964,18,115.0,46,2070.0,5290.0,1,2025-04-11,3585.27,profit
7963,11,141.0,77,1551.0,10857.0,1,2025-03-17,3586.11,profit
7962,25,45.0,92,1125.0,4140.0,1,2025-02-24,3585.11,profit
7961,47,66.0,27,3102.0,1782.0,1,2025-05-31,3585.94,profit
7960,40,108.0,86,4320.0,9288.0,1,2025-07-30,3585.57,profit
7959,33,59.0,36,1947.0,2124.0,1,2025-04-05,3586.64,profit
7958,36,16.0,30,576.0,480.0,1,2025-01-29,3586.5,profit
7957,50,134.0,14,6700.0,1876.0,1,2025-11-23,3585.47,profit
7956,39,113.0,73,4407.0,8249.0,1,2025-08-03,3585.09,profit
7955,33,51.0,10,1683.0,510.0,1,2025-03-23,3584.9,profit
7954,35,52.0,40,1820.0,2080.0,1,2025-03-30,3587.23,profit
7953,25,30.0,43,750.0,1290.0,1,2025-02-06,3586.61,profit
7952,37,66.0,73,2442.0,4818.0,1,2025-04-29,3586.01,profit
7951,20,27.0,10,540.0,270.0,1,2025-01-27,3585.75,profit
7950,23,78.0,49,1794.0,3822.0,1,2025-03-29,3586.41,profit
7949,46,101.0,88,4646.0,8888.0,1,2025-08-15,3586.08,profit
7948,50,73.0,47,3650.0,3431.0,1,2025-06-27,3586.3,profit
7947,41,131.0,21,5371.0,2751.0,1,2025-09-19,3585.55,profit
7946,40,76.0,11,3040.0,836.0,1,2025-05-28,3585.84,profit
7945,50,47.0,95,2350.0,4465.0,1,2025-04-25,3586.98,profit
7944,47,91.0,49,4277.0,4459.0,1,2025-07-28,3586.02,profit
7943,8,36.0,100,288.0,3600.0,1,2025-01-15,3587.34,profit
7942,22,150.0,71,3300.0,10650.0,1,2025-06-10,3585.69,profit
7941,32,147.0,79,4704.0,11613.0,1,2025-08-17,3586.1,profit
7940,24,87.0,28,2088.0,2436.0,1,2025-04-12,3586.76,profit
7939,5,106.0,35,530.0,3710.0,1,2025-01-26,3586.76,profit
7938,48,32.0,94,1536.0,3008.0,1,2025-03-16,3586.03,profit
7937,0,35.0,53,0.0,1855.0,0,2025-01-01,3585.53,profit
7936,11,120.0,19,1320.0,2280.0,1,2025-03-06,3586.84,profit
7935,14,101.0,62,1414.0,6262.0,1,2025-03-10,3586.19,profit
7934,12,54.0,58,648.0,3132.0,1,2025-02-01,3585.68,profit
7933,40,74.0,40,2960.0,2960.0,1,2025-05-25,3586.13,profit
7932,15,77.0,19,1155.0,1463.0,1,2025-02-26,3585.0,profit
7931,22,132.0,21,2904.0,2772.0,1,2025-05-22,3586.03,profit
7930,7,73.0,62,511.0,4526.0,1,2025-01-25,3586.85,profit
7929,30,71.0,68,2130.0,4828.0,1,2025-04-14,3584.98,profit
7928,21,144.0,95,3024.0,13680.0,1,2025-05-28,3585.97,profit
7927,17,38.0,56,646.0,2128.0,1,2025-02-01,3586.8,profit
7926,27,15.0,78,405.0,1170.0,1,2025-01-20,3585.36,profit
7925,0,58.0,66,0.0,3828.0,0,2025-01-01,3586.45,profit
7924,19,134.0,96,2546.0,12864.0,1,2025-05-04,3585.21,profit
7923,16,49.0,33,784.0,1617.0,1,2025-02-08,3586.45,profit
7922,6,139.0,73,834.0,10147.0,1,2025-02-10,3586.98,profit
7921,15,70.0,21,1050.0,1470.0,1,2025-02-21,3586.58,profit
7920,11,90.0,88,990.0,7920.0,1,2025-02-18,3587.42,profit
7919,22,110.0,29,2420.0,3190.0,1,2025-04-28,3586.81,profit
7918,9,95.0,53,855.0,5035.0,1,2025-02-11,3585.6,profit
7917,49,122.0,13,5978.0,1586.0,1,2025-10-18,3585.3,profit
7916,26,54.0,37,1404.0,1998.0,1,2025-03-10,3586.41,profit
7915,5,18.0,77,90.0,1386.0,1,2025-01-05,3586.62,profit
7914,8,70.0,27,560.0,1890.0,1,2025-01-28,3586.01,profit
7913,18,18.0,33,324.0,594.0,1,2025-01-16,3585.47,profit
7912,6,80.0,95,480.0,7600.0,1,2025-01-24,3586.02,profit
7911,27,28.0,76,756.0,2128.0,1,2025-02-06,3587.14,profit
7910,23,104.0,30,2392.0,3120.0,1,2025-04-27,3585.98,profit
7909,42,127.0,81,5334.0,10287.0,1,2025-09-17,3585.5,profit
7908,48,16.0,53,768.0,848.0,1,2025-02-07,3586.57,profit
7907,39,80.0,98,3120.0,7840.0,1,2025-06-01,3586.32,profit
7906,33,36.0,85,1188.0,3060.0,1,2025-02-27,3586.84,profit
7905,1,60.0,31,60.0,1860.0,1,2025-01-03,3586.22,profit
7904,1,120.0,95,120.0,11400.0,1,2025-01-06,3585.26,profit
7903,12,118.0,48,1416.0,5664.0,1,2025-03-10,3586.24,profit
7902,11,139.0,79,1529.0,10981.0,1,2025-03-16,3585.74,profit
7901,21,39.0,12,819.0,468.0,1,2025-02-09,3587.01,profit
7900,31,142.0,41,4402.0,5822.0,1,2025-08-03,3585.06,profit
7899,43,74.0,23,3182.0,1702.0,1,2025-06-04,3585.29,profit
7898,23,129.0,19,2967.0,2451.0,1,2025-05-25,3585.48,profit
7897,50,128.0,12,6400.0,1536.0,1,2025-11-08,3585.02,profit
7896,31,110.0,72,3410.0,7920.0,1,2025-06-15,3585.44,profit
7895,3,22.0,83,66.0,1826.0,1,2025-01-04,3586.58,profit
7894,2,75.0,48,150.0,3600.0,1,2025-01-08,3584.83,profit
7893,33,47.0,38,1551.0,1786.0,1,2025-03-17,3585.39,profit
7892,0,149.0,50,0.0,7450.0,0,2025-01-01,3586.47,profit
7891,10,137.0,13,1370.0,1781.0,1,2025-03-08,3586.2,profit
7890,30,41.0,76,1230.0,3116.0,1,2025-03-01,3585.68,profit
7889,3,67.0,23,201.0,1541.0,1,2025-01-10,3586.79,profit
7888,1,80.0,43,80.0,3440.0,1,2025-01-04,3586.71,profit
7887,4,81.0,56,324.0,4536.0,1,2025-01-16,3586.81,profit
7886,2,39.0,79,78.0,3081.0,1,2025-01-04,3585.83,profit
7885,15,90.0,54,1350.0,4860.0,1,2025-03-07,3584.91,profit
7884,10,108.0,68,1080.0,7344.0,1,2025-02-22,3587.19,profit
7883,37,133.0,80,4921.0,10640.0,1,2025-08-28,3584.88,profit
7882,4,111.0,94,444.0,10434.0,1,2025-01-22,3586.57,profit
7881,25,131.0,48,3275.0,6288.0,1,2025-06-09,3586.02,profit
7880,34,75.0,73,2550.0,5475.0,1,2025-05-05,3586.62,profit
7879,36,43.0,20,1548.0,860.0,1,2025-03-17,3585.23,profit
7878,14,49.0,86,686.0,4214.0,1,2025-02-03,3587.55,profit
7877,1,140.0,24,140.0,3360.0,1,2025-01-07,3584.82,profit
7876,40,23.0,32,920.0,736.0,1,2025-02-14,3585.43,profit
7875,3,113.0,97,339.0,10961.0,1,2025-01-17,3586.05,profit
7874,37,72.0,73,2664.0,5256.0,1,2025-05-10,3585.75,profit
7873,48,148.0,93,7104.0,13764.0,1,2025-12-12,3585.03,profit
7872,39,28.0,89,1092.0,2492.0,1,2025-02-23,3587.22,profit
7871,29,86.0,22,2494.0,1892.0,1,2025-05-02,3586.76,profit
7870,10,31.0,86,310.0,2666.0,1,2025-01-16,3586.87,profit
7869,44,116.0,41,5104.0,4756.0,1,2025-09-06,3585.26,profit
7868,27,96.0,69,2592.0,6624.0,1,2025-05-07,3585.41,profit
7867,30,54.0,53,1620.0,2862.0,1,2025-03-20,3586.61,profit
7866,18,28.0,54,504.0,1512.0,1,2025-01-25,3586.18,profit
7865,19,93.0,100,1767.0,9300.0,1,2025-03-27,3584.67,profit
7864,37,27.0,81,999.0,2187.0,1,2025-02-18,3585.67,profit
7863,27,41.0,51,1107.0,2091.0,1,2025-02-23,3586.57,profit
7862,42,85.0,28,3570.0,2380.0,1,2025-06-23,3586.16,profit
7861,37,16.0,51,592.0,816.0,1,2025-01-29,3586.56,profit
7860,15,56.0,63,840.0,3528.0,1,2025-02-10,3585.07,profit
7859,35,71.0,27,2485.0,1917.0,1,2025-05-01,3585.74,profit
7858,47,15.0,73,705.0,1095.0,1,2025-02-04,3585.21,profit
7857,43,70.0,53,3010.0,3710.0,1,2025-05-27,3585.18,profit
7856,15,20.0,69,300.0,1380.0,1,2025-01-15,3585.85,profit
7855,31,23.0,59,713.0,1357.0,1,2025-02-04,3584.67,profit
7854,20,130.0,67,2600.0,8710.0,1,2025-05-07,3585.44,profit
7853,16,101.0,36,1616.0,3636.0,1,2025-03-20,3585.9,profit
7852,11,23.0,19,253.0,437.0,1,2025-01-13,3586.91,profit
7851,42,123.0,46,5166.0,5658.0,1,2025-09-09,3586.13,profit
7850,2,135.0,71,270.0,9585.0,1,2025-01-14,3586.81,profit
7849,19,54.0,63,1026.0,3402.0,1,2025-02-19,3587.51,profit
7848,50,138.0,98,6900.0,13524.0,1,2025-12-02,3585.27,profit
7847,43,104.0,43,4472.0,4472.0,1,2025-08-06,3586.44,profit
7846,49,54.0,11,2646.0,594.0,1,2025-05-09,3585.95,profit
7845,32,38.0,42,1216.0,1596.0,1,2025-03-01,3587.03,profit
7844,42,134.0,87,5628.0,11658.0,1,2025-10-01,3585.47,profit
7843,35,34.0,98,1190.0,3332.0,1,2025-02-27,3584.92,profit
7842,39,129.0,15,5031.0,1935.0,1,2025-09-02,3585.61,profit
7841,18,115.0,21,2070.0,2415.0,1,2025-04-11,3587.2,profit
7840,11,106.0,40,1166.0,4240.0,1,2025-02-26,3586.15,profit
7839,5,41.0,90,205.0,3690.0,1,2025-01-10,3586.04,profit
7838,41,48.0,52,1968.0,2496.0,1,2025-04-06,3586.59,profit
7837,25,120.0,67,3000.0,8040.0,1,2025-05-26,3586.12,profit
7836,28,98.0,41,2744.0,4018.0,1,2025-05-14,3586.25,profit
7835,42,20.0,44,840.0,880.0,1,2025-02-10,3587.29,profit
7834,26,100.0,54,2600.0,5400.0,1,2025-05-07,3586.64,profit
7833,32,44.0,50,1408.0,2200.0,1,2025-03-10,3586.77,profit
7832,18,87.0,49,1566.0,4263.0,1,2025-03-18,3585.97,profit
7831,9,22.0,99,198.0,2178.0,1,2025-01-10,3585.7,profit
7830,27,147.0,64,3969.0,9408.0,1,2025-07-13,3585.02,profit
7829,27,127.0,35,3429.0,4445.0,1,2025-06-16,3586.49,profit
7828,25,90.0,96,2250.0,8640.0,1,2025-04-20,3584.97,profit
7827,20,72.0,50,1440.0,3600.0,1,2025-03-12,3584.78,profit
7826,5,62.0,19,310.0,1178.0,1,2025-01-16,3586.41,profit
7825,10,97.0,47,970.0,4559.0,1,2025-02-17,3585.94,profit
7824,19,114.0,77,2166.0,8778.0,1,2025-04-16,3586.61,profit
7823,22,58.0,98,1276.0,5684.0,1,2025-03-04,3585.97,profit
7822,14,87.0,16,1218.0,1392.0,1,2025-03-01,3586.04,profit
7821,10,69.0,44,690.0,3036.0,1,2025-02-03,3587.32,profit
7820,11,124.0,42,1364.0,5208.0,1,2025-03-08,3585.79,profit
7819,26,72.0,23,1872.0,1656.0,1,2025-04-02,3586.26,profit
7818,24,80.0,72,1920.0,5760.0,1,2025-04-04,3585.26,profit
7817,7,95.0,95,665.0,9025.0,1,2025-02-02,3587.6,profit
7815,4,140.0,66,560.0,9240.0,1,2025-01-28,3586.15,profit
7814,36,44.0,44,1584.0,1936.0,1,2025-03-19,3585.48,profit
7813,43,46.0,93,1978.0,4278.0,1,2025-04-07,3586.83,profit
7812,11,40.0,65,440.0,2600.0,1,2025-01-22,3586.97,profit
7811,14,75.0,82,1050.0,6150.0,1,2025-02-21,3587.14,profit
7810,10,144.0,91,1440.0,13104.0,1,2025-03-12,3585.99,profit
7809,7,134.0,87,938.0,11658.0,1,2025-02-15,3586.43,profit
7808,2,114.0,19,228.0,2166.0,1,2025-01-12,3585.78,profit
7807,29,117.0,33,3393.0,3861.0,1,2025-06-15,3585.99,profit
7806,40,47.0,95,1880.0,4465.0,1,2025-04-02,3585.15,profit
7805,37,120.0,71,4440.0,8520.0,1,2025-08-05,3585.21,profit
7804,19,27.0,79,513.0,2133.0,1,2025-01-25,3584.86,profit
7803,31,63.0,95,1953.0,5985.0,1,2025-04-06,3585.15,profit
7802,15,42.0,73,630.0,3066.0,1,2025-01-31,3586.05,profit
7801,21,102.0,39,2142.0,3978.0,1,2025-04-15,3585.55,profit
7800,37,106.0,81,3922.0,8586.0,1,2025-07-10,3585.98,profit
7799,35,83.0,35,2905.0,2905.0,1,2025-05-22,3586.28,profit
7798,31,88.0,48,2728.0,4224.0,1,2025-05-13,3585.31,profit
7797,1,129.0,92,129.0,11868.0,1,2025-01-07,3586.07,profit
7796,49,32.0,54,1568.0,1728.0,1,2025-03-18,3587.26,profit
7795,3,76.0,47,228.0,3572.0,1,2025-01-12,3585.98,profit
7794,3,115.0,12,345.0,1380.0,1,2025-01-17,3585.81,profit
7793,46,20.0,85,920.0,1700.0,1,2025-02-14,3587.01,profit
7792,29,131.0,56,3799.0,7336.0,1,2025-07-04,3586.13,profit
7791,42,74.0,17,3108.0,1258.0,1,2025-06-01,3585.9,profit
7790,27,107.0,47,2889.0,5029.0,1,2025-05-21,3586.62,profit
7789,6,120.0,65,720.0,7800.0,1,2025-02-05,3586.28,profit
7788,12,133.0,74,1596.0,9842.0,1,2025-03-19,3585.95,profit
7787,5,98.0,27,490.0,2646.0,1,2025-01-24,3586.81,profit
7786,21,127.0,81,2667.0,10287.0,1,2025-05-10,3586.41,profit
7785,15,27.0,26,405.0,702.0,1,2025-01-20,3586.0,profit
7784,41,65.0,90,2665.0,5850.0,1,2025-05-10,3585.67,profit
7783,25,136.0,58,3400.0,7888.0,1,2025-06-15,3586.04,profit
7782,30,51.0,94,1530.0,4794.0,1,2025-03-16,3586.19,profit
7781,44,98.0,56,4312.0,5488.0,1,2025-07-29,3586.13,profit
7780,26,44.0,49,1144.0,2156.0,1,2025-02-25,3585.14,profit
7779,26,52.0,15,1352.0,780.0,1,2025-03-07,3586.68,profit
7778,50,23.0,21,1150.0,483.0,1,2025-02-25,3584.97,profit
7777,4,146.0,68,584.0,9928.0,1,2025-01-29,3586.31,profit
7776,42,48.0,52,2016.0,2496.0,1,2025-04-09,3585.88,profit
7775,31,38.0,52,1178.0,1976.0,1,2025-02-27,3585.11,profit
7774,22,63.0,11,1386.0,693.0,1,2025-03-09,3586.48,profit
7773,19,126.0,89,2394.0,11214.0,1,2025-04-27,3586.89,profit
7772,2,84.0,57,168.0,4788.0,1,2025-01-09,3586.12,profit
7771,21,111.0,97,2331.0,10767.0,1,2025-04-24,3586.28,profit
7770,44,69.0,82,3036.0,5658.0,1,2025-05-28,3586.31,profit
7769,29,54.0,72,1566.0,3888.0,1,2025-03-18,3587.19,profit
7768,31,20.0,54,620.0,1080.0,1,2025-01-31,3586.85,profit
7767,29,129.0,33,3741.0,4257.0,1,2025-07-02,3586.55,profit
7766,28,17.0,56,476.0,952.0,1,2025-01-24,3586.03,profit
7765,10,18.0,13,180.0,234.0,1,2025-01-09,3585.95,profit
7763,43,77.0,26,3311.0,2002.0,1,2025-06-11,3586.69,profit
7762,27,23.0,25,621.0,575.0,1,2025-01-31,3585.86,profit
7761,2,68.0,78,136.0,5304.0,1,2025-01-07,3585.4,profit
7760,12,16.0,31,192.0,496.0,1,2025-01-10,3586.66,profit
7759,50,149.0,60,7450.0,8940.0,1,2025-12-29,3585.21,profit
7758,3,140.0,86,420.0,12040.0,1,2025-01-21,3586.44,profit
7757,17,72.0,70,1224.0,5040.0,1,2025-03-01,3586.14,profit
7756,30,62.0,27,1860.0,1674.0,1,2025-04-01,3586.48,profit
7755,23,65.0,44,1495.0,2860.0,1,2025-03-14,3586.16,profit
7754,10,33.0,66,330.0,2178.0,1,2025-01-17,3586.93,profit
7753,19,73.0,33,1387.0,2409.0,1,2025-03-09,3584.93,profit
7752,20,81.0,70,1620.0,5670.0,1,2025-03-20,3585.92,profit
7751,27,59.0,86,1593.0,5074.0,1,2025-03-19,3586.1,profit
7749,5,123.0,96,615.0,11808.0,1,2025-01-30,3585.26,profit
7748,40,140.0,76,5600.0,10640.0,1,2025-09-30,3585.83,profit
7747,12,119.0,78,1428.0,9282.0,1,2025-03-11,3587.01,profit
7746,50,69.0,81,3450.0,5589.0,1,2025-06-17,3586.13,profit
7745,48,22.0,91,1056.0,2002.0,1,2025-02-21,3586.28,profit
7744,8,132.0,48,1056.0,6336.0,1,2025-02-21,3587.06,profit
7743,6,111.0,98,666.0,10878.0,1,2025-02-02,3586.94,profit
7742,11,51.0,78,561.0,3978.0,1,2025-01-28,3585.12,profit
7741,21,113.0,19,2373.0,2147.0,1,2025-04-26,3584.93,profit
7740,3,86.0,19,258.0,1634.0,1,2025-01-13,3587.18,profit
7739,9,58.0,69,522.0,4002.0,1,2025-01-26,3587.02,profit
7738,5,124.0,83,620.0,10292.0,1,2025-01-31,3587.28,profit
7737,20,133.0,56,2660.0,7448.0,1,2025-05-10,3586.29,profit
7736,27,117.0,52,3159.0,6084.0,1,2025-06-03,3584.81,profit
7735,48,61.0,82,2928.0,5002.0,1,2025-05-23,3586.22,profit
7734,8,99.0,95,792.0,9405.0,1,2025-02-08,3586.29,profit
7733,20,35.0,81,700.0,2835.0,1,2025-02-04,3585.11,profit
7732,28,48.0,86,1344.0,4128.0,1,2025-03-07,3585.95,profit
7731,50,65.0,67,3250.0,4355.0,1,2025-06-08,3585.48,profit
7730,18,92.0,94,1656.0,8648.0,1,2025-03-22,3585.33,profit
7729,40,16.0,100,640.0,1600.0,1,2025-02-01,3587.03,profit
7728,37,111.0,67,4107.0,7437.0,1,2025-07-19,3585.89,profit
7727,38,127.0,87,4826.0,11049.0,1,2025-08-23,3585.35,profit
7726,29,33.0,16,957.0,528.0,1,2025-02-16,3585.31,profit
7725,29,97.0,62,2813.0,6014.0,1,2025-05-17,3585.15,profit
7724,1,150.0,38,150.0,5700.0,1,2025-01-08,3586.75,profit
7723,47,137.0,76,6439.0,10412.0,1,2025-11-10,3584.67,profit
7722,46,22.0,100,1012.0,2200.0,1,2025-02-19,3586.05,profit
7721,48,96.0,26,4608.0,2496.0,1,2025-08-13,3585.74,profit
7720,25,94.0,53,2350.0,4982.0,1,2025-04-25,3586.07,profit
7719,14,83.0,37,1162.0,3071.0,1,2025-02-26,3586.84,profit
7718,27,113.0,66,3051.0,7458.0,1,2025-05-29,3585.96,profit
7717,32,137.0,44,4384.0,6028.0,1,2025-08-02,3586.24,profit
7716,37,22.0,57,814.0,1254.0,1,2025-02-09,3586.67,profit
7715,49,135.0,82,6615.0,11070.0,1,2025-11-18,3585.59,profit
7714,28,110.0,16,3080.0,1760.0,1,2025-05-30,3586.61,profit
7713,43,58.0,51,2494.0,2958.0,1,2025-05-02,3585.51,profit
7712,28,15.0,74,420.0,1110.0,1,2025-01-21,3585.83,profit
7711,49,66.0,52,3234.0,3432.0,1,2025-06-07,3585.46,profit
7710,9,42.0,100,378.0,4200.0,1,2025-01-19,3585.46,profit
7709,43,138.0,67,5934.0,9246.0,1,2025-10-16,3585.63,profit
7707,10,148.0,26,1480.0,3848.0,1,2025-03-14,3586.9,profit
7706,27,68.0,66,1836.0,4488.0,1,2025-03-31,3586.11,profit
7705,13,65.0,42,845.0,2730.0,1,2025-02-11,3586.58,profit
7704,17,101.0,21,1717.0,2121.0,1,2025-03-25,3586.12,profit
7703,21,127.0,27,2667.0,3429.0,1,2025-05-10,3585.29,profit
7702,6,39.0,100,234.0,3900.0,1,2025-01-12,3587.13,profit
7701,32,95.0,60,3040.0,5700.0,1,2025-05-28,3584.65,profit
7700,49,59.0,74,2891.0,4366.0,1,2025-05-21,3586.26,profit
7699,48,91.0,69,4368.0,6279.0,1,2025-08-01,3585.25,profit
7698,12,124.0,65,1488.0,8060.0,1,2025-03-14,3584.91,profit
7697,35,107.0,63,3745.0,6741.0,1,2025-07-02,3585.37,profit
7696,8,96.0,98,768.0,9408.0,1,2025-02-07,3587.58,profit
7695,3,104.0,38,312.0,3952.0,1,2025-01-16,3586.84,profit
7694,1,75.0,57,75.0,4275.0,1,2025-01-04,3586.14,profit
7693,15,105.0,95,1575.0,9975.0,1,2025-03-18,3585.55,profit
7692,24,131.0,45,3144.0,5895.0,1,2025-06-03,3585.75,profit
7691,40,67.0,34,2680.0,2278.0,1,2025-05-11,3587.04,profit
7690,31,76.0,88,2356.0,6688.0,1,2025-04-25,3585.94,profit
7689,40,47.0,100,1880.0,4700.0,1,2025-04-02,3585.18,profit
7688,9,125.0,88,1125.0,11000.0,1,2025-02-24,3585.34,profit
7687,9,33.0,97,297.0,3201.0,1,2025-01-15,3585.06,profit
7685,37,101.0,88,3737.0,8888.0,1,2025-07-01,3586.62,profit
7684,39,140.0,84,5460.0,11760.0,1,2025-09-23,3585.29,profit
7683,48,88.0,32,4224.0,2816.0,1,2025-07-25,3585.87,profit
7682,23,120.0,28,2760.0,3360.0,1,2025-05-15,3586.07,profit
7681,14,137.0,31,1918.0,4247.0,1,2025-04-04,3585.73,profit
7680,2,87.0,88,174.0,7656.0,1,2025-01-09,3587.0,profit
7679,21,27.0,87,567.0,2349.0,1,2025-01-28,3585.51,profit
7678,0,41.0,80,0.0,3280.0,0,2025-01-01,3586.17,profit
7677,31,98.0,61,3038.0,5978.0,1,2025-05-28,3586.18,profit
7676,9,83.0,25,747.0,2075.0,1,2025-02-06,3586.13,profit
7675,10,129.0,67,1290.0,8643.0,1,2025-03-04,3587.17,profit
7674,37,46.0,34,1702.0,1564.0,1,2025-03-24,3585.87,profit
7673,40,129.0,96,5160.0,12384.0,1,2025-09-09,3585.88,profit
7672,49,147.0,35,7203.0,5145.0,1,2025-12-17,3584.76,profit
7671,11,47.0,77,517.0,3619.0,1,2025-01-26,3587.15,profit
7670,35,62.0,80,2170.0,4960.0,1,2025-04-16,3585.05,profit
7669,13,53.0,25,689.0,1325.0,1,2025-02-03,3585.51,profit
7668,30,18.0,13,540.0,234.0,1,2025-01-27,3586.32,profit
7667,47,150.0,65,7050.0,9750.0,1,2025-12-10,3585.14,profit
7666,44,95.0,85,4180.0,8075.0,1,2025-07-23,3586.27,profit
7665,49,90.0,90,4410.0,8100.0,1,2025-08-03,3584.89,profit
7664,43,116.0,19,4988.0,2204.0,1,2025-08-31,3585.75,profit
7663,14,144.0,41,2016.0,5904.0,1,2025-04-09,3585.52,profit
7662,2,140.0,30,280.0,4200.0,1,2025-01-14,3586.18,profit
7661,3,98.0,70,294.0,6860.0,1,2025-01-15,3586.85,profit
7660,50,36.0,77,1800.0,2772.0,1,2025-03-29,3585.89,profit
7659,38,31.0,22,1178.0,682.0,1,2025-02-27,3586.77,profit
7658,26,89.0,44,2314.0,3916.0,1,2025-04-23,3584.9,profit
7657,46,106.0,25,4876.0,2650.0,1,2025-08-26,3585.14,profit
7656,39,56.0,25,2184.0,1400.0,1,2025-04-17,3586.76,profit
7655,15,54.0,36,810.0,1944.0,1,2025-02-09,3585.48,profit
7654,4,142.0,15,568.0,2130.0,1,2025-01-28,3586.09,profit
7653,10,120.0,28,1200.0,3360.0,1,2025-02-28,3586.15,profit
7652,39,68.0,94,2652.0,6392.0,1,2025-05-10,3586.52,profit
7651,0,19.0,22,0.0,418.0,0,2025-01-01,3586.39,profit
7650,9,31.0,33,279.0,1023.0,1,2025-01-14,3586.92,profit
7649,2,53.0,31,106.0,1643.0,1,2025-01-06,3585.3,profit
7648,28,48.0,63,1344.0,3024.0,1,2025-03-07,3585.73,profit
7647,19,100.0,26,1900.0,2600.0,1,2025-04-03,3585.25,profit
7646,5,130.0,18,650.0,2340.0,1,2025-02-01,3587.55,profit
7645,38,58.0,20,2204.0,1160.0,1,2025-04-18,3586.72,profit
7644,5,121.0,60,605.0,7260.0,1,2025-01-30,3585.43,profit
7643,7,114.0,70,798.0,7980.0,1,2025-02-08,3587.82,profit
7642,37,113.0,91,4181.0,10283.0,1,2025-07-23,3586.32,profit
7641,29,128.0,78,3712.0,9984.0,1,2025-06-30,3585.72,profit
7640,6,89.0,26,534.0,2314.0,1,2025-01-26,3586.5,profit
7639,19,32.0,38,608.0,1216.0,1,2025-01-30,3587.5,profit
7638,50,66.0,71,3300.0,4686.0,1,2025-06-10,3585.62,profit
7637,49,103.0,17,5047.0,1751.0,1,2025-09-03,3585.01,profit
7636,31,17.0,35,527.0,595.0,1,2025-01-26,3587.07,profit
7635,49,114.0,69,5586.0,7866.0,1,2025-09-29,3585.38,profit
7634,41,107.0,95,4387.0,10165.0,1,2025-08-02,3584.91,profit
7633,25,31.0,13,775.0,403.0,1,2025-02-07,3587.14,profit
7632,10,141.0,13,1410.0,1833.0,1,2025-03-10,3585.24,profit
7631,3,117.0,49,351.0,5733.0,1,2025-01-18,3587.38,profit
7630,3,79.0,41,237.0,3239.0,1,2025-01-12,3586.99,profit
7629,22,37.0,30,814.0,1110.0,1,2025-02-09,3585.82,profit
7628,21,107.0,15,2247.0,1605.0,1,2025-04-20,3586.47,profit
7627,21,19.0,96,399.0,1824.0,1,2025-01-20,3586.22,profit
7626,25,150.0,79,3750.0,11850.0,1,2025-07-02,3585.29,profit
7625,10,21.0,25,210.0,525.0,1,2025-01-11,3586.81,profit
7624,29,123.0,32,3567.0,3936.0,1,2025-06-23,3586.01,profit
7623,2,16.0,30,32.0,480.0,1,2025-01-02,3586.63,profit
7622,2,28.0,37,56.0,1036.0,1,2025-01-03,3586.48,profit
7621,47,53.0,65,2491.0,3445.0,1,2025-05-02,3586.66,profit
7620,0,65.0,19,0.0,1235.0,0,2025-01-01,3585.62,profit
7619,47,45.0,46,2115.0,2070.0,1,2025-04-13,3586.53,profit
7618,31,98.0,49,3038.0,4802.0,1,2025-05-28,3586.28,profit
7617,29,142.0,28,4118.0,3976.0,1,2025-07-20,3585.54,profit
7616,36,137.0,77,4932.0,10549.0,1,2025-08-29,3585.85,profit
7615,10,127.0,20,1270.0,2540.0,1,2025-03-03,3587.15,profit
7614,41,124.0,27,5084.0,3348.0,1,2025-09-05,3585.74,profit
7613,16,137.0,72,2192.0,9864.0,1,2025-04-17,3586.5,profit
7612,44,147.0,61,6468.0,8967.0,1,2025-11-11,3585.24,profit
7611,21,84.0,14,1764.0,1176.0,1,2025-03-27,3585.74,profit
7610,37,55.0,63,2035.0,3465.0,1,2025-04-10,3586.31,profit
7609,39,102.0,77,3978.0,7854.0,1,2025-07-13,3585.71,profit
7608,28,48.0,41,1344.0,1968.0,1,2025-03-07,3585.72,profit
7607,2,120.0,59,240.0,7080.0,1,2025-01-12,3586.91,profit
7606,23,147.0,37,3381.0,5439.0,1,2025-06-14,3584.61,profit
7605,7,35.0,68,245.0,2380.0,1,2025-01-12,3586.28,profit
7604,21,45.0,38,945.0,1710.0,1,2025-02-15,3585.03,profit
7603,29,74.0,31,2146.0,2294.0,1,2025-04-15,3585.2,profit
7602,38,144.0,64,5472.0,9216.0,1,2025-09-24,3585.55,profit
7601,45,85.0,21,3825.0,1785.0,1,2025-07-06,3585.67,profit
7600,20,127.0,12,2540.0,1524.0,1,2025-05-04,3585.9,profit
7599,27,119.0,94,3213.0,11186.0,1,2025-06-06,3585.47,profit
7598,2,86.0,20,172.0,1720.0,1,2025-01-09,3586.79,profit
7597,45,51.0,19,2295.0,969.0,1,2025-04-22,3585.85,profit
7596,1,81.0,76,81.0,6156.0,1,2025-01-04,3586.16,profit
7595,31,75.0,77,2325.0,5775.0,1,2025-04-24,3586.34,profit
7594,43,70.0,73,3010.0,5110.0,1,2025-05-27,3585.76,profit
7593,27,31.0,45,837.0,1395.0,1,2025-02-10,3586.92,profit
7592,1,23.0,44,23.0,1012.0,1,2025-01-02,3586.93,profit
7591,15,121.0,22,1815.0,2662.0,1,2025-03-30,3586.41,profit
7590,14,65.0,84,910.0,5460.0,1,2025-02-14,3585.22,profit
7589,45,97.0,72,4365.0,6984.0,1,2025-08-01,3586.07,profit
7588,3,146.0,14,438.0,2044.0,1,2025-01-22,3585.9,profit
7587,45,45.0,97,2025.0,4365.0,1,2025-04-09,3586.82,profit
7586,31,62.0,58,1922.0,3596.0,1,2025-04-04,3586.35,profit
7585,7,107.0,59,749.0,6313.0,1,2025-02-06,3586.23,profit
7584,33,84.0,28,2772.0,2352.0,1,2025-05-15,3585.59,profit
7583,27,44.0,80,1188.0,3520.0,1,2025-02-27,3587.24,profit
7582,0,30.0,98,0.0,2940.0,0,2025-01-01,3586.29,profit
7581,28,118.0,54,3304.0,6372.0,1,2025-06-10,3586.44,profit
7580,18,114.0,50,2052.0,5700.0,1,2025-04-10,3586.19,profit
7579,5,106.0,89,530.0,9434.0,1,2025-01-26,3586.21,profit
7578,38,47.0,72,1786.0,3384.0,1,2025-03-28,3586.99,profit
7577,47,145.0,32,6815.0,4640.0,1,2025-11-28,3585.36,profit
7576,42,82.0,78,3444.0,6396.0,1,2025-06-17,3585.36,profit
7575,42,130.0,84,5460.0,10920.0,1,2025-09-23,3585.76,profit
7574,27,51.0,90,1377.0,4590.0,1,2025-03-09,3586.76,profit
7573,38,123.0,43,4674.0,5289.0,1,2025-08-16,3585.01,profit
7572,31,99.0,18,3069.0,1782.0,1,2025-05-30,3585.39,profit
7571,6,130.0,10,780.0,1300.0,1,2025-02-07,3587.44,profit
7570,40,77.0,10,3080.0,770.0,1,2025-05-30,3586.32,profit
7569,34,73.0,37,2482.0,2701.0,1,2025-05-01,3586.47,profit
7568,25,32.0,60,800.0,1920.0,1,2025-02-08,3586.57,profit
7567,28,132.0,24,3696.0,3168.0,1,2025-06-29,3585.64,profit
7566,25,145.0,38,3625.0,5510.0,1,2025-06-26,3586.36,profit
7565,16,111.0,79,1776.0,8769.0,1,2025-03-28,3585.85,profit
7564,7,36.0,45,252.0,1620.0,1,2025-01-13,3586.01,profit
7563,33,86.0,57,2838.0,4902.0,1,2025-05-19,3585.55,profit
7562,18,49.0,64,882.0,3136.0,1,2025-02-12,3586.5,profit
7561,4,102.0,55,408.0,5610.0,1,2025-01-20,3586.78,profit
7560,13,31.0,43,403.0,1333.0,1,2025-01-20,3585.64,profit
7559,25,18.0,61,450.0,1098.0,1,2025-01-22,3586.72,profit
7558,6,16.0,29,96.0,464.0,1,2025-01-05,3585.91,profit
7557,29,124.0,75,3596.0,9300.0,1,2025-06-25,3586.47,profit
7556,7,98.0,26,686.0,2548.0,1,2025-02-03,3587.42,profit
7555,48,58.0,55,2784.0,3190.0,1,2025-05-16,3585.04,profit
7554,9,39.0,50,351.0,1950.0,1,2025-01-18,3586.07,profit
7553,23,99.0,44,2277.0,4356.0,1,2025-04-21,3586.53,profit
7552,32,126.0,82,4032.0,10332.0,1,2025-07-16,3586.03,profit
7551,9,78.0,51,702.0,3978.0,1,2025-02-04,3587.12,profit
7550,25,140.0,37,3500.0,5180.0,1,2025-06-20,3585.1,profit
7549,42,91.0,67,3822.0,6097.0,1,2025-07-06,3585.06,profit
7548,50,59.0,47,2950.0,2773.0,1,2025-05-24,3585.7,profit
7547,5,142.0,97,710.0,13774.0,1,2025-02-04,3585.13,profit
7546,38,108.0,85,4104.0,9180.0,1,2025-07-19,3585.85,profit
7545,35,22.0,89,770.0,1958.0,1,2025-02-07,3586.72,profit
7544,11,79.0,31,869.0,2449.0,1,2025-02-12,3585.57,profit
7543,0,107.0,51,0.0,5457.0,0,2025-01-01,3586.6,profit
7542,16,55.0,37,880.0,2035.0,1,2025-02-12,3586.6,profit
7541,22,86.0,62,1892.0,5332.0,1,2025-04-03,3585.29,profit
7540,33,87.0,63,2871.0,5481.0,1,2025-05-20,3586.06,profit
7539,25,72.0,83,1800.0,5976.0,1,2025-03-29,3586.78,profit
7538,20,88.0,39,1760.0,3432.0,1,2025-03-27,3586.44,profit
7537,47,68.0,54,3196.0,3672.0,1,2025-06-05,3585.35,profit
7536,32,61.0,38,1952.0,2318.0,1,2025-04-05,3586.3,profit
7535,50,60.0,66,3000.0,3960.0,1,2025-05-26,3585.6,profit
7534,7,110.0,20,770.0,2200.0,1,2025-02-07,3587.32,profit
7533,0,35.0,16,0.0,560.0,0,2025-01-01,3586.0,profit
7532,31,140.0,23,4340.0,3220.0,1,2025-07-31,3585.82,profit
7531,7,135.0,35,945.0,4725.0,1,2025-02-15,3586.74,profit
7530,39,124.0,30,4836.0,3720.0,1,2025-08-24,3586.11,profit
7529,22,18.0,60,396.0,1080.0,1,2025-01-20,3586.45,profit
7528,6,21.0,80,126.0,1680.0,1,2025-01-07,3585.35,profit
7527,30,147.0,48,4410.0,7056.0,1,2025-08-03,3585.23,profit
7526,12,100.0,25,1200.0,2500.0,1,2025-02-28,3587.06,profit
7525,16,41.0,82,656.0,3362.0,1,2025-02-01,3586.78,profit
7524,21,126.0,66,2646.0,8316.0,1,2025-05-09,3585.45,profit
7523,11,123.0,72,1353.0,8856.0,1,2025-03-07,3586.76,profit
7522,18,128.0,90,2304.0,11520.0,1,2025-04-23,3586.15,profit
7521,26,29.0,53,754.0,1537.0,1,2025-02-06,3586.0,profit
7520,1,121.0,46,121.0,5566.0,1,2025-01-06,3584.67,profit
7519,46,36.0,39,1656.0,1404.0,1,2025-03-22,3584.88,profit
7518,7,72.0,18,504.0,1296.0,1,2025-01-25,3586.74,profit
7517,7,16.0,70,112.0,1120.0,1,2025-01-06,3584.94,profit
7516,32,112.0,96,3584.0,10752.0,1,2025-06-24,3585.94,profit
7515,20,91.0,99,1820.0,9009.0,1,2025-03-30,3586.19,profit
7514,19,136.0,11,2584.0,1496.0,1,2025-05-06,3585.11,profit
7513,33,21.0,94,693.0,1974.0,1,2025-02-03,3586.71,profit
7512,21,43.0,81,903.0,3483.0,1,2025-02-13,3586.04,profit
7511,42,92.0,43,3864.0,3956.0,1,2025-07-08,3586.21,profit
7510,9,69.0,88,621.0,6072.0,1,2025-01-31,3586.84,profit
7509,48,44.0,70,2112.0,3080.0,1,2025-04-13,3586.1,profit
7508,26,39.0,42,1014.0,1638.0,1,2025-02-19,3586.27,profit
7507,25,123.0,49,3075.0,6027.0,1,2025-05-30,3585.15,profit
7506,11,99.0,43,1089.0,4257.0,1,2025-02-22,3585.19,profit
7505,41,33.0,60,1353.0,1980.0,1,2025-03-07,3586.13,profit
7504,21,48.0,39,1008.0,1872.0,1,2025-02-19,3585.39,profit
7503,9,104.0,36,936.0,3744.0,1,2025-02-15,3586.11,profit
7502,15,90.0,39,1350.0,3510.0,1,2025-03-07,3586.42,profit
7501,15,38.0,66,570.0,2508.0,1,2025-01-28,3587.22,profit
7500,39,123.0,81,4797.0,9963.0,1,2025-08-22,3585.36,profit
7499,46,96.0,46,4416.0,4416.0,1,2025-08-03,3585.96,profit
7498,19,125.0,80,2375.0,10000.0,1,2025-04-26,3586.56,profit
7497,36,104.0,86,3744.0,8944.0,1,2025-07-02,3586.02,profit
7496,50,92.0,52,4600.0,4784.0,1,2025-08-12,3585.34,profit
7495,15,36.0,56,540.0,2016.0,1,2025-01-27,3586.69,profit
7494,19,71.0,17,1349.0,1207.0,1,2025-03-07,3585.97,profit
7493,27,111.0,35,2997.0,3885.0,1,2025-05-26,3585.2,profit
7492,22,89.0,15,1958.0,1335.0,1,2025-04-06,3586.1,profit
7491,20,51.0,32,1020.0,1632.0,1,2025-02-19,3585.32,profit
7490,31,129.0,13,3999.0,1677.0,1,2025-07-14,3586.13,profit
7489,36,113.0,57,4068.0,6441.0,1,2025-07-17,3585.79,profit
7488,12,51.0,81,612.0,4131.0,1,2025-01-30,3586.16,profit
7487,18,39.0,25,702.0,975.0,1,2025-02-04,3586.73,profit
7486,16,30.0,56,480.0,1680.0,1,2025-01-24,3585.16,profit
7485,23,122.0,32,2806.0,3904.0,1,2025-05-17,3585.29,profit
7484,9,94.0,50,846.0,4700.0,1,2025-02-11,3585.9,profit
7483,44,44.0,65,1936.0,2860.0,1,2025-04-05,3585.25,profit
7482,27,47.0,25,1269.0,1175.0,1,2025-03-03,3585.54,profit
7481,9,90.0,29,810.0,2610.0,1,2025-02-09,3586.57,profit
7480,11,85.0,79,935.0,6715.0,1,2025-02-15,3585.0,profit
7479,25,104.0,28,2600.0,2912.0,1,2025-05-07,3584.95,profit
7478,36,114.0,81,4104.0,9234.0,1,2025-07-19,3586.01,profit
7477,13,137.0,93,1781.0,12741.0,1,2025-03-28,3585.02,profit
7476,11,75.0,54,825.0,4050.0,1,2025-02-10,3586.37,profit
7475,1,140.0,77,140.0,10780.0,1,2025-01-07,3586.55,profit
7474,34,118.0,64,4012.0,7552.0,1,2025-07-15,3586.52,profit
7473,31,46.0,16,1426.0,736.0,1,2025-03-11,3586.84,profit
7472,46,25.0,75,1150.0,1875.0,1,2025-02-25,3586.55,profit
7471,36,141.0,96,5076.0,13536.0,1,2025-09-05,3585.79,profit
7470,50,124.0,87,6200.0,10788.0,1,2025-10-29,3585.1,profit
7469,12,23.0,70,276.0,1610.0,1,2025-01-14,3585.12,profit
7468,45,88.0,51,3960.0,4488.0,1,2025-07-12,3586.08,profit
7467,13,80.0,58,1040.0,4640.0,1,2025-02-20,3585.39,profit
7466,43,19.0,14,817.0,266.0,1,2025-02-09,3586.86,profit
7465,45,87.0,82,3915.0,7134.0,1,2025-07-10,3586.05,profit
7464,36,149.0,52,5364.0,7748.0,1,2025-09-19,3584.95,profit
7463,3,81.0,91,243.0,7371.0,1,2025-01-12,3586.34,profit
7462,46,28.0,55,1288.0,1540.0,1,2025-03-04,3586.8,profit
7461,48,94.0,12,4512.0,1128.0,1,2025-08-08,3586.06,profit
7460,14,89.0,76,1246.0,6764.0,1,2025-03-02,3587.26,profit
7459,15,148.0,37,2220.0,5476.0,1,2025-04-19,3585.34,profit
7458,6,60.0,59,360.0,3540.0,1,2025-01-18,3586.7,profit
7457,48,130.0,86,6240.0,11180.0,1,2025-10-31,3585.1,profit
7456,25,117.0,81,2925.0,9477.0,1,2025-05-23,3584.7,profit
7455,30,132.0,28,3960.0,3696.0,1,2025-07-12,3585.59,profit
7454,26,124.0,74,3224.0,9176.0,1,2025-06-06,3586.28,profit
7453,39,121.0,16,4719.0,1936.0,1,2025-08-18,3585.82,profit
7452,27,24.0,64,648.0,1536.0,1,2025-02-01,3587.46,profit
7451,41,81.0,30,3321.0,2430.0,1,2025-06-11,3586.15,profit
7450,42,93.0,71,3906.0,6603.0,1,2025-07-10,3586.02,profit
7449,36,91.0,79,3276.0,7189.0,1,2025-06-09,3585.63,profit
7448,37,83.0,44,3071.0,3652.0,1,2025-05-30,3585.69,profit
7447,25,40.0,64,1000.0,2560.0,1,2025-02-18,3587.4,profit
7446,11,30.0,79,330.0,2370.0,1,2025-01-17,3585.65,profit
7445,9,49.0,57,441.0,2793.0,1,2025-01-22,3587.33,profit
7444,13,90.0,15,1170.0,1350.0,1,2025-02-26,3586.1,profit
7443,31,28.0,33,868.0,924.0,1,2025-02-12,3585.22,profit
7442,13,75.0,67,975.0,5025.0,1,2025-02-17,3587.34,profit
7441,24,121.0,50,2904.0,6050.0,1,2025-05-22,3585.79,profit
7440,22,145.0,53,3190.0,7685.0,1,2025-06-05,3585.0,profit
7439,50,29.0,43,1450.0,1247.0,1,2025-03-12,3585.0,profit
7438,45,125.0,27,5625.0,3375.0,1,2025-10-01,3584.83,profit
7437,1,147.0,19,147.0,2793.0,1,2025-01-08,3586.46,profit
7436,29,29.0,13,841.0,377.0,1,2025-02-10,3585.53,profit
7435,5,140.0,80,700.0,11200.0,1,2025-02-04,3585.08,profit
7434,13,132.0,59,1716.0,7788.0,1,2025-03-25,3585.34,profit
7433,23,109.0,93,2507.0,10137.0,1,2025-05-03,3585.94,profit
7432,49,107.0,64,5243.0,6848.0,1,2025-09-13,3584.98,profit
7431,10,44.0,57,440.0,2508.0,1,2025-01-22,3587.14,profit
7430,38,79.0,85,3002.0,6715.0,1,2025-05-27,3586.16,profit
7429,40,97.0,47,3880.0,4559.0,1,2025-07-08,3586.34,profit
7428,46,27.0,15,1242.0,405.0,1,2025-03-02,3586.87,profit
7427,20,56.0,49,1120.0,2744.0,1,2025-02-24,3587.04,profit
7426,4,97.0,43,388.0,4171.0,1,2025-01-19,3585.85,profit
7425,42,109.0,69,4578.0,7521.0,1,2025-08-11,3584.7,profit
7424,47,138.0,67,6486.0,9246.0,1,2025-11-12,3584.99,profit
7423,37,75.0,83,2775.0,6225.0,1,2025-05-16,3586.76,profit
7422,5,16.0,35,80.0,560.0,1,2025-01-04,3586.04,profit
7421,38,146.0,69,5548.0,10074.0,1,2025-09-28,3585.89,profit
7420,35,34.0,98,1190.0,3332.0,1,2025-02-27,3585.88,profit
7419,36,50.0,34,1800.0,1700.0,1,2025-03-29,3587.5,profit
7418,34,41.0,30,1394.0,1230.0,1,2025-03-09,3586.78,profit
7417,29,84.0,43,2436.0,3612.0,1,2025-04-29,3584.98,profit
7416,6,51.0,55,306.0,2805.0,1,2025-01-15,3586.83,profit
7415,35,87.0,34,3045.0,2958.0,1,2025-05-29,3585.44,profit
7414,29,93.0,97,2697.0,9021.0,1,2025-05-12,3586.49,profit
7413,41,72.0,85,2952.0,6120.0,1,2025-05-24,3586.45,profit
7412,50,101.0,17,5050.0,1717.0,1,2025-09-03,3585.62,profit
7411,32,84.0,45,2688.0,3780.0,1,2025-05-11,3585.67,profit
7410,44,18.0,80,792.0,1440.0,1,2025-02-08,3586.97,profit
7409,18,63.0,77,1134.0,4851.0,1,2025-02-25,3585.39,profit
7408,9,73.0,51,657.0,3723.0,1,2025-02-01,3585.4,profit
7407,48,86.0,60,4128.0,5160.0,1,2025-07-20,3586.39,profit
7406,4,62.0,91,248.0,5642.0,1,2025-01-13,3587.07,profit
7405,24,87.0,42,2088.0,3654.0,1,2025-04-12,3585.11,profit
7404,20,58.0,28,1160.0,1624.0,1,2025-02-26,3585.32,profit
7403,33,52.0,58,1716.0,3016.0,1,2025-03-25,3587.06,profit
7402,41,60.0,57,2460.0,3420.0,1,2025-04-30,3586.78,profit
7401,50,74.0,42,3700.0,3108.0,1,2025-06-30,3585.22,profit
7400,28,110.0,67,3080.0,7370.0,1,2025-05-30,3586.24,profit
7399,29,23.0,59,667.0,1357.0,1,2025-02-02,3587.66,profit
7398,9,21.0,60,189.0,1260.0,1,2025-01-10,3585.93,profit
7397,34,17.0,71,578.0,1207.0,1,2025-01-29,3587.26,profit
7396,12,37.0,48,444.0,1776.0,1,2025-01-22,3586.56,profit
7395,46,117.0,85,5382.0,9945.0,1,2025-09-19,3585.45,profit
7394,40,93.0,30,3720.0,2790.0,1,2025-07-01,3586.09,profit
7393,39,81.0,10,3159.0,810.0,1,2025-06-03,3585.29,profit
7392,4,90.0,19,360.0,1710.0,1,2025-01-18,3585.26,profit
7391,31,136.0,98,4216.0,13328.0,1,2025-07-25,3586.3,profit
7390,14,62.0,71,868.0,4402.0,1,2025-02-12,3586.94,profit
7389,32,132.0,72,4224.0,9504.0,1,2025-07-25,3585.85,profit
7388,49,85.0,29,4165.0,2465.0,1,2025-07-22,3586.12,profit
7387,40,15.0,14,600.0,210.0,1,2025-01-30,3586.2,profit
7386,47,74.0,67,3478.0,4958.0,1,2025-06-19,3585.42,profit
7385,37,59.0,97,2183.0,5723.0,1,2025-04-17,3586.64,profit
7384,7,75.0,82,525.0,6150.0,1,2025-01-26,3586.6,profit
7383,3,75.0,30,225.0,2250.0,1,2025-01-11,3585.59,profit
7382,45,133.0,43,5985.0,5719.0,1,2025-10-19,3585.22,profit
7381,50,149.0,55,7450.0,8195.0,1,2025-12-29,3585.23,profit
7380,4,118.0,96,472.0,11328.0,1,2025-01-23,3585.68,profit
7379,39,38.0,60,1482.0,2280.0,1,2025-03-14,3584.72,profit
7378,6,85.0,81,510.0,6885.0,1,2025-01-25,3586.1,profit
7377,42,48.0,41,2016.0,1968.0,1,2025-04-09,3586.38,profit
7376,8,29.0,32,232.0,928.0,1,2025-01-12,3585.9,profit
7375,45,15.0,55,675.0,825.0,1,2025-02-02,3586.68,profit
7374,44,98.0,35,4312.0,3430.0,1,2025-07-29,3585.86,profit
7373,1,125.0,76,125.0,9500.0,1,2025-01-07,3586.79,profit
7372,8,105.0,19,840.0,1995.0,1,2025-02-10,3585.6,profit
7371,12,60.0,22,720.0,1320.0,1,2025-02-05,3585.48,profit
7370,40,27.0,47,1080.0,1269.0,1,2025-02-22,3587.17,profit
7369,24,35.0,51,840.0,1785.0,1,2025-02-10,3586.67,profit
7368,10,55.0,44,550.0,2420.0,1,2025-01-27,3586.76,profit
7367,45,56.0,20,2520.0,1120.0,1,2025-05-03,3586.16,profit
7366,45,101.0,30,4545.0,3030.0,1,2025-08-10,3586.26,profit
7365,10,147.0,55,1470.0,8085.0,1,2025-03-13,3586.83,profit
7364,28,59.0,45,1652.0,2655.0,1,2025-03-22,3586.21,profit
7363,20,57.0,12,1140.0,684.0,1,2025-02-25,3587.03,profit
7362,9,49.0,11,441.0,539.0,1,2025-01-22,3584.97,profit
7361,4,113.0,96,452.0,10848.0,1,2025-01-22,3586.28,profit
7360,11,137.0,32,1507.0,4384.0,1,2025-03-15,3586.21,profit
7359,26,54.0,41,1404.0,2214.0,1,2025-03-10,3586.5,profit
7358,44,72.0,95,3168.0,6840.0,1,2025-06-04,3586.64,profit
7357,18,102.0,58,1836.0,5916.0,1,2025-03-31,3586.64,profit
7356,29,109.0,33,3161.0,3597.0,1,2025-06-03,3585.28,profit
7355,12,124.0,70,1488.0,8680.0,1,2025-03-14,3586.21,profit
7354,28,106.0,24,2968.0,2544.0,1,2025-05-25,3585.41,profit
7353,48,130.0,35,6240.0,4550.0,1,2025-10-31,3585.32,profit
7352,30,80.0,57,2400.0,4560.0,1,2025-04-27,3586.87,profit
7351,48,26.0,51,1248.0,1326.0,1,2025-03-02,3585.92,profit
7350,10,135.0,52,1350.0,7020.0,1,2025-03-07,3586.43,profit
7349,40,144.0,16,5760.0,2304.0,1,2025-10-08,3585.37,profit
7348,47,147.0,72,6909.0,10584.0,1,2025-12-03,3584.99,profit
7347,9,37.0,56,333.0,2072.0,1,2025-01-17,3586.24,profit
7346,35,74.0,67,2590.0,4958.0,1,2025-05-07,3585.13,profit
7345,37,67.0,52,2479.0,3484.0,1,2025-05-01,3585.24,profit
7344,16,136.0,89,2176.0,12104.0,1,2025-04-16,3587.07,profit
7343,25,61.0,84,1525.0,5124.0,1,2025-03-16,3586.06,profit
7342,38,54.0,94,2052.0,5076.0,1,2025-04-10,3586.47,profit
7341,9,121.0,44,1089.0,5324.0,1,2025-02-22,3586.74,profit
7340,19,72.0,41,1368.0,2952.0,1,2025-03-08,3585.38,profit
7339,6,145.0,21,870.0,3045.0,1,2025-02-12,3586.47,profit
7338,13,133.0,74,1729.0,9842.0,1,2025-03-26,3586.26,profit
7337,46,144.0,66,6624.0,9504.0,1,2025-11-19,3585.51,profit
7336,20,89.0,98,1780.0,8722.0,1,2025-03-28,3584.77,profit
7335,19,150.0,72,2850.0,10800.0,1,2025-05-19,3586.17,profit
7334,21,80.0,52,1680.0,4160.0,1,2025-03-23,3586.55,profit
7333,31,32.0,37,992.0,1184.0,1,2025-02-18,3587.2,profit
7332,42,113.0,70,4746.0,7910.0,1,2025-08-19,3585.67,profit
7331,31,51.0,76,1581.0,3876.0,1,2025-03-18,3586.86,profit
7330,23,125.0,87,2875.0,10875.0,1,2025-05-20,3586.4,profit
7329,32,80.0,98,2560.0,7840.0,1,2025-05-05,3585.73,profit
7328,50,18.0,14,900.0,252.0,1,2025-02-13,3587.13,profit
7327,9,59.0,21,531.0,1239.0,1,2025-01-26,3587.36,profit
7326,14,123.0,16,1722.0,1968.0,1,2025-03-25,3585.19,profit
7325,4,24.0,87,96.0,2088.0,1,2025-01-05,3586.35,profit
7324,20,29.0,36,580.0,1044.0,1,2025-01-29,3585.05,profit
7323,17,149.0,60,2533.0,8940.0,1,2025-05-04,3586.56,profit
7322,27,127.0,46,3429.0,5842.0,1,2025-06-16,3585.46,profit
7321,41,39.0,35,1599.0,1365.0,1,2025-03-19,3587.11,profit
7320,35,144.0,74,5040.0,10656.0,1,2025-09-03,3585.93,profit
7319,31,73.0,72,2263.0,5256.0,1,2025-04-21,3585.98,profit
7318,31,72.0,44,2232.0,3168.0,1,2025-04-19,3586.41,profit
7317,1,109.0,98,109.0,10682.0,1,2025-01-06,3585.63,profit
7316,18,91.0,52,1638.0,4732.0,1,2025-03-21,3587.09,profit
7315,45,86.0,11,3870.0,946.0,1,2025-07-08,3585.76,profit
7314,19,53.0,51,1007.0,2703.0,1,2025-02-19,3586.79,profit
7313,6,118.0,62,708.0,7316.0,1,2025-02-04,3587.19,profit
7312,11,49.0,22,539.0,1078.0,1,2025-01-27,3586.2,profit
7311,26,145.0,38,3770.0,5510.0,1,2025-07-03,3585.53,profit
7310,24,26.0,34,624.0,884.0,1,2025-01-31,3587.14,profit
7309,32,36.0,86,1152.0,3096.0,1,2025-02-26,3584.66,profit
7308,43,114.0,94,4902.0,10716.0,1,2025-08-27,3586.08,profit
7307,19,113.0,100,2147.0,11300.0,1,2025-04-15,3586.59,profit
7306,18,97.0,11,1746.0,1067.0,1,2025-03-26,3585.56,profit
7305,25,70.0,66,1750.0,4620.0,1,2025-03-27,3586.02,profit
7304,14,72.0,62,1008.0,4464.0,1,2025-02-19,3585.8,profit
7303,15,130.0,62,1950.0,8060.0,1,2025-04-05,3585.98,profit
7302,49,67.0,70,3283.0,4690.0,1,2025-06-09,3584.97,profit
7301,8,41.0,99,328.0,4059.0,1,2025-01-16,3585.32,profit
7300,26,129.0,71,3354.0,9159.0,1,2025-06-13,3585.32,profit
7299,26,94.0,28,2444.0,2632.0,1,2025-04-29,3585.12,profit
7298,21,44.0,35,924.0,1540.0,1,2025-02-14,3585.19,profit
7297,35,102.0,14,3570.0,1428.0,1,2025-06-23,3586.06,profit
7296,44,61.0,39,2684.0,2379.0,1,2025-05-11,3585.24,profit
7295,25,99.0,99,2475.0,9801.0,1,2025-05-01,3586.1,profit
7294,8,71.0,55,568.0,3905.0,1,2025-01-28,3587.0,profit
7293,27,139.0,61,3753.0,8479.0,1,2025-07-02,3586.35,profit
7292,18,105.0,82,1890.0,8610.0,1,2025-04-02,3584.68,profit
7291,47,90.0,12,4230.0,1080.0,1,2025-07-25,3585.53,profit
7290,29,87.0,56,2523.0,4872.0,1,2025-05-03,3585.46,profit
7289,39,32.0,51,1248.0,1632.0,1,2025-03-02,3586.61,profit
7288,15,69.0,66,1035.0,4554.0,1,2025-02-20,3585.5,profit
7287,46,134.0,73,6164.0,9782.0,1,2025-10-27,3585.22,profit
7286,33,137.0,86,4521.0,11782.0,1,2025-08-09,3585.35,profit
7285,19,114.0,95,2166.0,10830.0,1,2025-04-16,3586.02,profit
7284,41,85.0,53,3485.0,4505.0,1,2025-06-19,3584.89,profit
7283,26,83.0,100,2158.0,8300.0,1,2025-04-16,3586.78,profit
7282,0,115.0,96,0.0,11040.0,0,2025-01-01,3585.7,profit
7281,38,52.0,43,1976.0,2236.0,1,2025-04-07,3585.97,profit
7280,34,120.0,49,4080.0,5880.0,1,2025-07-18,3585.37,profit
7279,20,94.0,93,1880.0,8742.0,1,2025-04-02,3586.7,profit
7278,26,70.0,79,1820.0,5530.0,1,2025-03-30,3586.75,profit
7277,38,72.0,75,2736.0,5400.0,1,2025-05-14,3585.7,profit
7276,46,21.0,65,966.0,1365.0,1,2025-02-17,3586.5,profit
7275,23,150.0,81,3450.0,12150.0,1,2025-06-17,3586.26,profit
7274,22,81.0,78,1782.0,6318.0,1,2025-03-28,3586.97,profit
7273,5,85.0,61,425.0,5185.0,1,2025-01-21,3584.98,profit
7272,8,80.0,51,640.0,4080.0,1,2025-02-01,3586.08,profit
7271,6,53.0,31,318.0,1643.0,1,2025-01-16,3586.63,profit
7270,43,113.0,91,4859.0,10283.0,1,2025-08-25,3585.46,profit
7269,25,28.0,47,700.0,1316.0,1,2025-02-04,3587.2,profit
7268,8,22.0,100,176.0,2200.0,1,2025-01-09,3585.63,profit
7267,13,48.0,83,624.0,3984.0,1,2025-01-31,3586.65,profit
7266,31,70.0,56,2170.0,3920.0,1,2025-04-16,3585.74,profit
7265,9,74.0,68,666.0,5032.0,1,2025-02-02,3587.14,profit
7264,10,119.0,60,1190.0,7140.0,1,2025-02-27,3586.98,profit
7263,23,125.0,51,2875.0,6375.0,1,2025-05-20,3586.0,profit
7262,11,19.0,37,209.0,703.0,1,2025-01-11,3587.01,profit
7261,27,137.0,44,3699.0,6028.0,1,2025-06-30,3584.83,profit
7260,0,150.0,26,0.0,3900.0,0,2025-01-01,3585.75,profit
7259,3,109.0,25,327.0,2725.0,1,2025-01-16,3586.93,profit
7258,33,16.0,83,528.0,1328.0,1,2025-01-26,3585.42,profit
7257,36,66.0,28,2376.0,1848.0,1,2025-04-26,3586.03,profit
7256,6,94.0,75,564.0,7050.0,1,2025-01-28,3585.45,profit
7255,48,43.0,77,2064.0,3311.0,1,2025-04-11,3584.97,profit
7254,41,98.0,81,4018.0,7938.0,1,2025-07-15,3585.54,profit
7253,47,23.0,56,1081.0,1288.0,1,2025-02-22,3586.3,profit
7252,44,36.0,26,1584.0,936.0,1,2025-03-19,3586.23,profit
7251,27,78.0,47,2106.0,3666.0,1,2025-04-13,3586.54,profit
7250,34,77.0,55,2618.0,4235.0,1,2025-05-08,3586.5,profit
7249,33,137.0,47,4521.0,6439.0,1,2025-08-09,3585.86,profit
7248,43,59.0,43,2537.0,2537.0,1,2025-05-04,3585.29,profit
7247,11,123.0,25,1353.0,3075.0,1,2025-03-07,3586.68,profit
7246,40,21.0,15,840.0,315.0,1,2025-02-10,3587.12,profit
7245,31,81.0,69,2511.0,5589.0,1,2025-05-03,3585.58,profit
7244,11,62.0,59,682.0,3658.0,1,2025-02-03,3587.62,profit
7243,10,52.0,33,520.0,1716.0,1,2025-01-26,3585.75,profit
7242,29,45.0,26,1305.0,1170.0,1,2025-03-05,3587.44,profit
7241,34,140.0,42,4760.0,5880.0,1,2025-08-20,3585.75,profit
7240,10,54.0,23,540.0,1242.0,1,2025-01-27,3585.37,profit
7239,43,16.0,88,688.0,1408.0,1,2025-02-03,3586.77,profit
7238,15,137.0,61,2055.0,8357.0,1,2025-04-11,3585.96,profit
7237,39,33.0,37,1287.0,1221.0,1,2025-03-04,3586.89,profit
7236,34,142.0,53,4828.0,7526.0,1,2025-08-23,3585.36,profit
7235,10,126.0,34,1260.0,4284.0,1,2025-03-03,3585.72,profit
7234,44,50.0,52,2200.0,2600.0,1,2025-04-18,3585.13,profit
7233,39,128.0,65,4992.0,8320.0,1,2025-08-31,3585.24,profit
7232,46,98.0,63,4508.0,6174.0,1,2025-08-08,3585.23,profit
7231,27,142.0,43,3834.0,6106.0,1,2025-07-06,3585.98,profit
7230,21,129.0,83,2709.0,10707.0,1,2025-05-12,3585.56,profit
7229,45,95.0,45,4275.0,4275.0,1,2025-07-28,3586.18,profit
7228,6,15.0,87,90.0,1305.0,1,2025-01-05,3585.96,profit
7227,6,97.0,66,582.0,6402.0,1,2025-01-29,3587.6,profit
7226,7,123.0,37,861.0,4551.0,1,2025-02-11,3585.6,profit
7225,39,28.0,70,1092.0,1960.0,1,2025-02-23,3587.03,profit
7224,21,54.0,28,1134.0,1512.0,1,2025-02-25,3587.24,profit
7223,32,129.0,42,4128.0,5418.0,1,2025-07-20,3586.23,profit
7222,38,82.0,46,3116.0,3772.0,1,2025-06-01,3585.89,profit
7221,40,19.0,14,760.0,266.0,1,2025-02-06,3587.38,profit
7220,36,89.0,51,3204.0,4539.0,1,2025-06-05,3586.19,profit
7219,36,139.0,52,5004.0,7228.0,1,2025-09-01,3586.08,profit
7218,18,136.0,36,2448.0,4896.0,1,2025-04-30,3585.21,profit
7217,26,131.0,39,3406.0,5109.0,1,2025-06-15,3586.35,profit
7216,14,52.0,82,728.0,4264.0,1,2025-02-05,3585.86,profit
7215,20,92.0,85,1840.0,7820.0,1,2025-03-31,3587.01,profit
7214,17,58.0,99,986.0,5742.0,1,2025-02-17,3586.93,profit
7213,0,106.0,32,0.0,3392.0,0,2025-01-01,3584.49,profit
7212,25,30.0,76,750.0,2280.0,1,2025-02-06,3587.21,profit
7211,40,33.0,92,1320.0,3036.0,1,2025-03-06,3586.81,profit
7210,13,56.0,15,728.0,840.0,1,2025-02-05,3587.02,profit
7209,6,114.0,52,684.0,5928.0,1,2025-02-03,3585.65,profit
7208,45,145.0,35,6525.0,5075.0,1,2025-11-14,3584.73,profit
7207,7,127.0,17,889.0,2159.0,1,2025-02-13,3586.84,profit
7206,0,148.0,58,0.0,8584.0,0,2025-01-01,3584.97,profit
7205,39,42.0,84,1638.0,3528.0,1,2025-03-21,3585.44,profit
7204,12,142.0,31,1704.0,4402.0,1,2025-03-24,3586.2,profit
7203,25,33.0,42,825.0,1386.0,1,2025-02-10,3586.59,profit
7202,16,39.0,44,624.0,1716.0,1,2025-01-31,3587.22,profit
7201,3,89.0,85,267.0,7565.0,1,2025-01-13,3585.38,profit
7200,24,132.0,79,3168.0,10428.0,1,2025-06-04,3586.44,profit
7199,14,45.0,39,630.0,1755.0,1,2025-01-31,3586.79,profit
7198,38,91.0,14,3458.0,1274.0,1,2025-06-18,3586.45,profit
7197,43,68.0,47,2924.0,3196.0,1,2025-05-23,3585.11,profit
7196,3,94.0,70,282.0,6580.0,1,2025-01-14,3586.76,profit
7195,15,41.0,70,615.0,2870.0,1,2025-01-30,3586.77,profit
7194,38,146.0,53,5548.0,7738.0,1,2025-09-28,3586.03,profit
7193,8,76.0,100,608.0,7600.0,1,2025-01-30,3586.87,profit
7192,3,137.0,47,411.0,6439.0,1,2025-01-21,3585.33,profit
7191,23,104.0,53,2392.0,5512.0,1,2025-04-27,3586.92,profit
7190,20,50.0,32,1000.0,1600.0,1,2025-02-18,3587.2,profit
7189,32,145.0,54,4640.0,7830.0,1,2025-08-14,3586.19,profit
7188,40,143.0,47,5720.0,6721.0,1,2025-10-06,3585.44,profit
7187,46,16.0,50,736.0,800.0,1,2025-02-05,3587.11,profit
7186,38,65.0,69,2470.0,4485.0,1,2025-05-01,3585.59,profit
7185,43,17.0,83,731.0,1411.0,1,2025-02-05,3586.31,profit
7184,0,80.0,11,0.0,880.0,0,2025-01-01,3586.5,profit
7183,29,27.0,83,783.0,2241.0,1,2025-02-08,3586.49,profit
7182,29,43.0,84,1247.0,3612.0,1,2025-03-02,3585.53,profit
7181,45,73.0,26,3285.0,1898.0,1,2025-06-09,3585.63,profit
7180,3,17.0,86,51.0,1462.0,1,2025-01-03,3586.66,profit
7179,15,42.0,18,630.0,756.0,1,2025-01-31,3585.36,profit
7178,3,98.0,78,294.0,7644.0,1,2025-01-15,3586.76,profit
7177,13,95.0,51,1235.0,4845.0,1,2025-03-02,3585.3,profit
7176,44,50.0,87,2200.0,4350.0,1,2025-04-18,3585.96,profit
7175,4,67.0,80,268.0,5360.0,1,2025-01-14,3586.95,profit
7174,12,61.0,11,732.0,671.0,1,2025-02-05,3586.65,profit
7173,31,38.0,98,1178.0,3724.0,1,2025-02-27,3586.49,profit
7172,10,110.0,10,1100.0,1100.0,1,2025-02-23,3586.98,profit
7171,46,50.0,99,2300.0,4950.0,1,2025-04-22,3585.65,profit
7170,47,89.0,45,4183.0,4005.0,1,2025-07-23,3586.12,profit
7169,6,78.0,54,468.0,4212.0,1,2025-01-23,3587.18,profit
7168,47,38.0,78,1786.0,2964.0,1,2025-03-28,3586.62,profit
7167,28,124.0,43,3472.0,5332.0,1,2025-06-18,3585.79,profit
7166,38,114.0,57,4332.0,6498.0,1,2025-07-30,3585.25,profit
7165,34,128.0,65,4352.0,8320.0,1,2025-07-31,3585.73,profit
7164,1,113.0,55,113.0,6215.0,1,2025-01-06,3585.37,profit
7163,3,67.0,37,201.0,2479.0,1,2025-01-10,3586.15,profit
7162,3,93.0,45,279.0,4185.0,1,2025-01-14,3586.64,profit
7161,15,115.0,78,1725.0,8970.0,1,2025-03-25,3585.21,profit
7160,11,53.0,67,583.0,3551.0,1,2025-01-29,3587.11,profit
7159,31,40.0,18,1240.0,720.0,1,2025-03-02,3586.83,profit
7158,21,16.0,91,336.0,1456.0,1,2025-01-17,3586.62,profit
7157,8,110.0,45,880.0,4950.0,1,2025-02-12,3585.17,profit
7156,30,128.0,77,3840.0,9856.0,1,2025-07-06,3585.64,profit
7155,14,74.0,55,1036.0,4070.0,1,2025-02-20,3587.32,profit
7154,16,102.0,75,1632.0,7650.0,1,2025-03-21,3587.25,profit
7153,0,31.0,77,0.0,2387.0,0,2025-01-01,3585.58,profit
7152,43,61.0,94,2623.0,5734.0,1,2025-05-08,3585.21,profit
7151,36,125.0,25,4500.0,3125.0,1,2025-08-07,3586.11,profit
7150,27,49.0,80,1323.0,3920.0,1,2025-03-06,3587.34,profit
7149,6,56.0,70,336.0,3920.0,1,2025-01-17,3586.8,profit
7148,46,131.0,38,6026.0,4978.0,1,2025-10-21,3585.54,profit
7147,49,59.0,13,2891.0,767.0,1,2025-05-21,3586.32,profit
7146,1,66.0,21,66.0,1386.0,1,2025-01-04,3586.68,profit
7145,20,44.0,30,880.0,1320.0,1,2025-02-12,3586.07,profit
7144,39,43.0,15,1677.0,645.0,1,2025-03-23,3586.98,profit
7143,32,57.0,98,1824.0,5586.0,1,2025-03-30,3585.49,profit
7142,4,138.0,20,552.0,2760.0,1,2025-01-27,3586.22,profit
7141,2,110.0,15,220.0,1650.0,1,2025-01-11,3586.15,profit
7140,11,15.0,71,165.0,1065.0,1,2025-01-09,3587.01,profit
7139,19,99.0,73,1881.0,7227.0,1,2025-04-02,3584.76,profit
7138,49,145.0,91,7105.0,13195.0,1,2025-12-12,3585.13,profit
7137,32,102.0,32,3264.0,3264.0,1,2025-06-08,3586.54,profit
7136,0,83.0,45,0.0,3735.0,0,2025-01-01,3586.78,profit
7135,50,111.0,70,5550.0,7770.0,1,2025-09-28,3585.31,profit
7134,31,69.0,67,2139.0,4623.0,1,2025-04-15,3586.94,profit
7133,6,143.0,16,858.0,2288.0,1,2025-02-11,3587.09,profit
7132,37,116.0,58,4292.0,6728.0,1,2025-07-28,3585.62,profit
7131,5,20.0,22,100.0,440.0,1,2025-01-05,3586.66,profit
7130,14,16.0,47,224.0,752.0,1,2025-01-11,3585.71,profit
7129,14,126.0,67,1764.0,8442.0,1,2025-03-27,3586.3,profit
7128,37,120.0,42,4440.0,5040.0,1,2025-08-05,3585.64,profit
7127,7,30.0,27,210.0,810.0,1,2025-01-11,3585.29,profit
7126,10,85.0,82,850.0,6970.0,1,2025-02-11,3585.91,profit
7125,8,97.0,14,776.0,1358.0,1,2025-02-07,3586.3,profit
7124,44,28.0,98,1232.0,2744.0,1,2025-03-01,3586.85,profit
7123,15,30.0,46,450.0,1380.0,1,2025-01-22,3585.73,profit
7122,12,28.0,10,336.0,280.0,1,2025-01-17,3586.51,profit
7121,18,44.0,38,792.0,1672.0,1,2025-02-08,3585.21,profit
7120,47,122.0,18,5734.0,2196.0,1,2025-10-07,3585.41,profit
7119,38,112.0,72,4256.0,8064.0,1,2025-07-27,3586.11,profit
7118,6,18.0,65,108.0,1170.0,1,2025-01-06,3586.2,profit
7117,17,44.0,33,748.0,1452.0,1,2025-02-06,3586.75,profit
7116,3,131.0,86,393.0,11266.0,1,2025-01-20,3587.14,profit
7115,5,78.0,64,390.0,4992.0,1,2025-01-19,3586.04,profit
7114,11,16.0,42,176.0,672.0,1,2025-01-09,3586.47,profit
7113,2,114.0,44,228.0,5016.0,1,2025-01-12,3586.6,profit
7112,23,101.0,61,2323.0,6161.0,1,2025-04-24,3585.51,profit
7111,33,82.0,86,2706.0,7052.0,1,2025-05-12,3586.55,profit
7110,30,87.0,44,2610.0,3828.0,1,2025-05-08,3586.8,profit
7109,47,103.0,70,4841.0,7210.0,1,2025-08-24,3585.41,profit
7108,25,90.0,64,2250.0,5760.0,1,2025-04-20,3585.77,profit
7107,45,85.0,88,3825.0,7480.0,1,2025-07-06,3585.6,profit
7106,34,71.0,31,2414.0,2201.0,1,2025-04-28,3586.44,profit
7105,45,55.0,96,2475.0,5280.0,1,2025-05-01,3585.9,profit
7104,9,119.0,47,1071.0,5593.0,1,2025-02-22,3585.62,profit
7103,38,122.0,25,4636.0,3050.0,1,2025-08-14,3585.21,profit
7102,26,107.0,31,2782.0,3317.0,1,2025-05-16,3585.19,profit
7101,44,138.0,66,6072.0,9108.0,1,2025-10-23,3585.21,profit
7100,44,110.0,98,4840.0,10780.0,1,2025-08-24,3585.13,profit
7099,40,73.0,64,2920.0,4672.0,1,2025-05-23,3586.27,profit
7098,27,56.0,87,1512.0,4872.0,1,2025-03-15,3586.27,profit
7097,42,98.0,50,4116.0,4900.0,1,2025-07-20,3586.32,profit
7096,40,83.0,91,3320.0,7553.0,1,2025-06-11,3586.38,profit
7095,43,94.0,60,4042.0,5640.0,1,2025-07-16,3585.33,profit
7094,33,55.0,14,1815.0,770.0,1,2025-03-30,3586.21,profit
7093,10,61.0,80,610.0,4880.0,1,2025-01-30,3587.16,profit
7092,24,79.0,74,1896.0,5846.0,1,2025-04-03,3586.06,profit
7091,26,95.0,46,2470.0,4370.0,1,2025-05-01,3585.56,profit
7090,46,47.0,90,2162.0,4230.0,1,2025-04-16,3585.18,profit
7089,5,65.0,97,325.0,6305.0,1,2025-01-16,3586.47,profit
7088,33,144.0,58,4752.0,8352.0,1,2025-08-20,3585.56,profit
7087,18,119.0,87,2142.0,10353.0,1,2025-04-15,3585.33,profit
7086,13,141.0,80,1833.0,11280.0,1,2025-03-31,3585.73,profit
7085,8,118.0,87,944.0,10266.0,1,2025-02-15,3586.95,profit
7084,40,117.0,89,4680.0,10413.0,1,2025-08-16,3585.2,profit
7083,39,150.0,34,5850.0,5100.0,1,2025-10-12,3584.74,profit
7082,44,104.0,81,4576.0,8424.0,1,2025-08-11,3585.51,profit
7081,5,25.0,13,125.0,325.0,1,2025-01-07,3586.14,profit
7080,26,65.0,29,1690.0,1885.0,1,2025-03-24,3586.7,profit
7079,18,72.0,57,1296.0,4104.0,1,2025-03-05,3585.9,profit
7078,14,52.0,67,728.0,3484.0,1,2025-02-05,3587.4,profit
7077,13,140.0,18,1820.0,2520.0,1,2025-03-30,3586.75,profit
7076,4,72.0,82,288.0,5904.0,1,2025-01-15,3585.11,profit
7075,17,33.0,91,561.0,3003.0,1,2025-01-28,3587.38,profit
7074,1,22.0,61,22.0,1342.0,1,2025-01-02,3586.66,profit
7073,29,24.0,45,696.0,1080.0,1,2025-02-03,3586.63,profit
7072,30,127.0,24,3810.0,3048.0,1,2025-07-05,3585.73,profit
7071,17,71.0,83,1207.0,5893.0,1,2025-02-28,3585.86,profit
7070,4,115.0,24,460.0,2760.0,1,2025-01-23,3586.17,profit
7069,27,31.0,65,837.0,2015.0,1,2025-02-10,3586.48,profit
7068,9,140.0,83,1260.0,11620.0,1,2025-03-03,3586.86,profit
7067,9,126.0,15,1134.0,1890.0,1,2025-02-25,3587.17,profit
7066,22,135.0,68,2970.0,9180.0,1,2025-05-25,3586.62,profit
7065,30,49.0,56,1470.0,2744.0,1,2025-03-13,3586.53,profit
7064,42,17.0,69,714.0,1173.0,1,2025-02-04,3587.25,profit
7063,19,24.0,38,456.0,912.0,1,2025-01-23,3585.09,profit
7062,17,107.0,41,1819.0,4387.0,1,2025-03-30,3586.99,profit
7061,16,145.0,92,2320.0,13340.0,1,2025-04-23,3587.08,profit
7060,24,149.0,98,3576.0,14602.0,1,2025-06-24,3584.5,profit
7059,45,138.0,62,6210.0,8556.0,1,2025-10-30,3585.24,profit
7058,25,24.0,40,600.0,960.0,1,2025-01-30,3586.44,profit
7057,42,62.0,78,2604.0,4836.0,1,2025-05-07,3585.47,profit
7056,38,59.0,39,2242.0,2301.0,1,2025-04-20,3587.0,profit
7055,34,59.0,56,2006.0,3304.0,1,2025-04-08,3586.25,profit
7054,39,116.0,13,4524.0,1508.0,1,2025-08-09,3585.1,profit
7053,14,20.0,34,280.0,680.0,1,2025-01-14,3586.4,profit
7052,28,122.0,49,3416.0,5978.0,1,2025-06-16,3585.46,profit
7051,4,134.0,93,536.0,12462.0,1,2025-01-27,3586.67,profit
7050,31,103.0,53,3193.0,5459.0,1,2025-06-05,3585.33,profit
7049,44,92.0,90,4048.0,8280.0,1,2025-07-17,3585.82,profit
7048,14,135.0,27,1890.0,3645.0,1,2025-04-02,3585.73,profit
7047,47,101.0,19,4747.0,1919.0,1,2025-08-20,3585.16,profit
7046,22,68.0,69,1496.0,4692.0,1,2025-03-14,3585.72,profit
7045,12,113.0,34,1356.0,3842.0,1,2025-03-07,3585.81,profit
7044,46,75.0,30,3450.0,2250.0,1,2025-06-17,3586.23,profit
7043,30,37.0,28,1110.0,1036.0,1,2025-02-24,3586.79,profit
7042,41,24.0,77,984.0,1848.0,1,2025-02-17,3586.21,profit
7041,5,97.0,22,485.0,2134.0,1,2025-01-24,3586.7,profit
7040,34,111.0,33,3774.0,3663.0,1,2025-07-03,3586.2,profit
7039,16,38.0,92,608.0,3496.0,1,2025-01-30,3587.59,profit
7038,4,107.0,73,428.0,7811.0,1,2025-01-21,3585.43,profit
7037,16,52.0,56,832.0,2912.0,1,2025-02-10,3586.87,profit
7036,13,83.0,85,1079.0,7055.0,1,2025-02-22,3586.87,profit
7035,9,129.0,92,1161.0,11868.0,1,2025-02-26,3585.83,profit
7034,16,77.0,37,1232.0,2849.0,1,2025-03-01,3586.47,profit
7033,3,127.0,10,381.0,1270.0,1,2025-01-19,3585.72,profit
7032,12,134.0,35,1608.0,4690.0,1,2025-03-20,3587.09,profit
7031,30,140.0,68,4200.0,9520.0,1,2025-07-24,3585.37,profit
7030,6,113.0,18,678.0,2034.0,1,2025-02-02,3586.81,profit
7029,4,94.0,11,376.0,1034.0,1,2025-01-19,3585.35,profit
7028,7,54.0,16,378.0,864.0,1,2025-01-19,3587.08,profit
7027,12,79.0,82,948.0,6478.0,1,2025-02-16,3586.77,profit
7026,11,94.0,75,1034.0,7050.0,1,2025-02-20,3587.24,profit
7025,26,97.0,21,2522.0,2037.0,1,2025-05-03,3586.64,profit
7024,25,144.0,21,3600.0,3024.0,1,2025-06-25,3585.44,profit
7023,19,131.0,19,2489.0,2489.0,1,2025-05-02,3585.33,profit
7022,24,50.0,89,1200.0,4450.0,1,2025-02-28,3587.36,profit
7020,26,68.0,53,1768.0,3604.0,1,2025-03-28,3586.35,profit
7019,1,80.0,98,80.0,7840.0,1,2025-01-04,3586.12,profit
7018,27,91.0,56,2457.0,5096.0,1,2025-04-30,3585.1,profit
7017,31,104.0,50,3224.0,5200.0,1,2025-06-06,3585.84,profit
7016,18,128.0,36,2304.0,4608.0,1,2025-04-23,3586.25,profit
7015,6,118.0,24,708.0,2832.0,1,2025-02-04,3587.26,profit
7014,32,36.0,28,1152.0,1008.0,1,2025-02-26,3586.49,profit
7013,38,87.0,59,3306.0,5133.0,1,2025-06-10,3586.55,profit
7012,21,102.0,76,2142.0,7752.0,1,2025-04-15,3586.42,profit
7011,43,141.0,33,6063.0,4653.0,1,2025-10-23,3585.11,profit
7010,1,71.0,11,71.0,781.0,1,2025-01-04,3585.82,profit
7009,31,32.0,26,992.0,832.0,1,2025-02-18,3586.07,profit
7008,41,76.0,25,3116.0,1900.0,1,2025-06-01,3586.13,profit
7007,44,92.0,41,4048.0,3772.0,1,2025-07-17,3585.44,profit
7006,49,36.0,33,1764.0,1188.0,1,2025-03-27,3587.4,profit
7005,14,89.0,39,1246.0,3471.0,1,2025-03-02,3586.55,profit
7004,2,68.0,17,136.0,1156.0,1,2025-01-07,3586.05,profit
7003,18,145.0,98,2610.0,14210.0,1,2025-05-08,3586.91,profit
7002,19,54.0,22,1026.0,1188.0,1,2025-02-19,3586.31,profit
7001,1,121.0,53,121.0,6413.0,1,2025-01-06,3586.66,profit
7000,13,143.0,54,1859.0,7722.0,1,2025-04-01,3585.39,profit
6999,4,33.0,45,132.0,1485.0,1,2025-01-07,3586.21,profit
6998,17,122.0,67,2074.0,8174.0,1,2025-04-11,3584.7,profit
6997,27,122.0,85,3294.0,10370.0,1,2025-06-10,3585.63,profit
6996,16,48.0,62,768.0,2976.0,1,2025-02-07,3586.36,profit
6995,10,87.0,85,870.0,7395.0,1,2025-02-12,3586.56,profit
6994,5,149.0,23,745.0,3427.0,1,2025-02-06,3585.67,profit
6993,13,43.0,25,559.0,1075.0,1,2025-01-28,3586.39,profit
6992,23,90.0,34,2070.0,3060.0,1,2025-04-11,3585.36,profit
6991,41,66.0,24,2706.0,1584.0,1,2025-05-12,3586.06,profit
6990,43,68.0,17,2924.0,1156.0,1,2025-05-23,3586.71,profit
6989,50,29.0,32,1450.0,928.0,1,2025-03-12,3584.94,profit
6988,2,87.0,100,174.0,8700.0,1,2025-01-09,3586.6,profit
6987,24,100.0,36,2400.0,3600.0,1,2025-04-27,3586.33,profit
6986,7,87.0,21,609.0,1827.0,1,2025-01-30,3587.0,profit
6985,17,124.0,43,2108.0,5332.0,1,2025-04-13,3586.79,profit
6984,22,23.0,56,506.0,1288.0,1,2025-01-25,3586.63,profit
6983,10,61.0,52,610.0,3172.0,1,2025-01-30,3587.02,profit
6982,10,15.0,77,150.0,1155.0,1,2025-01-08,3586.81,profit
6981,50,134.0,54,6700.0,7236.0,1,2025-11-23,3585.39,profit
6980,45,75.0,28,3375.0,2100.0,1,2025-06-14,3584.65,profit
6979,32,95.0,53,3040.0,5035.0,1,2025-05-28,3585.31,profit
6978,23,57.0,27,1311.0,1539.0,1,2025-03-05,3585.55,profit
6977,9,85.0,72,765.0,6120.0,1,2025-02-07,3586.83,profit
6976,6,50.0,59,300.0,2950.0,1,2025-01-15,3585.51,profit
6975,2,112.0,34,224.0,3808.0,1,2025-01-11,3586.51,profit
6974,36,98.0,98,3528.0,9604.0,1,2025-06-21,3586.36,profit
6973,5,140.0,36,700.0,5040.0,1,2025-02-04,3586.66,profit
6972,34,73.0,63,2482.0,4599.0,1,2025-05-01,3586.32,profit
6971,6,15.0,94,90.0,1410.0,1,2025-01-05,3586.19,profit
6970,25,146.0,76,3650.0,11096.0,1,2025-06-27,3586.12,profit
6969,15,115.0,73,1725.0,8395.0,1,2025-03-25,3587.1,profit
6968,25,60.0,81,1500.0,4860.0,1,2025-03-14,3586.2,profit
6967,20,98.0,15,1960.0,1470.0,1,2025-04-06,3585.7,profit
6966,5,95.0,13,475.0,1235.0,1,2025-01-24,3586.84,profit
6965,24,108.0,71,2592.0,7668.0,1,2025-05-07,3585.25,profit
6964,4,54.0,74,216.0,3996.0,1,2025-01-11,3586.57,profit
6963,22,80.0,68,1760.0,5440.0,1,2025-03-27,3586.83,profit
6962,6,21.0,35,126.0,735.0,1,2025-01-07,3586.61,profit
6961,25,146.0,52,3650.0,7592.0,1,2025-06-27,3584.84,profit
6960,18,110.0,88,1980.0,9680.0,1,2025-04-07,3585.29,profit
6959,29,100.0,39,2900.0,3900.0,1,2025-05-22,3585.52,profit
6958,40,142.0,64,5680.0,9088.0,1,2025-10-04,3585.3,profit
6957,10,65.0,36,650.0,2340.0,1,2025-02-01,3587.25,profit
6956,47,77.0,90,3619.0,6930.0,1,2025-06-26,3586.29,profit
6955,39,111.0,69,4329.0,7659.0,1,2025-07-30,3585.64,profit
6954,12,83.0,70,996.0,5810.0,1,2025-02-18,3586.59,profit
6953,39,79.0,89,3081.0,7031.0,1,2025-05-30,3585.48,profit
6952,32,42.0,35,1344.0,1470.0,1,2025-03-07,3587.17,profit
6951,37,59.0,62,2183.0,3658.0,1,2025-04-17,3585.36,profit
6950,47,33.0,13,1551.0,429.0,1,2025-03-17,3585.97,profit
6949,14,143.0,49,2002.0,7007.0,1,2025-04-08,3586.01,profit
6948,37,32.0,98,1184.0,3136.0,1,2025-02-27,3584.63,profit
6947,14,108.0,62,1512.0,6696.0,1,2025-03-15,3586.87,profit
6946,38,34.0,76,1292.0,2584.0,1,2025-03-04,3584.76,profit
6945,14,139.0,16,1946.0,2224.0,1,2025-04-05,3585.77,profit
6944,37,32.0,46,1184.0,1472.0,1,2025-02-27,3585.19,profit
6943,36,109.0,76,3924.0,8284.0,1,2025-07-10,3584.82,profit
6942,13,83.0,80,1079.0,6640.0,1,2025-02-22,3586.25,profit
6941,42,132.0,18,5544.0,2376.0,1,2025-09-27,3585.45,profit
6940,12,148.0,75,1776.0,11100.0,1,2025-03-28,3585.46,profit
6939,11,24.0,30,264.0,720.0,1,2025-01-13,3586.84,profit
6938,1,98.0,62,98.0,6076.0,1,2025-01-05,3585.62,profit
6937,37,133.0,64,4921.0,8512.0,1,2025-08-28,3585.26,profit
6936,22,30.0,91,660.0,2730.0,1,2025-02-02,3587.03,profit
6935,7,53.0,65,371.0,3445.0,1,2025-01-19,3586.65,profit
6934,19,122.0,33,2318.0,4026.0,1,2025-04-23,3585.45,profit
6933,10,18.0,38,180.0,684.0,1,2025-01-09,3586.15,profit
6932,30,140.0,18,4200.0,2520.0,1,2025-07-24,3586.03,profit
6931,17,106.0,17,1802.0,1802.0,1,2025-03-29,3586.75,profit
6930,36,75.0,19,2700.0,1425.0,1,2025-05-12,3586.75,profit
6929,9,84.0,17,756.0,1428.0,1,2025-02-06,3587.14,profit
6928,21,31.0,84,651.0,2604.0,1,2025-02-01,3586.55,profit
6927,44,93.0,47,4092.0,4371.0,1,2025-07-19,3585.76,profit
6926,23,60.0,57,1380.0,3420.0,1,2025-03-09,3587.01,profit
6925,34,147.0,60,4998.0,8820.0,1,2025-09-01,3585.36,profit
6924,5,16.0,32,80.0,512.0,1,2025-01-04,3586.2,profit
6923,6,123.0,34,738.0,4182.0,1,2025-02-05,3586.36,profit
6922,47,55.0,98,2585.0,5390.0,1,2025-05-06,3584.82,profit
6921,16,98.0,29,1568.0,2842.0,1,2025-03-18,3586.83,profit
6920,26,144.0,45,3744.0,6480.0,1,2025-07-02,3585.7,profit
6919,18,37.0,28,666.0,1036.0,1,2025-02-02,3586.07,profit
6918,6,99.0,24,594.0,2376.0,1,2025-01-29,3585.68,profit
6917,6,61.0,56,366.0,3416.0,1,2025-01-18,3585.72,profit
6916,31,146.0,76,4526.0,11096.0,1,2025-08-09,3586.42,profit
6915,1,118.0,63,118.0,7434.0,1,2025-01-06,3585.48,profit
6914,43,40.0,86,1720.0,3440.0,1,2025-03-25,3586.68,profit
6913,47,62.0,10,2914.0,620.0,1,2025-05-22,3585.78,profit
6912,47,38.0,42,1786.0,1596.0,1,2025-03-28,3586.57,profit
6911,36,121.0,23,4356.0,2783.0,1,2025-07-31,3585.1,profit
6910,47,53.0,12,2491.0,636.0,1,2025-05-02,3586.17,profit
6909,41,24.0,58,984.0,1392.0,1,2025-02-17,3586.94,profit
6908,16,36.0,81,576.0,2916.0,1,2025-01-29,3586.39,profit
6907,42,124.0,91,5208.0,11284.0,1,2025-09-11,3585.55,profit
6906,5,125.0,51,625.0,6375.0,1,2025-01-31,3585.8,profit
6905,46,15.0,56,690.0,840.0,1,2025-02-03,3586.27,profit
6904,39,35.0,39,1365.0,1365.0,1,2025-03-08,3585.81,profit
6903,24,89.0,75,2136.0,6675.0,1,2025-04-14,3585.71,profit
6902,48,40.0,100,1920.0,4000.0,1,2025-04-04,3586.39,profit
6901,3,74.0,99,222.0,7326.0,1,2025-01-11,3586.01,profit
6899,1,50.0,52,50.0,2600.0,1,2025-01-03,3586.71,profit
6898,28,144.0,92,4032.0,13248.0,1,2025-07-16,3585.88,profit
6897,39,58.0,20,2262.0,1160.0,1,2025-04-21,3586.27,profit
6896,2,29.0,80,58.0,2320.0,1,2025-01-03,3586.33,profit
6895,35,63.0,96,2205.0,6048.0,1,2025-04-18,3586.81,profit
6894,19,147.0,50,2793.0,7350.0,1,2025-05-16,3586.48,profit
6893,8,131.0,22,1048.0,2882.0,1,2025-02-21,3586.64,profit
6892,45,76.0,92,3420.0,6992.0,1,2025-06-16,3585.99,profit
6891,34,131.0,12,4454.0,1572.0,1,2025-08-05,3585.39,profit
6890,28,65.0,59,1820.0,3835.0,1,2025-03-30,3586.28,profit
6889,19,58.0,87,1102.0,5046.0,1,2025-02-23,3585.46,profit
6888,50,124.0,84,6200.0,10416.0,1,2025-10-29,3585.16,profit
6887,40,42.0,42,1680.0,1764.0,1,2025-03-23,3586.14,profit
6886,47,108.0,67,5076.0,7236.0,1,2025-09-05,3585.18,profit
6885,10,30.0,72,300.0,2160.0,1,2025-01-15,3586.05,profit
6884,40,150.0,72,6000.0,10800.0,1,2025-10-19,3585.46,profit
6883,17,32.0,46,544.0,1472.0,1,2025-01-27,3586.8,profit
6882,21,104.0,74,2184.0,7696.0,1,2025-04-17,3586.69,profit
6880,34,106.0,49,3604.0,5194.0,1,2025-06-25,3585.98,profit
6879,1,137.0,35,137.0,4795.0,1,2025-01-07,3585.77,profit
6878,26,23.0,11,598.0,253.0,1,2025-01-30,3585.93,profit
6877,12,115.0,72,1380.0,8280.0,1,2025-03-09,3586.8,profit
6876,18,112.0,82,2016.0,9184.0,1,2025-04-09,3585.87,profit
6875,6,62.0,20,372.0,1240.0,1,2025-01-19,3585.91,profit
6874,16,95.0,72,1520.0,6840.0,1,2025-03-15,3586.63,profit
6873,17,56.0,55,952.0,3080.0,1,2025-02-16,3587.23,profit
6872,28,146.0,47,4088.0,6862.0,1,2025-07-18,3586.15,profit
6871,9,67.0,39,603.0,2613.0,1,2025-01-30,3586.22,profit
6870,30,149.0,41,4470.0,6109.0,1,2025-08-06,3586.2,profit
6869,46,44.0,43,2024.0,1892.0,1,2025-04-09,3587.32,profit
6868,38,150.0,48,5700.0,7200.0,1,2025-10-05,3585.69,profit
6867,45,125.0,28,5625.0,3500.0,1,2025-10-01,3585.13,profit
6866,1,72.0,83,72.0,5976.0,1,2025-01-04,3586.88,profit
6865,32,28.0,76,896.0,2128.0,1,2025-02-13,3586.03,profit
6864,48,117.0,52,5616.0,6084.0,1,2025-10-01,3585.39,profit
6863,0,138.0,27,0.0,3726.0,0,2025-01-01,3586.3,profit
6862,35,106.0,79,3710.0,8374.0,1,2025-06-30,3586.46,profit
6861,27,68.0,23,1836.0,1564.0,1,2025-03-31,3586.72,profit
6860,34,149.0,39,5066.0,5811.0,1,2025-09-04,3585.28,profit
6859,21,65.0,18,1365.0,1170.0,1,2025-03-08,3586.45,profit
6858,11,132.0,45,1452.0,5940.0,1,2025-03-12,3586.77,profit
6857,15,81.0,27,1215.0,2187.0,1,2025-03-01,3585.42,profit
6856,1,108.0,66,108.0,7128.0,1,2025-01-06,3586.4,profit
6855,16,110.0,50,1760.0,5500.0,1,2025-03-27,3586.29,profit
6854,18,38.0,40,684.0,1520.0,1,2025-02-03,3587.09,profit
6853,27,71.0,47,1917.0,3337.0,1,2025-04-04,3585.89,profit
6852,44,96.0,68,4224.0,6528.0,1,2025-07-25,3586.07,profit
6851,44,86.0,83,3784.0,7138.0,1,2025-07-04,3585.88,profit
6850,9,115.0,59,1035.0,6785.0,1,2025-02-20,3586.93,profit
6849,15,150.0,20,2250.0,3000.0,1,2025-04-20,3585.23,profit
6848,24,21.0,70,504.0,1470.0,1,2025-01-25,3586.98,profit
6847,27,68.0,44,1836.0,2992.0,1,2025-03-31,3585.98,profit
6846,11,117.0,63,1287.0,7371.0,1,2025-03-04,3586.28,profit
6845,35,91.0,10,3185.0,910.0,1,2025-06-05,3586.27,profit
6844,40,76.0,29,3040.0,2204.0,1,2025-05-28,3585.68,profit
6843,31,110.0,66,3410.0,7260.0,1,2025-06-15,3586.48,profit
6842,44,116.0,39,5104.0,4524.0,1,2025-09-06,3584.37,profit
6841,39,39.0,54,1521.0,2106.0,1,2025-03-16,3586.37,profit
6840,3,17.0,26,51.0,442.0,1,2025-01-03,3585.95,profit
6839,50,126.0,100,6300.0,12600.0,1,2025-11-03,3585.09,profit
6838,47,32.0,88,1504.0,2816.0,1,2025-03-15,3587.0,profit
6837,12,143.0,20,1716.0,2860.0,1,2025-03-25,3586.01,profit
6836,28,58.0,49,1624.0,2842.0,1,2025-03-21,3585.77,profit
6835,21,92.0,16,1932.0,1472.0,1,2025-04-05,3585.63,profit
6834,2,31.0,65,62.0,2015.0,1,2025-01-04,3586.15,profit
6833,3,17.0,63,51.0,1071.0,1,2025-01-03,3586.15,profit
6832,18,72.0,95,1296.0,6840.0,1,2025-03-05,3585.6,profit
6831,41,125.0,86,5125.0,10750.0,1,2025-09-07,3586.05,profit
6830,15,26.0,18,390.0,468.0,1,2025-01-19,3586.8,profit
6829,27,144.0,91,3888.0,13104.0,1,2025-07-09,3585.97,profit
6828,45,147.0,63,6615.0,9261.0,1,2025-11-18,3585.41,profit
6827,41,66.0,78,2706.0,5148.0,1,2025-05-12,3585.1,profit
6826,13,131.0,47,1703.0,6157.0,1,2025-03-24,3586.14,profit
6825,19,71.0,22,1349.0,1562.0,1,2025-03-07,3585.34,profit
6824,50,124.0,95,6200.0,11780.0,1,2025-10-29,3585.29,profit
6823,6,92.0,74,552.0,6808.0,1,2025-01-27,3585.84,profit
6822,14,100.0,42,1400.0,4200.0,1,2025-03-10,3587.11,profit
6821,44,116.0,17,5104.0,1972.0,1,2025-09-06,3585.64,profit
6820,37,147.0,90,5439.0,13230.0,1,2025-09-22,3584.99,profit
6819,30,27.0,10,810.0,270.0,1,2025-02-09,3586.72,profit
6818,15,22.0,54,330.0,1188.0,1,2025-01-17,3586.87,profit
6817,7,67.0,88,469.0,5896.0,1,2025-01-23,3587.11,profit
6816,4,85.0,64,340.0,5440.0,1,2025-01-17,3586.88,profit
6815,36,36.0,55,1296.0,1980.0,1,2025-03-05,3586.12,profit
6814,0,86.0,48,0.0,4128.0,0,2025-01-01,3585.48,profit
6813,23,80.0,87,1840.0,6960.0,1,2025-03-31,3586.66,profit
6812,38,54.0,68,2052.0,3672.0,1,2025-04-10,3585.97,profit
6811,14,79.0,75,1106.0,5925.0,1,2025-02-23,3586.67,profit
6810,41,65.0,86,2665.0,5590.0,1,2025-05-10,3586.21,profit
6809,24,71.0,24,1704.0,1704.0,1,2025-03-24,3586.75,profit
6808,45,58.0,97,2610.0,5626.0,1,2025-05-08,3585.84,profit
6807,3,136.0,71,408.0,9656.0,1,2025-01-20,3585.96,profit
6806,18,103.0,12,1854.0,1236.0,1,2025-04-01,3585.91,profit
6805,13,134.0,78,1742.0,10452.0,1,2025-03-26,3586.76,profit
6804,45,99.0,91,4455.0,9009.0,1,2025-08-05,3585.49,profit
6803,14,63.0,73,882.0,4599.0,1,2025-02-12,3587.14,profit
6802,46,48.0,100,2208.0,4800.0,1,2025-04-18,3586.86,profit
6801,49,150.0,23,7350.0,3450.0,1,2025-12-24,3584.72,profit
6800,22,69.0,39,1518.0,2691.0,1,2025-03-15,3587.27,profit
6799,30,147.0,93,4410.0,13671.0,1,2025-08-03,3585.74,profit
6798,30,88.0,18,2640.0,1584.0,1,2025-05-09,3585.12,profit
6797,25,117.0,99,2925.0,11583.0,1,2025-05-23,3585.13,profit
6796,49,103.0,16,5047.0,1648.0,1,2025-09-03,3586.0,profit
6795,19,147.0,27,2793.0,3969.0,1,2025-05-16,3585.55,profit
6794,49,23.0,78,1127.0,1794.0,1,2025-02-24,3586.1,profit
6793,12,133.0,57,1596.0,7581.0,1,2025-03-19,3585.4,profit
6792,45,27.0,45,1215.0,1215.0,1,2025-03-01,3585.64,profit
6791,46,141.0,87,6486.0,12267.0,1,2025-11-12,3585.32,profit
6790,35,89.0,41,3115.0,3649.0,1,2025-06-01,3585.71,profit
6789,39,52.0,61,2028.0,3172.0,1,2025-04-09,3585.1,profit
6788,31,25.0,27,775.0,675.0,1,2025-02-07,3586.8,profit
6787,10,142.0,98,1420.0,13916.0,1,2025-03-11,3587.17,profit
6786,29,37.0,45,1073.0,1665.0,1,2025-02-22,3586.77,profit
6785,7,41.0,83,287.0,3403.0,1,2025-01-14,3585.66,profit
6784,22,53.0,22,1166.0,1166.0,1,2025-02-26,3584.71,profit
6783,15,148.0,70,2220.0,10360.0,1,2025-04-19,3586.32,profit
6782,19,66.0,90,1254.0,5940.0,1,2025-03-03,3585.59,profit
6781,25,104.0,92,2600.0,9568.0,1,2025-05-07,3586.79,profit
6780,4,100.0,42,400.0,4200.0,1,2025-01-20,3586.1,profit
6779,4,25.0,23,100.0,575.0,1,2025-01-05,3586.63,profit
6778,10,84.0,26,840.0,2184.0,1,2025-02-10,3585.94,profit
6777,22,16.0,13,352.0,208.0,1,2025-01-18,3586.16,profit
6776,2,105.0,17,210.0,1785.0,1,2025-01-11,3586.08,profit
6775,8,133.0,41,1064.0,5453.0,1,2025-02-21,3586.17,profit
6774,46,102.0,97,4692.0,9894.0,1,2025-08-17,3584.77,profit
6773,39,74.0,58,2886.0,4292.0,1,2025-05-21,3586.85,profit
6772,45,98.0,29,4410.0,2842.0,1,2025-08-03,3584.83,profit
6771,12,142.0,59,1704.0,8378.0,1,2025-03-24,3586.67,profit
6770,35,116.0,95,4060.0,11020.0,1,2025-07-17,3585.2,profit
6769,47,150.0,73,7050.0,10950.0,1,2025-12-10,3584.76,profit
6768,8,130.0,28,1040.0,3640.0,1,2025-02-20,3584.99,profit
6767,12,145.0,38,1740.0,5510.0,1,2025-03-26,3587.12,profit
6766,3,147.0,98,441.0,14406.0,1,2025-01-22,3586.48,profit
6765,7,47.0,13,329.0,611.0,1,2025-01-17,3586.21,profit
6764,24,37.0,87,888.0,3219.0,1,2025-02-13,3587.03,profit
6763,26,101.0,14,2626.0,1414.0,1,2025-05-08,3586.17,profit
6762,48,147.0,86,7056.0,12642.0,1,2025-12-10,3584.9,profit
6761,21,105.0,62,2205.0,6510.0,1,2025-04-18,3585.55,profit
6760,30,57.0,68,1710.0,3876.0,1,2025-03-25,3586.42,profit
6759,34,62.0,75,2108.0,4650.0,1,2025-04-13,3584.72,profit
6758,33,89.0,53,2937.0,4717.0,1,2025-05-23,3584.91,profit
6757,50,29.0,44,1450.0,1276.0,1,2025-03-12,3585.36,profit
6756,42,137.0,81,5754.0,11097.0,1,2025-10-08,3585.58,profit
6755,48,86.0,48,4128.0,4128.0,1,2025-07-20,3586.21,profit
6754,33,107.0,100,3531.0,10700.0,1,2025-06-21,3585.73,profit
6753,7,67.0,10,469.0,670.0,1,2025-01-23,3587.26,profit
6752,14,89.0,81,1246.0,7209.0,1,2025-03-02,3586.35,profit
6751,15,85.0,34,1275.0,2890.0,1,2025-03-04,3586.37,profit
6750,45,68.0,25,3060.0,1700.0,1,2025-05-29,3586.36,profit
6749,0,38.0,96,0.0,3648.0,0,2025-01-01,3585.08,profit
6748,22,43.0,30,946.0,1290.0,1,2025-02-16,3586.0,profit
6747,28,74.0,99,2072.0,7326.0,1,2025-04-11,3585.91,profit
6746,47,83.0,65,3901.0,5395.0,1,2025-07-09,3586.61,profit
6745,16,26.0,40,416.0,1040.0,1,2025-01-21,3587.03,profit
6744,15,28.0,52,420.0,1456.0,1,2025-01-21,3586.35,profit
6743,44,118.0,27,5192.0,3186.0,1,2025-09-10,3584.74,profit
6742,39,16.0,19,624.0,304.0,1,2025-01-31,3585.87,profit
6741,21,129.0,16,2709.0,2064.0,1,2025-05-12,3586.33,profit
6740,18,131.0,35,2358.0,4585.0,1,2025-04-25,3585.63,profit
6739,21,45.0,80,945.0,3600.0,1,2025-02-15,3585.0,profit
6738,4,86.0,37,344.0,3182.0,1,2025-01-17,3587.21,profit
6737,4,109.0,59,436.0,6431.0,1,2025-01-22,3586.33,profit
6736,21,119.0,38,2499.0,4522.0,1,2025-05-02,3585.64,profit
6735,24,100.0,22,2400.0,2200.0,1,2025-04-27,3585.37,profit
6734,49,74.0,40,3626.0,2960.0,1,2025-06-26,3586.24,profit
6733,20,97.0,11,1940.0,1067.0,1,2025-04-05,3585.55,profit
6732,21,38.0,43,798.0,1634.0,1,2025-02-08,3587.5,profit
6731,25,25.0,97,625.0,2425.0,1,2025-01-31,3585.12,profit
6730,28,150.0,44,4200.0,6600.0,1,2025-07-24,3585.62,profit
6729,35,122.0,93,4270.0,11346.0,1,2025-07-27,3585.44,profit
6728,36,49.0,100,1764.0,4900.0,1,2025-03-27,3587.08,profit
6727,45,83.0,58,3735.0,4814.0,1,2025-07-01,3586.07,profit
6726,6,139.0,42,834.0,5838.0,1,2025-02-10,3586.96,profit
6725,42,46.0,27,1932.0,1242.0,1,2025-04-05,3586.29,profit
6724,50,134.0,39,6700.0,5226.0,1,2025-11-23,3585.74,profit
6723,5,28.0,85,140.0,2380.0,1,2025-01-07,3584.8,profit
6722,36,96.0,46,3456.0,4416.0,1,2025-06-18,3585.31,profit
6721,44,85.0,48,3740.0,4080.0,1,2025-07-02,3585.83,profit
6720,21,61.0,58,1281.0,3538.0,1,2025-03-04,3585.38,profit
6719,11,55.0,50,605.0,2750.0,1,2025-01-30,3587.33,profit
6718,34,125.0,34,4250.0,4250.0,1,2025-07-26,3585.78,profit
6717,49,132.0,57,6468.0,7524.0,1,2025-11-11,3585.0,profit
6716,30,128.0,38,3840.0,4864.0,1,2025-07-06,3586.45,profit
6715,16,87.0,94,1392.0,8178.0,1,2025-03-09,3586.79,profit
6714,50,116.0,45,5800.0,5220.0,1,2025-10-10,3585.78,profit
6713,14,110.0,42,1540.0,4620.0,1,2025-03-16,3586.16,profit
6712,43,56.0,94,2408.0,5264.0,1,2025-04-28,3586.55,profit
6711,50,92.0,76,4600.0,6992.0,1,2025-08-12,3584.76,profit
6710,13,29.0,25,377.0,725.0,1,2025-01-19,3586.31,profit
6709,48,121.0,97,5808.0,11737.0,1,2025-10-10,3585.84,profit
6708,40,95.0,17,3800.0,1615.0,1,2025-07-04,3585.69,profit
6707,25,112.0,22,2800.0,2464.0,1,2025-05-17,3586.67,profit
6706,30,59.0,28,1770.0,1652.0,1,2025-03-28,3586.79,profit
6705,8,27.0,17,216.0,459.0,1,2025-01-11,3585.47,profit
6704,35,109.0,34,3815.0,3706.0,1,2025-07-05,3585.58,profit
6703,2,71.0,31,142.0,2201.0,1,2025-01-07,3584.88,profit
6702,42,70.0,40,2940.0,2800.0,1,2025-05-24,3586.04,profit
6701,11,33.0,62,363.0,2046.0,1,2025-01-18,3586.48,profit
6700,35,49.0,92,1715.0,4508.0,1,2025-03-25,3585.6,profit
6699,37,74.0,71,2738.0,5254.0,1,2025-05-14,3585.39,profit
6698,11,96.0,16,1056.0,1536.0,1,2025-02-21,3586.41,profit
6697,1,116.0,48,116.0,5568.0,1,2025-01-06,3585.4,profit
6696,36,61.0,75,2196.0,4575.0,1,2025-04-17,3585.2,profit
6695,36,61.0,40,2196.0,2440.0,1,2025-04-17,3585.26,profit
6694,50,139.0,47,6950.0,6533.0,1,2025-12-05,3584.81,profit
6693,22,149.0,93,3278.0,13857.0,1,2025-06-09,3585.13,profit
6692,29,93.0,61,2697.0,5673.0,1,2025-05-12,3585.86,profit
6691,4,16.0,21,64.0,336.0,1,2025-01-04,3586.9,profit
6690,34,108.0,96,3672.0,10368.0,1,2025-06-28,3586.11,profit
6689,0,97.0,87,0.0,8439.0,0,2025-01-01,3586.73,profit
6688,8,71.0,58,568.0,4118.0,1,2025-01-28,3586.4,profit
6687,47,102.0,64,4794.0,6528.0,1,2025-08-22,3586.28,profit
6686,8,101.0,98,808.0,9898.0,1,2025-02-09,3586.41,profit
6685,6,87.0,90,522.0,7830.0,1,2025-01-26,3586.31,profit
6684,36,22.0,63,792.0,1386.0,1,2025-02-08,3585.1,profit
6683,36,105.0,16,3780.0,1680.0,1,2025-07-03,3585.97,profit
6682,26,80.0,69,2080.0,5520.0,1,2025-04-12,3586.59,profit
6681,11,54.0,16,594.0,864.0,1,2025-01-29,3585.19,profit
6680,10,134.0,36,1340.0,4824.0,1,2025-03-07,3585.84,profit
6679,19,53.0,65,1007.0,3445.0,1,2025-02-19,3586.19,profit
6678,33,106.0,61,3498.0,6466.0,1,2025-06-20,3586.36,profit
6677,1,131.0,43,131.0,5633.0,1,2025-01-07,3586.78,profit
6676,6,45.0,59,270.0,2655.0,1,2025-01-14,3585.78,profit
6675,43,145.0,63,6235.0,9135.0,1,2025-10-31,3585.17,profit
6674,36,35.0,15,1260.0,525.0,1,2025-03-03,3586.96,profit
6673,12,139.0,56,1668.0,7784.0,1,2025-03-23,3586.54,profit
6672,24,32.0,28,768.0,896.0,1,2025-02-07,3586.57,profit
6671,18,54.0,18,972.0,972.0,1,2025-02-17,3587.1,profit
6670,34,65.0,91,2210.0,5915.0,1,2025-04-18,3586.29,profit
6669,24,107.0,83,2568.0,8881.0,1,2025-05-05,3585.86,profit
6668,32,82.0,54,2624.0,4428.0,1,2025-05-08,3586.24,profit
6667,34,73.0,94,2482.0,6862.0,1,2025-05-01,3586.5,profit
6666,32,90.0,17,2880.0,1530.0,1,2025-05-21,3586.28,profit
6665,27,143.0,51,3861.0,7293.0,1,2025-07-07,3584.95,profit
6664,34,89.0,11,3026.0,979.0,1,2025-05-28,3585.77,profit
6663,31,104.0,44,3224.0,4576.0,1,2025-06-06,3585.21,profit
6662,33,21.0,40,693.0,840.0,1,2025-02-03,3587.26,profit
6661,4,16.0,67,64.0,1072.0,1,2025-01-04,3586.69,profit
6660,41,143.0,31,5863.0,4433.0,1,2025-10-13,3585.23,profit
6659,38,127.0,54,4826.0,6858.0,1,2025-08-23,3585.57,profit
6658,11,31.0,79,341.0,2449.0,1,2025-01-17,3586.92,profit
6657,4,150.0,66,600.0,9900.0,1,2025-01-30,3587.43,profit
6656,37,128.0,21,4736.0,2688.0,1,2025-08-19,3585.69,profit
6655,13,24.0,14,312.0,336.0,1,2025-01-16,3586.37,profit
6654,27,55.0,55,1485.0,3025.0,1,2025-03-14,3585.93,profit
6653,49,148.0,13,7252.0,1924.0,1,2025-12-19,3585.11,profit
6652,42,134.0,69,5628.0,9246.0,1,2025-10-01,3585.08,profit
6651,45,28.0,11,1260.0,308.0,1,2025-03-03,3585.82,profit
6650,24,125.0,58,3000.0,7250.0,1,2025-05-26,3586.02,profit
6649,15,136.0,73,2040.0,9928.0,1,2025-04-10,3585.64,profit
6648,16,108.0,78,1728.0,8424.0,1,2025-03-26,3585.62,profit
6647,50,85.0,61,4250.0,5185.0,1,2025-07-26,3585.82,profit
6646,49,123.0,88,6027.0,10824.0,1,2025-10-21,3585.4,profit
6645,3,94.0,73,282.0,6862.0,1,2025-01-14,3586.63,profit
6644,12,87.0,89,1044.0,7743.0,1,2025-02-20,3585.67,profit
6643,43,78.0,17,3354.0,1326.0,1,2025-06-13,3586.55,profit
6642,37,118.0,50,4366.0,5900.0,1,2025-08-01,3586.25,profit
6641,15,90.0,76,1350.0,6840.0,1,2025-03-07,3585.13,profit
6640,45,46.0,59,2070.0,2714.0,1,2025-04-11,3586.3,profit
6639,42,19.0,22,798.0,418.0,1,2025-02-08,3586.44,profit
6638,19,117.0,53,2223.0,6201.0,1,2025-04-19,3585.61,profit
6637,50,135.0,76,6750.0,10260.0,1,2025-11-25,3585.22,profit
6636,46,127.0,19,5842.0,2413.0,1,2025-10-12,3585.3,profit
6635,25,146.0,23,3650.0,3358.0,1,2025-06-27,3584.89,profit
6634,32,64.0,36,2048.0,2304.0,1,2025-04-10,3586.74,profit
6633,31,97.0,14,3007.0,1358.0,1,2025-05-27,3586.06,profit
6632,30,122.0,34,3660.0,4148.0,1,2025-06-28,3585.64,profit
6631,19,69.0,83,1311.0,5727.0,1,2025-03-05,3586.5,profit
6630,16,87.0,18,1392.0,1566.0,1,2025-03-09,3587.32,profit
6629,3,72.0,37,216.0,2664.0,1,2025-01-11,3586.03,profit
6628,50,149.0,70,7450.0,10430.0,1,2025-12-29,3585.14,profit
6627,20,48.0,82,960.0,3936.0,1,2025-02-16,3585.82,profit
6626,47,78.0,79,3666.0,6162.0,1,2025-06-28,3585.83,profit
6625,1,83.0,27,83.0,2241.0,1,2025-01-05,3585.62,profit
6624,40,138.0,83,5520.0,11454.0,1,2025-09-26,3585.45,profit
6623,36,47.0,83,1692.0,3901.0,1,2025-03-24,3587.29,profit
6622,40,85.0,18,3400.0,1530.0,1,2025-06-15,3585.53,profit
6621,41,91.0,97,3731.0,8827.0,1,2025-07-01,3586.31,profit
6620,3,123.0,27,369.0,3321.0,1,2025-01-18,3586.82,profit
6619,43,29.0,67,1247.0,1943.0,1,2025-03-02,3586.16,profit
6618,36,126.0,18,4536.0,2268.0,1,2025-08-09,3585.29,profit
6617,15,143.0,57,2145.0,8151.0,1,2025-04-15,3586.08,profit
6616,3,92.0,36,276.0,3312.0,1,2025-01-14,3586.5,profit
6615,1,24.0,41,24.0,984.0,1,2025-01-02,3586.07,profit
6614,3,124.0,45,372.0,5580.0,1,2025-01-19,3585.48,profit
6613,0,23.0,57,0.0,1311.0,0,2025-01-01,3584.75,profit
6612,21,62.0,20,1302.0,1240.0,1,2025-03-05,3586.34,profit
6611,12,139.0,11,1668.0,1529.0,1,2025-03-23,3586.87,profit
6610,44,86.0,99,3784.0,8514.0,1,2025-07-04,3585.84,profit
6609,20,41.0,40,820.0,1640.0,1,2025-02-09,3586.82,profit
6608,27,120.0,12,3240.0,1440.0,1,2025-06-07,3586.17,profit
6607,25,133.0,22,3325.0,2926.0,1,2025-06-11,3586.36,profit
6606,2,37.0,63,74.0,2331.0,1,2025-01-04,3586.06,profit
6605,23,15.0,65,345.0,975.0,1,2025-01-17,3585.99,profit
6604,50,51.0,58,2550.0,2958.0,1,2025-05-05,3586.34,profit
6603,33,41.0,38,1353.0,1558.0,1,2025-03-07,3585.67,profit
6602,4,124.0,79,496.0,9796.0,1,2025-01-25,3587.43,profit
6601,19,99.0,60,1881.0,5940.0,1,2025-04-02,3586.59,profit
6600,47,103.0,30,4841.0,3090.0,1,2025-08-24,3585.88,profit
6599,18,141.0,93,2538.0,13113.0,1,2025-05-04,3584.81,profit
6598,8,145.0,73,1160.0,10585.0,1,2025-02-26,3586.68,profit
6597,47,45.0,64,2115.0,2880.0,1,2025-04-13,3586.02,profit
6596,15,25.0,38,375.0,950.0,1,2025-01-19,3585.81,profit
6595,25,109.0,80,2725.0,8720.0,1,2025-05-13,3586.03,profit
6594,25,131.0,23,3275.0,3013.0,1,2025-06-09,3586.65,profit
6593,13,66.0,29,858.0,1914.0,1,2025-02-11,3586.83,profit
6592,32,96.0,13,3072.0,1248.0,1,2025-05-30,3585.92,profit
6591,39,57.0,32,2223.0,1824.0,1,2025-04-19,3585.31,profit
6590,20,54.0,20,1080.0,1080.0,1,2025-02-22,3587.04,profit
6589,10,89.0,97,890.0,8633.0,1,2025-02-13,3587.39,profit
6588,47,98.0,25,4606.0,2450.0,1,2025-08-13,3586.03,profit
6587,4,125.0,68,500.0,8500.0,1,2025-01-25,3585.5,profit
6586,10,80.0,24,800.0,1920.0,1,2025-02-08,3585.46,profit
6585,3,24.0,49,72.0,1176.0,1,2025-01-04,3586.51,profit
6584,13,145.0,56,1885.0,8120.0,1,2025-04-02,3584.59,profit
6583,49,85.0,80,4165.0,6800.0,1,2025-07-22,3586.49,profit
6582,26,16.0,29,416.0,464.0,1,2025-01-21,3587.37,profit
6581,20,41.0,70,820.0,2870.0,1,2025-02-09,3585.7,profit
6580,2,116.0,20,232.0,2320.0,1,2025-01-12,3585.96,profit
6579,12,56.0,35,672.0,1960.0,1,2025-02-02,3586.51,profit
6578,24,53.0,36,1272.0,1908.0,1,2025-03-03,3585.2,profit
6577,50,148.0,41,7400.0,6068.0,1,2025-12-27,3585.1,profit
6576,32,41.0,80,1312.0,3280.0,1,2025-03-05,3586.27,profit
6575,37,144.0,62,5328.0,8928.0,1,2025-09-17,3585.75,profit
6574,15,114.0,90,1710.0,10260.0,1,2025-03-25,3586.51,profit
6573,23,110.0,98,2530.0,10780.0,1,2025-05-04,3585.81,profit
6572,8,121.0,66,968.0,7986.0,1,2025-02-17,3585.44,profit
6571,42,22.0,93,924.0,2046.0,1,2025-02-14,3586.61,profit
6570,23,133.0,82,3059.0,10906.0,1,2025-05-29,3584.99,profit
6569,21,136.0,95,2856.0,12920.0,1,2025-05-19,3585.87,profit
6568,9,35.0,37,315.0,1295.0,1,2025-01-16,3587.06,profit
6567,27,134.0,55,3618.0,7370.0,1,2025-06-26,3585.83,profit
6566,36,76.0,70,2736.0,5320.0,1,2025-05-14,3586.59,profit
6565,49,82.0,84,4018.0,6888.0,1,2025-07-15,3586.52,profit
6564,33,78.0,80,2574.0,6240.0,1,2025-05-06,3586.9,profit
6563,9,44.0,24,396.0,1056.0,1,2025-01-20,3586.32,profit
6562,47,93.0,26,4371.0,2418.0,1,2025-08-01,3585.67,profit
6561,42,30.0,30,1260.0,900.0,1,2025-03-03,3585.39,profit
6560,28,139.0,58,3892.0,8062.0,1,2025-07-09,3586.26,profit
6559,10,139.0,63,1390.0,8757.0,1,2025-03-09,3587.04,profit
6558,16,64.0,30,1024.0,1920.0,1,2025-02-19,3587.21,profit
6557,2,27.0,39,54.0,1053.0,1,2025-01-03,3585.79,profit
6556,44,124.0,71,5456.0,8804.0,1,2025-09-23,3586.06,profit
6555,1,115.0,50,115.0,5750.0,1,2025-01-06,3585.74,profit
6554,29,128.0,14,3712.0,1792.0,1,2025-06-30,3585.44,profit
6553,45,78.0,28,3510.0,2184.0,1,2025-06-20,3585.39,profit
6552,33,61.0,94,2013.0,5734.0,1,2025-04-08,3586.29,profit
6551,45,25.0,40,1125.0,1000.0,1,2025-02-24,3587.37,profit
6550,11,35.0,52,385.0,1820.0,1,2025-01-19,3586.74,profit
6549,0,133.0,59,0.0,7847.0,0,2025-01-01,3586.1,profit
6548,27,114.0,68,3078.0,7752.0,1,2025-05-30,3586.45,profit
6547,10,15.0,99,150.0,1485.0,1,2025-01-08,3585.78,profit
6546,45,25.0,42,1125.0,1050.0,1,2025-02-24,3586.12,profit
6545,46,50.0,55,2300.0,2750.0,1,2025-04-22,3585.87,profit
6544,32,67.0,21,2144.0,1407.0,1,2025-04-15,3586.43,profit
6543,26,31.0,91,806.0,2821.0,1,2025-02-09,3586.78,profit
6542,36,75.0,40,2700.0,3000.0,1,2025-05-12,3585.98,profit
6541,6,23.0,84,138.0,1932.0,1,2025-01-07,3585.03,profit
6540,23,34.0,28,782.0,952.0,1,2025-02-08,3584.89,profit
6539,32,135.0,58,4320.0,7830.0,1,2025-07-30,3585.53,profit
6538,43,121.0,57,5203.0,6897.0,1,2025-09-11,3585.52,profit
6537,6,53.0,91,318.0,4823.0,1,2025-01-16,3586.0,profit
6536,5,77.0,22,385.0,1694.0,1,2025-01-19,3585.7,profit
6535,49,38.0,79,1862.0,3002.0,1,2025-04-01,3586.31,profit
6534,37,50.0,63,1850.0,3150.0,1,2025-04-01,3586.3,profit
6533,37,23.0,46,851.0,1058.0,1,2025-02-11,3586.82,profit
6532,12,19.0,23,228.0,437.0,1,2025-01-12,3585.3,profit
6531,43,64.0,29,2752.0,1856.0,1,2025-05-14,3585.46,profit
6530,40,78.0,23,3120.0,1794.0,1,2025-06-01,3586.49,profit
6529,33,73.0,43,2409.0,3139.0,1,2025-04-28,3586.42,profit
6528,10,69.0,32,690.0,2208.0,1,2025-02-03,3586.96,profit
6527,6,98.0,48,588.0,4704.0,1,2025-01-29,3587.12,profit
6526,10,118.0,93,1180.0,10974.0,1,2025-02-27,3585.29,profit
6525,48,59.0,22,2832.0,1298.0,1,2025-05-18,3585.13,profit
6524,47,42.0,57,1974.0,2394.0,1,2025-04-07,3586.58,profit
6523,47,132.0,85,6204.0,11220.0,1,2025-10-29,3585.47,profit
6522,20,117.0,20,2340.0,2340.0,1,2025-04-24,3586.24,profit
6521,20,71.0,54,1420.0,3834.0,1,2025-03-11,3586.63,profit
6520,19,98.0,69,1862.0,6762.0,1,2025-04-01,3586.84,profit
6519,45,71.0,28,3195.0,1988.0,1,2025-06-05,3585.85,profit
6518,33,33.0,54,1089.0,1782.0,1,2025-02-22,3584.83,profit
6517,20,117.0,69,2340.0,8073.0,1,2025-04-24,3586.23,profit
6516,46,25.0,79,1150.0,1975.0,1,2025-02-25,3587.32,profit
6515,50,16.0,47,800.0,752.0,1,2025-02-08,3586.24,profit
6514,50,27.0,52,1350.0,1404.0,1,2025-03-07,3585.58,profit
6513,7,124.0,67,868.0,8308.0,1,2025-02-12,3586.03,profit
6512,29,73.0,34,2117.0,2482.0,1,2025-04-14,3586.1,profit
6511,1,74.0,32,74.0,2368.0,1,2025-01-04,3586.81,profit
6510,19,89.0,85,1691.0,7565.0,1,2025-03-24,3586.07,profit
6509,44,144.0,96,6336.0,13824.0,1,2025-11-05,3585.27,profit
6508,2,106.0,99,212.0,10494.0,1,2025-01-11,3586.92,profit
6507,26,55.0,31,1430.0,1705.0,1,2025-03-11,3586.06,profit
6506,27,93.0,61,2511.0,5673.0,1,2025-05-03,3586.6,profit
6505,32,115.0,62,3680.0,7130.0,1,2025-06-29,3586.4,profit
6504,11,132.0,80,1452.0,10560.0,1,2025-03-12,3585.93,profit
6503,7,62.0,32,434.0,1984.0,1,2025-01-22,3585.42,profit
6502,24,74.0,50,1776.0,3700.0,1,2025-03-28,3587.24,profit
6501,0,135.0,57,0.0,7695.0,0,2025-01-01,3585.42,profit
6500,33,149.0,91,4917.0,13559.0,1,2025-08-28,3585.29,profit
6499,12,61.0,69,732.0,4209.0,1,2025-02-05,3585.18,profit
6498,36,34.0,19,1224.0,646.0,1,2025-03-01,3585.61,profit
6497,16,93.0,16,1488.0,1488.0,1,2025-03-14,3585.88,profit
6496,8,122.0,65,976.0,7930.0,1,2025-02-17,3586.06,profit
6495,45,16.0,39,720.0,624.0,1,2025-02-05,3586.66,profit
6494,1,118.0,59,118.0,6962.0,1,2025-01-06,3586.64,profit
6493,21,139.0,88,2919.0,12232.0,1,2025-05-23,3585.57,profit
6492,27,84.0,13,2268.0,1092.0,1,2025-04-21,3586.6,profit
6491,10,59.0,90,590.0,5310.0,1,2025-01-29,3587.6,profit
6490,4,103.0,71,412.0,7313.0,1,2025-01-21,3586.77,profit
6489,22,33.0,98,726.0,3234.0,1,2025-02-05,3587.4,profit
6488,24,30.0,91,720.0,2730.0,1,2025-02-05,3586.41,profit
6487,19,102.0,64,1938.0,6528.0,1,2025-04-05,3586.69,profit
6486,25,37.0,20,925.0,740.0,1,2025-02-15,3585.6,profit
6485,15,89.0,14,1335.0,1246.0,1,2025-03-06,3586.16,profit
6484,43,125.0,24,5375.0,3000.0,1,2025-09-19,3585.22,profit
6483,45,58.0,76,2610.0,4408.0,1,2025-05-08,3586.14,profit
6482,12,114.0,29,1368.0,3306.0,1,2025-03-08,3587.01,profit
6481,24,87.0,31,2088.0,2697.0,1,2025-04-12,3586.62,profit
6480,36,110.0,91,3960.0,10010.0,1,2025-07-12,3586.6,profit
6479,38,64.0,44,2432.0,2816.0,1,2025-04-29,3586.63,profit
6478,21,89.0,59,1869.0,5251.0,1,2025-04-01,3587.35,profit
6477,46,129.0,67,5934.0,8643.0,1,2025-10-16,3585.55,profit
6476,3,132.0,67,396.0,8844.0,1,2025-01-20,3585.04,profit
6475,32,99.0,47,3168.0,4653.0,1,2025-06-04,3585.68,profit
6474,18,117.0,90,2106.0,10530.0,1,2025-04-13,3586.9,profit
6473,26,86.0,29,2236.0,2494.0,1,2025-04-19,3586.56,profit
6472,41,115.0,21,4715.0,2415.0,1,2025-08-18,3585.96,profit
6471,22,21.0,50,462.0,1050.0,1,2025-01-23,3586.08,profit
6470,7,82.0,93,574.0,7626.0,1,2025-01-28,3586.36,profit
6469,32,44.0,74,1408.0,3256.0,1,2025-03-10,3586.23,profit
6468,18,126.0,85,2268.0,10710.0,1,2025-04-21,3586.17,profit
6467,23,62.0,80,1426.0,4960.0,1,2025-03-11,3585.19,profit
6466,40,123.0,71,4920.0,8733.0,1,2025-08-28,3586.02,profit
6465,16,43.0,84,688.0,3612.0,1,2025-02-03,3586.11,profit
6464,26,48.0,97,1248.0,4656.0,1,2025-03-02,3587.01,profit
6463,46,87.0,11,4002.0,957.0,1,2025-07-14,3585.43,profit
6462,17,67.0,28,1139.0,1876.0,1,2025-02-25,3585.62,profit
6461,9,42.0,29,378.0,1218.0,1,2025-01-19,3586.12,profit
6460,4,61.0,30,244.0,1830.0,1,2025-01-12,3586.85,profit
6459,22,65.0,16,1430.0,1040.0,1,2025-03-11,3586.79,profit
6458,49,78.0,31,3822.0,2418.0,1,2025-07-06,3585.02,profit
6457,28,144.0,78,4032.0,11232.0,1,2025-07-16,3585.99,profit
6456,22,68.0,92,1496.0,6256.0,1,2025-03-14,3587.21,profit
6455,44,122.0,97,5368.0,11834.0,1,2025-09-19,3584.87,profit
6454,24,87.0,44,2088.0,3828.0,1,2025-04-12,3586.01,profit
6453,3,33.0,59,99.0,1947.0,1,2025-01-05,3586.43,profit
6452,37,60.0,37,2220.0,2220.0,1,2025-04-19,3585.1,profit
6451,14,88.0,93,1232.0,8184.0,1,2025-03-01,3587.42,profit
6450,2,69.0,44,138.0,3036.0,1,2025-01-07,3585.83,profit
6449,45,34.0,39,1530.0,1326.0,1,2025-03-16,3584.88,profit
6448,37,17.0,19,629.0,323.0,1,2025-01-31,3586.77,profit
6447,35,65.0,29,2275.0,1885.0,1,2025-04-21,3586.31,profit
6446,15,101.0,97,1515.0,9797.0,1,2025-03-15,3586.76,profit
6445,34,18.0,46,612.0,828.0,1,2025-01-30,3586.7,profit
6444,27,133.0,93,3591.0,12369.0,1,2025-06-24,3585.37,profit
6443,20,46.0,39,920.0,1794.0,1,2025-02-14,3586.94,profit
6442,47,25.0,83,1175.0,2075.0,1,2025-02-27,3587.45,profit
6441,1,42.0,85,42.0,3570.0,1,2025-01-03,3586.16,profit
6440,37,33.0,61,1221.0,2013.0,1,2025-03-01,3587.22,profit
6439,33,73.0,23,2409.0,1679.0,1,2025-04-28,3585.77,profit
6438,44,60.0,28,2640.0,1680.0,1,2025-05-09,3586.91,profit
6437,50,56.0,36,2800.0,2016.0,1,2025-05-17,3586.67,profit
6436,40,28.0,52,1120.0,1456.0,1,2025-02-24,3586.91,profit
6435,37,117.0,68,4329.0,7956.0,1,2025-07-30,3585.28,profit
6434,48,85.0,81,4080.0,6885.0,1,2025-07-18,3586.47,profit
6433,1,108.0,68,108.0,7344.0,1,2025-01-06,3586.46,profit
6432,43,31.0,47,1333.0,1457.0,1,2025-03-06,3586.67,profit
6431,3,34.0,34,102.0,1156.0,1,2025-01-05,3585.58,profit
6430,17,102.0,29,1734.0,2958.0,1,2025-03-26,3587.35,profit
6429,45,56.0,100,2520.0,5600.0,1,2025-05-03,3585.65,profit
6428,29,63.0,38,1827.0,2394.0,1,2025-03-30,3585.64,profit
6427,39,128.0,31,4992.0,3968.0,1,2025-08-31,3585.42,profit
6426,26,130.0,11,3380.0,1430.0,1,2025-06-14,3584.54,profit
6425,1,95.0,56,95.0,5320.0,1,2025-01-05,3586.75,profit
6424,4,99.0,33,396.0,3267.0,1,2025-01-20,3587.11,profit
6423,22,74.0,97,1628.0,7178.0,1,2025-03-21,3585.52,profit
6422,31,105.0,60,3255.0,6300.0,1,2025-06-08,3586.7,profit
6421,37,47.0,92,1739.0,4324.0,1,2025-03-26,3585.72,profit
6420,16,36.0,26,576.0,936.0,1,2025-01-29,3587.42,profit
6419,8,90.0,61,720.0,5490.0,1,2025-02-05,3585.76,profit
6418,44,127.0,79,5588.0,10033.0,1,2025-09-29,3585.39,profit
6417,47,20.0,54,940.0,1080.0,1,2025-02-15,3586.77,profit
6416,20,57.0,39,1140.0,2223.0,1,2025-02-25,3587.62,profit
6415,30,45.0,28,1350.0,1260.0,1,2025-03-07,3586.37,profit
6414,40,16.0,64,640.0,1024.0,1,2025-02-01,3586.17,profit
6413,12,55.0,60,660.0,3300.0,1,2025-02-02,3586.52,profit
6412,38,33.0,19,1254.0,627.0,1,2025-03-03,3585.45,profit
6411,9,104.0,58,936.0,6032.0,1,2025-02-15,3587.6,profit
6410,48,69.0,61,3312.0,4209.0,1,2025-06-11,3585.89,profit
6409,24,85.0,28,2040.0,2380.0,1,2025-04-10,3585.95,profit
6408,11,84.0,42,924.0,3528.0,1,2025-02-14,3585.24,profit
6407,6,86.0,22,516.0,1892.0,1,2025-01-26,3586.37,profit
6406,29,145.0,15,4205.0,2175.0,1,2025-07-24,3585.68,profit
6405,6,94.0,41,564.0,3854.0,1,2025-01-28,3586.69,profit
6404,26,45.0,79,1170.0,3555.0,1,2025-02-26,3585.33,profit
6403,5,41.0,45,205.0,1845.0,1,2025-01-10,3586.31,profit
6402,13,139.0,15,1807.0,2085.0,1,2025-03-29,3585.28,profit
6401,25,93.0,75,2325.0,6975.0,1,2025-04-24,3586.28,profit
6400,19,137.0,49,2603.0,6713.0,1,2025-05-07,3585.56,profit
6399,16,75.0,10,1200.0,750.0,1,2025-02-28,3586.32,profit
6398,0,69.0,71,0.0,4899.0,0,2025-01-01,3585.7,profit
6397,8,22.0,26,176.0,572.0,1,2025-01-09,3586.84,profit
6396,15,109.0,70,1635.0,7630.0,1,2025-03-21,3586.85,profit
6395,29,148.0,56,4292.0,8288.0,1,2025-07-28,3585.58,profit
6394,30,45.0,71,1350.0,3195.0,1,2025-03-07,3585.96,profit
6393,39,128.0,63,4992.0,8064.0,1,2025-08-31,3585.99,profit
6392,40,43.0,30,1720.0,1290.0,1,2025-03-25,3586.27,profit
6391,20,103.0,35,2060.0,3605.0,1,2025-04-11,3586.43,profit
6390,33,62.0,10,2046.0,620.0,1,2025-04-10,3584.94,profit
6389,13,39.0,35,507.0,1365.0,1,2025-01-25,3586.64,profit
6388,34,121.0,15,4114.0,1815.0,1,2025-07-20,3586.4,profit
6387,3,150.0,81,450.0,12150.0,1,2025-01-22,3585.73,profit
6386,32,66.0,74,2112.0,4884.0,1,2025-04-13,3586.12,profit
6385,44,127.0,94,5588.0,11938.0,1,2025-09-29,3585.1,profit
6384,6,20.0,33,120.0,660.0,1,2025-01-06,3586.12,profit
6383,18,24.0,93,432.0,2232.0,1,2025-01-22,3586.04,profit
6382,18,103.0,66,1854.0,6798.0,1,2025-04-01,3586.86,profit
6381,48,141.0,97,6768.0,13677.0,1,2025-11-26,3585.02,profit
6380,34,101.0,94,3434.0,9494.0,1,2025-06-17,3586.59,profit
6379,24,132.0,43,3168.0,5676.0,1,2025-06-04,3585.21,profit
6378,37,129.0,10,4773.0,1290.0,1,2025-08-21,3585.26,profit
6377,38,138.0,67,5244.0,9246.0,1,2025-09-13,3585.83,profit
6376,10,104.0,29,1040.0,3016.0,1,2025-02-20,3584.98,profit
6375,40,139.0,70,5560.0,9730.0,1,2025-09-28,3585.68,profit
6374,2,140.0,57,280.0,7980.0,1,2025-01-14,3585.1,profit
6373,25,48.0,89,1200.0,4272.0,1,2025-02-28,3586.3,profit
6372,46,57.0,89,2622.0,5073.0,1,2025-05-08,3585.99,profit
6371,25,68.0,74,1700.0,5032.0,1,2025-03-24,3585.93,profit
6370,31,52.0,46,1612.0,2392.0,1,2025-03-20,3586.74,profit
6369,5,27.0,14,135.0,378.0,1,2025-01-07,3586.87,profit
6368,0,45.0,65,0.0,2925.0,0,2025-01-01,3584.81,profit
6367,20,88.0,59,1760.0,5192.0,1,2025-03-27,3584.86,profit
6366,45,139.0,75,6255.0,10425.0,1,2025-11-01,3585.54,profit
6365,22,147.0,29,3234.0,4263.0,1,2025-06-07,3584.65,profit
6364,34,88.0,88,2992.0,7744.0,1,2025-05-26,3585.54,profit
6363,2,119.0,43,238.0,5117.0,1,2025-01-12,3585.37,profit
6362,10,126.0,51,1260.0,6426.0,1,2025-03-03,3587.0,profit
6361,19,43.0,89,817.0,3827.0,1,2025-02-09,3587.13,profit
6360,36,35.0,90,1260.0,3150.0,1,2025-03-03,3587.0,profit
6359,21,45.0,95,945.0,4275.0,1,2025-02-15,3587.34,profit
6358,18,124.0,77,2232.0,9548.0,1,2025-04-19,3585.37,profit
6357,24,69.0,89,1656.0,6141.0,1,2025-03-22,3586.17,profit
6356,3,38.0,23,114.0,874.0,1,2025-01-06,3586.43,profit
6355,3,23.0,29,69.0,667.0,1,2025-01-04,3586.99,profit
6354,16,137.0,32,2192.0,4384.0,1,2025-04-17,3584.86,profit
6353,30,22.0,79,660.0,1738.0,1,2025-02-02,3585.41,profit
6352,15,115.0,73,1725.0,8395.0,1,2025-03-25,3586.72,profit
6351,13,37.0,62,481.0,2294.0,1,2025-01-24,3586.95,profit
6350,4,18.0,51,72.0,918.0,1,2025-01-04,3586.01,profit
6349,22,120.0,62,2640.0,7440.0,1,2025-05-09,3585.99,profit
6348,48,147.0,72,7056.0,10584.0,1,2025-12-10,3584.86,profit
6347,32,149.0,15,4768.0,2235.0,1,2025-08-21,3585.93,profit
6346,22,31.0,74,682.0,2294.0,1,2025-02-03,3585.42,profit
6345,8,125.0,49,1000.0,6125.0,1,2025-02-18,3587.1,profit
6344,48,58.0,62,2784.0,3596.0,1,2025-05-16,3585.23,profit
6343,23,109.0,48,2507.0,5232.0,1,2025-05-03,3585.92,profit
6342,0,124.0,38,0.0,4712.0,0,2025-01-01,3585.22,profit
6341,23,31.0,72,713.0,2232.0,1,2025-02-04,3584.72,profit
6340,46,76.0,71,3496.0,5396.0,1,2025-06-20,3585.47,profit
6339,18,138.0,89,2484.0,12282.0,1,2025-05-01,3586.13,profit
6338,19,136.0,96,2584.0,13056.0,1,2025-05-06,3585.08,profit
6337,32,50.0,99,1600.0,4950.0,1,2025-03-19,3586.55,profit
6336,19,22.0,65,418.0,1430.0,1,2025-01-21,3585.43,profit
6335,3,46.0,45,138.0,2070.0,1,2025-01-07,3585.35,profit
6334,48,97.0,97,4656.0,9409.0,1,2025-08-15,3585.04,profit
6333,15,127.0,25,1905.0,3175.0,1,2025-04-03,3586.99,profit
6332,47,132.0,28,6204.0,3696.0,1,2025-10-29,3585.45,profit
6331,14,76.0,99,1064.0,7524.0,1,2025-02-21,3585.73,profit
6330,28,47.0,21,1316.0,987.0,1,2025-03-06,3585.83,profit
6329,26,59.0,33,1534.0,1947.0,1,2025-03-16,3587.53,profit
6328,7,121.0,49,847.0,5929.0,1,2025-02-11,3584.95,profit
6327,44,39.0,77,1716.0,3003.0,1,2025-03-25,3586.75,profit
6326,5,89.0,62,445.0,5518.0,1,2025-01-22,3586.38,profit
6325,39,69.0,52,2691.0,3588.0,1,2025-05-11,3585.42,profit
6324,10,56.0,33,560.0,1848.0,1,2025-01-28,3586.71,profit
6323,50,52.0,52,2600.0,2704.0,1,2025-05-07,3585.76,profit
6322,34,72.0,39,2448.0,2808.0,1,2025-04-30,3586.36,profit
6321,48,78.0,62,3744.0,4836.0,1,2025-07-02,3585.57,profit
6320,32,63.0,40,2016.0,2520.0,1,2025-04-09,3586.3,profit
6319,21,39.0,51,819.0,1989.0,1,2025-02-09,3587.13,profit
6318,5,143.0,30,715.0,4290.0,1,2025-02-04,3585.91,profit
6317,37,54.0,47,1998.0,2538.0,1,2025-04-08,3585.24,profit
6316,46,121.0,55,5566.0,6655.0,1,2025-09-28,3585.07,profit
6315,23,132.0,74,3036.0,9768.0,1,2025-05-28,3585.66,profit
6314,3,76.0,23,228.0,1748.0,1,2025-01-12,3586.13,profit
6313,46,70.0,31,3220.0,2170.0,1,2025-06-06,3586.22,profit
6312,30,51.0,77,1530.0,3927.0,1,2025-03-16,3587.24,profit
6311,0,23.0,27,0.0,621.0,0,2025-01-01,3585.87,profit
6310,44,113.0,20,4972.0,2260.0,1,2025-08-30,3584.88,profit
6309,44,138.0,99,6072.0,13662.0,1,2025-10-23,3585.25,profit
6308,2,41.0,23,82.0,943.0,1,2025-01-04,3586.75,profit
6307,44,140.0,26,6160.0,3640.0,1,2025-10-27,3585.34,profit
6306,23,147.0,43,3381.0,6321.0,1,2025-06-14,3586.29,profit
6305,46,88.0,60,4048.0,5280.0,1,2025-07-17,3585.52,profit
6304,26,105.0,26,2730.0,2730.0,1,2025-05-13,3585.53,profit
6303,38,66.0,35,2508.0,2310.0,1,2025-05-03,3586.13,profit
6302,3,84.0,24,252.0,2016.0,1,2025-01-13,3586.52,profit
6301,8,120.0,71,960.0,8520.0,1,2025-02-16,3586.73,profit
6300,37,131.0,12,4847.0,1572.0,1,2025-08-24,3585.36,profit
6299,30,64.0,60,1920.0,3840.0,1,2025-04-04,3585.04,profit
6298,35,69.0,36,2415.0,2484.0,1,2025-04-28,3585.22,profit
6297,5,58.0,13,290.0,754.0,1,2025-01-15,3585.07,profit
6296,9,84.0,74,756.0,6216.0,1,2025-02-06,3586.75,profit
6295,48,97.0,97,4656.0,9409.0,1,2025-08-15,3586.05,profit
6294,7,119.0,93,833.0,11067.0,1,2025-02-10,3586.46,profit
6293,49,127.0,79,6223.0,10033.0,1,2025-10-30,3585.23,profit
6292,44,69.0,90,3036.0,6210.0,1,2025-05-28,3585.79,profit
6291,44,96.0,87,4224.0,8352.0,1,2025-07-25,3585.93,profit
6290,10,150.0,64,1500.0,9600.0,1,2025-03-14,3586.48,profit
6289,7,25.0,39,175.0,975.0,1,2025-01-09,3585.81,profit
6288,49,57.0,78,2793.0,4446.0,1,2025-05-16,3585.53,profit
6287,32,65.0,97,2080.0,6305.0,1,2025-04-12,3586.42,profit
6286,48,141.0,92,6768.0,12972.0,1,2025-11-26,3585.12,profit
6285,4,110.0,63,440.0,6930.0,1,2025-01-22,3586.67,profit
6284,37,94.0,97,3478.0,9118.0,1,2025-06-19,3586.39,profit
6283,34,111.0,64,3774.0,7104.0,1,2025-07-03,3585.42,profit
6282,2,118.0,11,236.0,1298.0,1,2025-01-12,3586.15,profit
6281,18,144.0,31,2592.0,4464.0,1,2025-05-07,3585.5,profit
6280,15,92.0,69,1380.0,6348.0,1,2025-03-09,3585.41,profit
6279,24,48.0,10,1152.0,480.0,1,2025-02-26,3585.88,profit
6278,10,90.0,21,900.0,1890.0,1,2025-02-13,3584.7,profit
6277,3,30.0,89,90.0,2670.0,1,2025-01-05,3586.58,profit
6276,34,150.0,36,5100.0,5400.0,1,2025-09-06,3586.04,profit
6275,29,99.0,47,2871.0,4653.0,1,2025-05-20,3586.5,profit
6274,17,61.0,55,1037.0,3355.0,1,2025-02-20,3586.27,profit
6273,37,42.0,15,1554.0,630.0,1,2025-03-17,3586.74,profit
6272,27,144.0,62,3888.0,8928.0,1,2025-07-09,3586.34,profit
6271,21,70.0,50,1470.0,3500.0,1,2025-03-13,3585.01,profit
6270,7,49.0,88,343.0,4312.0,1,2025-01-17,3585.79,profit
6269,1,150.0,23,150.0,3450.0,1,2025-01-08,3584.6,profit
6268,38,53.0,21,2014.0,1113.0,1,2025-04-09,3586.98,profit
6267,9,51.0,11,459.0,561.0,1,2025-01-23,3586.01,profit
6266,19,87.0,35,1653.0,3045.0,1,2025-03-22,3587.12,profit
6265,39,139.0,31,5421.0,4309.0,1,2025-09-21,3584.95,profit
6264,40,94.0,25,3760.0,2350.0,1,2025-07-02,3585.69,profit
6263,1,130.0,42,130.0,5460.0,1,2025-01-07,3585.24,profit
6262,16,111.0,41,1776.0,4551.0,1,2025-03-28,3585.31,profit
6261,21,16.0,20,336.0,320.0,1,2025-01-17,3586.92,profit
6260,8,97.0,27,776.0,2619.0,1,2025-02-07,3585.35,profit
6259,25,78.0,18,1950.0,1404.0,1,2025-04-05,3585.83,profit
6258,47,143.0,35,6721.0,5005.0,1,2025-11-24,3585.44,profit
6257,11,16.0,17,176.0,272.0,1,2025-01-09,3585.9,profit
6256,26,29.0,77,754.0,2233.0,1,2025-02-06,3586.37,profit
6255,39,40.0,42,1560.0,1680.0,1,2025-03-17,3586.65,profit
6254,28,149.0,83,4172.0,12367.0,1,2025-07-23,3585.76,profit
6253,49,143.0,52,7007.0,7436.0,1,2025-12-08,3585.27,profit
6252,37,27.0,45,999.0,1215.0,1,2025-02-18,3587.47,profit
6251,25,140.0,82,3500.0,11480.0,1,2025-06-20,3585.81,profit
6250,15,131.0,13,1965.0,1703.0,1,2025-04-06,3586.92,profit
6249,12,119.0,74,1428.0,8806.0,1,2025-03-11,3585.15,profit
6248,16,130.0,90,2080.0,11700.0,1,2025-04-12,3585.89,profit
6247,33,18.0,21,594.0,378.0,1,2025-01-29,3587.21,profit
6246,41,74.0,48,3034.0,3552.0,1,2025-05-28,3586.64,profit
6245,34,96.0,52,3264.0,4992.0,1,2025-06-08,3585.32,profit
6244,11,115.0,24,1265.0,2760.0,1,2025-03-03,3586.23,profit
6243,7,55.0,24,385.0,1320.0,1,2025-01-19,3586.73,profit
6242,41,81.0,24,3321.0,1944.0,1,2025-06-11,3586.54,profit
6241,40,48.0,57,1920.0,2736.0,1,2025-04-04,3587.04,profit
6240,22,43.0,66,946.0,2838.0,1,2025-02-16,3585.54,profit
6239,40,33.0,59,1320.0,1947.0,1,2025-03-06,3587.51,profit
6238,23,23.0,97,529.0,2231.0,1,2025-01-26,3586.61,profit
6237,12,88.0,20,1056.0,1760.0,1,2025-02-21,3586.94,profit
6236,2,24.0,26,48.0,624.0,1,2025-01-03,3586.06,profit
6235,0,108.0,29,0.0,3132.0,0,2025-01-01,3585.5,profit
6234,29,38.0,38,1102.0,1444.0,1,2025-02-23,3587.37,profit
6233,6,48.0,18,288.0,864.0,1,2025-01-15,3586.92,profit
6232,43,135.0,43,5805.0,5805.0,1,2025-10-10,3585.47,profit
6231,24,48.0,86,1152.0,4128.0,1,2025-02-26,3585.92,profit
6230,12,125.0,72,1500.0,9000.0,1,2025-03-14,3586.37,profit
6229,15,17.0,42,255.0,714.0,1,2025-01-13,3586.92,profit
6228,46,112.0,73,5152.0,8176.0,1,2025-09-08,3585.22,profit
6227,43,15.0,83,645.0,1245.0,1,2025-02-01,3586.46,profit
6226,2,146.0,88,292.0,12848.0,1,2025-01-15,3586.88,profit
6225,38,16.0,10,608.0,160.0,1,2025-01-30,3586.76,profit
6224,24,22.0,63,528.0,1386.0,1,2025-01-26,3585.92,profit
6223,21,40.0,80,840.0,3200.0,1,2025-02-10,3587.01,profit
6222,23,92.0,33,2116.0,3036.0,1,2025-04-13,3585.45,profit
6221,44,123.0,58,5412.0,7134.0,1,2025-09-21,3585.76,profit
6220,47,139.0,12,6533.0,1668.0,1,2025-11-14,3585.35,profit
6219,32,143.0,80,4576.0,11440.0,1,2025-08-11,3585.65,profit
6218,40,89.0,63,3560.0,5607.0,1,2025-06-23,3585.27,profit
6217,38,25.0,96,950.0,2400.0,1,2025-02-16,3586.98,profit
6216,30,109.0,95,3270.0,10355.0,1,2025-06-09,3584.51,profit
6215,11,132.0,14,1452.0,1848.0,1,2025-03-12,3585.52,profit
6214,11,74.0,85,814.0,6290.0,1,2025-02-09,3586.84,profit
6213,47,139.0,33,6533.0,4587.0,1,2025-11-14,3585.59,profit
6212,46,99.0,73,4554.0,7227.0,1,2025-08-10,3585.74,profit
6211,7,99.0,66,693.0,6534.0,1,2025-02-03,3586.49,profit
6210,10,136.0,91,1360.0,12376.0,1,2025-03-08,3585.82,profit
6209,19,149.0,30,2831.0,4470.0,1,2025-05-18,3585.64,profit
6208,34,59.0,19,2006.0,1121.0,1,2025-04-08,3585.26,profit
6207,23,50.0,18,1150.0,900.0,1,2025-02-25,3586.33,profit
6206,9,102.0,85,918.0,8670.0,1,2025-02-14,3585.49,profit
6205,1,37.0,82,37.0,3034.0,1,2025-01-02,3586.98,profit
6204,10,53.0,73,530.0,3869.0,1,2025-01-26,3586.96,profit
6203,3,86.0,57,258.0,4902.0,1,2025-01-13,3585.97,profit
6202,43,59.0,57,2537.0,3363.0,1,2025-05-04,3585.44,profit
6201,6,100.0,32,600.0,3200.0,1,2025-01-30,3585.05,profit
6200,23,124.0,99,2852.0,12276.0,1,2025-05-19,3585.96,profit
6199,35,115.0,53,4025.0,6095.0,1,2025-07-15,3585.23,profit
6198,31,57.0,23,1767.0,1311.0,1,2025-03-27,3587.26,profit
6197,18,82.0,56,1476.0,4592.0,1,2025-03-13,3585.62,profit
6196,47,50.0,22,2350.0,1100.0,1,2025-04-25,3586.63,profit
6195,31,140.0,55,4340.0,7700.0,1,2025-07-31,3585.45,profit
6194,32,24.0,57,768.0,1368.0,1,2025-02-07,3587.26,profit
6193,1,80.0,89,80.0,7120.0,1,2025-01-04,3586.03,profit
6192,48,149.0,68,7152.0,10132.0,1,2025-12-15,3584.96,profit
6191,30,146.0,39,4380.0,5694.0,1,2025-08-02,3585.87,profit
6190,5,103.0,63,515.0,6489.0,1,2025-01-26,3586.66,profit
6189,16,126.0,48,2016.0,6048.0,1,2025-04-09,3586.09,profit
6188,27,143.0,37,3861.0,5291.0,1,2025-07-07,3586.63,profit
6187,38,75.0,59,2850.0,4425.0,1,2025-05-19,3584.68,profit
6186,2,25.0,65,50.0,1625.0,1,2025-01-03,3586.17,profit
6185,4,148.0,42,592.0,6216.0,1,2025-01-29,3586.37,profit
6184,32,94.0,51,3008.0,4794.0,1,2025-05-27,3586.54,profit
6183,34,45.0,78,1530.0,3510.0,1,2025-03-16,3586.7,profit
6182,27,136.0,100,3672.0,13600.0,1,2025-06-28,3586.48,profit
6181,5,75.0,51,375.0,3825.0,1,2025-01-19,3585.49,profit
6180,46,112.0,50,5152.0,5600.0,1,2025-09-08,3585.33,profit
6179,20,76.0,46,1520.0,3496.0,1,2025-03-15,3585.26,profit
6178,17,62.0,65,1054.0,4030.0,1,2025-02-21,3585.3,profit
6177,10,101.0,30,1010.0,3030.0,1,2025-02-19,3584.66,profit
6176,18,89.0,13,1602.0,1157.0,1,2025-03-19,3586.97,profit
6175,49,21.0,20,1029.0,420.0,1,2025-02-20,3586.05,profit
6174,17,22.0,89,374.0,1958.0,1,2025-01-19,3586.44,profit
6173,47,74.0,55,3478.0,4070.0,1,2025-06-19,3586.31,profit
6172,34,74.0,54,2516.0,3996.0,1,2025-05-03,3585.73,profit
6171,26,117.0,40,3042.0,4680.0,1,2025-05-29,3585.64,profit
6170,20,34.0,48,680.0,1632.0,1,2025-02-03,3586.4,profit
6169,34,135.0,59,4590.0,7965.0,1,2025-08-12,3585.43,profit
6168,21,31.0,17,651.0,527.0,1,2025-02-01,3585.68,profit
6167,38,109.0,97,4142.0,10573.0,1,2025-07-21,3585.66,profit
6166,11,52.0,78,572.0,4056.0,1,2025-01-28,3585.22,profit
6165,29,129.0,33,3741.0,4257.0,1,2025-07-02,3584.76,profit
6164,44,17.0,63,748.0,1071.0,1,2025-02-06,3584.91,profit
6163,41,67.0,11,2747.0,737.0,1,2025-05-14,3586.35,profit
6162,48,74.0,51,3552.0,3774.0,1,2025-06-22,3584.65,profit
6161,14,35.0,68,490.0,2380.0,1,2025-01-24,3586.22,profit
6160,0,92.0,83,0.0,7636.0,0,2025-01-01,3584.93,profit
6159,17,135.0,75,2295.0,10125.0,1,2025-04-22,3585.8,profit
6158,29,139.0,91,4031.0,12649.0,1,2025-07-16,3585.6,profit
6157,36,56.0,35,2016.0,1960.0,1,2025-04-09,3585.99,profit
6156,26,105.0,70,2730.0,7350.0,1,2025-05-13,3586.05,profit
6155,3,88.0,38,264.0,3344.0,1,2025-01-13,3586.24,profit
6154,19,88.0,94,1672.0,8272.0,1,2025-03-23,3585.29,profit
6153,24,48.0,26,1152.0,1248.0,1,2025-02-26,3587.02,profit
6152,39,147.0,93,5733.0,13671.0,1,2025-10-07,3585.37,profit
6151,2,136.0,50,272.0,6800.0,1,2025-01-14,3586.8,profit
6150,4,51.0,83,204.0,4233.0,1,2025-01-10,3585.57,profit
6149,25,30.0,25,750.0,750.0,1,2025-02-06,3586.34,profit
6148,41,23.0,53,943.0,1219.0,1,2025-02-15,3585.64,profit
6147,0,130.0,21,0.0,2730.0,0,2025-01-01,3585.21,profit
6146,16,139.0,43,2224.0,5977.0,1,2025-04-19,3585.29,profit
6145,44,96.0,44,4224.0,4224.0,1,2025-07-25,3585.95,profit
6144,40,42.0,27,1680.0,1134.0,1,2025-03-23,3586.99,profit
6143,18,57.0,80,1026.0,4560.0,1,2025-02-19,3586.54,profit
6142,12,106.0,20,1272.0,2120.0,1,2025-03-03,3586.95,profit
6141,14,28.0,83,392.0,2324.0,1,2025-01-20,3586.78,profit
6140,2,38.0,40,76.0,1520.0,1,2025-01-04,3586.59,profit
6139,6,118.0,24,708.0,2832.0,1,2025-02-04,3586.08,profit
6138,14,50.0,34,700.0,1700.0,1,2025-02-04,3585.4,profit
6137,19,56.0,42,1064.0,2352.0,1,2025-02-21,3586.21,profit
6136,17,120.0,12,2040.0,1440.0,1,2025-04-10,3586.82,profit
6135,11,15.0,54,165.0,810.0,1,2025-01-09,3587.07,profit
6134,37,102.0,34,3774.0,3468.0,1,2025-07-03,3584.66,profit
6133,12,114.0,15,1368.0,1710.0,1,2025-03-08,3585.4,profit
6132,2,98.0,82,196.0,8036.0,1,2025-01-10,3586.53,profit
6131,46,77.0,74,3542.0,5698.0,1,2025-06-22,3586.28,profit
6130,30,24.0,30,720.0,720.0,1,2025-02-05,3585.85,profit
6129,37,91.0,23,3367.0,2093.0,1,2025-06-13,3586.64,profit
6128,48,21.0,62,1008.0,1302.0,1,2025-02-19,3586.55,profit
6127,50,81.0,97,4050.0,7857.0,1,2025-07-17,3585.71,profit
6126,11,24.0,16,264.0,384.0,1,2025-01-13,3585.79,profit
6125,45,18.0,65,810.0,1170.0,1,2025-02-09,3586.9,profit
6124,6,106.0,13,636.0,1378.0,1,2025-01-31,3586.07,profit
6123,43,78.0,23,3354.0,1794.0,1,2025-06-13,3586.56,profit
6122,2,147.0,51,294.0,7497.0,1,2025-01-15,3586.66,profit
6121,23,17.0,55,391.0,935.0,1,2025-01-20,3586.76,profit
6120,31,148.0,41,4588.0,6068.0,1,2025-08-12,3586.06,profit
6119,20,144.0,36,2880.0,5184.0,1,2025-05-21,3586.86,profit
6118,44,92.0,97,4048.0,8924.0,1,2025-07-17,3584.91,profit
6117,36,63.0,46,2268.0,2898.0,1,2025-04-21,3586.4,profit
6116,21,70.0,78,1470.0,5460.0,1,2025-03-13,3586.6,profit
6115,11,59.0,99,649.0,5841.0,1,2025-02-01,3586.52,profit
6114,6,131.0,61,786.0,7991.0,1,2025-02-08,3585.64,profit
6113,11,39.0,73,429.0,2847.0,1,2025-01-21,3584.88,profit
6112,19,125.0,42,2375.0,5250.0,1,2025-04-26,3585.67,profit
6111,12,100.0,54,1200.0,5400.0,1,2025-02-28,3586.06,profit
6110,6,77.0,60,462.0,4620.0,1,2025-01-23,3586.67,profit
6109,39,39.0,22,1521.0,858.0,1,2025-03-16,3585.74,profit
6108,43,72.0,78,3096.0,5616.0,1,2025-05-31,3585.78,profit
6107,36,139.0,13,5004.0,1807.0,1,2025-09-01,3585.17,profit
6106,25,20.0,22,500.0,440.0,1,2025-01-25,3586.98,profit
6105,34,104.0,77,3536.0,8008.0,1,2025-06-22,3585.44,profit
6104,31,102.0,64,3162.0,6528.0,1,2025-06-03,3585.56,profit
6103,6,135.0,93,810.0,12555.0,1,2025-02-09,3587.51,profit
6102,8,37.0,34,296.0,1258.0,1,2025-01-15,3586.87,profit
6101,12,72.0,29,864.0,2088.0,1,2025-02-12,3586.68,profit
6100,44,138.0,36,6072.0,4968.0,1,2025-10-23,3585.47,profit
6099,19,85.0,70,1615.0,5950.0,1,2025-03-20,3586.74,profit
6098,47,47.0,95,2209.0,4465.0,1,2025-04-18,3587.14,profit
6097,24,84.0,13,2016.0,1092.0,1,2025-04-09,3584.9,profit
6096,49,110.0,94,5390.0,10340.0,1,2025-09-20,3584.99,profit
6095,7,58.0,33,406.0,1914.0,1,2025-01-20,3586.99,profit
6094,37,23.0,91,851.0,2093.0,1,2025-02-11,3586.22,profit
6093,48,108.0,27,5184.0,2916.0,1,2025-09-10,3585.91,profit
6092,16,108.0,88,1728.0,9504.0,1,2025-03-26,3586.84,profit
6091,47,86.0,88,4042.0,7568.0,1,2025-07-16,3585.08,profit
6090,27,15.0,28,405.0,420.0,1,2025-01-20,3586.82,profit
6089,15,133.0,26,1995.0,3458.0,1,2025-04-08,3584.8,profit
6088,32,23.0,78,736.0,1794.0,1,2025-02-05,3587.35,profit
6087,16,27.0,84,432.0,2268.0,1,2025-01-22,3587.33,profit
6086,2,112.0,73,224.0,8176.0,1,2025-01-11,3586.47,profit
6085,29,47.0,94,1363.0,4418.0,1,2025-03-08,3584.97,profit
6084,1,100.0,71,100.0,7100.0,1,2025-01-05,3586.14,profit
6083,35,89.0,61,3115.0,5429.0,1,2025-06-01,3585.55,profit
6082,2,111.0,58,222.0,6438.0,1,2025-01-11,3585.46,profit
6081,44,58.0,44,2552.0,2552.0,1,2025-05-05,3586.11,profit
6080,33,123.0,20,4059.0,2460.0,1,2025-07-17,3585.17,profit
6079,37,81.0,50,2997.0,4050.0,1,2025-05-26,3586.14,profit
6078,38,125.0,33,4750.0,4125.0,1,2025-08-20,3585.15,profit
6077,7,112.0,87,784.0,9744.0,1,2025-02-08,3587.22,profit
6076,37,144.0,78,5328.0,11232.0,1,2025-09-17,3585.48,profit
6075,27,76.0,91,2052.0,6916.0,1,2025-04-10,3586.17,profit
6074,29,51.0,62,1479.0,3162.0,1,2025-03-13,3585.99,profit
6073,35,144.0,47,5040.0,6768.0,1,2025-09-03,3585.89,profit
6072,6,122.0,64,732.0,7808.0,1,2025-02-05,3586.87,profit
6071,36,124.0,95,4464.0,11780.0,1,2025-08-06,3586.35,profit
6070,35,54.0,97,1890.0,5238.0,1,2025-04-02,3586.77,profit
6069,44,33.0,95,1452.0,3135.0,1,2025-03-12,3587.12,profit
6068,40,75.0,29,3000.0,2175.0,1,2025-05-26,3584.83,profit
6067,5,80.0,21,400.0,1680.0,1,2025-01-20,3587.2,profit
6066,26,105.0,39,2730.0,4095.0,1,2025-05-13,3586.33,profit
6065,50,23.0,19,1150.0,437.0,1,2025-02-25,3585.14,profit
6064,18,34.0,88,612.0,2992.0,1,2025-01-30,3585.06,profit
6063,3,108.0,41,324.0,4428.0,1,2025-01-16,3586.48,profit
6062,17,93.0,92,1581.0,8556.0,1,2025-03-18,3586.93,profit
6061,49,138.0,63,6762.0,8694.0,1,2025-11-26,3584.94,profit
6060,48,24.0,62,1152.0,1488.0,1,2025-02-26,3586.41,profit
6059,33,136.0,80,4488.0,10880.0,1,2025-08-07,3585.39,profit
6058,19,126.0,30,2394.0,3780.0,1,2025-04-27,3585.35,profit
6057,8,90.0,11,720.0,990.0,1,2025-02-05,3585.68,profit
6056,29,99.0,97,2871.0,9603.0,1,2025-05-20,3585.31,profit
6055,30,146.0,24,4380.0,3504.0,1,2025-08-02,3585.17,profit
6054,43,93.0,43,3999.0,3999.0,1,2025-07-14,3585.58,profit
6053,40,61.0,52,2440.0,3172.0,1,2025-04-29,3586.56,profit
6052,8,115.0,15,920.0,1725.0,1,2025-02-14,3587.71,profit
6051,30,101.0,72,3030.0,7272.0,1,2025-05-28,3586.36,profit
6050,20,68.0,14,1360.0,952.0,1,2025-03-08,3587.18,profit
6049,12,124.0,33,1488.0,4092.0,1,2025-03-14,3586.04,profit
6048,48,89.0,55,4272.0,4895.0,1,2025-07-27,3586.12,profit
6047,6,62.0,60,372.0,3720.0,1,2025-01-19,3585.82,profit
6046,38,141.0,21,5358.0,2961.0,1,2025-09-18,3585.57,profit
6045,12,120.0,93,1440.0,11160.0,1,2025-03-12,3586.6,profit
6044,16,28.0,61,448.0,1708.0,1,2025-01-22,3586.81,profit
6043,45,85.0,32,3825.0,2720.0,1,2025-07-06,3586.26,profit
6042,39,114.0,34,4446.0,3876.0,1,2025-08-05,3584.99,profit
6041,20,109.0,34,2180.0,3706.0,1,2025-04-17,3586.02,profit
6040,34,97.0,51,3298.0,4947.0,1,2025-06-10,3585.03,profit
6039,35,138.0,41,4830.0,5658.0,1,2025-08-24,3585.51,profit
6038,15,33.0,10,495.0,330.0,1,2025-01-25,3586.66,profit
6037,27,56.0,90,1512.0,5040.0,1,2025-03-15,3584.86,profit
6036,9,134.0,66,1206.0,8844.0,1,2025-02-28,3585.67,profit
6035,14,96.0,18,1344.0,1728.0,1,2025-03-07,3585.53,profit
6034,46,134.0,30,6164.0,4020.0,1,2025-10-27,3585.3,profit
6033,13,144.0,95,1872.0,13680.0,1,2025-04-02,3585.73,profit
6032,28,62.0,66,1736.0,4092.0,1,2025-03-26,3587.23,profit
6031,43,53.0,34,2279.0,1802.0,1,2025-04-21,3586.64,profit
6030,46,60.0,83,2760.0,4980.0,1,2025-05-15,3585.93,profit
6029,16,16.0,30,256.0,480.0,1,2025-01-13,3586.01,profit
6028,24,68.0,68,1632.0,4624.0,1,2025-03-21,3586.61,profit
6027,9,65.0,64,585.0,4160.0,1,2025-01-29,3586.11,profit
6026,23,113.0,67,2599.0,7571.0,1,2025-05-07,3586.51,profit
6025,30,120.0,51,3600.0,6120.0,1,2025-06-25,3585.75,profit
6024,37,91.0,71,3367.0,6461.0,1,2025-06-13,3586.61,profit
6023,15,91.0,29,1365.0,2639.0,1,2025-03-08,3585.12,profit
6022,35,57.0,34,1995.0,1938.0,1,2025-04-08,3585.44,profit
6021,28,116.0,94,3248.0,10904.0,1,2025-06-08,3586.46,profit
6020,13,26.0,38,338.0,988.0,1,2025-01-17,3587.04,profit
6019,31,129.0,64,3999.0,8256.0,1,2025-07-14,3585.48,profit
6018,40,98.0,41,3920.0,4018.0,1,2025-07-10,3586.27,profit
6017,33,44.0,51,1452.0,2244.0,1,2025-03-12,3585.19,profit
6016,10,83.0,48,830.0,3984.0,1,2025-02-10,3587.63,profit
6015,38,34.0,88,1292.0,2992.0,1,2025-03-04,3586.85,profit
6014,41,79.0,69,3239.0,5451.0,1,2025-06-07,3586.35,profit
6013,24,54.0,57,1296.0,3078.0,1,2025-03-05,3586.45,profit
6012,6,78.0,83,468.0,6474.0,1,2025-01-23,3585.37,profit
6011,16,128.0,41,2048.0,5248.0,1,2025-04-10,3586.16,profit
6010,26,21.0,56,546.0,1176.0,1,2025-01-27,3584.72,profit
6009,39,119.0,43,4641.0,5117.0,1,2025-08-14,3585.96,profit
6008,31,98.0,59,3038.0,5782.0,1,2025-05-28,3586.08,profit
6007,2,68.0,55,136.0,3740.0,1,2025-01-07,3585.26,profit
6006,31,72.0,72,2232.0,5184.0,1,2025-04-19,3586.7,profit
6005,7,40.0,15,280.0,600.0,1,2025-01-14,3585.86,profit
6004,40,143.0,90,5720.0,12870.0,1,2025-10-06,3585.5,profit
6003,36,62.0,88,2232.0,5456.0,1,2025-04-19,3585.62,profit
6002,46,68.0,45,3128.0,3060.0,1,2025-06-02,3585.74,profit
6001,36,73.0,59,2628.0,4307.0,1,2025-05-08,3585.04,profit
6000,15,131.0,69,1965.0,9039.0,1,2025-04-06,3586.24,profit
5999,26,34.0,47,884.0,1598.0,1,2025-02-13,3585.07,profit
5998,33,106.0,62,3498.0,6572.0,1,2025-06-20,3585.24,profit
5997,40,99.0,35,3960.0,3465.0,1,2025-07-12,3585.05,profit
5996,31,26.0,19,806.0,494.0,1,2025-02-09,3585.73,profit
5995,14,150.0,68,2100.0,10200.0,1,2025-04-13,3586.52,profit
5994,45,132.0,29,5940.0,3828.0,1,2025-10-17,3585.81,profit
5993,9,102.0,20,918.0,2040.0,1,2025-02-14,3584.84,profit
5992,5,129.0,15,645.0,1935.0,1,2025-02-01,3587.09,profit
5991,42,51.0,29,2142.0,1479.0,1,2025-04-15,3585.01,profit
5990,50,141.0,23,7050.0,3243.0,1,2025-12-10,3584.92,profit
5989,13,135.0,11,1755.0,1485.0,1,2025-03-27,3585.98,profit
5988,17,79.0,57,1343.0,4503.0,1,2025-03-07,3585.75,profit
5987,0,94.0,56,0.0,5264.0,0,2025-01-01,3584.81,profit
5986,50,99.0,34,4950.0,3366.0,1,2025-08-29,3585.45,profit
5985,48,90.0,85,4320.0,7650.0,1,2025-07-30,3586.06,profit
5984,43,30.0,66,1290.0,1980.0,1,2025-03-04,3587.2,profit
5983,1,73.0,22,73.0,1606.0,1,2025-01-04,3586.72,profit
5982,4,20.0,88,80.0,1760.0,1,2025-01-04,3587.03,profit
5981,7,132.0,80,924.0,10560.0,1,2025-02-14,3585.2,profit
5980,36,71.0,51,2556.0,3621.0,1,2025-05-05,3586.95,profit
5979,30,57.0,90,1710.0,5130.0,1,2025-03-25,3586.17,profit
5978,28,141.0,34,3948.0,4794.0,1,2025-07-12,3585.97,profit
5977,0,35.0,56,0.0,1960.0,0,2025-01-01,3585.47,profit
5976,36,20.0,93,720.0,1860.0,1,2025-02-05,3587.27,profit
5975,24,15.0,80,360.0,1200.0,1,2025-01-18,3585.63,profit
5974,38,140.0,33,5320.0,4620.0,1,2025-09-16,3584.86,profit
5973,45,150.0,82,6750.0,12300.0,1,2025-11-25,3585.49,profit
5972,43,136.0,33,5848.0,4488.0,1,2025-10-12,3585.48,profit
5971,8,85.0,74,680.0,6290.0,1,2025-02-03,3585.8,profit
5970,17,129.0,18,2193.0,2322.0,1,2025-04-17,3585.75,profit
5969,15,28.0,82,420.0,2296.0,1,2025-01-21,3586.41,profit
5968,23,21.0,37,483.0,777.0,1,2025-01-24,3587.34,profit
5967,8,49.0,77,392.0,3773.0,1,2025-01-20,3587.08,profit
5966,27,29.0,21,783.0,609.0,1,2025-02-08,3585.32,profit
5965,31,91.0,46,2821.0,4186.0,1,2025-05-18,3584.9,profit
5964,11,38.0,19,418.0,722.0,1,2025-01-21,3585.75,profit
5963,38,72.0,93,2736.0,6696.0,1,2025-05-14,3586.43,profit
5962,23,132.0,46,3036.0,6072.0,1,2025-05-28,3586.24,profit
5961,15,60.0,52,900.0,3120.0,1,2025-02-13,3587.35,profit
5960,44,29.0,40,1276.0,1160.0,1,2025-03-04,3585.97,profit
5959,32,36.0,69,1152.0,2484.0,1,2025-02-26,3586.46,profit
5958,26,130.0,98,3380.0,12740.0,1,2025-06-14,3585.27,profit
5957,25,108.0,87,2700.0,9396.0,1,2025-05-12,3585.64,profit
5956,28,15.0,68,420.0,1020.0,1,2025-01-21,3587.29,profit
5955,8,29.0,31,232.0,899.0,1,2025-01-12,3587.0,profit
5954,31,122.0,40,3782.0,4880.0,1,2025-07-04,3586.15,profit
5953,3,50.0,11,150.0,550.0,1,2025-01-08,3586.39,profit
5952,22,23.0,62,506.0,1426.0,1,2025-01-25,3585.82,profit
5951,28,18.0,39,504.0,702.0,1,2025-01-25,3586.66,profit
5950,23,38.0,22,874.0,836.0,1,2025-02-12,3586.6,profit
5949,17,127.0,84,2159.0,10668.0,1,2025-04-16,3586.84,profit
5948,41,88.0,72,3608.0,6336.0,1,2025-06-25,3586.2,profit
5947,23,127.0,92,2921.0,11684.0,1,2025-05-23,3586.21,profit
5946,4,130.0,35,520.0,4550.0,1,2025-01-26,3586.49,profit
5945,0,96.0,37,0.0,3552.0,0,2025-01-01,3585.29,profit
5944,4,40.0,16,160.0,640.0,1,2025-01-08,3586.1,profit
5943,37,72.0,94,2664.0,6768.0,1,2025-05-10,3586.04,profit
5942,43,142.0,25,6106.0,3550.0,1,2025-10-25,3585.38,profit
5941,37,133.0,27,4921.0,3591.0,1,2025-08-28,3585.7,profit
5940,29,133.0,43,3857.0,5719.0,1,2025-07-07,3585.3,profit
5939,5,95.0,46,475.0,4370.0,1,2025-01-24,3585.57,profit
5938,42,45.0,70,1890.0,3150.0,1,2025-04-02,3586.79,profit
5937,19,46.0,75,874.0,3450.0,1,2025-02-12,3587.45,profit
5936,8,98.0,23,784.0,2254.0,1,2025-02-08,3586.6,profit
5935,47,94.0,92,4418.0,8648.0,1,2025-08-04,3585.73,profit
5934,49,46.0,16,2254.0,736.0,1,2025-04-20,3585.84,profit
5933,9,42.0,24,378.0,1008.0,1,2025-01-19,3586.71,profit
5932,18,81.0,74,1458.0,5994.0,1,2025-03-12,3586.53,profit
5931,30,115.0,70,3450.0,8050.0,1,2025-06-17,3586.33,profit
5930,43,16.0,97,688.0,1552.0,1,2025-02-03,3585.41,profit
5929,33,116.0,68,3828.0,7888.0,1,2025-07-06,3586.37,profit
5928,8,85.0,30,680.0,2550.0,1,2025-02-03,3587.13,profit
5927,10,138.0,60,1380.0,8280.0,1,2025-03-09,3585.82,profit
5926,20,24.0,58,480.0,1392.0,1,2025-01-24,3586.02,profit
5925,13,34.0,49,442.0,1666.0,1,2025-01-22,3586.84,profit
5924,49,26.0,48,1274.0,1248.0,1,2025-03-04,3586.5,profit
5923,31,104.0,89,3224.0,9256.0,1,2025-06-06,3585.62,profit
5922,21,105.0,29,2205.0,3045.0,1,2025-04-18,3586.6,profit
5921,50,110.0,25,5500.0,2750.0,1,2025-09-25,3585.31,profit
5920,4,19.0,60,76.0,1140.0,1,2025-01-04,3586.05,profit
5919,25,125.0,23,3125.0,2875.0,1,2025-06-02,3586.97,profit
5918,36,77.0,45,2772.0,3465.0,1,2025-05-15,3585.23,profit
5917,25,116.0,60,2900.0,6960.0,1,2025-05-22,3586.66,profit
5916,4,15.0,67,60.0,1005.0,1,2025-01-03,3586.45,profit
5915,32,108.0,90,3456.0,9720.0,1,2025-06-18,3586.61,profit
5914,12,147.0,67,1764.0,9849.0,1,2025-03-27,3585.8,profit
5913,33,100.0,21,3300.0,2100.0,1,2025-06-10,3585.5,profit
5912,36,107.0,39,3852.0,4173.0,1,2025-07-07,3586.38,profit
5911,18,119.0,100,2142.0,11900.0,1,2025-04-15,3585.25,profit
5910,42,60.0,94,2520.0,5640.0,1,2025-05-03,3586.22,profit
5909,36,53.0,62,1908.0,3286.0,1,2025-04-03,3586.02,profit
5908,30,24.0,37,720.0,888.0,1,2025-02-05,3587.44,profit
5907,5,69.0,28,345.0,1932.0,1,2025-01-17,3587.55,profit
5906,44,50.0,36,2200.0,1800.0,1,2025-04-18,3586.16,profit
5905,47,28.0,27,1316.0,756.0,1,2025-03-06,3586.35,profit
5904,21,63.0,59,1323.0,3717.0,1,2025-03-06,3585.18,profit
5903,1,134.0,64,134.0,8576.0,1,2025-01-07,3586.68,profit
5902,43,118.0,49,5074.0,5782.0,1,2025-09-04,3585.74,profit
5901,19,102.0,70,1938.0,7140.0,1,2025-04-05,3586.52,profit
5900,32,43.0,59,1376.0,2537.0,1,2025-03-08,3586.73,profit
5899,18,113.0,25,2034.0,2825.0,1,2025-04-09,3586.69,profit
5898,28,135.0,100,3780.0,13500.0,1,2025-07-03,3585.58,profit
5897,45,143.0,75,6435.0,10725.0,1,2025-11-10,3585.67,profit
5896,50,141.0,54,7050.0,7614.0,1,2025-12-10,3584.76,profit
5895,46,146.0,53,6716.0,7738.0,1,2025-11-23,3585.74,profit
5894,46,56.0,87,2576.0,4872.0,1,2025-05-06,3585.93,profit
5893,32,93.0,45,2976.0,4185.0,1,2025-05-25,3586.54,profit
5892,41,33.0,36,1353.0,1188.0,1,2025-03-07,3586.77,profit
5891,3,142.0,63,426.0,8946.0,1,2025-01-21,3586.98,profit
5890,28,51.0,24,1428.0,1224.0,1,2025-03-11,3585.83,profit
5889,2,124.0,29,248.0,3596.0,1,2025-01-13,3586.28,profit
5888,17,71.0,53,1207.0,3763.0,1,2025-02-28,3585.2,profit
5887,46,106.0,59,4876.0,6254.0,1,2025-08-26,3585.79,profit
5886,24,46.0,71,1104.0,3266.0,1,2025-02-23,3586.53,profit
5885,4,114.0,46,456.0,5244.0,1,2025-01-23,3585.98,profit
5884,2,67.0,89,134.0,5963.0,1,2025-01-07,3586.81,profit
5883,22,84.0,31,1848.0,2604.0,1,2025-03-31,3586.06,profit
5882,3,82.0,10,246.0,820.0,1,2025-01-12,3585.14,profit
5881,45,16.0,98,720.0,1568.0,1,2025-02-05,3586.94,profit
5880,14,112.0,72,1568.0,8064.0,1,2025-03-18,3585.54,profit
5879,42,71.0,55,2982.0,3905.0,1,2025-05-26,3584.92,profit
5878,35,105.0,67,3675.0,7035.0,1,2025-06-28,3585.41,profit
5877,12,22.0,67,264.0,1474.0,1,2025-01-13,3586.99,profit
5876,45,145.0,76,6525.0,11020.0,1,2025-11-14,3584.91,profit
5875,46,24.0,30,1104.0,720.0,1,2025-02-23,3587.35,profit
5874,50,53.0,39,2650.0,2067.0,1,2025-05-09,3585.45,profit
5873,11,15.0,96,165.0,1440.0,1,2025-01-09,3586.76,profit
5872,41,83.0,21,3403.0,1743.0,1,2025-06-15,3585.77,profit
5871,25,54.0,55,1350.0,2970.0,1,2025-03-07,3585.64,profit
5870,18,99.0,38,1782.0,3762.0,1,2025-03-28,3585.9,profit
5869,14,41.0,43,574.0,1763.0,1,2025-01-28,3586.77,profit
5868,6,47.0,42,282.0,1974.0,1,2025-01-14,3586.35,profit
5867,16,61.0,55,976.0,3355.0,1,2025-02-17,3586.47,profit
5866,10,19.0,85,190.0,1615.0,1,2025-01-10,3586.02,profit
5865,17,68.0,35,1156.0,2380.0,1,2025-02-26,3585.57,profit
5864,28,88.0,64,2464.0,5632.0,1,2025-04-30,3584.76,profit
5863,17,52.0,21,884.0,1092.0,1,2025-02-13,3585.9,profit
5862,36,83.0,39,2988.0,3237.0,1,2025-05-26,3586.49,profit
5861,7,130.0,83,910.0,10790.0,1,2025-02-14,3586.48,profit
5860,26,105.0,54,2730.0,5670.0,1,2025-05-13,3586.16,profit
5859,3,87.0,86,261.0,7482.0,1,2025-01-13,3585.79,profit
5858,19,112.0,72,2128.0,8064.0,1,2025-04-14,3585.4,profit
5857,42,39.0,62,1638.0,2418.0,1,2025-03-21,3587.16,profit
5856,46,65.0,64,2990.0,4160.0,1,2025-05-26,3586.43,profit
5855,26,133.0,86,3458.0,11438.0,1,2025-06-18,3586.15,profit
5854,38,31.0,39,1178.0,1209.0,1,2025-02-27,3585.26,profit
5853,2,125.0,43,250.0,5375.0,1,2025-01-13,3586.6,profit
5852,14,55.0,46,770.0,2530.0,1,2025-02-07,3587.28,profit
5851,27,103.0,16,2781.0,1648.0,1,2025-05-16,3586.67,profit
5850,47,51.0,87,2397.0,4437.0,1,2025-04-27,3586.82,profit
5849,48,143.0,12,6864.0,1716.0,1,2025-12-01,3585.01,profit
5848,43,25.0,38,1075.0,950.0,1,2025-02-22,3587.01,profit
5847,43,74.0,16,3182.0,1184.0,1,2025-06-04,3585.01,profit
5846,22,75.0,89,1650.0,6675.0,1,2025-03-22,3587.07,profit
5845,14,80.0,62,1120.0,4960.0,1,2025-02-24,3585.26,profit
5844,14,142.0,13,1988.0,1846.0,1,2025-04-07,3586.63,profit
5843,18,142.0,13,2556.0,1846.0,1,2025-05-05,3584.93,profit
5842,35,24.0,87,840.0,2088.0,1,2025-02-10,3587.52,profit
5841,4,32.0,36,128.0,1152.0,1,2025-01-07,3586.67,profit
5840,48,127.0,26,6096.0,3302.0,1,2025-10-24,3585.5,profit
5839,28,94.0,58,2632.0,5452.0,1,2025-05-09,3585.93,profit
5838,6,115.0,80,690.0,9200.0,1,2025-02-03,3586.24,profit
5837,45,140.0,76,6300.0,10640.0,1,2025-11-03,3585.46,profit
5836,14,28.0,69,392.0,1932.0,1,2025-01-20,3587.17,profit
5835,21,57.0,68,1197.0,3876.0,1,2025-02-28,3586.65,profit
5834,29,30.0,40,870.0,1200.0,1,2025-02-12,3585.95,profit
5833,28,107.0,47,2996.0,5029.0,1,2025-05-26,3585.94,profit
5832,16,32.0,54,512.0,1728.0,1,2025-01-25,3586.13,profit
5831,41,40.0,75,1640.0,3000.0,1,2025-03-21,3587.19,profit
5830,10,68.0,32,680.0,2176.0,1,2025-02-03,3586.0,profit
5829,36,148.0,34,5328.0,5032.0,1,2025-09-17,3585.57,profit
5828,2,124.0,100,248.0,12400.0,1,2025-01-13,3586.69,profit
5827,7,137.0,32,959.0,4384.0,1,2025-02-16,3586.66,profit
5826,34,83.0,78,2822.0,6474.0,1,2025-05-18,3585.01,profit
5825,20,19.0,94,380.0,1786.0,1,2025-01-19,3586.12,profit
5824,12,94.0,34,1128.0,3196.0,1,2025-02-24,3585.9,profit
5823,47,72.0,84,3384.0,6048.0,1,2025-06-14,3585.03,profit
5822,26,88.0,71,2288.0,6248.0,1,2025-04-22,3586.09,profit
5821,36,99.0,45,3564.0,4455.0,1,2025-06-23,3585.9,profit
5820,17,64.0,76,1088.0,4864.0,1,2025-02-22,3585.6,profit
5819,5,142.0,60,710.0,8520.0,1,2025-02-04,3586.11,profit
5818,43,124.0,43,5332.0,5332.0,1,2025-09-17,3585.17,profit
5817,34,96.0,98,3264.0,9408.0,1,2025-06-08,3585.16,profit
5816,18,73.0,46,1314.0,3358.0,1,2025-03-05,3584.66,profit
5815,2,21.0,38,42.0,798.0,1,2025-01-03,3586.68,profit
5814,43,48.0,66,2064.0,3168.0,1,2025-04-11,3586.81,profit
5813,7,98.0,53,686.0,5194.0,1,2025-02-03,3586.56,profit
5812,14,83.0,71,1162.0,5893.0,1,2025-02-26,3586.55,profit
5811,33,79.0,79,2607.0,6241.0,1,2025-05-07,3585.96,profit
5810,3,150.0,55,450.0,8250.0,1,2025-01-22,3585.11,profit
5809,16,42.0,67,672.0,2814.0,1,2025-02-02,3587.1,profit
5808,44,119.0,92,5236.0,10948.0,1,2025-09-12,3585.83,profit
5807,40,138.0,29,5520.0,4002.0,1,2025-09-26,3585.72,profit
5806,5,130.0,22,650.0,2860.0,1,2025-02-01,3587.08,profit
5805,47,73.0,82,3431.0,5986.0,1,2025-06-16,3585.79,profit
5804,9,141.0,83,1269.0,11703.0,1,2025-03-03,3586.9,profit
5803,17,139.0,46,2363.0,6394.0,1,2025-04-25,3585.66,profit
5802,6,108.0,53,648.0,5724.0,1,2025-02-01,3585.37,profit
5801,16,41.0,79,656.0,3239.0,1,2025-02-01,3587.32,profit
5800,30,84.0,97,2520.0,8148.0,1,2025-05-03,3586.19,profit
5799,4,27.0,22,108.0,594.0,1,2025-01-06,3585.66,profit
5798,46,38.0,97,1748.0,3686.0,1,2025-03-27,3586.36,profit
5797,38,31.0,41,1178.0,1271.0,1,2025-02-27,3585.82,profit
5796,40,86.0,61,3440.0,5246.0,1,2025-06-17,3586.22,profit
5795,17,27.0,20,459.0,540.0,1,2025-01-23,3586.72,profit
5794,25,88.0,36,2200.0,3168.0,1,2025-04-18,3586.51,profit
5793,25,136.0,17,3400.0,2312.0,1,2025-06-15,3585.86,profit
5792,27,46.0,81,1242.0,3726.0,1,2025-03-02,3586.14,profit
5791,1,133.0,73,133.0,9709.0,1,2025-01-07,3585.21,profit
5790,0,99.0,73,0.0,7227.0,0,2025-01-01,3585.4,profit
5789,43,94.0,68,4042.0,6392.0,1,2025-07-16,3585.39,profit
5788,3,105.0,37,315.0,3885.0,1,2025-01-16,3586.9,profit
5787,21,54.0,12,1134.0,648.0,1,2025-02-25,3586.02,profit
5786,33,133.0,33,4389.0,4389.0,1,2025-08-02,3585.53,profit
5785,31,110.0,28,3410.0,3080.0,1,2025-06-15,3585.47,profit
5784,9,129.0,46,1161.0,5934.0,1,2025-02-26,3586.64,profit
5783,43,105.0,70,4515.0,7350.0,1,2025-08-08,3585.07,profit
5782,1,25.0,32,25.0,800.0,1,2025-01-02,3586.3,profit
5781,47,53.0,54,2491.0,2862.0,1,2025-05-02,3585.47,profit
5780,40,91.0,68,3640.0,6188.0,1,2025-06-27,3586.73,profit
5779,34,108.0,39,3672.0,4212.0,1,2025-06-28,3585.68,profit
5778,27,128.0,14,3456.0,1792.0,1,2025-06-18,3586.2,profit
5777,34,44.0,71,1496.0,3124.0,1,2025-03-14,3587.16,profit
5776,38,26.0,27,988.0,702.0,1,2025-02-18,3587.06,profit
5775,10,66.0,10,660.0,660.0,1,2025-02-02,3586.25,profit
5774,48,70.0,17,3360.0,1190.0,1,2025-06-13,3586.32,profit
5773,32,72.0,48,2304.0,3456.0,1,2025-04-23,3586.44,profit
5772,7,58.0,88,406.0,5104.0,1,2025-01-20,3586.01,profit
5771,0,80.0,20,0.0,1600.0,0,2025-01-01,3584.83,profit
5770,48,86.0,100,4128.0,8600.0,1,2025-07-20,3586.1,profit
5769,21,117.0,45,2457.0,5265.0,1,2025-04-30,3586.3,profit
5768,35,148.0,28,5180.0,4144.0,1,2025-09-10,3584.99,profit
5767,13,103.0,39,1339.0,4017.0,1,2025-03-07,3586.08,profit
5766,12,68.0,50,816.0,3400.0,1,2025-02-09,3586.85,profit
5765,26,42.0,73,1092.0,3066.0,1,2025-02-23,3586.39,profit
5764,41,142.0,95,5822.0,13490.0,1,2025-10-11,3584.87,profit
5763,14,109.0,24,1526.0,2616.0,1,2025-03-16,3586.06,profit
5762,48,49.0,99,2352.0,4851.0,1,2025-04-25,3586.15,profit
5761,6,92.0,68,552.0,6256.0,1,2025-01-27,3586.74,profit
5760,23,118.0,20,2714.0,2360.0,1,2025-05-13,3585.8,profit
5759,17,39.0,89,663.0,3471.0,1,2025-02-02,3585.96,profit
5758,18,26.0,92,468.0,2392.0,1,2025-01-23,3586.65,profit
5757,27,56.0,25,1512.0,1400.0,1,2025-03-15,3586.97,profit
5756,37,133.0,27,4921.0,3591.0,1,2025-08-28,3585.08,profit
5755,13,38.0,39,494.0,1482.0,1,2025-01-25,3586.74,profit
5754,41,71.0,94,2911.0,6674.0,1,2025-05-22,3586.59,profit
5753,13,42.0,46,546.0,1932.0,1,2025-01-27,3586.5,profit
5752,35,130.0,14,4550.0,1820.0,1,2025-08-10,3585.95,profit
5751,50,16.0,59,800.0,944.0,1,2025-02-08,3587.73,profit
5750,10,146.0,11,1460.0,1606.0,1,2025-03-13,3585.99,profit
5749,29,111.0,30,3219.0,3330.0,1,2025-06-06,3585.85,profit
5748,38,87.0,43,3306.0,3741.0,1,2025-06-10,3585.82,profit
5747,41,111.0,35,4551.0,3885.0,1,2025-08-10,3585.48,profit
5746,14,141.0,45,1974.0,6345.0,1,2025-04-07,3586.7,profit
5745,32,83.0,30,2656.0,2490.0,1,2025-05-10,3586.58,profit
5744,18,82.0,85,1476.0,6970.0,1,2025-03-13,3587.32,profit
5743,22,145.0,62,3190.0,8990.0,1,2025-06-05,3585.42,profit
5742,48,93.0,25,4464.0,2325.0,1,2025-08-06,3585.37,profit
5741,47,100.0,99,4700.0,9900.0,1,2025-08-17,3585.49,profit
5740,26,34.0,60,884.0,2040.0,1,2025-02-13,3587.53,profit
5739,30,94.0,54,2820.0,5076.0,1,2025-05-18,3585.37,profit
5738,14,51.0,59,714.0,3009.0,1,2025-02-04,3587.33,profit
5737,43,134.0,38,5762.0,5092.0,1,2025-10-08,3585.25,profit
5736,6,16.0,67,96.0,1072.0,1,2025-01-05,3586.67,profit
5735,13,64.0,12,832.0,768.0,1,2025-02-10,3585.96,profit
5734,25,48.0,100,1200.0,4800.0,1,2025-02-28,3585.11,profit
5733,10,138.0,66,1380.0,9108.0,1,2025-03-09,3586.69,profit
5732,39,56.0,43,2184.0,2408.0,1,2025-04-17,3585.96,profit
5731,22,118.0,91,2596.0,10738.0,1,2025-05-07,3586.16,profit
5730,50,33.0,95,1650.0,3135.0,1,2025-03-22,3586.9,profit
5729,18,42.0,87,756.0,3654.0,1,2025-02-06,3586.75,profit
5728,0,39.0,75,0.0,2925.0,0,2025-01-01,3585.59,profit
5727,19,42.0,94,798.0,3948.0,1,2025-02-08,3585.46,profit
5726,1,104.0,57,104.0,5928.0,1,2025-01-06,3586.36,profit
5725,7,114.0,83,798.0,9462.0,1,2025-02-08,3587.6,profit
5724,25,107.0,91,2675.0,9737.0,1,2025-05-11,3587.05,profit
5723,4,120.0,60,480.0,7200.0,1,2025-01-24,3586.75,profit
5722,40,130.0,89,5200.0,11570.0,1,2025-09-11,3585.97,profit
5721,28,91.0,52,2548.0,4732.0,1,2025-05-05,3587.01,profit
5720,39,112.0,70,4368.0,7840.0,1,2025-08-01,3585.86,profit
5719,1,131.0,85,131.0,11135.0,1,2025-01-07,3585.92,profit
5718,30,52.0,70,1560.0,3640.0,1,2025-03-17,3586.45,profit
5717,21,44.0,54,924.0,2376.0,1,2025-02-14,3586.89,profit
5716,27,90.0,72,2430.0,6480.0,1,2025-04-29,3585.29,profit
5715,38,121.0,72,4598.0,8712.0,1,2025-08-12,3585.39,profit
5714,42,24.0,75,1008.0,1800.0,1,2025-02-19,3587.48,profit
5713,14,122.0,65,1708.0,7930.0,1,2025-03-25,3586.55,profit
5712,29,90.0,84,2610.0,7560.0,1,2025-05-08,3586.27,profit
5711,17,145.0,99,2465.0,14355.0,1,2025-04-30,3586.37,profit
5710,46,73.0,58,3358.0,4234.0,1,2025-06-13,3585.12,profit
5709,28,100.0,88,2800.0,8800.0,1,2025-05-17,3586.35,profit
5708,32,139.0,33,4448.0,4587.0,1,2025-08-05,3585.54,profit
5707,13,144.0,80,1872.0,11520.0,1,2025-04-02,3585.14,profit
5706,30,134.0,23,4020.0,3082.0,1,2025-07-15,3585.38,profit
5705,44,26.0,37,1144.0,962.0,1,2025-02-25,3586.5,profit
5704,9,109.0,96,981.0,10464.0,1,2025-02-17,3585.41,profit
5703,48,49.0,20,2352.0,980.0,1,2025-04-25,3586.67,profit
5702,47,146.0,81,6862.0,11826.0,1,2025-11-30,3585.02,profit
5701,19,54.0,70,1026.0,3780.0,1,2025-02-19,3585.57,profit
5700,47,94.0,95,4418.0,8930.0,1,2025-08-04,3585.34,profit
5699,7,85.0,33,595.0,2805.0,1,2025-01-29,3585.79,profit
5698,3,104.0,55,312.0,5720.0,1,2025-01-16,3586.82,profit
5697,48,130.0,22,6240.0,2860.0,1,2025-10-31,3585.18,profit
5696,47,30.0,47,1410.0,1410.0,1,2025-03-10,3586.1,profit
5695,18,53.0,61,954.0,3233.0,1,2025-02-16,3586.78,profit
5694,0,54.0,37,0.0,1998.0,0,2025-01-01,3586.32,profit
5693,38,86.0,76,3268.0,6536.0,1,2025-06-09,3586.63,profit
5692,23,42.0,37,966.0,1554.0,1,2025-02-17,3585.35,profit
5691,42,118.0,32,4956.0,3776.0,1,2025-08-30,3585.8,profit
5690,5,28.0,32,140.0,896.0,1,2025-01-07,3586.54,profit
5689,0,144.0,13,0.0,1872.0,0,2025-01-01,3586.3,profit
5688,22,32.0,61,704.0,1952.0,1,2025-02-04,3586.99,profit
5687,35,126.0,69,4410.0,8694.0,1,2025-08-03,3585.33,profit
5686,12,108.0,50,1296.0,5400.0,1,2025-03-05,3586.76,profit
5685,20,67.0,27,1340.0,1809.0,1,2025-03-07,3587.03,profit
5684,7,81.0,36,567.0,2916.0,1,2025-01-28,3586.22,profit
5683,31,43.0,32,1333.0,1376.0,1,2025-03-06,3585.66,profit
5682,36,147.0,30,5292.0,4410.0,1,2025-09-15,3585.96,profit
5681,15,89.0,94,1335.0,8366.0,1,2025-03-06,3587.4,profit
5680,47,141.0,98,6627.0,13818.0,1,2025-11-19,3585.32,profit
5679,33,147.0,10,4851.0,1470.0,1,2025-08-25,3585.34,profit
5678,7,68.0,30,476.0,2040.0,1,2025-01-24,3585.3,profit
5677,36,70.0,78,2520.0,5460.0,1,2025-05-03,3586.9,profit
5676,32,21.0,83,672.0,1743.0,1,2025-02-02,3586.31,profit
5675,21,108.0,61,2268.0,6588.0,1,2025-04-21,3586.02,profit
5674,49,114.0,89,5586.0,10146.0,1,2025-09-29,3584.78,profit
5673,0,38.0,34,0.0,1292.0,0,2025-01-01,3585.34,profit
5672,21,101.0,25,2121.0,2525.0,1,2025-04-14,3585.97,profit
5671,20,125.0,64,2500.0,8000.0,1,2025-05-02,3586.33,profit
5670,19,78.0,54,1482.0,4212.0,1,2025-03-14,3585.1,profit
5669,15,40.0,62,600.0,2480.0,1,2025-01-30,3587.4,profit
5668,8,139.0,36,1112.0,5004.0,1,2025-02-24,3586.19,profit
5667,32,136.0,73,4352.0,9928.0,1,2025-07-31,3585.43,profit
5666,46,92.0,42,4232.0,3864.0,1,2025-07-25,3584.97,profit
5665,16,117.0,57,1872.0,6669.0,1,2025-04-02,3586.85,profit
5664,32,66.0,75,2112.0,4950.0,1,2025-04-13,3586.44,profit
5663,33,140.0,44,4620.0,6160.0,1,2025-08-13,3586.26,profit
5662,27,86.0,43,2322.0,3698.0,1,2025-04-24,3585.16,profit
5661,20,45.0,38,900.0,1710.0,1,2025-02-13,3585.33,profit
5660,47,143.0,19,6721.0,2717.0,1,2025-11-24,3585.37,profit
5659,44,105.0,63,4620.0,6615.0,1,2025-08-13,3585.47,profit
5658,3,44.0,42,132.0,1848.0,1,2025-01-07,3585.89,profit
5657,14,145.0,44,2030.0,6380.0,1,2025-04-09,3587.12,profit
5656,43,117.0,40,5031.0,4680.0,1,2025-09-02,3585.99,profit
5655,50,100.0,14,5000.0,1400.0,1,2025-09-01,3586.24,profit
5654,35,30.0,33,1050.0,990.0,1,2025-02-21,3586.09,profit
5653,19,29.0,51,551.0,1479.0,1,2025-01-27,3585.68,profit
5652,17,94.0,15,1598.0,1410.0,1,2025-03-19,3586.21,profit
5651,6,88.0,50,528.0,4400.0,1,2025-01-26,3586.54,profit
5650,20,113.0,58,2260.0,6554.0,1,2025-04-20,3586.94,profit
5649,11,24.0,97,264.0,2328.0,1,2025-01-13,3586.56,profit
5648,26,126.0,95,3276.0,11970.0,1,2025-06-09,3585.66,profit
5647,0,62.0,23,0.0,1426.0,0,2025-01-01,3585.35,profit
5646,38,74.0,80,2812.0,5920.0,1,2025-05-17,3586.57,profit
5645,20,96.0,60,1920.0,5760.0,1,2025-04-04,3586.45,profit
5644,11,87.0,40,957.0,3480.0,1,2025-02-16,3587.09,profit
5643,24,75.0,18,1800.0,1350.0,1,2025-03-29,3587.16,profit
5642,30,117.0,46,3510.0,5382.0,1,2025-06-20,3585.0,profit
5641,1,110.0,39,110.0,4290.0,1,2025-01-06,3586.4,profit
5640,38,97.0,88,3686.0,8536.0,1,2025-06-29,3586.03,profit
5639,0,72.0,16,0.0,1152.0,0,2025-01-01,3586.23,profit
5638,30,114.0,89,3420.0,10146.0,1,2025-06-16,3585.41,profit
5637,39,128.0,70,4992.0,8960.0,1,2025-08-31,3585.55,profit
5636,32,73.0,92,2336.0,6716.0,1,2025-04-24,3585.22,profit
5635,6,123.0,29,738.0,3567.0,1,2025-02-05,3585.94,profit
5634,37,53.0,82,1961.0,4346.0,1,2025-04-06,3585.5,profit
5633,39,59.0,60,2301.0,3540.0,1,2025-04-22,3584.9,profit
5632,45,72.0,72,3240.0,5184.0,1,2025-06-07,3586.15,profit
5631,41,143.0,53,5863.0,7579.0,1,2025-10-13,3585.49,profit
5630,37,32.0,71,1184.0,2272.0,1,2025-02-27,3585.25,profit
5629,12,71.0,96,852.0,6816.0,1,2025-02-11,3586.59,profit
5628,42,66.0,30,2772.0,1980.0,1,2025-05-15,3586.15,profit
5627,31,86.0,55,2666.0,4730.0,1,2025-05-10,3586.85,profit
5626,34,120.0,27,4080.0,3240.0,1,2025-07-18,3585.92,profit
5625,3,40.0,77,120.0,3080.0,1,2025-01-06,3585.66,profit
5624,11,80.0,43,880.0,3440.0,1,2025-02-12,3585.7,profit
5623,15,141.0,22,2115.0,3102.0,1,2025-04-13,3585.91,profit
5622,10,57.0,59,570.0,3363.0,1,2025-01-28,3587.07,profit
5621,3,109.0,70,327.0,7630.0,1,2025-01-16,3586.37,profit
5620,6,51.0,73,306.0,3723.0,1,2025-01-15,3586.86,profit
5619,11,145.0,82,1595.0,11890.0,1,2025-03-19,3584.88,profit
5618,26,76.0,10,1976.0,760.0,1,2025-04-07,3585.9,profit
5617,47,67.0,88,3149.0,5896.0,1,2025-06-03,3586.18,profit
5616,47,122.0,82,5734.0,10004.0,1,2025-10-07,3585.39,profit
5615,9,118.0,35,1062.0,4130.0,1,2025-02-21,3585.54,profit
5614,8,145.0,64,1160.0,9280.0,1,2025-02-26,3586.06,profit
5613,21,110.0,29,2310.0,3190.0,1,2025-04-23,3586.23,profit
5612,15,125.0,87,1875.0,10875.0,1,2025-04-02,3586.77,profit
5611,8,122.0,18,976.0,2196.0,1,2025-02-17,3586.27,profit
5610,14,102.0,62,1428.0,6324.0,1,2025-03-11,3585.13,profit
5609,45,67.0,99,3015.0,6633.0,1,2025-05-27,3585.1,profit
5608,6,66.0,54,396.0,3564.0,1,2025-01-20,3586.62,profit
5607,14,46.0,83,644.0,3818.0,1,2025-02-01,3585.5,profit
5606,40,73.0,79,2920.0,5767.0,1,2025-05-23,3585.93,profit
5605,22,134.0,54,2948.0,7236.0,1,2025-05-24,3585.43,profit
5604,42,54.0,12,2268.0,648.0,1,2025-04-21,3586.62,profit
5603,24,149.0,39,3576.0,5811.0,1,2025-06-24,3585.7,profit
5602,46,73.0,69,3358.0,5037.0,1,2025-06-13,3586.18,profit
5601,10,46.0,66,460.0,3036.0,1,2025-01-23,3586.66,profit
5600,48,64.0,62,3072.0,3968.0,1,2025-05-30,3585.59,profit
5599,1,106.0,78,106.0,8268.0,1,2025-01-06,3586.67,profit
5598,39,67.0,78,2613.0,5226.0,1,2025-05-08,3584.53,profit
5597,4,39.0,26,156.0,1014.0,1,2025-01-08,3586.5,profit
5596,8,28.0,43,224.0,1204.0,1,2025-01-11,3585.17,profit
5595,26,17.0,23,442.0,391.0,1,2025-01-22,3586.97,profit
5594,44,150.0,35,6600.0,5250.0,1,2025-11-18,3585.9,profit
5593,36,125.0,38,4500.0,4750.0,1,2025-08-07,3585.02,profit
5592,3,100.0,36,300.0,3600.0,1,2025-01-15,3586.42,profit
5591,37,144.0,32,5328.0,4608.0,1,2025-09-17,3585.79,profit
5590,4,128.0,48,512.0,6144.0,1,2025-01-25,3585.82,profit
5589,0,37.0,99,0.0,3663.0,0,2025-01-01,3586.31,profit
5588,49,140.0,59,6860.0,8260.0,1,2025-11-30,3584.78,profit
5587,7,103.0,29,721.0,2987.0,1,2025-02-05,3586.72,profit
5586,25,88.0,22,2200.0,1936.0,1,2025-04-18,3586.35,profit
5585,18,83.0,20,1494.0,1660.0,1,2025-03-14,3585.0,profit
5584,7,106.0,70,742.0,7420.0,1,2025-02-06,3587.38,profit
5583,19,36.0,88,684.0,3168.0,1,2025-02-03,3586.53,profit
5582,32,100.0,97,3200.0,9700.0,1,2025-06-05,3585.69,profit
5581,1,52.0,62,52.0,3224.0,1,2025-01-03,3586.97,profit
5580,35,65.0,63,2275.0,4095.0,1,2025-04-21,3585.45,profit
5579,12,131.0,15,1572.0,1965.0,1,2025-03-18,3587.19,profit
5578,21,79.0,20,1659.0,1580.0,1,2025-03-22,3586.21,profit
5577,9,35.0,68,315.0,2380.0,1,2025-01-16,3585.71,profit
5576,29,112.0,100,3248.0,11200.0,1,2025-06-08,3585.71,profit
5575,28,148.0,48,4144.0,7104.0,1,2025-07-21,3586.07,profit
5574,14,40.0,63,560.0,2520.0,1,2025-01-28,3585.62,profit
5573,0,108.0,66,0.0,7128.0,0,2025-01-01,3585.26,profit
5572,7,90.0,21,630.0,1890.0,1,2025-01-31,3586.93,profit
5571,21,37.0,27,777.0,999.0,1,2025-02-07,3586.27,profit
5570,10,93.0,27,930.0,2511.0,1,2025-02-15,3587.03,profit
5569,14,102.0,11,1428.0,1122.0,1,2025-03-11,3586.78,profit
5568,32,111.0,86,3552.0,9546.0,1,2025-06-22,3585.74,profit
5567,26,60.0,20,1560.0,1200.0,1,2025-03-17,3585.35,profit
5566,48,94.0,23,4512.0,2162.0,1,2025-08-08,3585.56,profit
5565,21,49.0,83,1029.0,4067.0,1,2025-02-20,3585.32,profit
5564,30,79.0,23,2370.0,1817.0,1,2025-04-26,3585.9,profit
5563,37,65.0,71,2405.0,4615.0,1,2025-04-28,3586.81,profit
5562,19,130.0,50,2470.0,6500.0,1,2025-05-01,3585.2,profit
5561,31,130.0,67,4030.0,8710.0,1,2025-07-16,3585.08,profit
5560,7,88.0,23,616.0,2024.0,1,2025-01-30,3585.34,profit
5559,20,150.0,56,3000.0,8400.0,1,2025-05-26,3586.11,profit
5558,2,138.0,59,276.0,8142.0,1,2025-01-14,3586.85,profit
5557,47,57.0,21,2679.0,1197.0,1,2025-05-11,3586.56,profit
5556,1,102.0,64,102.0,6528.0,1,2025-01-05,3586.52,profit
5555,3,36.0,42,108.0,1512.0,1,2025-01-06,3584.99,profit
5554,37,92.0,90,3404.0,8280.0,1,2025-06-15,3586.04,profit
5553,25,84.0,63,2100.0,5292.0,1,2025-04-13,3587.23,profit
5552,39,57.0,98,2223.0,5586.0,1,2025-04-19,3586.09,profit
5551,39,123.0,27,4797.0,3321.0,1,2025-08-22,3585.94,profit
5550,6,114.0,70,684.0,7980.0,1,2025-02-03,3586.73,profit
5549,25,127.0,36,3175.0,4572.0,1,2025-06-04,3586.46,profit
5548,34,91.0,21,3094.0,1911.0,1,2025-05-31,3586.8,profit
5547,15,70.0,55,1050.0,3850.0,1,2025-02-21,3586.55,profit
5546,11,138.0,87,1518.0,12006.0,1,2025-03-15,3586.0,profit
5545,34,150.0,97,5100.0,14550.0,1,2025-09-06,3584.56,profit
5544,7,69.0,81,483.0,5589.0,1,2025-01-24,3585.79,profit
5543,35,68.0,64,2380.0,4352.0,1,2025-04-26,3586.56,profit
5542,30,143.0,97,4290.0,13871.0,1,2025-07-28,3585.97,profit
5541,10,50.0,11,500.0,550.0,1,2025-01-25,3586.88,profit
5540,4,88.0,53,352.0,4664.0,1,2025-01-18,3585.46,profit
5539,48,106.0,96,5088.0,10176.0,1,2025-09-05,3585.9,profit
5538,40,141.0,16,5640.0,2256.0,1,2025-10-02,3585.41,profit
5537,37,139.0,14,5143.0,1946.0,1,2025-09-08,3585.76,profit
5536,35,71.0,63,2485.0,4473.0,1,2025-05-01,3586.25,profit
5535,36,72.0,17,2592.0,1224.0,1,2025-05-07,3585.21,profit
5534,18,122.0,52,2196.0,6344.0,1,2025-04-17,3585.2,profit
5533,10,33.0,77,330.0,2541.0,1,2025-01-17,3586.34,profit
5532,23,46.0,69,1058.0,3174.0,1,2025-02-21,3585.93,profit
5531,34,105.0,82,3570.0,8610.0,1,2025-06-23,3585.5,profit
5530,48,131.0,65,6288.0,8515.0,1,2025-11-03,3585.13,profit
5529,47,26.0,59,1222.0,1534.0,1,2025-03-01,3585.94,profit
5528,38,58.0,15,2204.0,870.0,1,2025-04-18,3586.89,profit
5527,34,18.0,43,612.0,774.0,1,2025-01-30,3586.31,profit
5526,0,89.0,70,0.0,6230.0,0,2025-01-01,3586.75,profit
5525,38,131.0,85,4978.0,11135.0,1,2025-08-31,3585.19,profit
5524,3,102.0,93,306.0,9486.0,1,2025-01-15,3586.29,profit
5523,36,127.0,33,4572.0,4191.0,1,2025-08-11,3585.95,profit
5522,29,143.0,54,4147.0,7722.0,1,2025-07-21,3584.5,profit
5521,8,33.0,24,264.0,792.0,1,2025-01-13,3587.08,profit
5520,41,128.0,44,5248.0,5632.0,1,2025-09-13,3584.9,profit
5519,49,76.0,41,3724.0,3116.0,1,2025-07-01,3585.81,profit
5518,38,40.0,93,1520.0,3720.0,1,2025-03-15,3586.49,profit
5517,43,16.0,41,688.0,656.0,1,2025-02-03,3585.69,profit
5516,21,44.0,54,924.0,2376.0,1,2025-02-14,3585.65,profit
5515,42,74.0,13,3108.0,962.0,1,2025-06-01,3585.62,profit
5514,29,60.0,27,1740.0,1620.0,1,2025-03-26,3586.3,profit
5513,42,136.0,49,5712.0,6664.0,1,2025-10-05,3585.72,profit
5512,27,32.0,55,864.0,1760.0,1,2025-02-12,3586.03,profit
5511,36,127.0,94,4572.0,11938.0,1,2025-08-11,3585.46,profit
5510,27,34.0,49,918.0,1666.0,1,2025-02-14,3586.29,profit
5509,46,77.0,91,3542.0,7007.0,1,2025-06-22,3586.38,profit
5508,33,31.0,59,1023.0,1829.0,1,2025-02-19,3586.57,profit
5507,11,119.0,31,1309.0,3689.0,1,2025-03-05,3585.58,profit
5506,1,75.0,79,75.0,5925.0,1,2025-01-04,3586.98,profit
5505,10,103.0,82,1030.0,8446.0,1,2025-02-20,3585.53,profit
5504,20,135.0,34,2700.0,4590.0,1,2025-05-12,3585.53,profit
5503,31,26.0,35,806.0,910.0,1,2025-02-09,3586.6,profit
5502,43,123.0,95,5289.0,11685.0,1,2025-09-15,3585.91,profit
5501,17,24.0,48,408.0,1152.0,1,2025-01-20,3584.99,profit
5500,29,63.0,28,1827.0,1764.0,1,2025-03-30,3586.36,profit
5499,40,98.0,55,3920.0,5390.0,1,2025-07-10,3585.27,profit
5498,26,83.0,43,2158.0,3569.0,1,2025-04-16,3585.46,profit
5497,25,110.0,53,2750.0,5830.0,1,2025-05-14,3585.71,profit
5496,30,95.0,84,2850.0,7980.0,1,2025-05-19,3585.52,profit
5495,31,74.0,82,2294.0,6068.0,1,2025-04-22,3586.38,profit
5494,33,103.0,75,3399.0,7725.0,1,2025-06-15,3585.84,profit
5493,23,75.0,96,1725.0,7200.0,1,2025-03-25,3587.06,profit
5492,36,100.0,45,3600.0,4500.0,1,2025-06-25,3586.41,profit
5491,45,36.0,99,1620.0,3564.0,1,2025-03-20,3586.4,profit
5490,8,30.0,30,240.0,900.0,1,2025-01-12,3585.78,profit
5489,4,135.0,47,540.0,6345.0,1,2025-01-27,3586.68,profit
5488,30,71.0,22,2130.0,1562.0,1,2025-04-14,3585.57,profit
5487,33,31.0,35,1023.0,1085.0,1,2025-02-19,3587.12,profit
5486,39,24.0,56,936.0,1344.0,1,2025-02-15,3585.13,profit
5485,32,85.0,56,2720.0,4760.0,1,2025-05-13,3585.74,profit
5484,27,32.0,95,864.0,3040.0,1,2025-02-12,3587.06,profit
5483,41,142.0,63,5822.0,8946.0,1,2025-10-11,3584.8,profit
5482,23,97.0,68,2231.0,6596.0,1,2025-04-19,3585.88,profit
5481,42,33.0,63,1386.0,2079.0,1,2025-03-09,3585.23,profit
5480,1,30.0,21,30.0,630.0,1,2025-01-02,3587.03,profit
5479,21,128.0,28,2688.0,3584.0,1,2025-05-11,3586.75,profit
5478,21,149.0,76,3129.0,11324.0,1,2025-06-02,3586.61,profit
5477,30,38.0,11,1140.0,418.0,1,2025-02-25,3587.25,profit
5476,3,76.0,42,228.0,3192.0,1,2025-01-12,3586.87,profit
5475,8,117.0,100,936.0,11700.0,1,2025-02-15,3585.66,profit
5474,7,89.0,17,623.0,1513.0,1,2025-01-31,3587.3,profit
5473,26,76.0,98,1976.0,7448.0,1,2025-04-07,3586.32,profit
5472,26,150.0,31,3900.0,4650.0,1,2025-07-09,3585.19,profit
5471,15,138.0,57,2070.0,7866.0,1,2025-04-11,3586.84,profit
5470,9,61.0,85,549.0,5185.0,1,2025-01-27,3586.45,profit
5469,10,115.0,94,1150.0,10810.0,1,2025-02-25,3585.6,profit
5468,46,61.0,87,2806.0,5307.0,1,2025-05-17,3585.88,profit
5467,46,87.0,45,4002.0,3915.0,1,2025-07-14,3586.18,profit
5466,33,137.0,67,4521.0,9179.0,1,2025-08-09,3585.62,profit
5465,15,38.0,41,570.0,1558.0,1,2025-01-28,3586.62,profit
5464,8,65.0,90,520.0,5850.0,1,2025-01-26,3586.32,profit
5463,5,84.0,85,420.0,7140.0,1,2025-01-21,3586.42,profit
5462,26,86.0,57,2236.0,4902.0,1,2025-04-19,3586.55,profit
5461,36,100.0,97,3600.0,9700.0,1,2025-06-25,3585.66,profit
5460,36,133.0,33,4788.0,4389.0,1,2025-08-22,3585.68,profit
5459,41,51.0,30,2091.0,1530.0,1,2025-04-12,3585.25,profit
5458,27,114.0,69,3078.0,7866.0,1,2025-05-30,3586.54,profit
5457,10,29.0,33,290.0,957.0,1,2025-01-15,3586.72,profit
5456,17,18.0,44,306.0,792.0,1,2025-01-15,3584.73,profit
5455,30,91.0,89,2730.0,8099.0,1,2025-05-13,3585.41,profit
5454,43,28.0,94,1204.0,2632.0,1,2025-02-28,3584.87,profit
5453,17,124.0,43,2108.0,5332.0,1,2025-04-13,3586.06,profit
5452,4,76.0,43,304.0,3268.0,1,2025-01-15,3586.64,profit
5451,49,36.0,43,1764.0,1548.0,1,2025-03-27,3586.51,profit
5450,36,80.0,19,2880.0,1520.0,1,2025-05-21,3586.24,profit
5449,47,61.0,77,2867.0,4697.0,1,2025-05-20,3585.7,profit
5448,0,33.0,16,0.0,528.0,0,2025-01-01,3584.58,profit
5447,8,32.0,81,256.0,2592.0,1,2025-01-13,3586.54,profit
5446,14,56.0,86,784.0,4816.0,1,2025-02-08,3586.83,profit
5445,47,37.0,65,1739.0,2405.0,1,2025-03-26,3586.59,profit
5444,2,113.0,83,226.0,9379.0,1,2025-01-11,3587.06,profit
5443,16,125.0,19,2000.0,2375.0,1,2025-04-08,3584.99,profit
5442,36,25.0,82,900.0,2050.0,1,2025-02-13,3587.33,profit
5441,2,63.0,95,126.0,5985.0,1,2025-01-07,3585.09,profit
5440,33,141.0,39,4653.0,5499.0,1,2025-08-15,3585.93,profit
5439,19,35.0,15,665.0,525.0,1,2025-02-02,3586.88,profit
5438,35,32.0,84,1120.0,2688.0,1,2025-02-24,3585.66,profit
5437,21,99.0,65,2079.0,6435.0,1,2025-04-12,3585.9,profit
5436,19,109.0,19,2071.0,2071.0,1,2025-04-11,3584.9,profit
5435,33,121.0,87,3993.0,10527.0,1,2025-07-14,3585.37,profit
5434,42,25.0,69,1050.0,1725.0,1,2025-02-21,3585.76,profit
5433,23,143.0,73,3289.0,10439.0,1,2025-06-10,3585.77,profit
5432,47,144.0,51,6768.0,7344.0,1,2025-11-26,3584.96,profit
5431,1,26.0,34,26.0,884.0,1,2025-01-02,3586.79,profit
5430,10,107.0,41,1070.0,4387.0,1,2025-02-22,3587.29,profit
5429,26,89.0,59,2314.0,5251.0,1,2025-04-23,3586.53,profit
5428,0,148.0,37,0.0,5476.0,0,2025-01-01,3586.35,profit
5427,4,147.0,34,588.0,4998.0,1,2025-01-29,3585.52,profit
5426,32,127.0,49,4064.0,6223.0,1,2025-07-17,3584.79,profit
5425,15,132.0,57,1980.0,7524.0,1,2025-04-07,3586.94,profit
5424,13,142.0,52,1846.0,7384.0,1,2025-03-31,3586.12,profit
5423,39,118.0,79,4602.0,9322.0,1,2025-08-12,3585.55,profit
5422,30,117.0,65,3510.0,7605.0,1,2025-06-20,3586.65,profit
5421,28,27.0,62,756.0,1674.0,1,2025-02-06,3585.85,profit
5420,23,134.0,38,3082.0,5092.0,1,2025-05-30,3585.99,profit
5419,18,147.0,44,2646.0,6468.0,1,2025-05-09,3585.72,profit
5418,21,27.0,18,567.0,486.0,1,2025-01-28,3586.07,profit
5417,24,141.0,80,3384.0,11280.0,1,2025-06-14,3584.91,profit
5416,18,49.0,96,882.0,4704.0,1,2025-02-12,3586.54,profit
5415,36,19.0,66,684.0,1254.0,1,2025-02-03,3586.49,profit
5414,39,121.0,43,4719.0,5203.0,1,2025-08-18,3585.86,profit
5413,39,124.0,63,4836.0,7812.0,1,2025-08-24,3585.04,profit
5412,18,29.0,100,522.0,2900.0,1,2025-01-26,3585.85,profit
5411,15,75.0,91,1125.0,6825.0,1,2025-02-24,3585.55,profit
5410,2,149.0,95,298.0,14155.0,1,2025-01-15,3586.95,profit
5409,34,28.0,41,952.0,1148.0,1,2025-02-16,3586.57,profit
5408,6,15.0,91,90.0,1365.0,1,2025-01-05,3585.88,profit
5407,10,89.0,36,890.0,3204.0,1,2025-02-13,3586.16,profit
5406,26,119.0,95,3094.0,11305.0,1,2025-05-31,3586.15,profit
5405,28,144.0,12,4032.0,1728.0,1,2025-07-16,3584.64,profit
5404,49,36.0,85,1764.0,3060.0,1,2025-03-27,3586.06,profit
5403,20,18.0,65,360.0,1170.0,1,2025-01-18,3586.04,profit
5402,20,132.0,42,2640.0,5544.0,1,2025-05-09,3586.43,profit
5401,44,20.0,54,880.0,1080.0,1,2025-02-12,3585.21,profit
5400,20,76.0,19,1520.0,1444.0,1,2025-03-15,3586.13,profit
5399,22,45.0,60,990.0,2700.0,1,2025-02-18,3586.23,profit
5398,46,149.0,98,6854.0,14602.0,1,2025-11-30,3585.26,profit
5397,9,128.0,12,1152.0,1536.0,1,2025-02-26,3586.96,profit
5396,24,17.0,89,408.0,1513.0,1,2025-01-20,3585.0,profit
5395,37,19.0,80,703.0,1520.0,1,2025-02-04,3585.46,profit
5394,33,138.0,63,4554.0,8694.0,1,2025-08-10,3586.14,profit
5393,50,73.0,70,3650.0,5110.0,1,2025-06-27,3586.51,profit
5392,24,27.0,62,648.0,1674.0,1,2025-02-01,3586.16,profit
5391,48,110.0,30,5280.0,3300.0,1,2025-09-14,3585.38,profit
5390,46,67.0,68,3082.0,4556.0,1,2025-05-30,3586.33,profit
5389,8,33.0,38,264.0,1254.0,1,2025-01-13,3584.84,profit
5388,29,22.0,33,638.0,726.0,1,2025-02-01,3587.49,profit
5387,10,74.0,89,740.0,6586.0,1,2025-02-06,3586.92,profit
5386,38,55.0,90,2090.0,4950.0,1,2025-04-12,3586.01,profit
5385,25,23.0,20,575.0,460.0,1,2025-01-28,3586.38,profit
5384,31,27.0,61,837.0,1647.0,1,2025-02-10,3587.24,profit
5383,44,149.0,19,6556.0,2831.0,1,2025-11-16,3585.55,profit
5382,6,97.0,62,582.0,6014.0,1,2025-01-29,3586.76,profit
5381,24,114.0,48,2736.0,5472.0,1,2025-05-14,3586.27,profit
5380,21,33.0,93,693.0,3069.0,1,2025-02-03,3587.01,profit
5379,23,126.0,40,2898.0,5040.0,1,2025-05-22,3585.44,profit
5378,19,105.0,72,1995.0,7560.0,1,2025-04-08,3586.23,profit
5377,30,102.0,51,3060.0,5202.0,1,2025-05-29,3585.19,profit
5376,17,141.0,21,2397.0,2961.0,1,2025-04-27,3585.4,profit
5375,19,64.0,60,1216.0,3840.0,1,2025-03-01,3586.1,profit
5374,23,28.0,22,644.0,616.0,1,2025-02-01,3586.39,profit
5373,18,143.0,35,2574.0,5005.0,1,2025-05-06,3586.25,profit
5372,35,134.0,15,4690.0,2010.0,1,2025-08-17,3585.95,profit
5371,46,70.0,99,3220.0,6930.0,1,2025-06-06,3585.7,profit
5370,24,18.0,22,432.0,396.0,1,2025-01-22,3584.63,profit
5369,47,56.0,89,2632.0,4984.0,1,2025-05-09,3584.78,profit
5368,5,52.0,98,260.0,5096.0,1,2025-01-13,3586.59,profit
5367,44,87.0,100,3828.0,8700.0,1,2025-07-06,3585.27,profit
5366,10,66.0,98,660.0,6468.0,1,2025-02-02,3585.06,profit
5365,50,60.0,49,3000.0,2940.0,1,2025-05-26,3586.8,profit
5364,3,139.0,37,417.0,5143.0,1,2025-01-21,3585.8,profit
5363,32,138.0,49,4416.0,6762.0,1,2025-08-03,3585.39,profit
5362,38,62.0,22,2356.0,1364.0,1,2025-04-25,3586.7,profit
5361,12,42.0,22,504.0,924.0,1,2025-01-25,3585.55,profit
5360,11,44.0,80,484.0,3520.0,1,2025-01-24,3585.77,profit
5359,37,112.0,51,4144.0,5712.0,1,2025-07-21,3585.94,profit
5358,44,85.0,40,3740.0,3400.0,1,2025-07-02,3585.37,profit
5357,4,97.0,50,388.0,4850.0,1,2025-01-19,3586.47,profit
5356,30,39.0,90,1170.0,3510.0,1,2025-02-26,3587.37,profit
5355,5,51.0,68,255.0,3468.0,1,2025-01-13,3586.79,profit
5354,2,52.0,70,104.0,3640.0,1,2025-01-06,3586.51,profit
5353,49,131.0,60,6419.0,7860.0,1,2025-11-09,3585.17,profit
5352,31,92.0,94,2852.0,8648.0,1,2025-05-19,3585.07,profit
5351,16,78.0,67,1248.0,5226.0,1,2025-03-02,3585.65,profit
5350,31,127.0,67,3937.0,8509.0,1,2025-07-11,3585.85,profit
5349,15,144.0,44,2160.0,6336.0,1,2025-04-16,3585.92,profit
5348,4,114.0,83,456.0,9462.0,1,2025-01-23,3586.01,profit
5347,30,88.0,81,2640.0,7128.0,1,2025-05-09,3584.94,profit
5346,18,32.0,25,576.0,800.0,1,2025-01-29,3585.98,profit
5345,5,106.0,95,530.0,10070.0,1,2025-01-26,3586.34,profit
5344,11,95.0,16,1045.0,1520.0,1,2025-02-20,3585.3,profit
5343,24,77.0,23,1848.0,1771.0,1,2025-03-31,3586.84,profit
5342,4,46.0,63,184.0,2898.0,1,2025-01-09,3585.82,profit
5341,30,27.0,11,810.0,297.0,1,2025-02-09,3586.58,profit
5340,15,129.0,66,1935.0,8514.0,1,2025-04-05,3584.75,profit
5339,13,24.0,13,312.0,312.0,1,2025-01-16,3585.53,profit
5338,29,130.0,17,3770.0,2210.0,1,2025-07-03,3586.27,profit
5337,11,137.0,80,1507.0,10960.0,1,2025-03-15,3585.98,profit
5336,49,52.0,50,2548.0,2600.0,1,2025-05-05,3585.18,profit
5335,2,20.0,25,40.0,500.0,1,2025-01-02,3586.55,profit
5334,4,71.0,49,284.0,3479.0,1,2025-01-14,3586.52,profit
5333,13,146.0,35,1898.0,5110.0,1,2025-04-03,3586.41,profit
5332,35,37.0,72,1295.0,2664.0,1,2025-03-05,3585.99,profit
5331,30,119.0,53,3570.0,6307.0,1,2025-06-23,3586.34,profit
5330,39,131.0,62,5109.0,8122.0,1,2025-09-06,3585.06,profit
5329,50,126.0,52,6300.0,6552.0,1,2025-11-03,3585.25,profit
5328,23,75.0,68,1725.0,5100.0,1,2025-03-25,3585.49,profit
5327,1,65.0,95,65.0,6175.0,1,2025-01-04,3586.59,profit
5326,33,55.0,27,1815.0,1485.0,1,2025-03-30,3585.23,profit
5325,2,99.0,62,198.0,6138.0,1,2025-01-10,3585.54,profit
5324,39,50.0,51,1950.0,2550.0,1,2025-04-05,3585.6,profit
5323,43,145.0,53,6235.0,7685.0,1,2025-10-31,3585.42,profit
5322,49,102.0,96,4998.0,9792.0,1,2025-09-01,3586.31,profit
5321,3,101.0,93,303.0,9393.0,1,2025-01-15,3587.13,profit
5320,38,43.0,81,1634.0,3483.0,1,2025-03-21,3585.96,profit
5319,24,66.0,60,1584.0,3960.0,1,2025-03-19,3586.58,profit
5318,6,125.0,46,750.0,5750.0,1,2025-02-06,3585.87,profit
5317,50,50.0,100,2500.0,5000.0,1,2025-05-02,3586.24,profit
5316,38,74.0,84,2812.0,6216.0,1,2025-05-17,3585.85,profit
5315,5,57.0,20,285.0,1140.0,1,2025-01-14,3587.01,profit
5314,11,134.0,95,1474.0,12730.0,1,2025-03-13,3585.18,profit
5313,5,46.0,30,230.0,1380.0,1,2025-01-12,3585.46,profit
5312,30,147.0,90,4410.0,13230.0,1,2025-08-03,3586.25,profit
5311,39,104.0,10,4056.0,1040.0,1,2025-07-17,3584.92,profit
5310,33,123.0,81,4059.0,9963.0,1,2025-07-17,3585.71,profit
5309,39,149.0,32,5811.0,4768.0,1,2025-10-10,3586.03,profit
5308,26,49.0,36,1274.0,1764.0,1,2025-03-04,3587.48,profit
5307,21,69.0,84,1449.0,5796.0,1,2025-03-12,3585.97,profit
5306,49,84.0,22,4116.0,1848.0,1,2025-07-20,3585.93,profit
5305,9,63.0,57,567.0,3591.0,1,2025-01-28,3586.89,profit
5304,28,76.0,64,2128.0,4864.0,1,2025-04-14,3586.63,profit
5303,42,103.0,93,4326.0,9579.0,1,2025-07-30,3585.38,profit
5302,35,138.0,46,4830.0,6348.0,1,2025-08-24,3585.22,profit
5301,10,138.0,20,1380.0,2760.0,1,2025-03-09,3585.0,profit
5300,19,76.0,21,1444.0,1596.0,1,2025-03-12,3587.26,profit
5299,35,20.0,46,700.0,920.0,1,2025-02-04,3586.87,profit
5298,43,16.0,88,688.0,1408.0,1,2025-02-03,3585.98,profit
5297,5,113.0,54,565.0,6102.0,1,2025-01-28,3585.96,profit
5296,13,140.0,37,1820.0,5180.0,1,2025-03-30,3585.97,profit
5295,11,22.0,61,242.0,1342.0,1,2025-01-12,3586.07,profit
5294,35,53.0,26,1855.0,1378.0,1,2025-04-01,3586.35,profit
5293,38,77.0,17,2926.0,1309.0,1,2025-05-23,3586.06,profit
5292,44,136.0,58,5984.0,7888.0,1,2025-10-19,3585.68,profit
5291,12,128.0,23,1536.0,2944.0,1,2025-03-16,3585.69,profit
5290,27,42.0,43,1134.0,1806.0,1,2025-02-25,3586.3,profit
5289,22,26.0,42,572.0,1092.0,1,2025-01-28,3585.94,profit
5288,39,99.0,29,3861.0,2871.0,1,2025-07-07,3585.48,profit
5287,40,135.0,77,5400.0,10395.0,1,2025-09-20,3585.67,profit
5286,32,124.0,45,3968.0,5580.0,1,2025-07-13,3586.24,profit
5285,50,37.0,22,1850.0,814.0,1,2025-04-01,3587.1,profit
5284,39,57.0,99,2223.0,5643.0,1,2025-04-19,3585.51,profit
5283,35,137.0,37,4795.0,5069.0,1,2025-08-22,3585.37,profit
5282,22,39.0,88,858.0,3432.0,1,2025-02-11,3586.1,profit
5281,36,69.0,54,2484.0,3726.0,1,2025-05-01,3586.64,profit
5280,24,149.0,51,3576.0,7599.0,1,2025-06-24,3584.3,profit
5279,19,43.0,67,817.0,2881.0,1,2025-02-09,3586.15,profit
5278,42,132.0,89,5544.0,11748.0,1,2025-09-27,3585.39,profit
5277,44,33.0,48,1452.0,1584.0,1,2025-03-12,3585.53,profit
5276,41,70.0,90,2870.0,6300.0,1,2025-05-20,3585.29,profit
5275,16,87.0,31,1392.0,2697.0,1,2025-03-09,3586.74,profit
5274,35,40.0,83,1400.0,3320.0,1,2025-03-10,3585.51,profit
5273,50,111.0,97,5550.0,10767.0,1,2025-09-28,3585.77,profit
5272,30,130.0,76,3900.0,9880.0,1,2025-07-09,3585.58,profit
5271,2,140.0,100,280.0,14000.0,1,2025-01-14,3586.49,profit
5270,43,76.0,87,3268.0,6612.0,1,2025-06-09,3586.11,profit
5269,21,127.0,38,2667.0,4826.0,1,2025-05-10,3586.43,profit
5268,11,128.0,36,1408.0,4608.0,1,2025-03-10,3587.07,profit
5267,31,147.0,37,4557.0,5439.0,1,2025-08-10,3586.24,profit
5266,4,39.0,53,156.0,2067.0,1,2025-01-08,3584.84,profit
5265,49,69.0,53,3381.0,3657.0,1,2025-06-14,3585.27,profit
5264,34,28.0,44,952.0,1232.0,1,2025-02-16,3586.58,profit
5263,46,31.0,35,1426.0,1085.0,1,2025-03-11,3586.33,profit
5262,9,146.0,100,1314.0,14600.0,1,2025-03-05,3586.14,profit
5261,17,66.0,95,1122.0,6270.0,1,2025-02-24,3586.9,profit
5260,10,61.0,55,610.0,3355.0,1,2025-01-30,3587.01,profit
5259,38,141.0,29,5358.0,4089.0,1,2025-09-18,3585.82,profit
5258,33,149.0,99,4917.0,14751.0,1,2025-08-28,3585.41,profit
5257,47,46.0,27,2162.0,1242.0,1,2025-04-16,3585.42,profit
5256,15,28.0,93,420.0,2604.0,1,2025-01-21,3586.88,profit
5255,39,46.0,35,1794.0,1610.0,1,2025-03-29,3585.07,profit
5254,36,35.0,12,1260.0,420.0,1,2025-03-03,3584.89,profit
5253,48,149.0,42,7152.0,6258.0,1,2025-12-15,3584.69,profit
5252,6,43.0,29,258.0,1247.0,1,2025-01-13,3586.81,profit
5251,10,29.0,19,290.0,551.0,1,2025-01-15,3587.08,profit
5250,50,66.0,60,3300.0,3960.0,1,2025-06-10,3585.66,profit
5249,25,43.0,58,1075.0,2494.0,1,2025-02-22,3586.2,profit
5248,1,106.0,96,106.0,10176.0,1,2025-01-06,3584.74,profit
5247,12,94.0,10,1128.0,940.0,1,2025-02-24,3584.93,profit
5246,16,18.0,13,288.0,234.0,1,2025-01-15,3586.93,profit
5245,38,70.0,91,2660.0,6370.0,1,2025-05-10,3586.2,profit
5244,16,90.0,25,1440.0,2250.0,1,2025-03-12,3587.45,profit
5243,2,124.0,10,248.0,1240.0,1,2025-01-13,3586.5,profit
5242,44,119.0,12,5236.0,1428.0,1,2025-09-12,3585.79,profit
5241,50,60.0,28,3000.0,1680.0,1,2025-05-26,3585.51,profit
5240,47,108.0,51,5076.0,5508.0,1,2025-09-05,3585.28,profit
5239,40,41.0,18,1640.0,738.0,1,2025-03-21,3587.09,profit
5238,40,119.0,39,4760.0,4641.0,1,2025-08-20,3585.5,profit
5237,43,68.0,93,2924.0,6324.0,1,2025-05-23,3585.31,profit
5236,12,100.0,43,1200.0,4300.0,1,2025-02-28,3586.82,profit
5235,20,141.0,80,2820.0,11280.0,1,2025-05-18,3585.93,profit
5234,37,96.0,13,3552.0,1248.0,1,2025-06-22,3585.49,profit
5232,40,75.0,87,3000.0,6525.0,1,2025-05-26,3585.48,profit
5231,43,118.0,19,5074.0,2242.0,1,2025-09-04,3585.76,profit
5230,27,71.0,19,1917.0,1349.0,1,2025-04-04,3586.71,profit
5229,46,70.0,34,3220.0,2380.0,1,2025-06-06,3586.41,profit
5228,30,73.0,88,2190.0,6424.0,1,2025-04-17,3585.68,profit
5227,26,52.0,33,1352.0,1716.0,1,2025-03-07,3585.49,profit
5226,19,100.0,28,1900.0,2800.0,1,2025-04-03,3586.66,profit
5225,23,56.0,25,1288.0,1400.0,1,2025-03-04,3585.77,profit
5224,28,117.0,23,3276.0,2691.0,1,2025-06-09,3586.12,profit
5223,9,26.0,20,234.0,520.0,1,2025-01-12,3586.64,profit
5222,49,45.0,51,2205.0,2295.0,1,2025-04-18,3586.63,profit
5221,13,58.0,81,754.0,4698.0,1,2025-02-06,3585.95,profit
5220,32,44.0,63,1408.0,2772.0,1,2025-03-10,3585.72,profit
5219,14,27.0,28,378.0,756.0,1,2025-01-19,3585.2,profit
5218,23,33.0,87,759.0,2871.0,1,2025-02-06,3585.68,profit
5217,2,85.0,100,170.0,8500.0,1,2025-01-09,3586.49,profit
5216,22,76.0,78,1672.0,5928.0,1,2025-03-23,3586.11,profit
5215,38,31.0,41,1178.0,1271.0,1,2025-02-27,3586.78,profit
5214,20,56.0,15,1120.0,840.0,1,2025-02-24,3586.48,profit
5213,27,88.0,66,2376.0,5808.0,1,2025-04-26,3585.55,profit
5212,42,17.0,46,714.0,782.0,1,2025-02-04,3587.34,profit
5211,32,60.0,29,1920.0,1740.0,1,2025-04-04,3586.4,profit
5210,18,47.0,43,846.0,2021.0,1,2025-02-11,3586.15,profit
5209,22,124.0,42,2728.0,5208.0,1,2025-05-13,3585.73,profit
5208,18,66.0,71,1188.0,4686.0,1,2025-02-27,3586.92,profit
5207,24,124.0,52,2976.0,6448.0,1,2025-05-25,3586.01,profit
5206,45,48.0,36,2160.0,1728.0,1,2025-04-16,3585.65,profit
5205,27,135.0,46,3645.0,6210.0,1,2025-06-27,3586.32,profit
5204,9,129.0,35,1161.0,4515.0,1,2025-02-26,3585.67,profit
5203,14,24.0,41,336.0,984.0,1,2025-01-17,3586.74,profit
5202,39,150.0,45,5850.0,6750.0,1,2025-10-12,3585.48,profit
5201,31,71.0,32,2201.0,2272.0,1,2025-04-18,3585.61,profit
5200,32,15.0,75,480.0,1125.0,1,2025-01-24,3585.97,profit
5199,1,115.0,24,115.0,2760.0,1,2025-01-06,3585.17,profit
5198,23,133.0,25,3059.0,3325.0,1,2025-05-29,3584.64,profit
5197,12,139.0,41,1668.0,5699.0,1,2025-03-23,3586.04,profit
5196,3,128.0,33,384.0,4224.0,1,2025-01-19,3587.09,profit
5195,9,73.0,36,657.0,2628.0,1,2025-02-01,3587.38,profit
5194,20,99.0,28,1980.0,2772.0,1,2025-04-07,3586.73,profit
5193,21,69.0,55,1449.0,3795.0,1,2025-03-12,3586.71,profit
5192,17,40.0,23,680.0,920.0,1,2025-02-03,3585.73,profit
5191,28,23.0,12,644.0,276.0,1,2025-02-01,3586.8,profit
5190,9,62.0,49,558.0,3038.0,1,2025-01-28,3586.46,profit
5189,50,18.0,87,900.0,1566.0,1,2025-02-13,3585.87,profit
5188,45,66.0,82,2970.0,5412.0,1,2025-05-25,3585.21,profit
5187,12,124.0,70,1488.0,8680.0,1,2025-03-14,3587.26,profit
5186,39,21.0,88,819.0,1848.0,1,2025-02-09,3587.28,profit
5185,30,103.0,85,3090.0,8755.0,1,2025-05-31,3585.53,profit
5184,30,55.0,96,1650.0,5280.0,1,2025-03-22,3584.97,profit
5183,23,30.0,32,690.0,960.0,1,2025-02-03,3586.07,profit
5182,13,89.0,15,1157.0,1335.0,1,2025-02-26,3585.71,profit
5181,11,80.0,71,880.0,5680.0,1,2025-02-12,3586.55,profit
5180,46,104.0,94,4784.0,9776.0,1,2025-08-21,3585.64,profit
5179,37,135.0,35,4995.0,4725.0,1,2025-09-01,3585.53,profit
5178,10,55.0,39,550.0,2145.0,1,2025-01-27,3586.85,profit
5177,1,38.0,75,38.0,2850.0,1,2025-01-02,3584.75,profit
5176,38,134.0,26,5092.0,3484.0,1,2025-09-05,3584.93,profit
5175,17,44.0,33,748.0,1452.0,1,2025-02-06,3585.87,profit
5174,8,95.0,41,760.0,3895.0,1,2025-02-06,3585.92,profit
5173,12,56.0,85,672.0,4760.0,1,2025-02-02,3587.65,profit
5172,6,95.0,68,570.0,6460.0,1,2025-01-28,3586.56,profit
5171,47,149.0,85,7003.0,12665.0,1,2025-12-07,3585.48,profit
5170,32,69.0,20,2208.0,1380.0,1,2025-04-18,3586.29,profit
5169,26,101.0,78,2626.0,7878.0,1,2025-05-08,3585.94,profit
5168,25,20.0,52,500.0,1040.0,1,2025-01-25,3587.17,profit
5167,5,23.0,52,115.0,1196.0,1,2025-01-06,3585.17,profit
5166,4,102.0,95,408.0,9690.0,1,2025-01-20,3586.98,profit
5165,7,150.0,69,1050.0,10350.0,1,2025-02-21,3587.01,profit
5164,1,142.0,39,142.0,5538.0,1,2025-01-07,3586.37,profit
5163,35,122.0,78,4270.0,9516.0,1,2025-07-27,3586.21,profit
5162,37,139.0,65,5143.0,9035.0,1,2025-09-08,3585.3,profit
5161,5,42.0,38,210.0,1596.0,1,2025-01-11,3586.79,profit
5160,38,142.0,21,5396.0,2982.0,1,2025-09-20,3584.31,profit
5159,49,104.0,94,5096.0,9776.0,1,2025-09-06,3585.82,profit
5158,50,130.0,91,6500.0,11830.0,1,2025-11-13,3585.43,profit
5157,20,102.0,57,2040.0,5814.0,1,2025-04-10,3586.95,profit
5156,6,135.0,39,810.0,5265.0,1,2025-02-09,3586.84,profit
5155,30,90.0,22,2700.0,1980.0,1,2025-05-12,3586.24,profit
5154,15,146.0,92,2190.0,13432.0,1,2025-04-17,3585.43,profit
5153,9,33.0,94,297.0,3102.0,1,2025-01-15,3586.68,profit
5152,7,62.0,80,434.0,4960.0,1,2025-01-22,3586.48,profit
5151,49,142.0,36,6958.0,5112.0,1,2025-12-05,3585.24,profit
5150,7,56.0,33,392.0,1848.0,1,2025-01-20,3587.18,profit
5149,27,60.0,84,1620.0,5040.0,1,2025-03-20,3586.75,profit
5148,12,18.0,23,216.0,414.0,1,2025-01-11,3586.57,profit
5147,32,56.0,45,1792.0,2520.0,1,2025-03-29,3586.22,profit
5146,42,109.0,26,4578.0,2834.0,1,2025-08-11,3584.92,profit
5145,45,54.0,76,2430.0,4104.0,1,2025-04-29,3585.69,profit
5144,38,25.0,35,950.0,875.0,1,2025-02-16,3586.15,profit
5143,2,54.0,93,108.0,5022.0,1,2025-01-06,3586.6,profit
5142,39,61.0,97,2379.0,5917.0,1,2025-04-26,3585.24,profit
5141,45,119.0,70,5355.0,8330.0,1,2025-09-18,3585.57,profit
5140,17,30.0,70,510.0,2100.0,1,2025-01-25,3585.87,profit
5139,47,70.0,74,3290.0,5180.0,1,2025-06-10,3586.06,profit
5138,36,36.0,94,1296.0,3384.0,1,2025-03-05,3587.2,profit
5137,12,139.0,15,1668.0,2085.0,1,2025-03-23,3586.87,profit
5136,8,148.0,22,1184.0,3256.0,1,2025-02-27,3585.29,profit
5135,41,51.0,89,2091.0,4539.0,1,2025-04-12,3585.72,profit
5134,35,76.0,18,2660.0,1368.0,1,2025-05-10,3585.53,profit
5133,48,137.0,49,6576.0,6713.0,1,2025-11-17,3585.59,profit
5132,39,123.0,91,4797.0,11193.0,1,2025-08-22,3586.19,profit
5131,14,34.0,85,476.0,2890.0,1,2025-01-24,3585.77,profit
5130,37,93.0,60,3441.0,5580.0,1,2025-06-17,3585.82,profit
5129,29,83.0,61,2407.0,5063.0,1,2025-04-28,3585.53,profit
5128,40,99.0,25,3960.0,2475.0,1,2025-07-12,3586.11,profit
5127,3,26.0,65,78.0,1690.0,1,2025-01-04,3586.2,profit
5126,32,78.0,61,2496.0,4758.0,1,2025-05-02,3586.46,profit
5125,26,30.0,67,780.0,2010.0,1,2025-02-07,3587.3,profit
5124,47,93.0,56,4371.0,5208.0,1,2025-08-01,3586.06,profit
5123,36,19.0,70,684.0,1330.0,1,2025-02-03,3587.55,profit
5122,25,60.0,12,1500.0,720.0,1,2025-03-14,3586.43,profit
5121,42,82.0,44,3444.0,3608.0,1,2025-06-17,3586.25,profit
5120,45,36.0,100,1620.0,3600.0,1,2025-03-20,3584.96,profit
5119,2,109.0,76,218.0,8284.0,1,2025-01-11,3586.15,profit
5118,4,145.0,18,580.0,2610.0,1,2025-01-29,3585.6,profit
5117,13,126.0,46,1638.0,5796.0,1,2025-03-21,3586.87,profit
5116,37,70.0,92,2590.0,6440.0,1,2025-05-07,3585.91,profit
5115,28,89.0,66,2492.0,5874.0,1,2025-05-02,3587.07,profit
5114,45,143.0,61,6435.0,8723.0,1,2025-11-10,3585.3,profit
5113,5,130.0,20,650.0,2600.0,1,2025-02-01,3586.95,profit
5112,50,78.0,17,3900.0,1326.0,1,2025-07-09,3585.55,profit
5111,6,21.0,53,126.0,1113.0,1,2025-01-07,3586.58,profit
5110,47,69.0,26,3243.0,1794.0,1,2025-06-07,3585.86,profit
5109,50,116.0,36,5800.0,4176.0,1,2025-10-10,3585.37,profit
5108,26,105.0,31,2730.0,3255.0,1,2025-05-13,3585.11,profit
5107,10,127.0,71,1270.0,9017.0,1,2025-03-03,3586.81,profit
5106,37,61.0,42,2257.0,2562.0,1,2025-04-20,3586.43,profit
5105,0,75.0,91,0.0,6825.0,0,2025-01-01,3585.47,profit
5104,45,111.0,26,4995.0,2886.0,1,2025-09-01,3586.32,profit
5103,28,51.0,51,1428.0,2601.0,1,2025-03-11,3586.39,profit
5102,16,77.0,52,1232.0,4004.0,1,2025-03-01,3587.09,profit
5101,21,104.0,90,2184.0,9360.0,1,2025-04-17,3586.01,profit
5100,13,36.0,76,468.0,2736.0,1,2025-01-23,3585.37,profit
5099,44,121.0,17,5324.0,2057.0,1,2025-09-17,3585.81,profit
5098,1,23.0,85,23.0,1955.0,1,2025-01-02,3586.77,profit
5097,35,146.0,88,5110.0,12848.0,1,2025-09-06,3584.34,profit
5096,35,147.0,10,5145.0,1470.0,1,2025-09-08,3585.73,profit
5095,26,107.0,74,2782.0,7918.0,1,2025-05-16,3586.66,profit
5094,42,110.0,44,4620.0,4840.0,1,2025-08-13,3586.11,profit
5093,7,29.0,50,203.0,1450.0,1,2025-01-10,3585.82,profit
5092,2,66.0,48,132.0,3168.0,1,2025-01-07,3586.61,profit
5091,36,150.0,93,5400.0,13950.0,1,2025-09-20,3585.03,profit
5090,19,37.0,76,703.0,2812.0,1,2025-02-04,3587.7,profit
5089,26,37.0,44,962.0,1628.0,1,2025-02-16,3586.56,profit
5088,8,45.0,85,360.0,3825.0,1,2025-01-18,3586.82,profit
5087,38,54.0,10,2052.0,540.0,1,2025-04-10,3585.61,profit
5086,20,31.0,77,620.0,2387.0,1,2025-01-31,3586.93,profit
5085,35,75.0,75,2625.0,5625.0,1,2025-05-08,3585.08,profit
5084,40,58.0,44,2320.0,2552.0,1,2025-04-23,3586.84,profit
5083,19,53.0,41,1007.0,2173.0,1,2025-02-19,3586.19,profit
5082,43,90.0,14,3870.0,1260.0,1,2025-07-08,3585.66,profit
5081,44,15.0,99,660.0,1485.0,1,2025-02-02,3586.29,profit
5080,16,143.0,44,2288.0,6292.0,1,2025-04-22,3586.02,profit
5079,43,87.0,67,3741.0,5829.0,1,2025-07-02,3585.34,profit
5078,8,53.0,50,424.0,2650.0,1,2025-01-21,3587.08,profit
5077,15,118.0,90,1770.0,10620.0,1,2025-03-28,3585.51,profit
5076,19,55.0,63,1045.0,3465.0,1,2025-02-20,3587.06,profit
5075,20,101.0,39,2020.0,3939.0,1,2025-04-09,3586.73,profit
5074,30,144.0,98,4320.0,14112.0,1,2025-07-30,3584.87,profit
5073,35,20.0,56,700.0,1120.0,1,2025-02-04,3587.04,profit
5072,34,39.0,33,1326.0,1287.0,1,2025-03-06,3586.86,profit
5071,45,48.0,18,2160.0,864.0,1,2025-04-16,3586.5,profit
5070,33,49.0,16,1617.0,784.0,1,2025-03-20,3585.69,profit
5069,5,60.0,42,300.0,2520.0,1,2025-01-15,3586.19,profit
5068,8,117.0,74,936.0,8658.0,1,2025-02-15,3587.12,profit
5067,34,36.0,15,1224.0,540.0,1,2025-03-01,3585.96,profit
5066,30,62.0,79,1860.0,4898.0,1,2025-04-01,3586.09,profit
5065,41,75.0,32,3075.0,2400.0,1,2025-05-30,3585.29,profit
5064,48,44.0,22,2112.0,968.0,1,2025-04-13,3586.43,profit
5063,44,93.0,10,4092.0,930.0,1,2025-07-19,3585.73,profit
5062,36,93.0,58,3348.0,5394.0,1,2025-06-12,3584.97,profit
5061,17,110.0,86,1870.0,9460.0,1,2025-04-02,3585.73,profit
5060,21,20.0,85,420.0,1700.0,1,2025-01-21,3585.96,profit
5059,50,103.0,59,5150.0,6077.0,1,2025-09-08,3585.82,profit
5058,49,79.0,87,3871.0,6873.0,1,2025-07-08,3585.95,profit
5057,23,119.0,80,2737.0,9520.0,1,2025-05-14,3586.8,profit
5056,9,113.0,85,1017.0,9605.0,1,2025-02-19,3587.58,profit
5055,9,123.0,99,1107.0,12177.0,1,2025-02-23,3586.65,profit
5054,34,126.0,29,4284.0,3654.0,1,2025-07-28,3585.51,profit
5053,41,28.0,11,1148.0,308.0,1,2025-02-25,3586.48,profit
5052,38,111.0,87,4218.0,9657.0,1,2025-07-25,3585.02,profit
5051,12,111.0,47,1332.0,5217.0,1,2025-03-06,3586.62,profit
5050,49,141.0,99,6909.0,13959.0,1,2025-12-03,3584.94,profit
5049,10,41.0,94,410.0,3854.0,1,2025-01-20,3586.76,profit
5048,46,143.0,17,6578.0,2431.0,1,2025-11-17,3585.63,profit
5047,31,148.0,77,4588.0,11396.0,1,2025-08-12,3585.53,profit
5046,13,88.0,88,1144.0,7744.0,1,2025-02-25,3586.79,profit
5045,20,39.0,16,780.0,624.0,1,2025-02-07,3587.62,profit
5044,24,80.0,74,1920.0,5920.0,1,2025-04-04,3586.78,profit
5043,23,36.0,87,828.0,3132.0,1,2025-02-10,3587.07,profit
5042,7,96.0,59,672.0,5664.0,1,2025-02-02,3586.64,profit
5041,38,29.0,76,1102.0,2204.0,1,2025-02-23,3587.17,profit
5040,34,136.0,31,4624.0,4216.0,1,2025-08-14,3585.57,profit
5039,47,106.0,90,4982.0,9540.0,1,2025-08-31,3585.53,profit
5038,42,139.0,30,5838.0,4170.0,1,2025-10-12,3584.93,profit
5037,16,100.0,67,1600.0,6700.0,1,2025-03-19,3584.69,profit
5036,2,15.0,66,30.0,990.0,1,2025-01-02,3587.11,profit
5035,4,137.0,90,548.0,12330.0,1,2025-01-27,3585.14,profit
5034,14,101.0,25,1414.0,2525.0,1,2025-03-10,3587.44,profit
5033,6,29.0,63,174.0,1827.0,1,2025-01-09,3587.26,profit
5032,10,141.0,21,1410.0,2961.0,1,2025-03-10,3587.49,profit
5031,47,96.0,91,4512.0,8736.0,1,2025-08-08,3586.18,profit
5030,45,39.0,93,1755.0,3627.0,1,2025-03-27,3585.52,profit
5029,5,122.0,75,610.0,9150.0,1,2025-01-30,3586.75,profit
5028,41,104.0,63,4264.0,6552.0,1,2025-07-27,3585.36,profit
5027,39,117.0,77,4563.0,9009.0,1,2025-08-11,3585.47,profit
5026,15,104.0,76,1560.0,7904.0,1,2025-03-17,3586.4,profit
5025,32,66.0,53,2112.0,3498.0,1,2025-04-13,3585.93,profit
5024,49,135.0,22,6615.0,2970.0,1,2025-11-18,3585.64,profit
5023,4,33.0,14,132.0,462.0,1,2025-01-07,3586.53,profit
5022,33,127.0,50,4191.0,6350.0,1,2025-07-23,3585.58,profit
5021,34,150.0,92,5100.0,13800.0,1,2025-09-06,3585.94,profit
5020,38,84.0,64,3192.0,5376.0,1,2025-06-05,3585.07,profit
5019,25,20.0,33,500.0,660.0,1,2025-01-25,3587.44,profit
5018,18,98.0,84,1764.0,8232.0,1,2025-03-27,3584.94,profit
5017,2,124.0,82,248.0,10168.0,1,2025-01-13,3586.44,profit
5016,24,70.0,29,1680.0,2030.0,1,2025-03-23,3584.84,profit
5015,2,44.0,37,88.0,1628.0,1,2025-01-05,3586.71,profit
5014,26,103.0,59,2678.0,6077.0,1,2025-05-11,3585.55,profit
5013,36,50.0,100,1800.0,5000.0,1,2025-03-29,3586.58,profit
5012,49,126.0,66,6174.0,8316.0,1,2025-10-28,3585.45,profit
5011,0,137.0,28,0.0,3836.0,0,2025-01-01,3584.92,profit
5010,20,82.0,82,1640.0,6724.0,1,2025-03-21,3586.53,profit
5009,18,147.0,61,2646.0,8967.0,1,2025-05-09,3586.09,profit
5008,15,148.0,68,2220.0,10064.0,1,2025-04-19,3586.5,profit
5007,6,115.0,40,690.0,4600.0,1,2025-02-03,3587.39,profit
5006,43,52.0,59,2236.0,3068.0,1,2025-04-19,3584.92,profit
5005,50,26.0,62,1300.0,1612.0,1,2025-03-05,3585.76,profit
5004,42,119.0,76,4998.0,9044.0,1,2025-09-01,3586.08,profit
5003,3,147.0,20,441.0,2940.0,1,2025-01-22,3585.85,profit
5002,38,82.0,68,3116.0,5576.0,1,2025-06-01,3585.26,profit
5001,18,140.0,91,2520.0,12740.0,1,2025-05-03,3586.31,profit
5000,16,129.0,54,2064.0,6966.0,1,2025-04-11,3585.69,profit
4999,19,97.0,47,1843.0,4559.0,1,2025-03-31,3586.32,profit
4998,25,79.0,19,1975.0,1501.0,1,2025-04-07,3586.74,profit
4997,9,126.0,19,1134.0,2394.0,1,2025-02-25,3585.64,profit
4996,48,67.0,88,3216.0,5896.0,1,2025-06-06,3586.21,profit
4995,29,38.0,94,1102.0,3572.0,1,2025-02-23,3586.84,profit
4994,34,23.0,56,782.0,1288.0,1,2025-02-08,3586.98,profit
4993,24,78.0,95,1872.0,7410.0,1,2025-04-02,3585.33,profit
4992,15,91.0,17,1365.0,1547.0,1,2025-03-08,3585.61,profit
4991,24,25.0,25,600.0,625.0,1,2025-01-30,3585.41,profit
4990,18,123.0,89,2214.0,10947.0,1,2025-04-18,3586.61,profit
4989,43,122.0,24,5246.0,2928.0,1,2025-09-13,3585.21,profit
4988,5,74.0,71,370.0,5254.0,1,2025-01-19,3586.87,profit
4987,29,28.0,42,812.0,1176.0,1,2025-02-09,3586.49,profit
4986,0,74.0,54,0.0,3996.0,0,2025-01-01,3585.11,profit
4985,25,120.0,31,3000.0,3720.0,1,2025-05-26,3586.1,profit
4984,47,80.0,53,3760.0,4240.0,1,2025-07-02,3585.19,profit
4983,34,127.0,26,4318.0,3302.0,1,2025-07-30,3585.12,profit
4982,38,127.0,40,4826.0,5080.0,1,2025-08-23,3585.44,profit
4981,31,106.0,43,3286.0,4558.0,1,2025-06-09,3586.77,profit
4980,40,116.0,22,4640.0,2552.0,1,2025-08-14,3585.71,profit
4979,32,38.0,99,1216.0,3762.0,1,2025-03-01,3586.15,profit
4978,38,15.0,58,570.0,870.0,1,2025-01-28,3586.05,profit
4977,32,51.0,60,1632.0,3060.0,1,2025-03-21,3585.13,profit
4976,33,106.0,90,3498.0,9540.0,1,2025-06-20,3585.83,profit
4975,21,115.0,53,2415.0,6095.0,1,2025-04-28,3585.99,profit
4974,40,130.0,13,5200.0,1690.0,1,2025-09-11,3585.99,profit
4973,0,62.0,58,0.0,3596.0,0,2025-01-01,3585.98,profit
4972,22,48.0,63,1056.0,3024.0,1,2025-02-21,3587.2,profit
4971,7,25.0,75,175.0,1875.0,1,2025-01-09,3586.72,profit
4970,27,130.0,73,3510.0,9490.0,1,2025-06-20,3585.69,profit
4969,48,85.0,10,4080.0,850.0,1,2025-07-18,3585.33,profit
4968,3,75.0,32,225.0,2400.0,1,2025-01-11,3586.75,profit
4967,48,114.0,14,5472.0,1596.0,1,2025-09-24,3585.16,profit
4966,12,66.0,34,792.0,2244.0,1,2025-02-08,3586.92,profit
4965,30,100.0,82,3000.0,8200.0,1,2025-05-26,3586.42,profit
4964,16,37.0,28,592.0,1036.0,1,2025-01-29,3586.97,profit
4963,21,139.0,59,2919.0,8201.0,1,2025-05-23,3586.59,profit
4962,0,88.0,10,0.0,880.0,0,2025-01-01,3585.79,profit
4961,34,71.0,74,2414.0,5254.0,1,2025-04-28,3586.5,profit
4960,3,61.0,85,183.0,5185.0,1,2025-01-09,3586.57,profit
4959,28,127.0,34,3556.0,4318.0,1,2025-06-23,3585.63,profit
4958,17,123.0,54,2091.0,6642.0,1,2025-04-12,3585.29,profit
4957,17,85.0,78,1445.0,6630.0,1,2025-03-12,3586.34,profit
4956,25,16.0,84,400.0,1344.0,1,2025-01-20,3586.62,profit
4955,29,40.0,76,1160.0,3040.0,1,2025-02-26,3586.39,profit
4954,44,115.0,81,5060.0,9315.0,1,2025-09-04,3585.63,profit
4953,18,48.0,46,864.0,2208.0,1,2025-02-12,3585.65,profit
4952,20,89.0,20,1780.0,1780.0,1,2025-03-28,3586.57,profit
4951,10,137.0,12,1370.0,1644.0,1,2025-03-08,3586.58,profit
4950,32,97.0,91,3104.0,8827.0,1,2025-06-01,3585.11,profit
4949,39,47.0,72,1833.0,3384.0,1,2025-03-31,3584.49,profit
4948,16,113.0,14,1808.0,1582.0,1,2025-03-29,3586.37,profit
4947,20,141.0,72,2820.0,10152.0,1,2025-05-18,3586.18,profit
4946,9,131.0,53,1179.0,6943.0,1,2025-02-27,3585.91,profit
4945,41,104.0,57,4264.0,5928.0,1,2025-07-27,3585.79,profit
4944,30,35.0,86,1050.0,3010.0,1,2025-02-21,3585.77,profit
4943,8,116.0,61,928.0,7076.0,1,2025-02-15,3587.77,profit
4942,38,110.0,37,4180.0,4070.0,1,2025-07-23,3585.03,profit
4941,4,33.0,65,132.0,2145.0,1,2025-01-07,3586.57,profit
4940,17,149.0,60,2533.0,8940.0,1,2025-05-04,3586.69,profit
4939,7,74.0,70,518.0,5180.0,1,2025-01-26,3586.5,profit
4938,40,29.0,99,1160.0,2871.0,1,2025-02-26,3585.35,profit
4937,43,99.0,31,4257.0,3069.0,1,2025-07-27,3585.31,profit
4936,45,20.0,84,900.0,1680.0,1,2025-02-13,3587.24,profit
4935,33,81.0,18,2673.0,1458.0,1,2025-05-11,3586.79,profit
4934,5,138.0,97,690.0,13386.0,1,2025-02-03,3587.46,profit
4933,8,112.0,42,896.0,4704.0,1,2025-02-13,3586.97,profit
4932,2,103.0,61,206.0,6283.0,1,2025-01-11,3586.78,profit
4931,46,42.0,43,1932.0,1806.0,1,2025-04-05,3585.74,profit
4930,29,29.0,12,841.0,348.0,1,2025-02-10,3585.61,profit
4929,24,73.0,56,1752.0,4088.0,1,2025-03-27,3585.8,profit
4928,16,117.0,11,1872.0,1287.0,1,2025-04-02,3586.02,profit
4927,19,64.0,18,1216.0,1152.0,1,2025-03-01,3587.03,profit
4926,25,73.0,50,1825.0,3650.0,1,2025-03-30,3585.74,profit
4925,50,141.0,38,7050.0,5358.0,1,2025-12-10,3584.9,profit
4924,21,138.0,64,2898.0,8832.0,1,2025-05-22,3585.54,profit
4923,30,145.0,90,4350.0,13050.0,1,2025-07-31,3586.1,profit
4922,35,24.0,43,840.0,1032.0,1,2025-02-10,3585.32,profit
4921,5,137.0,68,685.0,9316.0,1,2025-02-03,3584.67,profit
4920,27,64.0,46,1728.0,2944.0,1,2025-03-26,3585.48,profit
4919,20,38.0,26,760.0,988.0,1,2025-02-06,3585.95,profit
4918,46,127.0,100,5842.0,12700.0,1,2025-10-12,3585.4,profit
4917,15,119.0,72,1785.0,8568.0,1,2025-03-28,3585.52,profit
4916,19,119.0,40,2261.0,4760.0,1,2025-04-21,3586.59,profit
4915,39,61.0,67,2379.0,4087.0,1,2025-04-26,3585.32,profit
4914,26,85.0,80,2210.0,6800.0,1,2025-04-18,3585.35,profit
4913,5,30.0,62,150.0,1860.0,1,2025-01-08,3586.78,profit
4912,17,15.0,27,255.0,405.0,1,2025-01-13,3586.04,profit
4911,16,37.0,90,592.0,3330.0,1,2025-01-29,3586.97,profit
4910,29,140.0,97,4060.0,13580.0,1,2025-07-17,3585.99,profit
4909,48,86.0,89,4128.0,7654.0,1,2025-07-20,3586.03,profit
4908,19,26.0,55,494.0,1430.0,1,2025-01-25,3586.88,profit
4907,50,15.0,19,750.0,285.0,1,2025-02-06,3586.99,profit
4906,44,135.0,70,5940.0,9450.0,1,2025-10-17,3585.66,profit
4905,1,105.0,46,105.0,4830.0,1,2025-01-06,3586.12,profit
4904,11,119.0,89,1309.0,10591.0,1,2025-03-05,3586.2,profit
4903,24,18.0,27,432.0,486.0,1,2025-01-22,3584.86,profit
4902,31,53.0,46,1643.0,2438.0,1,2025-03-21,3587.23,profit
4901,6,25.0,83,150.0,2075.0,1,2025-01-08,3587.0,profit
4900,15,150.0,38,2250.0,5700.0,1,2025-04-20,3585.79,profit
4899,10,48.0,58,480.0,2784.0,1,2025-01-24,3585.56,profit
4898,21,43.0,43,903.0,1849.0,1,2025-02-13,3586.48,profit
4897,45,108.0,83,4860.0,8964.0,1,2025-08-25,3585.92,profit
4896,27,56.0,75,1512.0,4200.0,1,2025-03-15,3585.83,profit
4895,43,131.0,63,5633.0,8253.0,1,2025-10-02,3585.81,profit
4894,6,109.0,80,654.0,8720.0,1,2025-02-01,3586.26,profit
4893,31,124.0,52,3844.0,6448.0,1,2025-07-07,3585.05,profit
4892,39,103.0,30,4017.0,3090.0,1,2025-07-15,3585.49,profit
4891,9,43.0,81,387.0,3483.0,1,2025-01-19,3586.03,profit
4890,15,145.0,44,2175.0,6380.0,1,2025-04-16,3586.69,profit
4889,36,124.0,96,4464.0,11904.0,1,2025-08-06,3584.74,profit
4888,39,25.0,67,975.0,1675.0,1,2025-02-17,3586.42,profit
4887,42,59.0,89,2478.0,5251.0,1,2025-05-01,3585.15,profit
4886,41,60.0,86,2460.0,5160.0,1,2025-04-30,3586.07,profit
4885,39,139.0,62,5421.0,8618.0,1,2025-09-21,3585.78,profit
4884,22,149.0,54,3278.0,8046.0,1,2025-06-09,3585.28,profit
4883,7,85.0,64,595.0,5440.0,1,2025-01-29,3585.02,profit
4882,8,71.0,55,568.0,3905.0,1,2025-01-28,3587.02,profit
4881,19,60.0,51,1140.0,3060.0,1,2025-02-25,3586.86,profit
4880,49,110.0,89,5390.0,9790.0,1,2025-09-20,3585.47,profit
4879,20,137.0,40,2740.0,5480.0,1,2025-05-14,3586.61,profit
4878,25,59.0,91,1475.0,5369.0,1,2025-03-13,3586.76,profit
4877,16,127.0,24,2032.0,3048.0,1,2025-04-09,3586.53,profit
4876,24,69.0,95,1656.0,6555.0,1,2025-03-22,3586.37,profit
4875,18,27.0,99,486.0,2673.0,1,2025-01-24,3587.24,profit
4874,4,27.0,61,108.0,1647.0,1,2025-01-06,3585.19,profit
4873,0,51.0,88,0.0,4488.0,0,2025-01-01,3586.32,profit
4872,43,34.0,34,1462.0,1156.0,1,2025-03-13,3586.23,profit
4871,12,125.0,53,1500.0,6625.0,1,2025-03-14,3585.86,profit
4870,23,134.0,80,3082.0,10720.0,1,2025-05-30,3585.46,profit
4869,19,102.0,88,1938.0,8976.0,1,2025-04-05,3585.76,profit
4868,14,70.0,35,980.0,2450.0,1,2025-02-17,3586.32,profit
4867,41,25.0,15,1025.0,375.0,1,2025-02-19,3586.32,profit
4866,42,27.0,66,1134.0,1782.0,1,2025-02-25,3586.39,profit
4865,33,48.0,23,1584.0,1104.0,1,2025-03-19,3585.7,profit
4864,48,136.0,79,6528.0,10744.0,1,2025-11-14,3585.17,profit
4863,15,136.0,15,2040.0,2040.0,1,2025-04-10,3585.81,profit
4862,49,149.0,97,7301.0,14453.0,1,2025-12-22,3584.99,profit
4861,36,104.0,81,3744.0,8424.0,1,2025-07-02,3586.53,profit
4860,37,145.0,43,5365.0,6235.0,1,2025-09-19,3585.21,profit
4859,50,142.0,49,7100.0,6958.0,1,2025-12-12,3584.79,profit
4858,8,83.0,66,664.0,5478.0,1,2025-02-02,3584.86,profit
4857,29,149.0,72,4321.0,10728.0,1,2025-07-30,3585.39,profit
4856,48,135.0,56,6480.0,7560.0,1,2025-11-12,3585.1,profit
4855,38,81.0,29,3078.0,2349.0,1,2025-05-30,3586.01,profit
4854,1,24.0,14,24.0,336.0,1,2025-01-02,3587.13,profit
4853,50,73.0,78,3650.0,5694.0,1,2025-06-27,3584.9,profit
4852,20,88.0,76,1760.0,6688.0,1,2025-03-27,3586.51,profit
4851,33,133.0,81,4389.0,10773.0,1,2025-08-02,3585.18,profit
4850,23,146.0,57,3358.0,8322.0,1,2025-06-13,3585.67,profit
4849,42,76.0,21,3192.0,1596.0,1,2025-06-05,3585.98,profit
4848,32,141.0,13,4512.0,1833.0,1,2025-08-08,3585.81,profit
4847,42,57.0,10,2394.0,570.0,1,2025-04-27,3586.49,profit
4846,46,66.0,14,3036.0,924.0,1,2025-05-28,3586.21,profit
4845,45,120.0,81,5400.0,9720.0,1,2025-09-20,3585.04,profit
4844,2,97.0,71,194.0,6887.0,1,2025-01-10,3586.56,profit
4843,32,150.0,91,4800.0,13650.0,1,2025-08-22,3585.19,profit
4842,7,133.0,62,931.0,8246.0,1,2025-02-15,3586.32,profit
4841,47,133.0,59,6251.0,7847.0,1,2025-11-01,3585.62,profit
4840,21,31.0,23,651.0,713.0,1,2025-02-01,3587.18,profit
4839,7,28.0,53,196.0,1484.0,1,2025-01-10,3586.47,profit
4838,23,149.0,54,3427.0,8046.0,1,2025-06-16,3585.65,profit
4837,27,23.0,60,621.0,1380.0,1,2025-01-31,3585.06,profit
4836,47,26.0,33,1222.0,858.0,1,2025-03-01,3586.29,profit
4835,27,103.0,14,2781.0,1442.0,1,2025-05-16,3585.49,profit
4834,50,58.0,73,2900.0,4234.0,1,2025-05-22,3585.9,profit
4833,29,50.0,13,1450.0,650.0,1,2025-03-12,3585.78,profit
4832,48,138.0,97,6624.0,13386.0,1,2025-11-19,3585.0,profit
4831,34,112.0,10,3808.0,1120.0,1,2025-07-05,3585.24,profit
4830,20,140.0,55,2800.0,7700.0,1,2025-05-17,3585.41,profit
4829,35,32.0,32,1120.0,1024.0,1,2025-02-24,3587.09,profit
4828,35,132.0,18,4620.0,2376.0,1,2025-08-13,3585.48,profit
4827,2,17.0,51,34.0,867.0,1,2025-01-02,3586.88,profit
4826,41,127.0,19,5207.0,2413.0,1,2025-09-11,3585.78,profit
4825,7,144.0,84,1008.0,12096.0,1,2025-02-19,3587.0,profit
4824,3,149.0,10,447.0,1490.0,1,2025-01-22,3586.52,profit
4823,15,30.0,75,450.0,2250.0,1,2025-01-22,3587.12,profit
4822,3,31.0,47,93.0,1457.0,1,2025-01-05,3585.76,profit
4821,5,66.0,67,330.0,4422.0,1,2025-01-17,3586.28,profit
4820,19,43.0,13,817.0,559.0,1,2025-02-09,3587.71,profit
4819,19,51.0,70,969.0,3570.0,1,2025-02-17,3585.35,profit
4818,36,134.0,82,4824.0,10988.0,1,2025-08-23,3585.27,profit
4817,36,123.0,73,4428.0,8979.0,1,2025-08-04,3585.32,profit
4816,24,64.0,26,1536.0,1664.0,1,2025-03-16,3585.41,profit
4815,44,136.0,73,5984.0,9928.0,1,2025-10-19,3585.52,profit
4814,12,36.0,34,432.0,1224.0,1,2025-01-22,3586.96,profit
4813,28,136.0,64,3808.0,8704.0,1,2025-07-05,3585.35,profit
4812,19,54.0,35,1026.0,1890.0,1,2025-02-19,3587.51,profit
4811,1,105.0,16,105.0,1680.0,1,2025-01-06,3586.79,profit
4810,1,51.0,83,51.0,4233.0,1,2025-01-03,3586.55,profit
4809,31,148.0,83,4588.0,12284.0,1,2025-08-12,3585.64,profit
4808,45,137.0,83,6165.0,11371.0,1,2025-10-28,3585.29,profit
4807,15,89.0,38,1335.0,3382.0,1,2025-03-06,3586.27,profit
4806,25,17.0,88,425.0,1496.0,1,2025-01-21,3587.39,profit
4805,31,93.0,33,2883.0,3069.0,1,2025-05-21,3586.55,profit
4804,20,84.0,10,1680.0,840.0,1,2025-03-23,3587.03,profit
4803,42,142.0,45,5964.0,6390.0,1,2025-10-18,3585.15,profit
4802,11,29.0,56,319.0,1624.0,1,2025-01-16,3585.67,profit
4801,40,112.0,93,4480.0,10416.0,1,2025-08-07,3585.34,profit
4800,9,48.0,40,432.0,1920.0,1,2025-01-22,3585.55,profit
4799,34,139.0,64,4726.0,8896.0,1,2025-08-18,3586.12,profit
4798,11,63.0,70,693.0,4410.0,1,2025-02-03,3587.42,profit
4797,50,142.0,27,7100.0,3834.0,1,2025-12-12,3584.7,profit
4796,35,102.0,29,3570.0,2958.0,1,2025-06-23,3586.05,profit
4795,21,76.0,56,1596.0,4256.0,1,2025-03-19,3586.48,profit
4794,10,92.0,83,920.0,7636.0,1,2025-02-14,3587.43,profit
4793,47,67.0,45,3149.0,3015.0,1,2025-06-03,3585.55,profit
4792,2,121.0,56,242.0,6776.0,1,2025-01-12,3586.05,profit
4791,35,66.0,14,2310.0,924.0,1,2025-04-23,3586.7,profit
4790,18,146.0,15,2628.0,2190.0,1,2025-05-08,3585.21,profit
4789,36,143.0,28,5148.0,4004.0,1,2025-09-08,3585.96,profit
4788,22,82.0,38,1804.0,3116.0,1,2025-03-29,3585.53,profit
4787,5,35.0,39,175.0,1365.0,1,2025-01-09,3585.7,profit
4786,45,102.0,56,4590.0,5712.0,1,2025-08-12,3584.87,profit
4785,46,18.0,61,828.0,1098.0,1,2025-02-10,3586.39,profit
4784,47,57.0,53,2679.0,3021.0,1,2025-05-11,3586.84,profit
4782,36,80.0,35,2880.0,2800.0,1,2025-05-21,3586.39,profit
4781,13,28.0,47,364.0,1316.0,1,2025-01-18,3586.82,profit
4780,4,93.0,42,372.0,3906.0,1,2025-01-19,3586.49,profit
4779,43,32.0,65,1376.0,2080.0,1,2025-03-08,3585.59,profit
4778,47,64.0,78,3008.0,4992.0,1,2025-05-27,3586.12,profit
4777,23,42.0,66,966.0,2772.0,1,2025-02-17,3586.31,profit
4776,37,140.0,72,5180.0,10080.0,1,2025-09-10,3585.14,profit
4775,12,99.0,34,1188.0,3366.0,1,2025-02-27,3585.21,profit
4774,49,118.0,51,5782.0,6018.0,1,2025-10-09,3585.12,profit
4773,36,68.0,100,2448.0,6800.0,1,2025-04-30,3584.45,profit
4772,43,105.0,47,4515.0,4935.0,1,2025-08-08,3585.54,profit
4771,37,112.0,35,4144.0,3920.0,1,2025-07-21,3585.82,profit
4770,12,36.0,77,432.0,2772.0,1,2025-01-22,3586.94,profit
4769,27,126.0,44,3402.0,5544.0,1,2025-06-15,3585.48,profit
4768,33,73.0,58,2409.0,4234.0,1,2025-04-28,3586.45,profit
4767,23,54.0,76,1242.0,4104.0,1,2025-03-02,3587.18,profit
4766,18,94.0,20,1692.0,1880.0,1,2025-03-24,3586.76,profit
4765,16,133.0,81,2128.0,10773.0,1,2025-04-14,3586.15,profit
4764,34,110.0,72,3740.0,7920.0,1,2025-07-02,3586.52,profit
4762,36,138.0,69,4968.0,9522.0,1,2025-08-30,3585.45,profit
4761,19,34.0,33,646.0,1122.0,1,2025-02-01,3587.7,profit
4760,6,90.0,55,540.0,4950.0,1,2025-01-27,3586.48,profit
4759,40,123.0,31,4920.0,3813.0,1,2025-08-28,3584.76,profit
4758,2,90.0,82,180.0,7380.0,1,2025-01-09,3586.69,profit
4757,34,59.0,88,2006.0,5192.0,1,2025-04-08,3586.14,profit
4756,34,116.0,13,3944.0,1508.0,1,2025-07-11,3585.88,profit
4755,44,20.0,45,880.0,900.0,1,2025-02-12,3586.08,profit
4754,16,84.0,55,1344.0,4620.0,1,2025-03-07,3585.28,profit
4753,32,139.0,15,4448.0,2085.0,1,2025-08-05,3584.55,profit
4752,23,100.0,83,2300.0,8300.0,1,2025-04-22,3587.0,profit
4751,24,74.0,37,1776.0,2738.0,1,2025-03-28,3585.22,profit
4750,24,99.0,75,2376.0,7425.0,1,2025-04-26,3586.35,profit
4749,32,147.0,59,4704.0,8673.0,1,2025-08-17,3585.6,profit
4748,14,96.0,77,1344.0,7392.0,1,2025-03-07,3586.9,profit
4747,2,114.0,94,228.0,10716.0,1,2025-01-12,3585.78,profit
4746,32,119.0,12,3808.0,1428.0,1,2025-07-05,3585.96,profit
4745,1,44.0,46,44.0,2024.0,1,2025-01-03,3586.62,profit
4744,5,31.0,48,155.0,1488.0,1,2025-01-08,3586.34,profit
4743,35,92.0,86,3220.0,7912.0,1,2025-06-06,3585.97,profit
4742,32,75.0,47,2400.0,3525.0,1,2025-04-27,3585.78,profit
4741,29,70.0,45,2030.0,3150.0,1,2025-04-09,3586.87,profit
4740,37,72.0,20,2664.0,1440.0,1,2025-05-10,3585.61,profit
4739,18,20.0,30,360.0,600.0,1,2025-01-18,3586.18,profit
4738,6,36.0,82,216.0,2952.0,1,2025-01-11,3585.53,profit
4737,41,72.0,60,2952.0,4320.0,1,2025-05-24,3585.27,profit
4736,26,24.0,78,624.0,1872.0,1,2025-01-31,3586.57,profit
4735,19,21.0,61,399.0,1281.0,1,2025-01-20,3585.07,profit
4734,7,83.0,15,581.0,1245.0,1,2025-01-29,3586.89,profit
4733,29,64.0,23,1856.0,1472.0,1,2025-04-01,3585.57,profit
4732,20,119.0,72,2380.0,8568.0,1,2025-04-26,3586.15,profit
4731,23,74.0,91,1702.0,6734.0,1,2025-03-24,3584.94,profit
4730,38,121.0,65,4598.0,7865.0,1,2025-08-12,3585.71,profit
4729,4,147.0,66,588.0,9702.0,1,2025-01-29,3587.54,profit
4728,30,101.0,94,3030.0,9494.0,1,2025-05-28,3586.74,profit
4727,39,142.0,33,5538.0,4686.0,1,2025-09-27,3585.31,profit
4726,21,82.0,65,1722.0,5330.0,1,2025-03-25,3587.04,profit
4725,25,90.0,27,2250.0,2430.0,1,2025-04-20,3586.99,profit
4724,11,53.0,88,583.0,4664.0,1,2025-01-29,3586.5,profit
4723,41,76.0,47,3116.0,3572.0,1,2025-06-01,3586.29,profit
4722,33,80.0,75,2640.0,6000.0,1,2025-05-09,3585.45,profit
4721,40,134.0,47,5360.0,6298.0,1,2025-09-18,3585.26,profit
4720,41,150.0,45,6150.0,6750.0,1,2025-10-27,3585.4,profit
4719,11,135.0,60,1485.0,8100.0,1,2025-03-14,3585.52,profit
4718,37,62.0,93,2294.0,5766.0,1,2025-04-22,3585.3,profit
4717,50,93.0,50,4650.0,4650.0,1,2025-08-15,3585.21,profit
4716,27,60.0,86,1620.0,5160.0,1,2025-03-20,3585.23,profit
4715,46,50.0,19,2300.0,950.0,1,2025-04-22,3585.66,profit
4714,21,34.0,86,714.0,2924.0,1,2025-02-04,3587.17,profit
4713,7,117.0,80,819.0,9360.0,1,2025-02-09,3586.87,profit
4712,32,62.0,14,1984.0,868.0,1,2025-04-07,3586.78,profit
4711,7,20.0,67,140.0,1340.0,1,2025-01-07,3586.29,profit
4710,9,54.0,40,486.0,2160.0,1,2025-01-24,3586.79,profit
4709,14,122.0,46,1708.0,5612.0,1,2025-03-25,3586.31,profit
4708,47,74.0,92,3478.0,6808.0,1,2025-06-19,3585.63,profit
4707,50,146.0,74,7300.0,10804.0,1,2025-12-22,3584.66,profit
4706,33,144.0,26,4752.0,3744.0,1,2025-08-20,3586.02,profit
4705,47,116.0,64,5452.0,7424.0,1,2025-09-23,3584.95,profit
4704,11,129.0,35,1419.0,4515.0,1,2025-03-11,3587.2,profit
4703,13,100.0,36,1300.0,3600.0,1,2025-03-05,3587.03,profit
4702,36,61.0,38,2196.0,2318.0,1,2025-04-17,3585.99,profit
4701,32,106.0,88,3392.0,9328.0,1,2025-06-15,3585.65,profit
4700,44,64.0,57,2816.0,3648.0,1,2025-05-18,3586.9,profit
4699,3,46.0,25,138.0,1150.0,1,2025-01-07,3585.2,profit
4698,11,67.0,28,737.0,1876.0,1,2025-02-05,3584.61,profit
4697,10,120.0,32,1200.0,3840.0,1,2025-02-28,3585.29,profit
4696,26,107.0,41,2782.0,4387.0,1,2025-05-16,3585.69,profit
4695,41,25.0,17,1025.0,425.0,1,2025-02-19,3586.85,profit
4694,33,85.0,62,2805.0,5270.0,1,2025-05-17,3586.81,profit
4693,48,29.0,28,1392.0,812.0,1,2025-03-09,3585.87,profit
4692,49,61.0,44,2989.0,2684.0,1,2025-05-26,3584.5,profit
4691,24,82.0,70,1968.0,5740.0,1,2025-04-06,3586.46,profit
4690,30,61.0,62,1830.0,3782.0,1,2025-03-31,3586.35,profit
4689,16,52.0,21,832.0,1092.0,1,2025-02-10,3587.0,profit
4688,44,94.0,98,4136.0,9212.0,1,2025-07-21,3585.16,profit
4687,43,44.0,11,1892.0,484.0,1,2025-04-03,3586.05,profit
4686,9,59.0,69,531.0,4071.0,1,2025-01-26,3585.86,profit
4685,41,22.0,54,902.0,1188.0,1,2025-02-13,3586.29,profit
4684,20,149.0,87,2980.0,12963.0,1,2025-05-26,3586.42,profit
4683,12,147.0,66,1764.0,9702.0,1,2025-03-27,3585.98,profit
4682,12,51.0,54,612.0,2754.0,1,2025-01-30,3587.48,profit
4681,15,63.0,18,945.0,1134.0,1,2025-02-15,3587.16,profit
4680,48,96.0,51,4608.0,4896.0,1,2025-08-13,3585.81,profit
4679,18,124.0,31,2232.0,3844.0,1,2025-04-19,3585.88,profit
4678,11,133.0,57,1463.0,7581.0,1,2025-03-13,3584.94,profit
4677,22,104.0,49,2288.0,5096.0,1,2025-04-22,3586.23,profit
4676,1,119.0,16,119.0,1904.0,1,2025-01-06,3586.3,profit
4675,7,89.0,32,623.0,2848.0,1,2025-01-31,3586.94,profit
4673,46,31.0,10,1426.0,310.0,1,2025-03-11,3587.16,profit
4672,11,107.0,53,1177.0,5671.0,1,2025-02-27,3586.91,profit
4671,25,32.0,36,800.0,1152.0,1,2025-02-08,3585.76,profit
4670,41,101.0,78,4141.0,7878.0,1,2025-07-21,3585.3,profit
4669,21,66.0,90,1386.0,5940.0,1,2025-03-09,3586.03,profit
4668,30,150.0,27,4500.0,4050.0,1,2025-08-07,3585.42,profit
4667,31,36.0,13,1116.0,468.0,1,2025-02-24,3586.13,profit
4666,44,43.0,71,1892.0,3053.0,1,2025-04-03,3585.56,profit
4665,31,101.0,68,3131.0,6868.0,1,2025-06-02,3586.3,profit
4664,26,15.0,19,390.0,285.0,1,2025-01-19,3585.19,profit
4663,31,105.0,95,3255.0,9975.0,1,2025-06-08,3586.35,profit
4662,32,77.0,65,2464.0,5005.0,1,2025-04-30,3585.81,profit
4661,26,118.0,66,3068.0,7788.0,1,2025-05-30,3585.02,profit
4660,32,69.0,34,2208.0,2346.0,1,2025-04-18,3585.35,profit
4659,36,48.0,61,1728.0,2928.0,1,2025-03-26,3584.98,profit
4658,24,19.0,78,456.0,1482.0,1,2025-01-23,3586.63,profit
4657,33,21.0,67,693.0,1407.0,1,2025-02-03,3586.51,profit
4656,20,139.0,86,2780.0,11954.0,1,2025-05-16,3585.22,profit
4655,24,149.0,78,3576.0,11622.0,1,2025-06-24,3585.73,profit
4654,20,104.0,30,2080.0,3120.0,1,2025-04-12,3585.31,profit
4653,17,87.0,51,1479.0,4437.0,1,2025-03-13,3587.42,profit
4652,32,111.0,27,3552.0,2997.0,1,2025-06-22,3585.34,profit
4651,31,53.0,85,1643.0,4505.0,1,2025-03-21,3586.66,profit
4650,38,146.0,26,5548.0,3796.0,1,2025-09-28,3585.57,profit
4649,2,45.0,21,90.0,945.0,1,2025-01-05,3585.58,profit
4648,44,99.0,10,4356.0,990.0,1,2025-07-31,3585.06,profit
4647,36,123.0,31,4428.0,3813.0,1,2025-08-04,3584.87,profit
4646,32,20.0,83,640.0,1660.0,1,2025-02-01,3585.35,profit
4645,49,104.0,28,5096.0,2912.0,1,2025-09-06,3585.98,profit
4644,31,139.0,33,4309.0,4587.0,1,2025-07-29,3585.65,profit
4643,8,92.0,43,736.0,3956.0,1,2025-02-05,3585.69,profit
4642,44,40.0,33,1760.0,1320.0,1,2025-03-27,3586.96,profit
4641,2,149.0,54,298.0,8046.0,1,2025-01-15,3586.92,profit
4640,39,84.0,54,3276.0,4536.0,1,2025-06-09,3585.19,profit
4639,50,33.0,60,1650.0,1980.0,1,2025-03-22,3586.7,profit
4638,10,31.0,36,310.0,1116.0,1,2025-01-16,3585.51,profit
4637,21,133.0,22,2793.0,2926.0,1,2025-05-16,3585.18,profit
4636,19,35.0,15,665.0,525.0,1,2025-02-02,3587.45,profit
4635,38,31.0,51,1178.0,1581.0,1,2025-02-27,3586.54,profit
4634,14,75.0,17,1050.0,1275.0,1,2025-02-21,3585.91,profit
4633,32,103.0,67,3296.0,6901.0,1,2025-06-10,3585.12,profit
4632,19,91.0,91,1729.0,8281.0,1,2025-03-26,3585.94,profit
4631,5,124.0,73,620.0,9052.0,1,2025-01-31,3586.67,profit
4630,50,89.0,100,4450.0,8900.0,1,2025-08-05,3585.73,profit
4629,38,147.0,17,5586.0,2499.0,1,2025-09-29,3585.69,profit
4628,11,86.0,42,946.0,3612.0,1,2025-02-16,3587.06,profit
4627,22,15.0,20,330.0,300.0,1,2025-01-17,3586.3,profit
4626,37,80.0,41,2960.0,3280.0,1,2025-05-25,3584.93,profit
4625,16,70.0,45,1120.0,3150.0,1,2025-02-24,3587.22,profit
4624,49,88.0,79,4312.0,6952.0,1,2025-07-29,3585.3,profit
4623,15,100.0,57,1500.0,5700.0,1,2025-03-14,3585.59,profit
4622,47,135.0,24,6345.0,3240.0,1,2025-11-05,3584.48,profit
4621,15,65.0,70,975.0,4550.0,1,2025-02-17,3587.29,profit
4620,24,144.0,25,3456.0,3600.0,1,2025-06-18,3585.34,profit
4619,24,68.0,57,1632.0,3876.0,1,2025-03-21,3585.96,profit
4618,30,110.0,56,3300.0,6160.0,1,2025-06-10,3586.05,profit
4617,43,138.0,15,5934.0,2070.0,1,2025-10-16,3585.43,profit
4616,21,25.0,28,525.0,700.0,1,2025-01-26,3585.33,profit
4615,28,21.0,68,588.0,1428.0,1,2025-01-29,3585.25,profit
4614,44,110.0,92,4840.0,10120.0,1,2025-08-24,3585.8,profit
4613,15,53.0,23,795.0,1219.0,1,2025-02-08,3586.85,profit
4612,43,114.0,27,4902.0,3078.0,1,2025-08-27,3584.97,profit
4611,50,150.0,17,7500.0,2550.0,1,2025-12-31,3585.01,profit
4610,37,78.0,75,2886.0,5850.0,1,2025-05-21,3586.69,profit
4609,12,26.0,45,312.0,1170.0,1,2025-01-16,3586.32,profit
4608,36,55.0,19,1980.0,1045.0,1,2025-04-07,3585.28,profit
4607,42,45.0,71,1890.0,3195.0,1,2025-04-02,3585.75,profit
4606,38,68.0,12,2584.0,816.0,1,2025-05-06,3585.13,profit
4605,27,87.0,56,2349.0,4872.0,1,2025-04-25,3586.56,profit
4604,7,137.0,14,959.0,1918.0,1,2025-02-16,3585.66,profit
4603,9,130.0,10,1170.0,1300.0,1,2025-02-26,3586.06,profit
4602,27,72.0,70,1944.0,5040.0,1,2025-04-05,3586.65,profit
4601,33,88.0,48,2904.0,4224.0,1,2025-05-22,3585.55,profit
4600,5,139.0,100,695.0,13900.0,1,2025-02-03,3586.64,profit
4599,9,79.0,65,711.0,5135.0,1,2025-02-04,3586.9,profit
4598,5,90.0,12,450.0,1080.0,1,2025-01-22,3586.57,profit
4597,28,32.0,93,896.0,2976.0,1,2025-02-13,3586.51,profit
4596,2,130.0,77,260.0,10010.0,1,2025-01-13,3586.6,profit
4595,28,125.0,38,3500.0,4750.0,1,2025-06-20,3585.65,profit
4594,2,99.0,100,198.0,9900.0,1,2025-01-10,3587.05,profit
4593,12,26.0,36,312.0,936.0,1,2025-01-16,3586.6,profit
4592,45,125.0,96,5625.0,12000.0,1,2025-10-01,3585.56,profit
4591,16,139.0,23,2224.0,3197.0,1,2025-04-19,3584.85,profit
4590,20,16.0,36,320.0,576.0,1,2025-01-16,3586.67,profit
4589,9,109.0,30,981.0,3270.0,1,2025-02-17,3585.31,profit
4588,46,76.0,56,3496.0,4256.0,1,2025-06-20,3585.33,profit
4587,33,121.0,50,3993.0,6050.0,1,2025-07-14,3585.4,profit
4586,19,101.0,49,1919.0,4949.0,1,2025-04-04,3586.16,profit
4585,46,141.0,27,6486.0,3807.0,1,2025-11-12,3585.04,profit
4584,43,112.0,41,4816.0,4592.0,1,2025-08-23,3584.6,profit
4583,46,75.0,96,3450.0,7200.0,1,2025-06-17,3586.8,profit
4582,46,45.0,28,2070.0,1260.0,1,2025-04-11,3585.68,profit
4581,22,60.0,15,1320.0,900.0,1,2025-03-06,3586.14,profit
4580,14,96.0,98,1344.0,9408.0,1,2025-03-07,3587.15,profit
4578,2,141.0,27,282.0,3807.0,1,2025-01-14,3585.04,profit
4577,29,129.0,32,3741.0,4128.0,1,2025-07-02,3584.76,profit
4576,29,133.0,18,3857.0,2394.0,1,2025-07-07,3585.51,profit
4575,48,148.0,56,7104.0,8288.0,1,2025-12-12,3584.63,profit
4574,8,101.0,81,808.0,8181.0,1,2025-02-09,3587.57,profit
4573,3,150.0,91,450.0,13650.0,1,2025-01-22,3586.46,profit
4572,46,61.0,19,2806.0,1159.0,1,2025-05-17,3585.74,profit
4571,41,133.0,51,5453.0,6783.0,1,2025-09-23,3585.11,profit
4570,30,143.0,88,4290.0,12584.0,1,2025-07-28,3585.84,profit
4569,6,140.0,22,840.0,3080.0,1,2025-02-10,3586.85,profit
4568,30,78.0,17,2340.0,1326.0,1,2025-04-24,3586.37,profit
4567,14,146.0,28,2044.0,4088.0,1,2025-04-10,3584.84,profit
4566,16,75.0,76,1200.0,5700.0,1,2025-02-28,3586.56,profit
4565,40,24.0,74,960.0,1776.0,1,2025-02-16,3586.65,profit
4564,42,72.0,63,3024.0,4536.0,1,2025-05-28,3586.29,profit
4563,31,124.0,99,3844.0,12276.0,1,2025-07-07,3585.61,profit
4562,11,32.0,39,352.0,1248.0,1,2025-01-18,3585.73,profit
4561,49,130.0,98,6370.0,12740.0,1,2025-11-07,3585.5,profit
4560,16,64.0,18,1024.0,1152.0,1,2025-02-19,3587.23,profit
4558,27,119.0,94,3213.0,11186.0,1,2025-06-06,3585.35,profit
4557,25,139.0,41,3475.0,5699.0,1,2025-06-19,3585.73,profit
4556,4,33.0,70,132.0,2310.0,1,2025-01-07,3586.1,profit
4555,6,109.0,72,654.0,7848.0,1,2025-02-01,3585.65,profit
4554,33,111.0,36,3663.0,3996.0,1,2025-06-28,3584.6,profit
4553,5,65.0,55,325.0,3575.0,1,2025-01-16,3586.11,profit
4552,2,68.0,25,136.0,1700.0,1,2025-01-07,3586.49,profit
4551,2,133.0,12,266.0,1596.0,1,2025-01-13,3586.86,profit
4550,30,138.0,14,4140.0,1932.0,1,2025-07-21,3585.62,profit
4549,14,93.0,21,1302.0,1953.0,1,2025-03-05,3585.38,profit
4548,32,65.0,57,2080.0,3705.0,1,2025-04-12,3585.31,profit
4547,13,28.0,10,364.0,280.0,1,2025-01-18,3586.93,profit
4546,35,116.0,36,4060.0,4176.0,1,2025-07-17,3585.26,profit
4545,22,38.0,98,836.0,3724.0,1,2025-02-10,3586.91,profit
4544,28,84.0,84,2352.0,7056.0,1,2025-04-25,3586.37,profit
4543,5,110.0,51,550.0,5610.0,1,2025-01-27,3587.14,profit
4542,14,66.0,40,924.0,2640.0,1,2025-02-14,3586.11,profit
4541,50,137.0,14,6850.0,1918.0,1,2025-11-30,3584.73,profit
4540,27,146.0,62,3942.0,9052.0,1,2025-07-11,3585.57,profit
4539,31,81.0,11,2511.0,891.0,1,2025-05-03,3586.24,profit
4538,8,103.0,74,824.0,7622.0,1,2025-02-10,3586.7,profit
4537,49,48.0,12,2352.0,576.0,1,2025-04-25,3585.53,profit
4536,27,61.0,23,1647.0,1403.0,1,2025-03-22,3587.08,profit
4535,37,84.0,66,3108.0,5544.0,1,2025-06-01,3586.52,profit
4534,23,81.0,73,1863.0,5913.0,1,2025-04-01,3586.71,profit
4533,38,131.0,41,4978.0,5371.0,1,2025-08-31,3585.0,profit
4532,23,52.0,79,1196.0,4108.0,1,2025-02-28,3586.43,profit
4531,19,41.0,23,779.0,943.0,1,2025-02-07,3586.52,profit
4530,43,42.0,33,1806.0,1386.0,1,2025-03-29,3584.92,profit
4529,37,77.0,27,2849.0,2079.0,1,2025-05-19,3586.03,profit
4528,2,38.0,67,76.0,2546.0,1,2025-01-04,3586.03,profit
4527,39,21.0,53,819.0,1113.0,1,2025-02-09,3586.71,profit
4526,18,90.0,94,1620.0,8460.0,1,2025-03-20,3586.33,profit
4525,49,51.0,72,2499.0,3672.0,1,2025-05-02,3585.85,profit
4524,40,86.0,66,3440.0,5676.0,1,2025-06-17,3586.18,profit
4523,23,61.0,11,1403.0,671.0,1,2025-03-10,3585.9,profit
4522,9,134.0,90,1206.0,12060.0,1,2025-02-28,3585.56,profit
4521,39,99.0,10,3861.0,990.0,1,2025-07-07,3585.93,profit
4520,26,73.0,39,1898.0,2847.0,1,2025-04-03,3585.19,profit
4519,24,148.0,80,3552.0,11840.0,1,2025-06-22,3585.05,profit
4518,16,63.0,11,1008.0,693.0,1,2025-02-19,3585.58,profit
4517,39,46.0,35,1794.0,1610.0,1,2025-03-29,3585.8,profit
4516,23,121.0,73,2783.0,8833.0,1,2025-05-16,3585.25,profit
4515,30,50.0,69,1500.0,3450.0,1,2025-03-14,3584.56,profit
4514,38,71.0,45,2698.0,3195.0,1,2025-05-12,3586.34,profit
4513,36,118.0,20,4248.0,2360.0,1,2025-07-26,3586.3,profit
4512,31,144.0,93,4464.0,13392.0,1,2025-08-06,3585.59,profit
4511,4,28.0,66,112.0,1848.0,1,2025-01-06,3586.94,profit
4510,49,117.0,97,5733.0,11349.0,1,2025-10-07,3584.55,profit
4509,16,86.0,39,1376.0,3354.0,1,2025-03-08,3586.35,profit
4508,28,83.0,71,2324.0,5893.0,1,2025-04-24,3585.8,profit
4507,43,106.0,87,4558.0,9222.0,1,2025-08-10,3585.29,profit
4506,22,30.0,12,660.0,360.0,1,2025-02-02,3587.69,profit
4505,6,70.0,22,420.0,1540.0,1,2025-01-21,3584.92,profit
4504,40,140.0,93,5600.0,13020.0,1,2025-09-30,3585.12,profit
4503,35,65.0,89,2275.0,5785.0,1,2025-04-21,3586.72,profit
4502,38,38.0,66,1444.0,2508.0,1,2025-03-12,3585.23,profit
4501,23,124.0,31,2852.0,3844.0,1,2025-05-19,3586.16,profit
4500,43,110.0,75,4730.0,8250.0,1,2025-08-19,3585.69,profit
4499,26,102.0,62,2652.0,6324.0,1,2025-05-10,3585.78,profit
4498,34,142.0,81,4828.0,11502.0,1,2025-08-23,3585.63,profit
4497,9,92.0,44,828.0,4048.0,1,2025-02-10,3585.22,profit
4496,10,145.0,91,1450.0,13195.0,1,2025-03-12,3585.58,profit
4495,38,20.0,99,760.0,1980.0,1,2025-02-06,3586.97,profit
4494,39,122.0,22,4758.0,2684.0,1,2025-08-20,3585.88,profit
4493,5,67.0,29,335.0,1943.0,1,2025-01-17,3587.02,profit
4492,24,34.0,35,816.0,1190.0,1,2025-02-09,3586.13,profit
4491,40,126.0,98,5040.0,12348.0,1,2025-09-03,3585.37,profit
4490,23,94.0,93,2162.0,8742.0,1,2025-04-16,3584.86,profit
4489,11,121.0,100,1331.0,12100.0,1,2025-03-06,3585.71,profit
4488,8,67.0,44,536.0,2948.0,1,2025-01-27,3586.4,profit
4487,16,91.0,69,1456.0,6279.0,1,2025-03-12,3585.04,profit
4486,16,51.0,45,816.0,2295.0,1,2025-02-09,3584.99,profit
4485,22,29.0,89,638.0,2581.0,1,2025-02-01,3586.07,profit
4484,45,142.0,22,6390.0,3124.0,1,2025-11-07,3585.33,profit
4483,12,148.0,34,1776.0,5032.0,1,2025-03-28,3587.17,profit
4482,9,115.0,16,1035.0,1840.0,1,2025-02-20,3585.29,profit
4481,1,148.0,11,148.0,1628.0,1,2025-01-08,3586.1,profit
4480,48,34.0,19,1632.0,646.0,1,2025-03-21,3586.43,profit
4479,30,54.0,100,1620.0,5400.0,1,2025-03-20,3586.63,profit
4478,45,120.0,96,5400.0,11520.0,1,2025-09-20,3585.12,profit
4477,46,16.0,19,736.0,304.0,1,2025-02-05,3586.4,profit
4476,33,73.0,70,2409.0,5110.0,1,2025-04-28,3586.19,profit
4475,20,137.0,50,2740.0,6850.0,1,2025-05-14,3585.8,profit
4474,47,131.0,88,6157.0,11528.0,1,2025-10-27,3585.2,profit
4473,45,82.0,90,3690.0,7380.0,1,2025-06-29,3585.54,profit
4472,17,120.0,94,2040.0,11280.0,1,2025-04-10,3586.21,profit
4471,37,36.0,24,1332.0,864.0,1,2025-03-06,3586.84,profit
4470,8,149.0,28,1192.0,4172.0,1,2025-02-28,3584.92,profit
4469,47,16.0,71,752.0,1136.0,1,2025-02-06,3587.75,profit
4468,15,86.0,83,1290.0,7138.0,1,2025-03-04,3585.27,profit
4467,6,80.0,72,480.0,5760.0,1,2025-01-24,3586.86,profit
4466,14,80.0,41,1120.0,3280.0,1,2025-02-24,3587.06,profit
4465,45,17.0,16,765.0,272.0,1,2025-02-07,3586.47,profit
4464,9,95.0,56,855.0,5320.0,1,2025-02-11,3586.12,profit
4463,20,77.0,10,1540.0,770.0,1,2025-03-16,3586.96,profit
4462,32,18.0,99,576.0,1782.0,1,2025-01-29,3585.68,profit
4461,15,91.0,83,1365.0,7553.0,1,2025-03-08,3587.38,profit
4460,48,134.0,19,6432.0,2546.0,1,2025-11-10,3585.32,profit
4459,0,117.0,61,0.0,7137.0,0,2025-01-01,3585.97,profit
4458,50,104.0,88,5200.0,9152.0,1,2025-09-11,3585.45,profit
4457,29,88.0,62,2552.0,5456.0,1,2025-05-05,3586.7,profit
4456,20,51.0,77,1020.0,3927.0,1,2025-02-19,3586.53,profit
4455,23,98.0,85,2254.0,8330.0,1,2025-04-20,3586.5,profit
4454,19,125.0,79,2375.0,9875.0,1,2025-04-26,3586.57,profit
4453,19,41.0,37,779.0,1517.0,1,2025-02-07,3587.14,profit
4452,34,82.0,74,2788.0,6068.0,1,2025-05-16,3586.37,profit
4451,36,49.0,75,1764.0,3675.0,1,2025-03-27,3585.54,profit
4450,17,23.0,36,391.0,828.0,1,2025-01-20,3586.71,profit
4449,27,101.0,83,2727.0,8383.0,1,2025-05-13,3586.73,profit
4448,0,54.0,87,0.0,4698.0,0,2025-01-01,3585.29,profit
4447,22,73.0,85,1606.0,6205.0,1,2025-03-20,3586.19,profit
4446,14,127.0,58,1778.0,7366.0,1,2025-03-28,3585.55,profit
4445,2,111.0,23,222.0,2553.0,1,2025-01-11,3585.56,profit
4444,43,77.0,76,3311.0,5852.0,1,2025-06-11,3585.65,profit
4443,14,143.0,64,2002.0,9152.0,1,2025-04-08,3586.29,profit
4442,38,79.0,95,3002.0,7505.0,1,2025-05-27,3586.25,profit
4441,1,147.0,27,147.0,3969.0,1,2025-01-08,3586.71,profit
4440,17,81.0,17,1377.0,1377.0,1,2025-03-09,3585.9,profit
4439,12,96.0,75,1152.0,7200.0,1,2025-02-26,3586.56,profit
4438,42,142.0,80,5964.0,11360.0,1,2025-10-18,3585.9,profit
4437,20,33.0,20,660.0,660.0,1,2025-02-02,3586.67,profit
4436,15,108.0,84,1620.0,9072.0,1,2025-03-20,3585.04,profit
4435,18,15.0,37,270.0,555.0,1,2025-01-14,3585.0,profit
4434,29,52.0,39,1508.0,2028.0,1,2025-03-15,3584.87,profit
4433,48,91.0,65,4368.0,5915.0,1,2025-08-01,3586.27,profit
4432,33,121.0,74,3993.0,8954.0,1,2025-07-14,3585.67,profit
4431,23,26.0,76,598.0,1976.0,1,2025-01-30,3585.51,profit
4430,21,115.0,99,2415.0,11385.0,1,2025-04-28,3585.4,profit
4429,1,127.0,35,127.0,4445.0,1,2025-01-07,3586.74,profit
4428,25,113.0,93,2825.0,10509.0,1,2025-05-18,3585.06,profit
4427,37,136.0,22,5032.0,2992.0,1,2025-09-02,3585.95,profit
4426,14,53.0,20,742.0,1060.0,1,2025-02-06,3586.92,profit
4425,28,63.0,97,1764.0,6111.0,1,2025-03-27,3587.0,profit
4424,39,144.0,69,5616.0,9936.0,1,2025-10-01,3585.71,profit
4423,22,113.0,92,2486.0,10396.0,1,2025-05-01,3585.6,profit
4422,11,100.0,55,1100.0,5500.0,1,2025-02-23,3586.59,profit
4421,21,45.0,90,945.0,4050.0,1,2025-02-15,3585.1,profit
4420,50,119.0,80,5950.0,9520.0,1,2025-10-17,3585.95,profit
4419,34,72.0,66,2448.0,4752.0,1,2025-04-30,3586.61,profit
4418,10,41.0,96,410.0,3936.0,1,2025-01-20,3586.56,profit
4417,23,49.0,87,1127.0,4263.0,1,2025-02-24,3585.73,profit
4416,40,130.0,46,5200.0,5980.0,1,2025-09-11,3585.98,profit
4415,33,18.0,83,594.0,1494.0,1,2025-01-29,3587.49,profit
4414,11,134.0,30,1474.0,4020.0,1,2025-03-13,3586.16,profit
4413,6,132.0,80,792.0,10560.0,1,2025-02-08,3586.79,profit
4412,27,140.0,44,3780.0,6160.0,1,2025-07-03,3585.8,profit
4411,39,103.0,94,4017.0,9682.0,1,2025-07-15,3585.88,profit
4410,11,57.0,53,627.0,3021.0,1,2025-01-31,3585.14,profit
4409,49,43.0,90,2107.0,3870.0,1,2025-04-13,3586.61,profit
4408,47,40.0,12,1880.0,480.0,1,2025-04-02,3585.85,profit
4407,3,110.0,11,330.0,1210.0,1,2025-01-17,3587.24,profit
4406,29,130.0,78,3770.0,10140.0,1,2025-07-03,3586.73,profit
4405,17,34.0,22,578.0,748.0,1,2025-01-29,3586.74,profit
4404,38,114.0,84,4332.0,9576.0,1,2025-07-30,3585.8,profit
4403,13,65.0,99,845.0,6435.0,1,2025-02-11,3586.83,profit
4402,17,88.0,73,1496.0,6424.0,1,2025-03-14,3586.22,profit
4401,22,89.0,51,1958.0,4539.0,1,2025-04-06,3586.19,profit
4400,26,126.0,37,3276.0,4662.0,1,2025-06-09,3584.96,profit
4399,31,63.0,25,1953.0,1575.0,1,2025-04-06,3586.94,profit
4398,39,143.0,29,5577.0,4147.0,1,2025-09-29,3585.37,profit
4397,33,145.0,68,4785.0,9860.0,1,2025-08-21,3585.33,profit
4396,45,124.0,54,5580.0,6696.0,1,2025-09-29,3585.49,profit
4395,15,26.0,94,390.0,2444.0,1,2025-01-19,3586.07,profit
4394,12,56.0,13,672.0,728.0,1,2025-02-02,3585.61,profit
4393,14,94.0,48,1316.0,4512.0,1,2025-03-06,3586.78,profit
4392,23,120.0,27,2760.0,3240.0,1,2025-05-15,3586.51,profit
4391,47,135.0,56,6345.0,7560.0,1,2025-11-05,3584.66,profit
4390,7,52.0,50,364.0,2600.0,1,2025-01-18,3587.22,profit
4389,7,150.0,85,1050.0,12750.0,1,2025-02-21,3586.06,profit
4388,47,37.0,62,1739.0,2294.0,1,2025-03-26,3586.49,profit
4387,41,150.0,46,6150.0,6900.0,1,2025-10-27,3585.66,profit
4386,40,23.0,14,920.0,322.0,1,2025-02-14,3587.47,profit
4385,26,77.0,94,2002.0,7238.0,1,2025-04-08,3585.23,profit
4384,27,32.0,85,864.0,2720.0,1,2025-02-12,3586.57,profit
4383,45,58.0,25,2610.0,1450.0,1,2025-05-08,3586.67,profit
4382,0,104.0,37,0.0,3848.0,0,2025-01-01,3586.68,profit
4381,45,95.0,66,4275.0,6270.0,1,2025-07-28,3585.61,profit
4380,1,65.0,26,65.0,1690.0,1,2025-01-04,3585.63,profit
4379,35,21.0,74,735.0,1554.0,1,2025-02-05,3585.87,profit
4378,42,111.0,11,4662.0,1221.0,1,2025-08-15,3584.75,profit
4377,20,25.0,67,500.0,1675.0,1,2025-01-25,3586.49,profit
4376,16,143.0,63,2288.0,9009.0,1,2025-04-22,3585.78,profit
4375,38,75.0,32,2850.0,2400.0,1,2025-05-19,3585.26,profit
4374,4,55.0,78,220.0,4290.0,1,2025-01-11,3585.13,profit
4373,0,36.0,22,0.0,792.0,0,2025-01-01,3585.72,profit
4372,20,86.0,75,1720.0,6450.0,1,2025-03-25,3585.66,profit
4371,9,143.0,56,1287.0,8008.0,1,2025-03-04,3585.62,profit
4370,39,42.0,71,1638.0,2982.0,1,2025-03-21,3587.12,profit
4369,15,125.0,41,1875.0,5125.0,1,2025-04-02,3587.09,profit
4368,30,105.0,84,3150.0,8820.0,1,2025-06-03,3585.2,profit
4367,38,80.0,38,3040.0,3040.0,1,2025-05-28,3586.47,profit
4366,3,63.0,96,189.0,6048.0,1,2025-01-10,3586.11,profit
4365,24,138.0,19,3312.0,2622.0,1,2025-06-11,3585.57,profit
4364,37,68.0,40,2516.0,2720.0,1,2025-05-03,3585.39,profit
4363,7,28.0,85,196.0,2380.0,1,2025-01-10,3586.84,profit
4362,11,35.0,17,385.0,595.0,1,2025-01-19,3586.91,profit
4361,44,118.0,25,5192.0,2950.0,1,2025-09-10,3585.25,profit
4360,23,17.0,21,391.0,357.0,1,2025-01-20,3584.92,profit
4359,11,62.0,85,682.0,5270.0,1,2025-02-03,3586.9,profit
4358,18,94.0,77,1692.0,7238.0,1,2025-03-24,3585.06,profit
4357,17,103.0,100,1751.0,10300.0,1,2025-03-27,3585.88,profit
4356,1,138.0,27,138.0,3726.0,1,2025-01-07,3586.45,profit
4355,7,34.0,64,238.0,2176.0,1,2025-01-12,3586.53,profit
4354,20,52.0,26,1040.0,1352.0,1,2025-02-20,3585.83,profit
4353,27,68.0,30,1836.0,2040.0,1,2025-03-31,3586.55,profit
4352,48,89.0,63,4272.0,5607.0,1,2025-07-27,3585.52,profit
4351,0,58.0,42,0.0,2436.0,0,2025-01-01,3586.74,profit
4350,30,146.0,85,4380.0,12410.0,1,2025-08-02,3585.41,profit
4349,49,15.0,57,735.0,855.0,1,2025-02-05,3586.42,profit
4348,1,83.0,69,83.0,5727.0,1,2025-01-05,3585.98,profit
4347,19,60.0,34,1140.0,2040.0,1,2025-02-25,3586.83,profit
4346,10,112.0,12,1120.0,1344.0,1,2025-02-24,3586.51,profit
4345,12,142.0,56,1704.0,7952.0,1,2025-03-24,3585.62,profit
4344,17,89.0,74,1513.0,6586.0,1,2025-03-15,3586.51,profit
4343,36,25.0,60,900.0,1500.0,1,2025-02-13,3587.47,profit
4342,0,94.0,25,0.0,2350.0,0,2025-01-01,3586.5,profit
4341,44,121.0,35,5324.0,4235.0,1,2025-09-17,3585.5,profit
4340,12,112.0,24,1344.0,2688.0,1,2025-03-07,3586.82,profit
4339,0,22.0,82,0.0,1804.0,0,2025-01-01,3586.04,profit
4338,13,128.0,84,1664.0,10752.0,1,2025-03-22,3585.72,profit
4337,17,57.0,19,969.0,1083.0,1,2025-02-17,3586.4,profit
4336,34,21.0,80,714.0,1680.0,1,2025-02-04,3586.71,profit
4335,10,27.0,63,270.0,1701.0,1,2025-01-14,3586.89,profit
4334,50,139.0,56,6950.0,7784.0,1,2025-12-05,3585.51,profit
4333,28,25.0,57,700.0,1425.0,1,2025-02-04,3584.8,profit
4332,34,34.0,100,1156.0,3400.0,1,2025-02-26,3586.17,profit
4331,34,94.0,83,3196.0,7802.0,1,2025-06-05,3585.59,profit
4330,18,144.0,16,2592.0,2304.0,1,2025-05-07,3586.73,profit
4329,16,45.0,19,720.0,855.0,1,2025-02-05,3586.88,profit
4328,7,44.0,59,308.0,2596.0,1,2025-01-15,3586.83,profit
4327,47,35.0,45,1645.0,1575.0,1,2025-03-22,3586.39,profit
4326,25,148.0,84,3700.0,12432.0,1,2025-06-30,3585.47,profit
4325,24,30.0,81,720.0,2430.0,1,2025-02-05,3586.25,profit
4324,46,33.0,45,1518.0,1485.0,1,2025-03-15,3585.54,profit
4323,46,82.0,44,3772.0,3608.0,1,2025-07-03,3585.9,profit
4322,15,89.0,99,1335.0,8811.0,1,2025-03-06,3587.17,profit
4321,31,32.0,65,992.0,2080.0,1,2025-02-18,3587.43,profit
4320,0,24.0,31,0.0,744.0,0,2025-01-01,3587.09,profit
4319,48,132.0,53,6336.0,6996.0,1,2025-11-05,3585.12,profit
4318,30,71.0,87,2130.0,6177.0,1,2025-04-14,3585.68,profit
4317,14,16.0,17,224.0,272.0,1,2025-01-11,3586.3,profit
4316,11,125.0,88,1375.0,11000.0,1,2025-03-08,3585.13,profit
4315,44,146.0,96,6424.0,14016.0,1,2025-11-09,3585.28,profit
4314,48,25.0,11,1200.0,275.0,1,2025-02-28,3586.28,profit
4313,18,99.0,55,1782.0,5445.0,1,2025-03-28,3586.03,profit
4312,21,45.0,98,945.0,4410.0,1,2025-02-15,3586.56,profit
4311,23,52.0,28,1196.0,1456.0,1,2025-02-28,3586.5,profit
4310,42,53.0,43,2226.0,2279.0,1,2025-04-19,3586.8,profit
4309,9,130.0,26,1170.0,3380.0,1,2025-02-26,3585.46,profit
4308,47,90.0,76,4230.0,6840.0,1,2025-07-25,3585.39,profit
4307,41,110.0,16,4510.0,1760.0,1,2025-08-08,3585.56,profit
4306,29,140.0,38,4060.0,5320.0,1,2025-07-17,3585.28,profit
4305,50,118.0,33,5900.0,3894.0,1,2025-10-15,3585.39,profit
4304,40,77.0,44,3080.0,3388.0,1,2025-05-30,3585.26,profit
4303,3,107.0,85,321.0,9095.0,1,2025-01-16,3585.54,profit
4302,30,49.0,31,1470.0,1519.0,1,2025-03-13,3586.0,profit
4301,1,119.0,12,119.0,1428.0,1,2025-01-06,3586.47,profit
4300,22,149.0,43,3278.0,6407.0,1,2025-06-09,3584.81,profit
4299,18,16.0,96,288.0,1536.0,1,2025-01-15,3586.6,profit
4298,34,149.0,72,5066.0,10728.0,1,2025-09-04,3585.31,profit
4297,33,101.0,59,3333.0,5959.0,1,2025-06-12,3586.03,profit
4296,0,52.0,57,0.0,2964.0,0,2025-01-01,3586.93,profit
4295,45,58.0,91,2610.0,5278.0,1,2025-05-08,3586.75,profit
4294,38,99.0,14,3762.0,1386.0,1,2025-07-03,3585.41,profit
4293,21,21.0,92,441.0,1932.0,1,2025-01-22,3586.4,profit
4292,23,125.0,83,2875.0,10375.0,1,2025-05-20,3585.96,profit
4291,37,96.0,51,3552.0,4896.0,1,2025-06-22,3585.84,profit
4290,46,32.0,25,1472.0,800.0,1,2025-03-13,3585.0,profit
4289,24,55.0,26,1320.0,1430.0,1,2025-03-06,3586.82,profit
4288,1,111.0,97,111.0,10767.0,1,2025-01-06,3586.01,profit
4287,48,15.0,51,720.0,765.0,1,2025-02-05,3587.69,profit
4286,38,136.0,90,5168.0,12240.0,1,2025-09-09,3585.33,profit
4285,9,19.0,41,171.0,779.0,1,2025-01-09,3586.7,profit
4284,9,79.0,59,711.0,4661.0,1,2025-02-04,3585.83,profit
4283,24,33.0,63,792.0,2079.0,1,2025-02-08,3586.98,profit
4282,30,88.0,82,2640.0,7216.0,1,2025-05-09,3585.08,profit
4281,40,142.0,65,5680.0,9230.0,1,2025-10-04,3585.64,profit
4280,4,70.0,69,280.0,4830.0,1,2025-01-14,3586.52,profit
4279,9,148.0,43,1332.0,6364.0,1,2025-03-06,3587.06,profit
4278,2,45.0,92,90.0,4140.0,1,2025-01-05,3586.61,profit
4277,16,110.0,43,1760.0,4730.0,1,2025-03-27,3585.44,profit
4276,41,72.0,83,2952.0,5976.0,1,2025-05-24,3586.44,profit
4275,4,37.0,67,148.0,2479.0,1,2025-01-08,3585.83,profit
4274,11,131.0,12,1441.0,1572.0,1,2025-03-12,3586.6,profit
4273,34,43.0,92,1462.0,3956.0,1,2025-03-13,3586.81,profit
4272,36,17.0,82,612.0,1394.0,1,2025-01-30,3585.19,profit
4271,21,50.0,42,1050.0,2100.0,1,2025-02-21,3587.05,profit
4270,13,22.0,81,286.0,1782.0,1,2025-01-14,3586.01,profit
4269,43,146.0,54,6278.0,7884.0,1,2025-11-02,3585.05,profit
4268,25,136.0,68,3400.0,9248.0,1,2025-06-15,3585.52,profit
4267,11,125.0,90,1375.0,11250.0,1,2025-03-08,3585.45,profit
4266,47,15.0,22,705.0,330.0,1,2025-02-04,3587.56,profit
4265,21,56.0,63,1176.0,3528.0,1,2025-02-27,3586.97,profit
4264,47,96.0,25,4512.0,2400.0,1,2025-08-08,3585.73,profit
4263,29,70.0,55,2030.0,3850.0,1,2025-04-09,3585.5,profit
4262,46,116.0,70,5336.0,8120.0,1,2025-09-17,3585.36,profit
4261,29,77.0,78,2233.0,6006.0,1,2025-04-19,3586.84,profit
4260,1,73.0,80,73.0,5840.0,1,2025-01-04,3586.49,profit
4259,31,107.0,33,3317.0,3531.0,1,2025-06-11,3586.19,profit
4258,5,22.0,74,110.0,1628.0,1,2025-01-06,3586.4,profit
4257,28,62.0,41,1736.0,2542.0,1,2025-03-26,3585.78,profit
4256,47,39.0,20,1833.0,780.0,1,2025-03-31,3585.6,profit
4255,49,125.0,52,6125.0,6500.0,1,2025-10-26,3585.39,profit
4254,1,56.0,72,56.0,4032.0,1,2025-01-03,3585.99,profit
4253,42,61.0,100,2562.0,6100.0,1,2025-05-05,3585.87,profit
4252,12,73.0,38,876.0,2774.0,1,2025-02-12,3587.17,profit
4251,47,143.0,50,6721.0,7150.0,1,2025-11-24,3585.58,profit
4250,24,112.0,79,2688.0,8848.0,1,2025-05-11,3586.04,profit
4249,30,141.0,13,4230.0,1833.0,1,2025-07-25,3585.62,profit
4248,24,27.0,28,648.0,756.0,1,2025-02-01,3586.8,profit
4247,2,129.0,22,258.0,2838.0,1,2025-01-13,3585.6,profit
4246,14,27.0,76,378.0,2052.0,1,2025-01-19,3586.16,profit
4245,31,85.0,66,2635.0,5610.0,1,2025-05-09,3586.78,profit
4244,1,58.0,31,58.0,1798.0,1,2025-01-03,3586.26,profit
4243,16,106.0,63,1696.0,6678.0,1,2025-03-24,3586.33,profit
4242,32,146.0,34,4672.0,4964.0,1,2025-08-16,3585.46,profit
4241,24,134.0,28,3216.0,3752.0,1,2025-06-06,3586.23,profit
4240,44,132.0,82,5808.0,10824.0,1,2025-10-10,3585.64,profit
4239,47,127.0,96,5969.0,12192.0,1,2025-10-18,3585.26,profit
4238,15,17.0,70,255.0,1190.0,1,2025-01-13,3585.6,profit
4237,34,66.0,78,2244.0,5148.0,1,2025-04-20,3586.94,profit
4236,43,143.0,40,6149.0,5720.0,1,2025-10-27,3585.45,profit
4235,49,121.0,60,5929.0,7260.0,1,2025-10-16,3585.2,profit
4234,45,84.0,94,3780.0,7896.0,1,2025-07-03,3586.48,profit
4233,36,117.0,93,4212.0,10881.0,1,2025-07-24,3585.21,profit
4232,18,24.0,70,432.0,1680.0,1,2025-01-22,3584.9,profit
4231,42,144.0,61,6048.0,8784.0,1,2025-10-22,3585.4,profit
4230,4,103.0,66,412.0,6798.0,1,2025-01-21,3586.9,profit
4229,32,71.0,88,2272.0,6248.0,1,2025-04-21,3585.31,profit
4228,38,53.0,16,2014.0,848.0,1,2025-04-09,3585.71,profit
4227,32,34.0,57,1088.0,1938.0,1,2025-02-22,3586.36,profit
4226,16,64.0,62,1024.0,3968.0,1,2025-02-19,3586.45,profit
4225,24,59.0,59,1416.0,3481.0,1,2025-03-10,3586.99,profit
4224,9,106.0,95,954.0,10070.0,1,2025-02-16,3585.04,profit
4223,35,70.0,13,2450.0,910.0,1,2025-04-30,3586.76,profit
4222,4,43.0,57,172.0,2451.0,1,2025-01-09,3585.76,profit
4221,44,123.0,83,5412.0,10209.0,1,2025-09-21,3585.12,profit
4220,10,62.0,100,620.0,6200.0,1,2025-01-31,3586.97,profit
4219,47,66.0,71,3102.0,4686.0,1,2025-05-31,3586.29,profit
4218,43,74.0,61,3182.0,4514.0,1,2025-06-04,3586.11,profit
4217,21,36.0,78,756.0,2808.0,1,2025-02-06,3587.63,profit
4216,24,28.0,76,672.0,2128.0,1,2025-02-02,3586.42,profit
4215,2,85.0,45,170.0,3825.0,1,2025-01-09,3587.02,profit
4214,50,59.0,65,2950.0,3835.0,1,2025-05-24,3585.35,profit
4213,7,17.0,23,119.0,391.0,1,2025-01-06,3584.69,profit
4212,17,77.0,98,1309.0,7546.0,1,2025-03-05,3584.45,profit
4211,48,107.0,59,5136.0,6313.0,1,2025-09-07,3585.72,profit
4210,14,36.0,36,504.0,1296.0,1,2025-01-25,3586.87,profit
4209,46,139.0,88,6394.0,12232.0,1,2025-11-08,3585.52,profit
4208,36,76.0,79,2736.0,6004.0,1,2025-05-14,3585.52,profit
4207,6,133.0,25,798.0,3325.0,1,2025-02-08,3585.09,profit
4206,35,111.0,81,3885.0,8991.0,1,2025-07-09,3584.91,profit
4205,3,150.0,18,450.0,2700.0,1,2025-01-22,3587.01,profit
4204,10,92.0,16,920.0,1472.0,1,2025-02-14,3587.53,profit
4203,38,73.0,63,2774.0,4599.0,1,2025-05-16,3585.19,profit
4202,19,44.0,89,836.0,3916.0,1,2025-02-10,3587.8,profit
4201,23,50.0,35,1150.0,1750.0,1,2025-02-25,3586.55,profit
4200,10,112.0,72,1120.0,8064.0,1,2025-02-24,3585.59,profit
4199,11,38.0,33,418.0,1254.0,1,2025-01-21,3585.46,profit
4198,33,114.0,11,3762.0,1254.0,1,2025-07-03,3586.15,profit
4197,15,116.0,12,1740.0,1392.0,1,2025-03-26,3585.51,profit
4196,13,78.0,10,1014.0,780.0,1,2025-02-19,3587.3,profit
4195,7,52.0,12,364.0,624.0,1,2025-01-18,3586.61,profit
4194,31,150.0,60,4650.0,9000.0,1,2025-08-15,3585.81,profit
4193,24,27.0,69,648.0,1863.0,1,2025-02-01,3586.71,profit
4192,5,147.0,25,735.0,3675.0,1,2025-02-05,3586.16,profit
4191,18,32.0,27,576.0,864.0,1,2025-01-29,3586.72,profit
4190,25,64.0,86,1600.0,5504.0,1,2025-03-19,3587.06,profit
4189,9,39.0,90,351.0,3510.0,1,2025-01-18,3585.8,profit
4188,31,23.0,57,713.0,1311.0,1,2025-02-04,3586.94,profit
4187,5,37.0,96,185.0,3552.0,1,2025-01-10,3586.26,profit
4186,32,135.0,96,4320.0,12960.0,1,2025-07-30,3585.66,profit
4185,38,139.0,87,5282.0,12093.0,1,2025-09-15,3585.68,profit
4184,41,125.0,65,5125.0,8125.0,1,2025-09-07,3585.35,profit
4183,1,73.0,41,73.0,2993.0,1,2025-01-04,3586.5,profit
4182,30,91.0,42,2730.0,3822.0,1,2025-05-13,3585.93,profit
4181,24,74.0,88,1776.0,6512.0,1,2025-03-28,3585.31,profit
4180,13,15.0,64,195.0,960.0,1,2025-01-10,3586.72,profit
4179,19,120.0,62,2280.0,7440.0,1,2025-04-21,3585.83,profit
4178,26,27.0,46,702.0,1242.0,1,2025-02-04,3587.38,profit
4177,37,92.0,64,3404.0,5888.0,1,2025-06-15,3586.55,profit
4176,36,142.0,60,5112.0,8520.0,1,2025-09-06,3585.32,profit
4175,27,118.0,92,3186.0,10856.0,1,2025-06-05,3584.99,profit
4174,6,84.0,68,504.0,5712.0,1,2025-01-25,3587.15,profit
4173,29,126.0,41,3654.0,5166.0,1,2025-06-27,3584.99,profit
4172,50,127.0,25,6350.0,3175.0,1,2025-11-06,3585.02,profit
4171,6,96.0,27,576.0,2592.0,1,2025-01-29,3585.14,profit
4170,12,23.0,93,276.0,2139.0,1,2025-01-14,3586.67,profit
4169,30,79.0,26,2370.0,2054.0,1,2025-04-26,3585.43,profit
4168,7,45.0,68,315.0,3060.0,1,2025-01-16,3587.07,profit
4167,38,118.0,12,4484.0,1416.0,1,2025-08-07,3585.5,profit
4166,32,92.0,66,2944.0,6072.0,1,2025-05-24,3586.56,profit
4165,10,103.0,34,1030.0,3502.0,1,2025-02-20,3585.53,profit
4164,9,83.0,15,747.0,1245.0,1,2025-02-06,3586.9,profit
4163,27,65.0,62,1755.0,4030.0,1,2025-03-27,3587.11,profit
4162,44,136.0,35,5984.0,4760.0,1,2025-10-19,3585.34,profit
4161,27,32.0,69,864.0,2208.0,1,2025-02-12,3585.46,profit
4160,2,48.0,15,96.0,720.0,1,2025-01-05,3586.61,profit
4159,31,31.0,10,961.0,310.0,1,2025-02-16,3586.89,profit
4158,8,99.0,28,792.0,2772.0,1,2025-02-08,3587.34,profit
4157,20,44.0,14,880.0,616.0,1,2025-02-12,3586.27,profit
4156,8,32.0,79,256.0,2528.0,1,2025-01-13,3586.21,profit
4155,50,141.0,92,7050.0,12972.0,1,2025-12-10,3585.01,profit
4154,25,44.0,97,1100.0,4268.0,1,2025-02-23,3586.73,profit
4153,45,18.0,75,810.0,1350.0,1,2025-02-09,3586.15,profit
4152,45,102.0,74,4590.0,7548.0,1,2025-08-12,3585.37,profit
4151,4,79.0,26,316.0,2054.0,1,2025-01-16,3586.89,profit
4150,36,97.0,89,3492.0,8633.0,1,2025-06-19,3585.89,profit
4149,29,82.0,21,2378.0,1722.0,1,2025-04-26,3584.72,profit
4148,20,138.0,71,2760.0,9798.0,1,2025-05-15,3585.78,profit
4147,36,129.0,26,4644.0,3354.0,1,2025-08-15,3585.43,profit
4146,17,83.0,100,1411.0,8300.0,1,2025-03-10,3586.6,profit
4145,30,87.0,18,2610.0,1566.0,1,2025-05-08,3585.93,profit
4144,37,114.0,67,4218.0,7638.0,1,2025-07-25,3585.56,profit
4143,15,24.0,39,360.0,936.0,1,2025-01-18,3585.87,profit
4142,47,125.0,86,5875.0,10750.0,1,2025-10-13,3585.45,profit
4141,23,111.0,75,2553.0,8325.0,1,2025-05-05,3586.2,profit
4140,28,60.0,97,1680.0,5820.0,1,2025-03-23,3585.3,profit
4139,49,68.0,59,3332.0,4012.0,1,2025-06-12,3585.92,profit
4138,14,146.0,73,2044.0,10658.0,1,2025-04-10,3586.47,profit
4137,26,48.0,79,1248.0,3792.0,1,2025-03-02,3587.16,profit
4136,5,95.0,84,475.0,7980.0,1,2025-01-24,3585.81,profit
4135,44,107.0,49,4708.0,5243.0,1,2025-08-18,3585.95,profit
4134,11,41.0,71,451.0,2911.0,1,2025-01-22,3584.47,profit
4133,35,141.0,54,4935.0,7614.0,1,2025-08-29,3585.78,profit
4132,20,54.0,97,1080.0,5238.0,1,2025-02-22,3587.04,profit
4131,11,100.0,36,1100.0,3600.0,1,2025-02-23,3585.6,profit
4130,3,110.0,75,330.0,8250.0,1,2025-01-17,3585.76,profit
4129,20,34.0,81,680.0,2754.0,1,2025-02-03,3586.58,profit
4128,11,36.0,14,396.0,504.0,1,2025-01-20,3586.99,profit
4127,4,109.0,22,436.0,2398.0,1,2025-01-22,3586.98,profit
4126,13,21.0,73,273.0,1533.0,1,2025-01-14,3586.96,profit
4125,15,145.0,26,2175.0,3770.0,1,2025-04-16,3586.45,profit
4124,41,142.0,66,5822.0,9372.0,1,2025-10-11,3584.67,profit
4123,24,109.0,33,2616.0,3597.0,1,2025-05-08,3586.42,profit
4122,35,100.0,39,3500.0,3900.0,1,2025-06-20,3586.52,profit
4121,33,121.0,69,3993.0,8349.0,1,2025-07-14,3586.19,profit
4120,17,47.0,40,799.0,1880.0,1,2025-02-08,3585.0,profit
4119,18,108.0,55,1944.0,5940.0,1,2025-04-05,3585.42,profit
4118,49,47.0,62,2303.0,2914.0,1,2025-04-23,3586.84,profit
4117,25,88.0,84,2200.0,7392.0,1,2025-04-18,3585.32,profit
4116,6,54.0,44,324.0,2376.0,1,2025-01-16,3586.74,profit
4115,16,76.0,55,1216.0,4180.0,1,2025-03-01,3586.95,profit
4114,43,97.0,23,4171.0,2231.0,1,2025-07-22,3585.23,profit
4113,9,66.0,90,594.0,5940.0,1,2025-01-29,3587.3,profit
4112,10,128.0,91,1280.0,11648.0,1,2025-03-04,3587.3,profit
4111,22,43.0,47,946.0,2021.0,1,2025-02-16,3586.68,profit
4110,43,146.0,49,6278.0,7154.0,1,2025-11-02,3584.9,profit
4109,5,108.0,54,540.0,5832.0,1,2025-01-27,3585.78,profit
4108,35,108.0,65,3780.0,7020.0,1,2025-07-03,3586.02,profit
4107,34,95.0,82,3230.0,7790.0,1,2025-06-07,3585.36,profit
4106,43,55.0,33,2365.0,1815.0,1,2025-04-26,3585.43,profit
4105,2,145.0,34,290.0,4930.0,1,2025-01-15,3586.23,profit
4104,44,124.0,25,5456.0,3100.0,1,2025-09-23,3585.04,profit
4103,0,20.0,23,0.0,460.0,0,2025-01-01,3586.7,profit
4102,36,38.0,44,1368.0,1672.0,1,2025-03-08,3585.32,profit
4101,46,121.0,18,5566.0,2178.0,1,2025-09-28,3584.96,profit
4100,14,103.0,41,1442.0,4223.0,1,2025-03-12,3586.69,profit
4099,32,134.0,29,4288.0,3886.0,1,2025-07-28,3585.36,profit
4098,50,40.0,52,2000.0,2080.0,1,2025-04-08,3586.42,profit
4097,49,32.0,15,1568.0,480.0,1,2025-03-18,3585.46,profit
4096,42,36.0,27,1512.0,972.0,1,2025-03-15,3586.44,profit
4095,39,93.0,60,3627.0,5580.0,1,2025-06-26,3585.32,profit
4094,39,119.0,96,4641.0,11424.0,1,2025-08-14,3585.91,profit
4093,27,41.0,93,1107.0,3813.0,1,2025-02-23,3585.71,profit
4092,31,76.0,46,2356.0,3496.0,1,2025-04-25,3586.08,profit
4091,4,53.0,98,212.0,5194.0,1,2025-01-11,3586.63,profit
4090,8,50.0,49,400.0,2450.0,1,2025-01-20,3585.69,profit
4089,32,94.0,99,3008.0,9306.0,1,2025-05-27,3586.93,profit
4088,22,146.0,82,3212.0,11972.0,1,2025-06-06,3585.51,profit
4087,11,104.0,54,1144.0,5616.0,1,2025-02-25,3587.11,profit
4086,23,15.0,27,345.0,405.0,1,2025-01-17,3585.65,profit
4085,40,37.0,57,1480.0,2109.0,1,2025-03-14,3585.12,profit
4084,1,116.0,66,116.0,7656.0,1,2025-01-06,3585.18,profit
4083,32,35.0,53,1120.0,1855.0,1,2025-02-24,3585.95,profit
4082,9,33.0,84,297.0,2772.0,1,2025-01-15,3585.49,profit
4081,32,15.0,56,480.0,840.0,1,2025-01-24,3587.39,profit
4080,4,17.0,89,68.0,1513.0,1,2025-01-04,3586.03,profit
4079,5,43.0,78,215.0,3354.0,1,2025-01-11,3586.19,profit
4078,39,87.0,23,3393.0,2001.0,1,2025-06-15,3585.84,profit
4077,32,122.0,90,3904.0,10980.0,1,2025-07-09,3586.28,profit
4076,14,87.0,35,1218.0,3045.0,1,2025-03-01,3586.69,profit
4075,18,84.0,73,1512.0,6132.0,1,2025-03-15,3587.41,profit
4074,4,63.0,25,252.0,1575.0,1,2025-01-13,3586.56,profit
4073,13,105.0,59,1365.0,6195.0,1,2025-03-08,3585.7,profit
4072,13,58.0,62,754.0,3596.0,1,2025-02-06,3585.71,profit
4071,15,69.0,63,1035.0,4347.0,1,2025-02-20,3586.57,profit
4070,20,99.0,11,1980.0,1089.0,1,2025-04-07,3586.05,profit
4069,0,64.0,89,0.0,5696.0,0,2025-01-01,3585.37,profit
4068,14,96.0,77,1344.0,7392.0,1,2025-03-07,3587.0,profit
4067,13,144.0,99,1872.0,14256.0,1,2025-04-02,3586.78,profit
4066,5,63.0,43,315.0,2709.0,1,2025-01-16,3586.58,profit
4065,15,41.0,82,615.0,3362.0,1,2025-01-30,3587.48,profit
4064,17,62.0,27,1054.0,1674.0,1,2025-02-21,3586.28,profit
4063,19,116.0,51,2204.0,5916.0,1,2025-04-18,3585.43,profit
4062,45,32.0,99,1440.0,3168.0,1,2025-03-12,3586.41,profit
4061,26,28.0,78,728.0,2184.0,1,2025-02-05,3587.14,profit
4060,3,64.0,69,192.0,4416.0,1,2025-01-10,3586.26,profit
4059,35,35.0,68,1225.0,2380.0,1,2025-03-01,3586.49,profit
4058,28,61.0,13,1708.0,793.0,1,2025-03-25,3585.85,profit
4057,40,105.0,11,4200.0,1155.0,1,2025-07-24,3585.34,profit
4056,45,119.0,16,5355.0,1904.0,1,2025-09-18,3585.9,profit
4055,44,90.0,28,3960.0,2520.0,1,2025-07-12,3586.24,profit
4054,23,147.0,63,3381.0,9261.0,1,2025-06-14,3584.61,profit
4053,20,103.0,25,2060.0,2575.0,1,2025-04-11,3586.02,profit
4052,35,17.0,95,595.0,1615.0,1,2025-01-29,3585.9,profit
4051,26,85.0,65,2210.0,5525.0,1,2025-04-18,3586.13,profit
4050,44,149.0,20,6556.0,2980.0,1,2025-11-16,3585.69,profit
4049,17,102.0,45,1734.0,4590.0,1,2025-03-26,3586.22,profit
4048,36,138.0,12,4968.0,1656.0,1,2025-08-30,3585.83,profit
4047,35,22.0,59,770.0,1298.0,1,2025-02-07,3586.91,profit
4046,38,32.0,52,1216.0,1664.0,1,2025-03-01,3585.61,profit
4045,11,124.0,55,1364.0,6820.0,1,2025-03-08,3585.85,profit
4044,2,72.0,23,144.0,1656.0,1,2025-01-08,3585.25,profit
4043,6,133.0,70,798.0,9310.0,1,2025-02-08,3586.52,profit
4042,26,124.0,34,3224.0,4216.0,1,2025-06-06,3585.46,profit
4041,25,27.0,48,675.0,1296.0,1,2025-02-02,3586.71,profit
4040,3,110.0,11,330.0,1210.0,1,2025-01-17,3585.77,profit
4039,48,83.0,78,3984.0,6474.0,1,2025-07-13,3584.86,profit
4038,47,117.0,59,5499.0,6903.0,1,2025-09-25,3586.2,profit
4037,41,142.0,100,5822.0,14200.0,1,2025-10-11,3585.23,profit
4036,19,79.0,54,1501.0,4266.0,1,2025-03-15,3586.81,profit
4035,12,137.0,84,1644.0,11508.0,1,2025-03-22,3586.61,profit
4034,37,15.0,21,555.0,315.0,1,2025-01-28,3584.97,profit
4033,25,74.0,46,1850.0,3404.0,1,2025-04-01,3585.12,profit
4032,46,40.0,43,1840.0,1720.0,1,2025-03-31,3585.66,profit
4031,50,72.0,87,3600.0,6264.0,1,2025-06-25,3586.32,profit
4030,26,130.0,76,3380.0,9880.0,1,2025-06-14,3586.07,profit
4029,4,19.0,82,76.0,1558.0,1,2025-01-04,3586.99,profit
4028,17,81.0,96,1377.0,7776.0,1,2025-03-09,3587.12,profit
4027,22,72.0,66,1584.0,4752.0,1,2025-03-19,3586.9,profit
4026,14,108.0,87,1512.0,9396.0,1,2025-03-15,3586.32,profit
4025,49,114.0,43,5586.0,4902.0,1,2025-09-29,3585.61,profit
4024,20,134.0,19,2680.0,2546.0,1,2025-05-11,3585.95,profit
4023,22,41.0,14,902.0,574.0,1,2025-02-13,3587.59,profit
4022,3,32.0,93,96.0,2976.0,1,2025-01-05,3585.67,profit
4021,36,69.0,87,2484.0,6003.0,1,2025-05-01,3586.45,profit
4020,24,115.0,36,2760.0,4140.0,1,2025-05-15,3586.1,profit
4019,9,123.0,91,1107.0,11193.0,1,2025-02-23,3585.58,profit
4018,50,81.0,64,4050.0,5184.0,1,2025-07-17,3585.17,profit
4017,44,34.0,68,1496.0,2312.0,1,2025-03-14,3587.36,profit
4016,40,137.0,84,5480.0,11508.0,1,2025-09-24,3585.01,profit
4015,40,15.0,17,600.0,255.0,1,2025-01-30,3585.69,profit
4014,37,102.0,21,3774.0,2142.0,1,2025-07-03,3586.18,profit
4013,7,98.0,58,686.0,5684.0,1,2025-02-03,3585.31,profit
4012,33,98.0,20,3234.0,1960.0,1,2025-06-07,3586.38,profit
4011,6,114.0,87,684.0,9918.0,1,2025-02-03,3585.01,profit
4010,23,142.0,11,3266.0,1562.0,1,2025-06-08,3586.42,profit
4009,25,16.0,40,400.0,640.0,1,2025-01-20,3586.84,profit
4008,3,43.0,35,129.0,1505.0,1,2025-01-07,3586.11,profit
4007,0,136.0,62,0.0,8432.0,0,2025-01-01,3585.39,profit
4006,21,45.0,10,945.0,450.0,1,2025-02-15,3587.03,profit
4005,16,118.0,78,1888.0,9204.0,1,2025-04-02,3585.61,profit
4004,31,59.0,15,1829.0,885.0,1,2025-03-31,3585.57,profit
4003,16,39.0,42,624.0,1638.0,1,2025-01-31,3586.73,profit
4002,43,29.0,17,1247.0,493.0,1,2025-03-02,3586.59,profit
4001,13,39.0,85,507.0,3315.0,1,2025-01-25,3586.83,profit
4000,23,134.0,88,3082.0,11792.0,1,2025-05-30,3586.2,profit
3999,17,144.0,17,2448.0,2448.0,1,2025-04-30,3586.18,profit
3998,30,45.0,37,1350.0,1665.0,1,2025-03-07,3586.71,profit
3997,16,59.0,54,944.0,3186.0,1,2025-02-15,3587.53,profit
3996,28,92.0,87,2576.0,8004.0,1,2025-05-06,3586.57,profit
3995,44,36.0,74,1584.0,2664.0,1,2025-03-19,3585.37,profit
3994,31,40.0,16,1240.0,640.0,1,2025-03-02,3586.42,profit
3993,28,44.0,77,1232.0,3388.0,1,2025-03-01,3587.07,profit
3992,22,138.0,35,3036.0,4830.0,1,2025-05-28,3586.53,profit
3991,41,50.0,19,2050.0,950.0,1,2025-04-10,3585.9,profit
3990,31,118.0,17,3658.0,2006.0,1,2025-06-28,3585.33,profit
3989,37,148.0,48,5476.0,7104.0,1,2025-09-24,3585.14,profit
3988,27,108.0,68,2916.0,7344.0,1,2025-05-22,3586.04,profit
3987,0,120.0,95,0.0,11400.0,0,2025-01-01,3585.08,profit
3986,37,90.0,14,3330.0,1260.0,1,2025-06-12,3585.66,profit
3985,12,150.0,25,1800.0,3750.0,1,2025-03-29,3586.64,profit
3984,34,134.0,67,4556.0,8978.0,1,2025-08-10,3585.56,profit
3983,34,132.0,53,4488.0,6996.0,1,2025-08-07,3585.75,profit
3982,33,31.0,61,1023.0,1891.0,1,2025-02-19,3587.2,profit
3981,38,132.0,15,5016.0,1980.0,1,2025-09-02,3585.08,profit
3980,19,98.0,26,1862.0,2548.0,1,2025-04-01,3586.22,profit
3979,40,28.0,84,1120.0,2352.0,1,2025-02-24,3587.31,profit
3978,32,109.0,45,3488.0,4905.0,1,2025-06-19,3586.58,profit
3977,10,53.0,53,530.0,2809.0,1,2025-01-26,3586.96,profit
3976,28,144.0,74,4032.0,10656.0,1,2025-07-16,3584.62,profit
3975,44,23.0,48,1012.0,1104.0,1,2025-02-19,3587.35,profit
3974,49,96.0,86,4704.0,8256.0,1,2025-08-17,3585.38,profit
3973,25,19.0,15,475.0,285.0,1,2025-01-24,3585.95,profit
3972,25,56.0,59,1400.0,3304.0,1,2025-03-10,3586.8,profit
3971,41,63.0,20,2583.0,1260.0,1,2025-05-06,3586.36,profit
3970,37,150.0,66,5550.0,9900.0,1,2025-09-28,3585.33,profit
3969,9,23.0,20,207.0,460.0,1,2025-01-11,3586.36,profit
3968,29,111.0,20,3219.0,2220.0,1,2025-06-06,3584.87,profit
3967,35,127.0,77,4445.0,9779.0,1,2025-08-05,3585.07,profit
3966,3,70.0,55,210.0,3850.0,1,2025-01-11,3586.69,profit
3965,49,57.0,58,2793.0,3306.0,1,2025-05-16,3585.89,profit
3964,18,30.0,99,540.0,2970.0,1,2025-01-27,3586.44,profit
3963,8,40.0,54,320.0,2160.0,1,2025-01-16,3585.9,profit
3962,1,120.0,50,120.0,6000.0,1,2025-01-06,3586.5,profit
3961,12,40.0,16,480.0,640.0,1,2025-01-24,3585.07,profit
3960,25,132.0,81,3300.0,10692.0,1,2025-06-10,3586.75,profit
3959,28,85.0,79,2380.0,6715.0,1,2025-04-26,3586.51,profit
3958,19,110.0,91,2090.0,10010.0,1,2025-04-12,3586.74,profit
3957,32,18.0,87,576.0,1566.0,1,2025-01-29,3586.82,profit
3956,14,41.0,86,574.0,3526.0,1,2025-01-28,3586.46,profit
3955,13,22.0,49,286.0,1078.0,1,2025-01-14,3586.44,profit
3954,18,49.0,33,882.0,1617.0,1,2025-02-12,3587.76,profit
3953,22,25.0,51,550.0,1275.0,1,2025-01-27,3586.8,profit
3952,42,140.0,13,5880.0,1820.0,1,2025-10-14,3585.42,profit
3951,41,116.0,94,4756.0,10904.0,1,2025-08-20,3585.86,profit
3950,44,59.0,34,2596.0,2006.0,1,2025-05-07,3585.72,profit
3949,24,48.0,16,1152.0,768.0,1,2025-02-26,3586.09,profit
3948,41,55.0,84,2255.0,4620.0,1,2025-04-20,3585.92,profit
3947,47,75.0,22,3525.0,1650.0,1,2025-06-21,3584.76,profit
3946,34,118.0,26,4012.0,3068.0,1,2025-07-15,3585.8,profit
3945,3,42.0,50,126.0,2100.0,1,2025-01-07,3585.0,profit
3944,40,47.0,56,1880.0,2632.0,1,2025-04-02,3584.64,profit
3943,14,42.0,75,588.0,3150.0,1,2025-01-29,3585.53,profit
3942,13,82.0,79,1066.0,6478.0,1,2025-02-21,3587.61,profit
3941,28,32.0,82,896.0,2624.0,1,2025-02-13,3585.67,profit
3940,6,75.0,77,450.0,5775.0,1,2025-01-22,3586.28,profit
3939,40,103.0,89,4120.0,9167.0,1,2025-07-20,3586.13,profit
3938,48,139.0,37,6672.0,5143.0,1,2025-11-21,3585.44,profit
3937,24,128.0,68,3072.0,8704.0,1,2025-05-30,3586.56,profit
3936,34,15.0,56,510.0,840.0,1,2025-01-25,3585.75,profit
3935,6,55.0,98,330.0,5390.0,1,2025-01-17,3586.6,profit
3934,14,143.0,25,2002.0,3575.0,1,2025-04-08,3587.15,profit
3933,15,68.0,29,1020.0,1972.0,1,2025-02-19,3585.43,profit
3932,46,79.0,11,3634.0,869.0,1,2025-06-26,3585.94,profit
3931,12,148.0,78,1776.0,11544.0,1,2025-03-28,3584.59,profit
3930,31,113.0,48,3503.0,5424.0,1,2025-06-20,3584.9,profit
3929,20,27.0,49,540.0,1323.0,1,2025-01-27,3584.87,profit
3928,48,78.0,12,3744.0,936.0,1,2025-07-02,3585.33,profit
3927,32,122.0,28,3904.0,3416.0,1,2025-07-09,3585.32,profit
3926,38,113.0,32,4294.0,3616.0,1,2025-07-28,3585.1,profit
3925,4,21.0,76,84.0,1596.0,1,2025-01-05,3585.44,profit
3924,35,33.0,31,1155.0,1023.0,1,2025-02-26,3584.9,profit
3923,11,146.0,88,1606.0,12848.0,1,2025-03-20,3585.5,profit
3922,2,75.0,59,150.0,4425.0,1,2025-01-08,3586.28,profit
3921,36,136.0,42,4896.0,5712.0,1,2025-08-27,3585.79,profit
3920,21,121.0,88,2541.0,10648.0,1,2025-05-04,3586.65,profit
3919,36,27.0,44,972.0,1188.0,1,2025-02-17,3587.46,profit
3918,46,18.0,33,828.0,594.0,1,2025-02-10,3586.94,profit
3917,48,123.0,88,5904.0,10824.0,1,2025-10-15,3585.77,profit
3916,32,76.0,21,2432.0,1596.0,1,2025-04-29,3585.91,profit
3915,19,29.0,25,551.0,725.0,1,2025-01-27,3586.43,profit
3914,19,92.0,42,1748.0,3864.0,1,2025-03-27,3587.26,profit
3913,24,73.0,95,1752.0,6935.0,1,2025-03-27,3587.22,profit
3912,44,81.0,11,3564.0,891.0,1,2025-06-23,3585.54,profit
3911,34,32.0,51,1088.0,1632.0,1,2025-02-22,3585.62,profit
3910,31,64.0,30,1984.0,1920.0,1,2025-04-07,3586.63,profit
3909,49,147.0,58,7203.0,8526.0,1,2025-12-17,3584.84,profit
3908,20,101.0,56,2020.0,5656.0,1,2025-04-09,3586.71,profit
3907,43,90.0,92,3870.0,8280.0,1,2025-07-08,3586.45,profit
3906,36,76.0,36,2736.0,2736.0,1,2025-05-14,3585.2,profit
3905,46,140.0,86,6440.0,12040.0,1,2025-11-10,3585.19,profit
3904,11,73.0,43,803.0,3139.0,1,2025-02-09,3586.18,profit
3903,3,146.0,66,438.0,9636.0,1,2025-01-22,3585.26,profit
3902,29,132.0,13,3828.0,1716.0,1,2025-07-06,3585.14,profit
3901,13,55.0,95,715.0,5225.0,1,2025-02-04,3587.01,profit
3900,47,93.0,38,4371.0,3534.0,1,2025-08-01,3586.34,profit
3899,3,148.0,44,444.0,6512.0,1,2025-01-22,3586.03,profit
3898,45,105.0,25,4725.0,2625.0,1,2025-08-18,3585.49,profit
3897,19,38.0,85,722.0,3230.0,1,2025-02-05,3585.2,profit
3896,42,33.0,97,1386.0,3201.0,1,2025-03-09,3585.96,profit
3895,43,15.0,48,645.0,720.0,1,2025-02-01,3586.36,profit
3894,49,30.0,46,1470.0,1380.0,1,2025-03-13,3585.89,profit
3893,30,64.0,35,1920.0,2240.0,1,2025-04-04,3586.63,profit
3892,11,49.0,73,539.0,3577.0,1,2025-01-27,3586.42,profit
3891,2,95.0,73,190.0,6935.0,1,2025-01-10,3586.98,profit
3890,25,42.0,13,1050.0,546.0,1,2025-02-21,3585.83,profit
3889,45,32.0,94,1440.0,3008.0,1,2025-03-12,3586.61,profit
3888,30,64.0,20,1920.0,1280.0,1,2025-04-04,3586.46,profit
3887,36,47.0,93,1692.0,4371.0,1,2025-03-24,3585.4,profit
3886,48,19.0,73,912.0,1387.0,1,2025-02-14,3585.09,profit
3885,31,108.0,23,3348.0,2484.0,1,2025-06-12,3585.35,profit
3884,18,92.0,23,1656.0,2116.0,1,2025-03-22,3586.41,profit
3883,8,100.0,45,800.0,4500.0,1,2025-02-08,3585.68,profit
3882,39,111.0,67,4329.0,7437.0,1,2025-07-30,3585.32,profit
3881,4,113.0,46,452.0,5198.0,1,2025-01-22,3586.13,profit
3880,49,70.0,51,3430.0,3570.0,1,2025-06-16,3586.63,profit
3879,39,85.0,40,3315.0,3400.0,1,2025-06-11,3585.69,profit
3878,0,112.0,96,0.0,10752.0,0,2025-01-01,3585.23,profit
3877,3,63.0,54,189.0,3402.0,1,2025-01-10,3586.95,profit
3876,36,122.0,83,4392.0,10126.0,1,2025-08-02,3585.03,profit
3875,3,44.0,66,132.0,2904.0,1,2025-01-07,3586.13,profit
3874,10,18.0,86,180.0,1548.0,1,2025-01-09,3585.56,profit
3873,15,100.0,68,1500.0,6800.0,1,2025-03-14,3585.78,profit
3872,49,90.0,20,4410.0,1800.0,1,2025-08-03,3585.9,profit
3871,15,69.0,70,1035.0,4830.0,1,2025-02-20,3587.33,profit
3870,13,124.0,99,1612.0,12276.0,1,2025-03-20,3587.12,profit
3869,28,62.0,30,1736.0,1860.0,1,2025-03-26,3584.98,profit
3868,50,45.0,14,2250.0,630.0,1,2025-04-20,3586.5,profit
3867,13,80.0,65,1040.0,5200.0,1,2025-02-20,3586.19,profit
3866,2,52.0,28,104.0,1456.0,1,2025-01-06,3585.43,profit
3865,28,90.0,24,2520.0,2160.0,1,2025-05-03,3586.74,profit
3864,28,68.0,33,1904.0,2244.0,1,2025-04-03,3587.02,profit
3863,2,54.0,86,108.0,4644.0,1,2025-01-06,3585.56,profit
3862,6,127.0,99,762.0,12573.0,1,2025-02-07,3586.92,profit
3861,46,114.0,76,5244.0,8664.0,1,2025-09-13,3586.11,profit
3860,46,92.0,90,4232.0,8280.0,1,2025-07-25,3584.88,profit
3859,19,112.0,15,2128.0,1680.0,1,2025-04-14,3586.25,profit
3858,30,60.0,80,1800.0,4800.0,1,2025-03-29,3585.13,profit
3857,0,83.0,91,0.0,7553.0,0,2025-01-01,3586.31,profit
3856,26,134.0,29,3484.0,3886.0,1,2025-06-19,3585.43,profit
3855,28,137.0,58,3836.0,7946.0,1,2025-07-06,3585.6,profit
3854,17,47.0,54,799.0,2538.0,1,2025-02-08,3586.74,profit
3853,5,68.0,68,340.0,4624.0,1,2025-01-17,3586.59,profit
3852,12,115.0,15,1380.0,1725.0,1,2025-03-09,3587.08,profit
3851,5,39.0,85,195.0,3315.0,1,2025-01-10,3586.12,profit
3850,21,133.0,24,2793.0,3192.0,1,2025-05-16,3586.66,profit
3849,14,16.0,87,224.0,1392.0,1,2025-01-11,3585.48,profit
3848,14,124.0,25,1736.0,3100.0,1,2025-03-26,3586.37,profit
3847,10,83.0,54,830.0,4482.0,1,2025-02-10,3585.19,profit
3846,18,23.0,42,414.0,966.0,1,2025-01-21,3584.76,profit
3845,2,103.0,27,206.0,2781.0,1,2025-01-11,3587.04,profit
3844,24,60.0,32,1440.0,1920.0,1,2025-03-12,3584.57,profit
3843,37,21.0,99,777.0,2079.0,1,2025-02-07,3587.16,profit
3842,24,142.0,19,3408.0,2698.0,1,2025-06-15,3585.37,profit
3841,23,139.0,96,3197.0,13344.0,1,2025-06-05,3585.18,profit
3840,6,75.0,67,450.0,5025.0,1,2025-01-22,3586.82,profit
3839,18,125.0,92,2250.0,11500.0,1,2025-04-20,3585.59,profit
3838,12,22.0,72,264.0,1584.0,1,2025-01-13,3586.5,profit
3837,47,128.0,18,6016.0,2304.0,1,2025-10-20,3585.36,profit
3836,39,141.0,45,5499.0,6345.0,1,2025-09-25,3585.8,profit
3835,40,85.0,21,3400.0,1785.0,1,2025-06-15,3586.42,profit
3834,9,101.0,92,909.0,9292.0,1,2025-02-14,3587.38,profit
3833,29,36.0,80,1044.0,2880.0,1,2025-02-20,3585.89,profit
3832,48,59.0,59,2832.0,3481.0,1,2025-05-18,3586.4,profit
3831,49,137.0,19,6713.0,2603.0,1,2025-11-23,3585.75,profit
3830,30,84.0,16,2520.0,1344.0,1,2025-05-03,3585.04,profit
3829,4,88.0,94,352.0,8272.0,1,2025-01-18,3586.7,profit
3828,27,54.0,15,1458.0,810.0,1,2025-03-12,3585.95,profit
3827,8,105.0,65,840.0,6825.0,1,2025-02-10,3587.07,profit
3826,43,67.0,67,2881.0,4489.0,1,2025-05-21,3585.82,profit
3825,39,127.0,93,4953.0,11811.0,1,2025-08-30,3584.92,profit
3824,45,86.0,19,3870.0,1634.0,1,2025-07-08,3585.99,profit
3823,6,21.0,58,126.0,1218.0,1,2025-01-07,3586.5,profit
3822,27,44.0,87,1188.0,3828.0,1,2025-02-27,3585.89,profit
3821,20,22.0,35,440.0,770.0,1,2025-01-22,3586.7,profit
3820,23,51.0,19,1173.0,969.0,1,2025-02-27,3585.26,profit
3819,36,42.0,34,1512.0,1428.0,1,2025-03-15,3585.46,profit
3818,5,135.0,83,675.0,11205.0,1,2025-02-02,3586.53,profit
3817,30,82.0,39,2460.0,3198.0,1,2025-04-30,3586.84,profit
3816,5,99.0,44,495.0,4356.0,1,2025-01-25,3587.24,profit
3815,25,23.0,59,575.0,1357.0,1,2025-01-28,3586.98,profit
3814,10,53.0,54,530.0,2862.0,1,2025-01-26,3586.29,profit
3813,40,30.0,70,1200.0,2100.0,1,2025-02-28,3586.68,profit
3812,22,27.0,29,594.0,783.0,1,2025-01-29,3587.47,profit
3811,27,40.0,85,1080.0,3400.0,1,2025-02-22,3586.78,profit
3810,11,97.0,96,1067.0,9312.0,1,2025-02-21,3586.17,profit
3809,19,139.0,90,2641.0,12510.0,1,2025-05-09,3586.66,profit
3808,28,119.0,85,3332.0,10115.0,1,2025-06-12,3585.88,profit
3807,0,105.0,68,0.0,7140.0,0,2025-01-01,3586.08,profit
3806,48,72.0,28,3456.0,2016.0,1,2025-06-18,3585.08,profit
3805,9,31.0,98,279.0,3038.0,1,2025-01-14,3587.17,profit
3804,38,147.0,76,5586.0,11172.0,1,2025-09-29,3584.93,profit
3803,29,108.0,44,3132.0,4752.0,1,2025-06-02,3584.7,profit
3802,1,29.0,48,29.0,1392.0,1,2025-01-02,3586.87,profit
3801,14,143.0,41,2002.0,5863.0,1,2025-04-08,3585.03,profit
3800,10,67.0,81,670.0,5427.0,1,2025-02-02,3587.29,profit
3799,29,85.0,29,2465.0,2465.0,1,2025-04-30,3586.7,profit
3798,17,55.0,99,935.0,5445.0,1,2025-02-15,3585.8,profit
3797,32,89.0,92,2848.0,8188.0,1,2025-05-19,3585.56,profit
3796,44,48.0,96,2112.0,4608.0,1,2025-04-13,3585.64,profit
3795,24,91.0,48,2184.0,4368.0,1,2025-04-17,3585.03,profit
3794,33,80.0,76,2640.0,6080.0,1,2025-05-09,3585.86,profit
3793,5,121.0,25,605.0,3025.0,1,2025-01-30,3585.54,profit
3792,47,96.0,27,4512.0,2592.0,1,2025-08-08,3586.36,profit
3791,3,136.0,100,408.0,13600.0,1,2025-01-20,3584.93,profit
3790,5,78.0,38,390.0,2964.0,1,2025-01-19,3587.14,profit
3789,48,17.0,74,816.0,1258.0,1,2025-02-09,3585.52,profit
3788,2,29.0,64,58.0,1856.0,1,2025-01-03,3586.55,profit
3787,5,142.0,24,710.0,3408.0,1,2025-02-04,3587.21,profit
3786,20,124.0,44,2480.0,5456.0,1,2025-05-01,3586.35,profit
3785,31,23.0,42,713.0,966.0,1,2025-02-04,3585.08,profit
3784,35,126.0,55,4410.0,6930.0,1,2025-08-03,3585.02,profit
3783,45,106.0,42,4770.0,4452.0,1,2025-08-21,3586.3,profit
3782,23,92.0,78,2116.0,7176.0,1,2025-04-13,3587.04,profit
3781,5,89.0,60,445.0,5340.0,1,2025-01-22,3585.4,profit
3780,26,48.0,95,1248.0,4560.0,1,2025-03-02,3587.45,profit
3779,28,123.0,17,3444.0,2091.0,1,2025-06-17,3586.2,profit
3778,34,140.0,78,4760.0,10920.0,1,2025-08-20,3585.48,profit
3777,21,29.0,15,609.0,435.0,1,2025-01-30,3586.32,profit
3776,28,133.0,33,3724.0,4389.0,1,2025-07-01,3586.02,profit
3775,7,104.0,52,728.0,5408.0,1,2025-02-05,3586.98,profit
3774,0,30.0,52,0.0,1560.0,0,2025-01-01,3585.29,profit
3773,35,62.0,41,2170.0,2542.0,1,2025-04-16,3584.84,profit
3772,22,35.0,70,770.0,2450.0,1,2025-02-07,3586.4,profit
3771,10,92.0,70,920.0,6440.0,1,2025-02-14,3586.22,profit
3770,25,26.0,78,650.0,2028.0,1,2025-02-01,3587.39,profit
3769,15,52.0,56,780.0,2912.0,1,2025-02-07,3586.02,profit
3768,5,53.0,28,265.0,1484.0,1,2025-01-13,3585.44,profit
3767,18,114.0,25,2052.0,2850.0,1,2025-04-10,3585.0,profit
3766,17,85.0,13,1445.0,1105.0,1,2025-03-12,3585.3,profit
3765,20,25.0,37,500.0,925.0,1,2025-01-25,3586.66,profit
3764,5,71.0,51,355.0,3621.0,1,2025-01-18,3585.2,profit
3763,38,109.0,97,4142.0,10573.0,1,2025-07-21,3586.03,profit
3762,2,46.0,95,92.0,4370.0,1,2025-01-05,3585.62,profit
3761,5,126.0,22,630.0,2772.0,1,2025-01-31,3586.26,profit
3760,12,57.0,47,684.0,2679.0,1,2025-02-03,3585.2,profit
3759,38,117.0,41,4446.0,4797.0,1,2025-08-05,3585.16,profit
3758,36,120.0,53,4320.0,6360.0,1,2025-07-30,3586.03,profit
3757,18,144.0,57,2592.0,8208.0,1,2025-05-07,3585.65,profit
3756,50,70.0,23,3500.0,1610.0,1,2025-06-20,3586.43,profit
3755,1,74.0,34,74.0,2516.0,1,2025-01-04,3585.73,profit
3754,40,67.0,88,2680.0,5896.0,1,2025-05-11,3585.51,profit
3753,28,52.0,15,1456.0,780.0,1,2025-03-12,3585.21,profit
3752,28,117.0,29,3276.0,3393.0,1,2025-06-09,3586.18,profit
3751,18,19.0,44,342.0,836.0,1,2025-01-17,3585.03,profit
3750,1,64.0,100,64.0,6400.0,1,2025-01-04,3586.72,profit
3749,45,89.0,49,4005.0,4361.0,1,2025-07-14,3586.13,profit
3748,19,38.0,65,722.0,2470.0,1,2025-02-05,3587.65,profit
3747,40,145.0,37,5800.0,5365.0,1,2025-10-10,3585.38,profit
3746,35,111.0,88,3885.0,9768.0,1,2025-07-09,3586.33,profit
3745,30,65.0,94,1950.0,6110.0,1,2025-04-05,3586.22,profit
3744,29,80.0,32,2320.0,2560.0,1,2025-04-23,3586.7,profit
3743,47,116.0,90,5452.0,10440.0,1,2025-09-23,3585.44,profit
3742,34,64.0,57,2176.0,3648.0,1,2025-04-16,3586.48,profit
3741,46,136.0,45,6256.0,6120.0,1,2025-11-01,3585.21,profit
3740,21,42.0,45,882.0,1890.0,1,2025-02-12,3586.81,profit
3739,24,65.0,69,1560.0,4485.0,1,2025-03-17,3586.94,profit
3738,49,86.0,97,4214.0,8342.0,1,2025-07-25,3586.18,profit
3737,2,100.0,65,200.0,6500.0,1,2025-01-10,3586.4,profit
3736,19,143.0,55,2717.0,7865.0,1,2025-05-13,3585.98,profit
3735,28,81.0,80,2268.0,6480.0,1,2025-04-21,3586.23,profit
3734,15,118.0,45,1770.0,5310.0,1,2025-03-28,3586.36,profit
3733,45,116.0,73,5220.0,8468.0,1,2025-09-12,3585.64,profit
3732,16,51.0,60,816.0,3060.0,1,2025-02-09,3587.24,profit
3731,24,130.0,94,3120.0,12220.0,1,2025-06-01,3586.22,profit
3730,38,103.0,87,3914.0,8961.0,1,2025-07-10,3586.18,profit
3729,37,97.0,72,3589.0,6984.0,1,2025-06-24,3584.65,profit
3728,48,117.0,58,5616.0,6786.0,1,2025-10-01,3585.34,profit
3727,40,66.0,79,2640.0,5214.0,1,2025-05-09,3586.72,profit
3726,27,21.0,12,567.0,252.0,1,2025-01-28,3587.02,profit
3725,12,144.0,90,1728.0,12960.0,1,2025-03-26,3585.37,profit
3724,32,42.0,90,1344.0,3780.0,1,2025-03-07,3586.58,profit
3723,21,55.0,53,1155.0,2915.0,1,2025-02-26,3584.91,profit
3722,6,142.0,92,852.0,13064.0,1,2025-02-11,3585.25,profit
3721,43,110.0,12,4730.0,1320.0,1,2025-08-19,3585.71,profit
3720,50,74.0,85,3700.0,6290.0,1,2025-06-30,3586.42,profit
3719,48,41.0,84,1968.0,3444.0,1,2025-04-06,3586.38,profit
3718,48,106.0,79,5088.0,8374.0,1,2025-09-05,3585.5,profit
3717,29,46.0,76,1334.0,3496.0,1,2025-03-06,3586.36,profit
3716,20,55.0,43,1100.0,2365.0,1,2025-02-23,3586.28,profit
3715,14,51.0,81,714.0,4131.0,1,2025-02-04,3585.6,profit
3714,35,45.0,55,1575.0,2475.0,1,2025-03-18,3586.67,profit
3713,7,22.0,29,154.0,638.0,1,2025-01-08,3586.16,profit
3712,0,76.0,70,0.0,5320.0,0,2025-01-01,3586.2,profit
3711,41,148.0,35,6068.0,5180.0,1,2025-10-23,3584.79,profit
3710,5,54.0,20,270.0,1080.0,1,2025-01-14,3586.93,profit
3709,8,85.0,73,680.0,6205.0,1,2025-02-03,3585.95,profit
3708,32,45.0,27,1440.0,1215.0,1,2025-03-12,3586.43,profit
3707,50,26.0,32,1300.0,832.0,1,2025-03-05,3587.43,profit
3706,2,93.0,79,186.0,7347.0,1,2025-01-10,3586.67,profit
3705,24,52.0,64,1248.0,3328.0,1,2025-03-02,3586.82,profit
3704,44,55.0,72,2420.0,3960.0,1,2025-04-28,3585.34,profit
3703,3,94.0,83,282.0,7802.0,1,2025-01-14,3585.1,profit
3702,22,137.0,52,3014.0,7124.0,1,2025-05-27,3586.53,profit
3701,4,99.0,14,396.0,1386.0,1,2025-01-20,3586.34,profit
3700,40,139.0,82,5560.0,11398.0,1,2025-09-28,3584.71,profit
3699,42,75.0,81,3150.0,6075.0,1,2025-06-03,3584.68,profit
3698,1,57.0,99,57.0,5643.0,1,2025-01-03,3586.3,profit
3697,24,26.0,81,624.0,2106.0,1,2025-01-31,3586.88,profit
3696,36,47.0,83,1692.0,3901.0,1,2025-03-24,3585.0,profit
3695,49,112.0,49,5488.0,5488.0,1,2025-09-25,3586.03,profit
3694,49,100.0,95,4900.0,9500.0,1,2025-08-27,3585.08,profit
3693,0,70.0,81,0.0,5670.0,0,2025-01-01,3585.8,profit
3692,35,100.0,87,3500.0,8700.0,1,2025-06-20,3585.6,profit
3691,31,98.0,25,3038.0,2450.0,1,2025-05-28,3586.45,profit
3690,9,137.0,57,1233.0,7809.0,1,2025-03-02,3586.87,profit
3689,33,107.0,86,3531.0,9202.0,1,2025-06-21,3585.23,profit
3688,4,62.0,22,248.0,1364.0,1,2025-01-13,3586.59,profit
3687,13,146.0,73,1898.0,10658.0,1,2025-04-03,3585.36,profit
3686,0,28.0,11,0.0,308.0,0,2025-01-01,3585.9,profit
3685,2,68.0,90,136.0,6120.0,1,2025-01-07,3586.45,profit
3684,27,138.0,37,3726.0,5106.0,1,2025-07-01,3585.93,profit
3683,8,70.0,96,560.0,6720.0,1,2025-01-28,3586.83,profit
3682,40,143.0,12,5720.0,1716.0,1,2025-10-06,3585.26,profit
3681,40,16.0,49,640.0,784.0,1,2025-02-01,3586.85,profit
3680,9,48.0,33,432.0,1584.0,1,2025-01-22,3586.07,profit
3679,3,35.0,22,105.0,770.0,1,2025-01-06,3586.16,profit
3678,27,71.0,25,1917.0,1775.0,1,2025-04-04,3586.12,profit
3677,35,101.0,98,3535.0,9898.0,1,2025-06-22,3584.65,profit
3676,14,117.0,25,1638.0,2925.0,1,2025-03-21,3586.13,profit
3675,2,55.0,49,110.0,2695.0,1,2025-01-06,3585.29,profit
3674,8,143.0,26,1144.0,3718.0,1,2025-02-25,3585.95,profit
3673,31,95.0,70,2945.0,6650.0,1,2025-05-24,3586.89,profit
3672,39,90.0,80,3510.0,7200.0,1,2025-06-20,3586.6,profit
3671,18,139.0,23,2502.0,3197.0,1,2025-05-02,3585.7,profit
3670,13,18.0,62,234.0,1116.0,1,2025-01-12,3585.42,profit
3669,40,81.0,34,3240.0,2754.0,1,2025-06-07,3586.59,profit
3668,15,24.0,45,360.0,1080.0,1,2025-01-18,3585.25,profit
3667,9,91.0,70,819.0,6370.0,1,2025-02-09,3587.62,profit
3666,24,34.0,98,816.0,3332.0,1,2025-02-09,3586.57,profit
3665,38,98.0,95,3724.0,9310.0,1,2025-07-01,3586.0,profit
3664,7,64.0,55,448.0,3520.0,1,2025-01-22,3584.8,profit
3663,42,102.0,40,4284.0,4080.0,1,2025-07-28,3585.73,profit
3662,34,85.0,90,2890.0,7650.0,1,2025-05-21,3586.73,profit
3661,21,20.0,80,420.0,1600.0,1,2025-01-21,3587.44,profit
3660,19,139.0,69,2641.0,9591.0,1,2025-05-09,3585.86,profit
3659,12,120.0,71,1440.0,8520.0,1,2025-03-12,3587.23,profit
3658,8,34.0,23,272.0,782.0,1,2025-01-14,3585.72,profit
3657,41,112.0,52,4592.0,5824.0,1,2025-08-12,3585.43,profit
3656,39,70.0,69,2730.0,4830.0,1,2025-05-13,3585.72,profit
3655,22,146.0,77,3212.0,11242.0,1,2025-06-06,3585.88,profit
3654,0,137.0,13,0.0,1781.0,0,2025-01-01,3586.73,profit
3653,27,93.0,75,2511.0,6975.0,1,2025-05-03,3586.65,profit
3652,32,112.0,57,3584.0,6384.0,1,2025-06-24,3585.07,profit
3651,29,53.0,68,1537.0,3604.0,1,2025-03-16,3585.14,profit
3650,2,37.0,82,74.0,3034.0,1,2025-01-04,3586.12,profit
3649,8,86.0,21,688.0,1806.0,1,2025-02-03,3587.35,profit
3648,50,116.0,70,5800.0,8120.0,1,2025-10-10,3585.46,profit
3647,37,21.0,14,777.0,294.0,1,2025-02-07,3586.08,profit
3646,32,39.0,75,1248.0,2925.0,1,2025-03-02,3584.97,profit
3645,29,67.0,77,1943.0,5159.0,1,2025-04-05,3585.49,profit
3644,45,77.0,52,3465.0,4004.0,1,2025-06-18,3585.82,profit
3643,15,130.0,99,1950.0,12870.0,1,2025-04-05,3585.36,profit
3642,5,97.0,77,485.0,7469.0,1,2025-01-24,3586.77,profit
3641,14,121.0,27,1694.0,3267.0,1,2025-03-24,3587.4,profit
3640,35,124.0,86,4340.0,10664.0,1,2025-07-31,3584.73,profit
3639,3,134.0,59,402.0,7906.0,1,2025-01-20,3586.77,profit
3638,34,29.0,37,986.0,1073.0,1,2025-02-17,3587.38,profit
3637,38,98.0,86,3724.0,8428.0,1,2025-07-01,3585.4,profit
3636,2,81.0,60,162.0,4860.0,1,2025-01-08,3586.62,profit
3635,17,103.0,38,1751.0,3914.0,1,2025-03-27,3585.48,profit
3634,34,60.0,25,2040.0,1500.0,1,2025-04-10,3586.24,profit
3633,34,41.0,36,1394.0,1476.0,1,2025-03-09,3586.05,profit
3632,32,138.0,36,4416.0,4968.0,1,2025-08-03,3585.14,profit
3630,36,46.0,77,1656.0,3542.0,1,2025-03-22,3585.88,profit
3629,35,134.0,51,4690.0,6834.0,1,2025-08-17,3585.72,profit
3628,47,54.0,76,2538.0,4104.0,1,2025-05-04,3585.52,profit
3627,42,50.0,51,2100.0,2550.0,1,2025-04-13,3585.1,profit
3626,14,88.0,88,1232.0,7744.0,1,2025-03-01,3585.85,profit
3625,5,100.0,18,500.0,1800.0,1,2025-01-25,3585.37,profit
3624,43,21.0,18,903.0,378.0,1,2025-02-13,3585.71,profit
3623,20,119.0,83,2380.0,9877.0,1,2025-04-26,3584.77,profit
3622,5,97.0,36,485.0,3492.0,1,2025-01-24,3587.11,profit
3621,12,124.0,40,1488.0,4960.0,1,2025-03-14,3586.0,profit
3620,34,133.0,48,4522.0,6384.0,1,2025-08-09,3585.81,profit
3619,11,92.0,19,1012.0,1748.0,1,2025-02-19,3586.19,profit
3618,27,36.0,74,972.0,2664.0,1,2025-02-17,3586.58,profit
3617,15,90.0,71,1350.0,6390.0,1,2025-03-07,3586.6,profit
3616,25,70.0,18,1750.0,1260.0,1,2025-03-27,3586.35,profit
3615,23,30.0,78,690.0,2340.0,1,2025-02-03,3586.49,profit
3614,9,19.0,51,171.0,969.0,1,2025-01-09,3587.04,profit
3613,34,109.0,77,3706.0,8393.0,1,2025-06-30,3585.56,profit
3612,36,119.0,16,4284.0,1904.0,1,2025-07-28,3585.22,profit
3611,8,33.0,26,264.0,858.0,1,2025-01-13,3586.36,profit
3610,29,59.0,19,1711.0,1121.0,1,2025-03-25,3586.37,profit
3609,37,69.0,88,2553.0,6072.0,1,2025-05-05,3586.52,profit
3608,34,18.0,60,612.0,1080.0,1,2025-01-30,3587.47,profit
3607,43,124.0,18,5332.0,2232.0,1,2025-09-17,3585.87,profit
3606,30,136.0,95,4080.0,12920.0,1,2025-07-18,3585.64,profit
3605,10,140.0,54,1400.0,7560.0,1,2025-03-10,3586.67,profit
3604,40,57.0,100,2280.0,5700.0,1,2025-04-21,3586.24,profit
3603,20,101.0,84,2020.0,8484.0,1,2025-04-09,3585.74,profit
3602,11,141.0,99,1551.0,13959.0,1,2025-03-17,3587.32,profit
3601,11,92.0,40,1012.0,3680.0,1,2025-02-19,3586.43,profit
3600,49,59.0,26,2891.0,1534.0,1,2025-05-21,3585.46,profit
3599,24,56.0,23,1344.0,1288.0,1,2025-03-07,3586.37,profit
3598,42,119.0,24,4998.0,2856.0,1,2025-09-01,3585.55,profit
3597,48,76.0,59,3648.0,4484.0,1,2025-06-27,3586.26,profit
3596,45,66.0,44,2970.0,2904.0,1,2025-05-25,3586.48,profit
3595,49,79.0,94,3871.0,7426.0,1,2025-07-08,3586.18,profit
3594,40,84.0,66,3360.0,5544.0,1,2025-06-13,3586.54,profit
3593,18,19.0,88,342.0,1672.0,1,2025-01-17,3585.95,profit
3592,18,92.0,25,1656.0,2300.0,1,2025-03-22,3586.47,profit
3591,30,113.0,99,3390.0,11187.0,1,2025-06-14,3584.79,profit
3590,1,110.0,92,110.0,10120.0,1,2025-01-06,3585.42,profit
3589,31,74.0,51,2294.0,3774.0,1,2025-04-22,3584.77,profit
3588,36,87.0,44,3132.0,3828.0,1,2025-06-02,3585.57,profit
3587,25,47.0,31,1175.0,1457.0,1,2025-02-27,3585.9,profit
3586,24,66.0,17,1584.0,1122.0,1,2025-03-19,3585.56,profit
3585,27,137.0,23,3699.0,3151.0,1,2025-06-30,3585.9,profit
3584,30,28.0,70,840.0,1960.0,1,2025-02-10,3587.44,profit
3583,20,117.0,88,2340.0,10296.0,1,2025-04-24,3585.94,profit
3582,4,121.0,55,484.0,6655.0,1,2025-01-24,3585.9,profit
3581,27,49.0,18,1323.0,882.0,1,2025-03-06,3586.94,profit
3580,16,117.0,76,1872.0,8892.0,1,2025-04-02,3585.77,profit
3579,49,100.0,14,4900.0,1400.0,1,2025-08-27,3585.61,profit
3578,37,91.0,82,3367.0,7462.0,1,2025-06-13,3586.15,profit
3577,41,17.0,52,697.0,884.0,1,2025-02-03,3586.76,profit
3576,32,110.0,56,3520.0,6160.0,1,2025-06-21,3585.49,profit
3575,1,65.0,19,65.0,1235.0,1,2025-01-04,3585.89,profit
3574,38,35.0,68,1330.0,2380.0,1,2025-03-06,3586.1,profit
3573,25,104.0,55,2600.0,5720.0,1,2025-05-07,3586.56,profit
3572,1,93.0,47,93.0,4371.0,1,2025-01-05,3585.98,profit
3571,6,75.0,62,450.0,4650.0,1,2025-01-22,3587.36,profit
3570,48,50.0,32,2400.0,1600.0,1,2025-04-27,3586.96,profit
3569,49,37.0,44,1813.0,1628.0,1,2025-03-30,3586.34,profit
3568,20,33.0,71,660.0,2343.0,1,2025-02-02,3585.65,profit
3567,32,47.0,40,1504.0,1880.0,1,2025-03-15,3587.13,profit
3566,18,62.0,19,1116.0,1178.0,1,2025-02-24,3587.29,profit
3565,19,24.0,21,456.0,504.0,1,2025-01-23,3586.67,profit
3564,3,139.0,54,417.0,7506.0,1,2025-01-21,3587.07,profit
3563,13,120.0,31,1560.0,3720.0,1,2025-03-17,3584.93,profit
3562,50,114.0,49,5700.0,5586.0,1,2025-10-05,3584.99,profit
3561,38,147.0,68,5586.0,9996.0,1,2025-09-29,3585.47,profit
3560,29,67.0,88,1943.0,5896.0,1,2025-04-05,3585.27,profit
3559,14,114.0,48,1596.0,5472.0,1,2025-03-19,3587.03,profit
3558,49,94.0,57,4606.0,5358.0,1,2025-08-13,3586.05,profit
3557,41,82.0,51,3362.0,4182.0,1,2025-06-13,3586.14,profit
3556,25,73.0,16,1825.0,1168.0,1,2025-03-30,3585.21,profit
3555,28,78.0,80,2184.0,6240.0,1,2025-04-17,3584.82,profit
3554,35,39.0,17,1365.0,663.0,1,2025-03-08,3587.37,profit
3553,46,22.0,51,1012.0,1122.0,1,2025-02-19,3586.94,profit
3552,28,109.0,66,3052.0,7194.0,1,2025-05-29,3586.44,profit
3551,46,24.0,12,1104.0,288.0,1,2025-02-23,3587.04,profit
3550,32,66.0,40,2112.0,2640.0,1,2025-04-13,3585.32,profit
3549,13,123.0,43,1599.0,5289.0,1,2025-03-19,3585.99,profit
3548,34,71.0,81,2414.0,5751.0,1,2025-04-28,3586.03,profit
3547,47,56.0,96,2632.0,5376.0,1,2025-05-09,3585.15,profit
3546,47,123.0,27,5781.0,3321.0,1,2025-10-09,3585.62,profit
3545,15,53.0,35,795.0,1855.0,1,2025-02-08,3586.65,profit
3544,13,145.0,88,1885.0,12760.0,1,2025-04-02,3585.45,profit
3543,24,90.0,42,2160.0,3780.0,1,2025-04-16,3585.03,profit
3542,28,45.0,72,1260.0,3240.0,1,2025-03-03,3584.87,profit
3541,17,48.0,33,816.0,1584.0,1,2025-02-09,3586.1,profit
3540,22,35.0,93,770.0,3255.0,1,2025-02-07,3585.37,profit
3539,28,33.0,85,924.0,2805.0,1,2025-02-14,3586.85,profit
3538,39,118.0,57,4602.0,6726.0,1,2025-08-12,3585.38,profit
3537,14,121.0,54,1694.0,6534.0,1,2025-03-24,3586.67,profit
3536,6,98.0,79,588.0,7742.0,1,2025-01-29,3584.68,profit
3535,39,51.0,91,1989.0,4641.0,1,2025-04-07,3586.79,profit
3534,27,22.0,72,594.0,1584.0,1,2025-01-29,3585.4,profit
3533,23,128.0,89,2944.0,11392.0,1,2025-05-24,3586.8,profit
3532,50,59.0,19,2950.0,1121.0,1,2025-05-24,3585.43,profit
3531,20,79.0,88,1580.0,6952.0,1,2025-03-18,3586.79,profit
3530,41,19.0,98,779.0,1862.0,1,2025-02-07,3585.92,profit
3529,0,22.0,36,0.0,792.0,0,2025-01-01,3584.95,profit
3528,11,60.0,90,660.0,5400.0,1,2025-02-02,3587.12,profit
3527,37,135.0,54,4995.0,7290.0,1,2025-09-01,3585.59,profit
3526,23,18.0,26,414.0,468.0,1,2025-01-21,3586.91,profit
3525,29,92.0,28,2668.0,2576.0,1,2025-05-10,3584.97,profit
3524,4,56.0,11,224.0,616.0,1,2025-01-11,3586.72,profit
3523,50,90.0,77,4500.0,6930.0,1,2025-08-07,3585.59,profit
3522,7,27.0,28,189.0,756.0,1,2025-01-10,3586.02,profit
3521,35,47.0,36,1645.0,1692.0,1,2025-03-22,3585.07,profit
3520,27,87.0,40,2349.0,3480.0,1,2025-04-25,3585.7,profit
3519,29,144.0,42,4176.0,6048.0,1,2025-07-23,3585.44,profit
3518,18,47.0,10,846.0,470.0,1,2025-02-11,3587.16,profit
3517,21,62.0,56,1302.0,3472.0,1,2025-03-05,3587.2,profit
3516,9,131.0,62,1179.0,8122.0,1,2025-02-27,3586.98,profit
3515,15,28.0,84,420.0,2352.0,1,2025-01-21,3587.39,profit
3514,34,145.0,89,4930.0,12905.0,1,2025-08-28,3585.05,profit
3513,35,40.0,29,1400.0,1160.0,1,2025-03-10,3585.32,profit
3512,31,79.0,88,2449.0,6952.0,1,2025-04-30,3586.51,profit
3511,40,130.0,14,5200.0,1820.0,1,2025-09-11,3585.1,profit
3510,22,60.0,72,1320.0,4320.0,1,2025-03-06,3587.0,profit
3509,24,70.0,55,1680.0,3850.0,1,2025-03-23,3587.02,profit
3508,19,75.0,98,1425.0,7350.0,1,2025-03-11,3585.18,profit
3507,37,115.0,25,4255.0,2875.0,1,2025-07-27,3585.16,profit
3506,47,89.0,11,4183.0,979.0,1,2025-07-23,3586.11,profit
3505,25,84.0,48,2100.0,4032.0,1,2025-04-13,3585.96,profit
3504,40,96.0,12,3840.0,1152.0,1,2025-07-06,3585.56,profit
3503,0,81.0,81,0.0,6561.0,0,2025-01-01,3586.31,profit
3502,25,139.0,20,3475.0,2780.0,1,2025-06-19,3585.28,profit
3501,44,33.0,65,1452.0,2145.0,1,2025-03-12,3586.87,profit
3500,3,40.0,31,120.0,1240.0,1,2025-01-06,3586.66,profit
3499,1,79.0,24,79.0,1896.0,1,2025-01-04,3585.95,profit
3498,18,72.0,29,1296.0,2088.0,1,2025-03-05,3586.16,profit
3497,4,122.0,100,488.0,12200.0,1,2025-01-24,3587.27,profit
3496,48,54.0,38,2592.0,2052.0,1,2025-05-07,3585.01,profit
3495,32,98.0,74,3136.0,7252.0,1,2025-06-02,3586.63,profit
3494,27,49.0,76,1323.0,3724.0,1,2025-03-06,3585.51,profit
3493,49,26.0,37,1274.0,962.0,1,2025-03-04,3587.13,profit
3492,9,43.0,87,387.0,3741.0,1,2025-01-19,3586.68,profit
3491,24,57.0,16,1368.0,912.0,1,2025-03-08,3585.95,profit
3490,8,97.0,40,776.0,3880.0,1,2025-02-07,3587.77,profit
3489,24,57.0,100,1368.0,5700.0,1,2025-03-08,3586.02,profit
3488,21,41.0,37,861.0,1517.0,1,2025-02-11,3585.59,profit
3487,45,108.0,30,4860.0,3240.0,1,2025-08-25,3585.05,profit
3486,43,113.0,47,4859.0,5311.0,1,2025-08-25,3586.0,profit
3485,10,28.0,52,280.0,1456.0,1,2025-01-14,3586.52,profit
3484,38,71.0,45,2698.0,3195.0,1,2025-05-12,3585.11,profit
3483,28,76.0,12,2128.0,912.0,1,2025-04-14,3586.02,profit
3482,45,125.0,24,5625.0,3000.0,1,2025-10-01,3585.18,profit
3481,10,30.0,68,300.0,2040.0,1,2025-01-15,3586.19,profit
3480,47,93.0,62,4371.0,5766.0,1,2025-08-01,3585.7,profit
3479,23,31.0,26,713.0,806.0,1,2025-02-04,3586.51,profit
3478,34,140.0,82,4760.0,11480.0,1,2025-08-20,3585.45,profit
3477,8,37.0,24,296.0,888.0,1,2025-01-15,3584.5,profit
3476,20,138.0,82,2760.0,11316.0,1,2025-05-15,3585.49,profit
3475,33,44.0,78,1452.0,3432.0,1,2025-03-12,3587.28,profit
3474,48,127.0,78,6096.0,9906.0,1,2025-10-24,3585.47,profit
3473,19,16.0,47,304.0,752.0,1,2025-01-15,3586.45,profit
3472,2,63.0,100,126.0,6300.0,1,2025-01-07,3584.86,profit
3471,50,132.0,15,6600.0,1980.0,1,2025-11-18,3585.14,profit
3470,30,56.0,49,1680.0,2744.0,1,2025-03-23,3587.27,profit
3469,34,80.0,33,2720.0,2640.0,1,2025-05-13,3586.47,profit
3468,24,139.0,20,3336.0,2780.0,1,2025-06-12,3586.45,profit
3467,46,81.0,83,3726.0,6723.0,1,2025-07-01,3586.21,profit
3466,36,52.0,68,1872.0,3536.0,1,2025-04-02,3585.2,profit
3465,45,92.0,14,4140.0,1288.0,1,2025-07-21,3586.01,profit
3464,5,72.0,90,360.0,6480.0,1,2025-01-18,3586.26,profit
3463,1,147.0,67,147.0,9849.0,1,2025-01-08,3586.55,profit
3462,16,135.0,47,2160.0,6345.0,1,2025-04-16,3585.37,profit
3461,15,56.0,44,840.0,2464.0,1,2025-02-10,3586.15,profit
3460,4,137.0,47,548.0,6439.0,1,2025-01-27,3584.94,profit
3459,11,16.0,69,176.0,1104.0,1,2025-01-09,3586.82,profit
3458,40,61.0,34,2440.0,2074.0,1,2025-04-29,3586.54,profit
3457,45,49.0,92,2205.0,4508.0,1,2025-04-18,3586.79,profit
3456,21,24.0,18,504.0,432.0,1,2025-01-25,3586.32,profit
3455,16,107.0,90,1712.0,9630.0,1,2025-03-25,3586.36,profit
3454,15,56.0,69,840.0,3864.0,1,2025-02-10,3586.24,profit
3453,24,150.0,22,3600.0,3300.0,1,2025-06-25,3585.95,profit
3452,15,126.0,56,1890.0,7056.0,1,2025-04-02,3584.91,profit
3451,48,75.0,27,3600.0,2025.0,1,2025-06-25,3586.2,profit
3450,32,126.0,30,4032.0,3780.0,1,2025-07-16,3584.88,profit
3449,31,92.0,75,2852.0,6900.0,1,2025-05-19,3585.9,profit
3448,36,129.0,42,4644.0,5418.0,1,2025-08-15,3585.02,profit
3447,40,80.0,91,3200.0,7280.0,1,2025-06-05,3585.96,profit
3446,47,22.0,13,1034.0,286.0,1,2025-02-20,3585.49,profit
3445,35,127.0,76,4445.0,9652.0,1,2025-08-05,3586.41,profit
3444,43,116.0,16,4988.0,1856.0,1,2025-08-31,3585.86,profit
3443,23,85.0,49,1955.0,4165.0,1,2025-04-06,3587.02,profit
3442,0,63.0,63,0.0,3969.0,0,2025-01-01,3584.97,profit
3441,8,41.0,34,328.0,1394.0,1,2025-01-16,3586.32,profit
3440,0,68.0,27,0.0,1836.0,0,2025-01-01,3586.3,profit
3439,24,140.0,56,3360.0,7840.0,1,2025-06-13,3586.01,profit
3438,39,36.0,69,1404.0,2484.0,1,2025-03-10,3587.14,profit
3437,15,142.0,75,2130.0,10650.0,1,2025-04-14,3586.5,profit
3436,37,31.0,97,1147.0,3007.0,1,2025-02-25,3586.94,profit
3435,44,69.0,78,3036.0,5382.0,1,2025-05-28,3585.91,profit
3434,36,56.0,88,2016.0,4928.0,1,2025-04-09,3586.99,profit
3433,12,146.0,38,1752.0,5548.0,1,2025-03-27,3586.9,profit
3432,1,96.0,77,96.0,7392.0,1,2025-01-05,3586.2,profit
3431,18,69.0,93,1242.0,6417.0,1,2025-03-02,3587.32,profit
3430,18,30.0,42,540.0,1260.0,1,2025-01-27,3587.24,profit
3429,45,93.0,11,4185.0,1023.0,1,2025-07-23,3585.91,profit
3428,29,52.0,58,1508.0,3016.0,1,2025-03-15,3587.49,profit
3427,43,15.0,54,645.0,810.0,1,2025-02-01,3587.14,profit
3426,19,92.0,75,1748.0,6900.0,1,2025-03-27,3585.39,profit
3425,48,63.0,10,3024.0,630.0,1,2025-05-28,3586.01,profit
3424,31,103.0,36,3193.0,3708.0,1,2025-06-05,3586.39,profit
3423,50,118.0,76,5900.0,8968.0,1,2025-10-15,3585.7,profit
3422,26,121.0,62,3146.0,7502.0,1,2025-06-03,3586.4,profit
3421,18,23.0,99,414.0,2277.0,1,2025-01-21,3585.42,profit
3420,24,138.0,56,3312.0,7728.0,1,2025-06-11,3586.4,profit
3419,44,139.0,36,6116.0,5004.0,1,2025-10-25,3585.04,profit
3418,23,127.0,71,2921.0,9017.0,1,2025-05-23,3586.54,profit
3417,20,126.0,62,2520.0,7812.0,1,2025-05-03,3585.62,profit
3416,41,24.0,25,984.0,600.0,1,2025-02-17,3586.07,profit
3415,27,60.0,37,1620.0,2220.0,1,2025-03-20,3586.97,profit
3414,28,101.0,38,2828.0,3838.0,1,2025-05-18,3585.8,profit
3413,14,64.0,55,896.0,3520.0,1,2025-02-13,3585.58,profit
3412,38,94.0,58,3572.0,5452.0,1,2025-06-23,3586.2,profit
3411,16,102.0,43,1632.0,4386.0,1,2025-03-21,3586.37,profit
3410,30,23.0,54,690.0,1242.0,1,2025-02-03,3585.24,profit
3409,33,112.0,18,3696.0,2016.0,1,2025-06-29,3585.83,profit
3408,9,118.0,58,1062.0,6844.0,1,2025-02-21,3585.51,profit
3407,37,111.0,27,4107.0,2997.0,1,2025-07-19,3586.14,profit
3406,15,116.0,33,1740.0,3828.0,1,2025-03-26,3586.8,profit
3405,27,145.0,62,3915.0,8990.0,1,2025-07-10,3586.08,profit
3404,33,56.0,10,1848.0,560.0,1,2025-03-31,3585.8,profit
3403,36,47.0,49,1692.0,2303.0,1,2025-03-24,3586.33,profit
3402,25,74.0,38,1850.0,2812.0,1,2025-04-01,3585.62,profit
3401,13,147.0,64,1911.0,9408.0,1,2025-04-04,3586.18,profit
3400,31,131.0,70,4061.0,9170.0,1,2025-07-17,3586.37,profit
3399,30,62.0,83,1860.0,5146.0,1,2025-04-01,3586.14,profit
3398,36,104.0,36,3744.0,3744.0,1,2025-07-02,3585.32,profit
3397,0,147.0,54,0.0,7938.0,0,2025-01-01,3584.93,profit
3396,23,15.0,76,345.0,1140.0,1,2025-01-17,3585.99,profit
3395,21,39.0,29,819.0,1131.0,1,2025-02-09,3586.57,profit
3394,50,77.0,64,3850.0,4928.0,1,2025-07-07,3586.19,profit
3393,9,76.0,81,684.0,6156.0,1,2025-02-03,3586.97,profit
3392,20,25.0,44,500.0,1100.0,1,2025-01-25,3586.95,profit
3391,46,74.0,81,3404.0,5994.0,1,2025-06-15,3586.09,profit
3390,15,65.0,79,975.0,5135.0,1,2025-02-17,3586.73,profit
3389,4,50.0,47,200.0,2350.0,1,2025-01-10,3586.86,profit
3388,41,18.0,84,738.0,1512.0,1,2025-02-05,3587.76,profit
3387,8,89.0,21,712.0,1869.0,1,2025-02-04,3587.39,profit
3386,4,92.0,58,368.0,5336.0,1,2025-01-18,3585.49,profit
3385,0,103.0,71,0.0,7313.0,0,2025-01-01,3586.39,profit
3384,43,35.0,68,1505.0,2380.0,1,2025-03-15,3584.83,profit
3383,5,117.0,96,585.0,11232.0,1,2025-01-29,3586.81,profit
3382,10,70.0,30,700.0,2100.0,1,2025-02-04,3586.93,profit
3381,8,51.0,43,408.0,2193.0,1,2025-01-20,3587.06,profit
3380,12,28.0,15,336.0,420.0,1,2025-01-17,3586.84,profit
3379,1,119.0,15,119.0,1785.0,1,2025-01-06,3585.31,profit
3378,6,48.0,25,288.0,1200.0,1,2025-01-15,3586.04,profit
3377,35,37.0,38,1295.0,1406.0,1,2025-03-05,3586.06,profit
3376,1,95.0,14,95.0,1330.0,1,2025-01-05,3586.89,profit
3375,50,25.0,43,1250.0,1075.0,1,2025-03-02,3587.27,profit
3374,49,84.0,89,4116.0,7476.0,1,2025-07-20,3586.32,profit
3373,28,42.0,57,1176.0,2394.0,1,2025-02-27,3586.07,profit
3372,16,123.0,16,1968.0,1968.0,1,2025-04-06,3587.0,profit
3371,32,104.0,61,3328.0,6344.0,1,2025-06-11,3586.37,profit
3370,42,128.0,84,5376.0,10752.0,1,2025-09-19,3585.89,profit
3369,26,109.0,52,2834.0,5668.0,1,2025-05-18,3585.98,profit
3368,32,45.0,60,1440.0,2700.0,1,2025-03-12,3586.13,profit
3367,23,133.0,44,3059.0,5852.0,1,2025-05-29,3585.42,profit
3366,49,133.0,32,6517.0,4256.0,1,2025-11-14,3584.9,profit
3365,48,93.0,13,4464.0,1209.0,1,2025-08-06,3586.18,profit
3364,46,22.0,77,1012.0,1694.0,1,2025-02-19,3585.57,profit
3363,23,49.0,47,1127.0,2303.0,1,2025-02-24,3586.87,profit
3362,49,96.0,74,4704.0,7104.0,1,2025-08-17,3584.67,profit
3361,28,142.0,56,3976.0,7952.0,1,2025-07-13,3585.31,profit
3360,5,34.0,18,170.0,612.0,1,2025-01-09,3586.6,profit
3359,33,149.0,26,4917.0,3874.0,1,2025-08-28,3585.68,profit
3358,35,64.0,88,2240.0,5632.0,1,2025-04-20,3585.15,profit
3357,11,96.0,81,1056.0,7776.0,1,2025-02-21,3586.25,profit
3356,40,53.0,35,2120.0,1855.0,1,2025-04-14,3586.22,profit
3355,40,15.0,61,600.0,915.0,1,2025-01-30,3586.41,profit
3354,10,113.0,34,1130.0,3842.0,1,2025-02-24,3586.82,profit
3353,8,85.0,56,680.0,4760.0,1,2025-02-03,3587.63,profit
3352,43,99.0,78,4257.0,7722.0,1,2025-07-27,3585.43,profit
3351,29,120.0,22,3480.0,2640.0,1,2025-06-19,3584.96,profit
3350,2,21.0,64,42.0,1344.0,1,2025-01-03,3586.73,profit
3349,43,146.0,55,6278.0,8030.0,1,2025-11-02,3584.78,profit
3348,9,78.0,88,702.0,6864.0,1,2025-02-04,3586.52,profit
3347,22,55.0,65,1210.0,3575.0,1,2025-02-28,3585.76,profit
3346,7,42.0,23,294.0,966.0,1,2025-01-15,3586.12,profit
3345,7,97.0,34,679.0,3298.0,1,2025-02-03,3585.63,profit
3344,5,29.0,58,145.0,1682.0,1,2025-01-08,3585.37,profit
3343,7,112.0,66,784.0,7392.0,1,2025-02-08,3586.97,profit
3342,48,48.0,29,2304.0,1392.0,1,2025-04-23,3584.67,profit
3341,45,49.0,57,2205.0,2793.0,1,2025-04-18,3586.14,profit
3340,32,71.0,84,2272.0,5964.0,1,2025-04-21,3585.32,profit
3339,20,58.0,74,1160.0,4292.0,1,2025-02-26,3585.87,profit
3338,50,63.0,16,3150.0,1008.0,1,2025-06-03,3585.59,profit
3337,42,67.0,31,2814.0,2077.0,1,2025-05-17,3585.97,profit
3336,22,111.0,81,2442.0,8991.0,1,2025-04-29,3586.49,profit
3335,20,138.0,87,2760.0,12006.0,1,2025-05-15,3585.0,profit
3334,28,134.0,27,3752.0,3618.0,1,2025-07-02,3586.11,profit
3333,31,17.0,24,527.0,408.0,1,2025-01-26,3585.22,profit
3332,44,42.0,42,1848.0,1764.0,1,2025-03-31,3585.88,profit
3331,7,91.0,38,637.0,3458.0,1,2025-02-01,3585.43,profit
3330,17,57.0,74,969.0,4218.0,1,2025-02-17,3587.46,profit
3329,17,56.0,18,952.0,1008.0,1,2025-02-16,3586.65,profit
3328,4,28.0,16,112.0,448.0,1,2025-01-06,3585.57,profit
3327,26,143.0,28,3718.0,4004.0,1,2025-06-30,3585.23,profit
3326,13,146.0,39,1898.0,5694.0,1,2025-04-03,3584.92,profit
3325,4,38.0,75,152.0,2850.0,1,2025-01-08,3587.2,profit
3324,38,20.0,67,760.0,1340.0,1,2025-02-06,3585.48,profit
3323,29,115.0,63,3335.0,7245.0,1,2025-06-12,3586.55,profit
3322,21,133.0,51,2793.0,6783.0,1,2025-05-16,3586.87,profit
3321,44,83.0,25,3652.0,2075.0,1,2025-06-27,3585.91,profit
3320,36,148.0,22,5328.0,3256.0,1,2025-09-17,3585.26,profit
3319,9,62.0,26,558.0,1612.0,1,2025-01-28,3586.98,profit
3318,28,81.0,91,2268.0,7371.0,1,2025-04-21,3585.69,profit
3317,1,135.0,66,135.0,8910.0,1,2025-01-07,3586.36,profit
3316,15,134.0,86,2010.0,11524.0,1,2025-04-08,3587.17,profit
3315,35,36.0,16,1260.0,576.0,1,2025-03-03,3586.89,profit
3314,28,56.0,51,1568.0,2856.0,1,2025-03-18,3585.93,profit
3313,25,96.0,30,2400.0,2880.0,1,2025-04-27,3585.16,profit
3312,29,52.0,59,1508.0,3068.0,1,2025-03-15,3586.97,profit
3311,14,20.0,67,280.0,1340.0,1,2025-01-14,3586.38,profit
3310,13,101.0,78,1313.0,7878.0,1,2025-03-05,3586.37,profit
3309,37,97.0,89,3589.0,8633.0,1,2025-06-24,3585.45,profit
3308,16,112.0,60,1792.0,6720.0,1,2025-03-29,3586.79,profit
3307,30,136.0,28,4080.0,3808.0,1,2025-07-18,3584.93,profit
3306,8,20.0,51,160.0,1020.0,1,2025-01-08,3586.52,profit
3305,44,123.0,23,5412.0,2829.0,1,2025-09-21,3585.29,profit
3304,10,62.0,11,620.0,682.0,1,2025-01-31,3585.13,profit
3303,49,71.0,34,3479.0,2414.0,1,2025-06-19,3585.37,profit
3302,18,27.0,42,486.0,1134.0,1,2025-01-24,3586.89,profit
3301,20,130.0,78,2600.0,10140.0,1,2025-05-07,3585.31,profit
3300,12,67.0,22,804.0,1474.0,1,2025-02-09,3587.08,profit
3299,50,85.0,47,4250.0,3995.0,1,2025-07-26,3586.32,profit
3298,32,134.0,28,4288.0,3752.0,1,2025-07-28,3585.43,profit
3297,37,87.0,98,3219.0,8526.0,1,2025-06-06,3584.94,profit
3296,17,41.0,55,697.0,2255.0,1,2025-02-03,3586.81,profit
3295,8,93.0,24,744.0,2232.0,1,2025-02-06,3585.91,profit
3294,27,31.0,64,837.0,1984.0,1,2025-02-10,3586.19,profit
3293,19,52.0,100,988.0,5200.0,1,2025-02-18,3586.3,profit
3292,47,21.0,33,987.0,693.0,1,2025-02-18,3587.24,profit
3291,35,90.0,48,3150.0,4320.0,1,2025-06-03,3586.69,profit
3290,35,102.0,64,3570.0,6528.0,1,2025-06-23,3585.38,profit
3289,33,64.0,83,2112.0,5312.0,1,2025-04-13,3586.22,profit
3288,44,55.0,26,2420.0,1430.0,1,2025-04-28,3585.92,profit
3287,0,36.0,91,0.0,3276.0,0,2025-01-01,3584.88,profit
3286,45,54.0,46,2430.0,2484.0,1,2025-04-29,3586.55,profit
3285,13,145.0,71,1885.0,10295.0,1,2025-04-02,3585.41,profit
3284,48,34.0,100,1632.0,3400.0,1,2025-03-21,3585.68,profit
3283,26,106.0,76,2756.0,8056.0,1,2025-05-15,3586.32,profit
3282,8,114.0,61,912.0,6954.0,1,2025-02-14,3586.56,profit
3281,13,141.0,11,1833.0,1551.0,1,2025-03-31,3586.58,profit
3280,49,18.0,97,882.0,1746.0,1,2025-02-12,3587.38,profit
3279,40,27.0,74,1080.0,1998.0,1,2025-02-22,3586.81,profit
3278,48,26.0,67,1248.0,1742.0,1,2025-03-02,3586.68,profit
3277,31,15.0,52,465.0,780.0,1,2025-01-23,3586.26,profit
3276,33,103.0,87,3399.0,8961.0,1,2025-06-15,3585.8,profit
3275,14,85.0,47,1190.0,3995.0,1,2025-02-27,3587.1,profit
3274,3,89.0,58,267.0,5162.0,1,2025-01-13,3586.61,profit
3273,47,107.0,45,5029.0,4815.0,1,2025-09-02,3585.56,profit
3272,27,20.0,30,540.0,600.0,1,2025-01-27,3586.79,profit
3271,27,77.0,42,2079.0,3234.0,1,2025-04-12,3586.56,profit
3270,44,90.0,56,3960.0,5040.0,1,2025-07-12,3585.72,profit
3269,2,83.0,12,166.0,996.0,1,2025-01-09,3586.66,profit
3268,12,73.0,81,876.0,5913.0,1,2025-02-12,3587.06,profit
3267,41,22.0,74,902.0,1628.0,1,2025-02-13,3587.46,profit
3266,8,108.0,43,864.0,4644.0,1,2025-02-12,3586.15,profit
3265,15,32.0,37,480.0,1184.0,1,2025-01-24,3585.56,profit
3264,6,77.0,20,462.0,1540.0,1,2025-01-23,3587.17,profit
3263,44,70.0,76,3080.0,5320.0,1,2025-05-30,3586.3,profit
3262,6,55.0,80,330.0,4400.0,1,2025-01-17,3585.34,profit
3261,41,115.0,37,4715.0,4255.0,1,2025-08-18,3585.33,profit
3260,33,58.0,97,1914.0,5626.0,1,2025-04-04,3586.66,profit
3259,43,137.0,63,5891.0,8631.0,1,2025-10-14,3585.6,profit
3258,40,38.0,97,1520.0,3686.0,1,2025-03-15,3587.04,profit
3257,34,104.0,68,3536.0,7072.0,1,2025-06-22,3585.48,profit
3256,50,34.0,72,1700.0,2448.0,1,2025-03-24,3586.48,profit
3255,10,32.0,97,320.0,3104.0,1,2025-01-16,3586.58,profit
3254,17,119.0,44,2023.0,5236.0,1,2025-04-09,3585.24,profit
3253,26,94.0,49,2444.0,4606.0,1,2025-04-29,3585.34,profit
3252,3,130.0,31,390.0,4030.0,1,2025-01-19,3586.46,profit
3251,27,95.0,92,2565.0,8740.0,1,2025-05-05,3586.37,profit
3250,31,63.0,16,1953.0,1008.0,1,2025-04-06,3585.11,profit
3249,17,26.0,38,442.0,988.0,1,2025-01-22,3587.09,profit
3248,29,74.0,54,2146.0,3996.0,1,2025-04-15,3586.82,profit
3247,3,127.0,48,381.0,6096.0,1,2025-01-19,3586.99,profit
3246,35,130.0,61,4550.0,7930.0,1,2025-08-10,3585.26,profit
3245,22,57.0,57,1254.0,3249.0,1,2025-03-03,3587.1,profit
3244,23,67.0,79,1541.0,5293.0,1,2025-03-16,3586.54,profit
3243,40,74.0,16,2960.0,1184.0,1,2025-05-25,3586.38,profit
3242,30,56.0,12,1680.0,672.0,1,2025-03-23,3586.7,profit
3241,4,131.0,41,524.0,5371.0,1,2025-01-26,3585.31,profit
3240,26,110.0,18,2860.0,1980.0,1,2025-05-20,3585.56,profit
3239,34,85.0,30,2890.0,2550.0,1,2025-05-21,3586.12,profit
3238,40,38.0,28,1520.0,1064.0,1,2025-03-15,3585.69,profit
3237,47,142.0,48,6674.0,6816.0,1,2025-11-21,3585.05,profit
3236,47,32.0,94,1504.0,3008.0,1,2025-03-15,3585.9,profit
3235,38,121.0,92,4598.0,11132.0,1,2025-08-12,3585.57,profit
3234,25,121.0,27,3025.0,3267.0,1,2025-05-28,3585.79,profit
3233,14,110.0,96,1540.0,10560.0,1,2025-03-16,3586.81,profit
3232,44,98.0,16,4312.0,1568.0,1,2025-07-29,3586.09,profit
3231,43,102.0,19,4386.0,1938.0,1,2025-08-02,3585.42,profit
3230,2,103.0,93,206.0,9579.0,1,2025-01-11,3586.37,profit
3229,20,129.0,24,2580.0,3096.0,1,2025-05-06,3585.99,profit
3228,23,109.0,56,2507.0,6104.0,1,2025-05-03,3585.22,profit
3227,14,134.0,89,1876.0,11926.0,1,2025-04-02,3585.28,profit
3226,18,34.0,34,612.0,1156.0,1,2025-01-30,3587.08,profit
3225,31,60.0,62,1860.0,3720.0,1,2025-04-01,3585.88,profit
3224,20,130.0,39,2600.0,5070.0,1,2025-05-07,3585.12,profit
3223,17,126.0,58,2142.0,7308.0,1,2025-04-15,3586.2,profit
3222,18,85.0,80,1530.0,6800.0,1,2025-03-16,3585.26,profit
3221,44,129.0,71,5676.0,9159.0,1,2025-10-04,3585.52,profit
3220,40,131.0,43,5240.0,5633.0,1,2025-09-13,3585.39,profit
3219,38,100.0,80,3800.0,8000.0,1,2025-07-04,3585.14,profit
3218,40,44.0,19,1760.0,836.0,1,2025-03-27,3585.64,profit
3217,18,89.0,52,1602.0,4628.0,1,2025-03-19,3586.94,profit
3216,16,42.0,74,672.0,3108.0,1,2025-02-02,3586.6,profit
3215,5,106.0,26,530.0,2756.0,1,2025-01-26,3585.44,profit
3214,7,70.0,70,490.0,4900.0,1,2025-01-24,3586.14,profit
3213,21,105.0,71,2205.0,7455.0,1,2025-04-18,3586.05,profit
3212,40,59.0,61,2360.0,3599.0,1,2025-04-25,3586.61,profit
3211,17,126.0,46,2142.0,5796.0,1,2025-04-15,3586.44,profit
3210,46,93.0,43,4278.0,3999.0,1,2025-07-28,3584.96,profit
3209,49,124.0,82,6076.0,10168.0,1,2025-10-23,3584.88,profit
3208,44,34.0,74,1496.0,2516.0,1,2025-03-14,3585.6,profit
3207,44,65.0,25,2860.0,1625.0,1,2025-05-20,3585.98,profit
3206,23,92.0,11,2116.0,1012.0,1,2025-04-13,3586.1,profit
3205,10,41.0,37,410.0,1517.0,1,2025-01-20,3584.99,profit
3204,20,34.0,11,680.0,374.0,1,2025-02-03,3585.52,profit
3203,12,73.0,29,876.0,2117.0,1,2025-02-12,3587.35,profit
3202,31,146.0,43,4526.0,6278.0,1,2025-08-09,3585.69,profit
3201,8,113.0,89,904.0,10057.0,1,2025-02-13,3587.31,profit
3200,30,65.0,81,1950.0,5265.0,1,2025-04-05,3586.77,profit
3199,24,97.0,19,2328.0,1843.0,1,2025-04-24,3585.96,profit
3198,43,83.0,22,3569.0,1826.0,1,2025-06-23,3585.58,profit
3197,19,47.0,69,893.0,3243.0,1,2025-02-13,3586.42,profit
3196,27,33.0,22,891.0,726.0,1,2025-02-13,3585.02,profit
3195,19,139.0,44,2641.0,6116.0,1,2025-05-09,3586.28,profit
3194,0,134.0,67,0.0,8978.0,0,2025-01-01,3585.24,profit
3193,11,70.0,24,770.0,1680.0,1,2025-02-07,3587.47,profit
3192,3,110.0,92,330.0,10120.0,1,2025-01-17,3584.93,profit
3191,9,80.0,85,720.0,6800.0,1,2025-02-05,3585.62,profit
3190,30,136.0,98,4080.0,13328.0,1,2025-07-18,3586.29,profit
3189,16,89.0,80,1424.0,7120.0,1,2025-03-11,3586.3,profit
3188,33,108.0,96,3564.0,10368.0,1,2025-06-23,3585.98,profit
3187,40,122.0,79,4880.0,9638.0,1,2025-08-26,3585.13,profit
3186,35,25.0,23,875.0,575.0,1,2025-02-12,3586.75,profit
3185,13,134.0,95,1742.0,12730.0,1,2025-03-26,3585.34,profit
3184,32,49.0,41,1568.0,2009.0,1,2025-03-18,3586.03,profit
3183,49,116.0,60,5684.0,6960.0,1,2025-10-04,3585.18,profit
3182,22,94.0,16,2068.0,1504.0,1,2025-04-11,3586.6,profit
3181,42,141.0,46,5922.0,6486.0,1,2025-10-16,3585.63,profit
3180,0,113.0,13,0.0,1469.0,0,2025-01-01,3586.32,profit
3179,36,113.0,49,4068.0,5537.0,1,2025-07-17,3585.19,profit
3178,9,74.0,42,666.0,3108.0,1,2025-02-02,3587.05,profit
3177,6,101.0,11,606.0,1111.0,1,2025-01-30,3586.18,profit
3176,26,60.0,81,1560.0,4860.0,1,2025-03-17,3586.16,profit
3175,21,68.0,13,1428.0,884.0,1,2025-03-11,3585.57,profit
3174,19,93.0,46,1767.0,4278.0,1,2025-03-27,3586.6,profit
3173,1,101.0,11,101.0,1111.0,1,2025-01-05,3587.09,profit
3172,27,129.0,13,3483.0,1677.0,1,2025-06-19,3586.49,profit
3171,46,98.0,46,4508.0,4508.0,1,2025-08-08,3586.51,profit
3170,40,136.0,41,5440.0,5576.0,1,2025-09-22,3585.31,profit
3169,44,38.0,92,1672.0,3496.0,1,2025-03-23,3585.52,profit
3168,22,41.0,18,902.0,738.0,1,2025-02-13,3586.08,profit
3167,44,40.0,94,1760.0,3760.0,1,2025-03-27,3586.03,profit
3166,13,83.0,50,1079.0,4150.0,1,2025-02-22,3585.91,profit
3165,44,73.0,69,3212.0,5037.0,1,2025-06-06,3586.49,profit
3164,22,35.0,16,770.0,560.0,1,2025-02-07,3585.62,profit
3163,31,26.0,77,806.0,2002.0,1,2025-02-09,3584.61,profit
3162,44,89.0,20,3916.0,1780.0,1,2025-07-10,3585.79,profit
3161,27,141.0,54,3807.0,7614.0,1,2025-07-05,3585.52,profit
3160,25,34.0,46,850.0,1564.0,1,2025-02-11,3587.04,profit
3159,36,144.0,92,5184.0,13248.0,1,2025-09-10,3585.12,profit
3158,2,53.0,75,106.0,3975.0,1,2025-01-06,3586.54,profit
3157,20,145.0,46,2900.0,6670.0,1,2025-05-22,3586.27,profit
3156,22,107.0,74,2354.0,7918.0,1,2025-04-25,3587.08,profit
3155,1,19.0,56,19.0,1064.0,1,2025-01-01,3584.39,profit
3154,1,120.0,100,120.0,12000.0,1,2025-01-06,3585.97,profit
3153,45,26.0,16,1170.0,416.0,1,2025-02-26,3586.76,profit
3152,30,42.0,49,1260.0,2058.0,1,2025-03-03,3586.22,profit
3151,41,53.0,33,2173.0,1749.0,1,2025-04-16,3585.92,profit
3150,17,84.0,67,1428.0,5628.0,1,2025-03-11,3586.14,profit
3149,30,32.0,15,960.0,480.0,1,2025-02-16,3587.13,profit
3148,7,126.0,71,882.0,8946.0,1,2025-02-12,3587.55,profit
3147,4,40.0,75,160.0,3000.0,1,2025-01-08,3586.6,profit
3146,35,41.0,39,1435.0,1599.0,1,2025-03-11,3584.69,profit
3145,6,102.0,79,612.0,8058.0,1,2025-01-30,3585.95,profit
3144,10,76.0,58,760.0,4408.0,1,2025-02-06,3587.43,profit
3143,50,81.0,56,4050.0,4536.0,1,2025-07-17,3586.13,profit
3142,14,118.0,87,1652.0,10266.0,1,2025-03-22,3587.05,profit
3141,24,85.0,91,2040.0,7735.0,1,2025-04-10,3586.31,profit
3140,28,95.0,54,2660.0,5130.0,1,2025-05-10,3586.23,profit
3139,49,21.0,69,1029.0,1449.0,1,2025-02-20,3586.24,profit
3138,11,47.0,90,517.0,4230.0,1,2025-01-26,3585.42,profit
3137,16,96.0,67,1536.0,6432.0,1,2025-03-16,3584.86,profit
3136,42,111.0,43,4662.0,4773.0,1,2025-08-15,3585.99,profit
3135,44,19.0,39,836.0,741.0,1,2025-02-10,3585.54,profit
3134,45,29.0,84,1305.0,2436.0,1,2025-03-05,3585.74,profit
3133,19,123.0,84,2337.0,10332.0,1,2025-04-24,3585.27,profit
3132,3,43.0,100,129.0,4300.0,1,2025-01-07,3586.75,profit
3131,19,15.0,30,285.0,450.0,1,2025-01-14,3586.64,profit
3130,35,81.0,75,2835.0,6075.0,1,2025-05-18,3586.87,profit
3129,28,79.0,74,2212.0,5846.0,1,2025-04-18,3586.99,profit
3128,38,123.0,31,4674.0,3813.0,1,2025-08-16,3585.69,profit
3127,47,55.0,71,2585.0,3905.0,1,2025-05-06,3585.3,profit
3126,35,113.0,66,3955.0,7458.0,1,2025-07-12,3585.82,profit
3125,43,40.0,22,1720.0,880.0,1,2025-03-25,3586.12,profit
3124,5,29.0,12,145.0,348.0,1,2025-01-08,3586.38,profit
3123,33,127.0,31,4191.0,3937.0,1,2025-07-23,3585.42,profit
3122,15,138.0,85,2070.0,11730.0,1,2025-04-11,3585.66,profit
3121,46,67.0,77,3082.0,5159.0,1,2025-05-30,3585.45,profit
3120,30,31.0,65,930.0,2015.0,1,2025-02-15,3586.55,profit
3119,16,33.0,70,528.0,2310.0,1,2025-01-26,3585.39,profit
3118,32,75.0,29,2400.0,2175.0,1,2025-04-27,3585.77,profit
3117,4,87.0,21,348.0,1827.0,1,2025-01-17,3584.87,profit
3116,23,89.0,13,2047.0,1157.0,1,2025-04-10,3586.72,profit
3115,21,78.0,31,1638.0,2418.0,1,2025-03-21,3584.76,profit
3114,17,115.0,78,1955.0,8970.0,1,2025-04-06,3587.0,profit
3113,12,57.0,55,684.0,3135.0,1,2025-02-03,3587.04,profit
3112,16,127.0,52,2032.0,6604.0,1,2025-04-09,3586.85,profit
3111,7,74.0,16,518.0,1184.0,1,2025-01-26,3586.71,profit
3110,29,97.0,69,2813.0,6693.0,1,2025-05-17,3586.12,profit
3109,6,35.0,28,210.0,980.0,1,2025-01-11,3585.58,profit
3108,44,109.0,76,4796.0,8284.0,1,2025-08-22,3585.37,profit
3107,4,89.0,36,356.0,3204.0,1,2025-01-18,3587.23,profit
3106,24,117.0,35,2808.0,4095.0,1,2025-05-17,3585.88,profit
3105,27,94.0,61,2538.0,5734.0,1,2025-05-04,3586.46,profit
3104,28,132.0,17,3696.0,2244.0,1,2025-06-29,3585.88,profit
3103,39,48.0,17,1872.0,816.0,1,2025-04-02,3584.92,profit
3102,31,64.0,58,1984.0,3712.0,1,2025-04-07,3586.85,profit
3101,10,83.0,25,830.0,2075.0,1,2025-02-10,3587.18,profit
3100,9,32.0,44,288.0,1408.0,1,2025-01-15,3584.73,profit
3099,37,116.0,60,4292.0,6960.0,1,2025-07-28,3586.07,profit
3098,47,109.0,41,5123.0,4469.0,1,2025-09-07,3585.28,profit
3097,4,119.0,69,476.0,8211.0,1,2025-01-24,3585.92,profit
3096,21,149.0,77,3129.0,11473.0,1,2025-06-02,3584.89,profit
3095,32,95.0,27,3040.0,2565.0,1,2025-05-28,3585.78,profit
3094,22,59.0,38,1298.0,2242.0,1,2025-03-05,3586.41,profit
3093,4,122.0,41,488.0,5002.0,1,2025-01-24,3587.16,profit
3092,17,96.0,84,1632.0,8064.0,1,2025-03-21,3585.52,profit
3091,33,109.0,19,3597.0,2071.0,1,2025-06-25,3586.05,profit
3090,42,38.0,22,1596.0,836.0,1,2025-03-19,3586.39,profit
3089,28,149.0,77,4172.0,11473.0,1,2025-07-23,3586.49,profit
3088,25,40.0,20,1000.0,800.0,1,2025-02-18,3586.49,profit
3087,11,104.0,76,1144.0,7904.0,1,2025-02-25,3586.4,profit
3086,25,69.0,18,1725.0,1242.0,1,2025-03-25,3587.18,profit
3085,4,65.0,35,260.0,2275.0,1,2025-01-13,3587.03,profit
3084,21,134.0,89,2814.0,11926.0,1,2025-05-17,3586.84,profit
3083,19,59.0,14,1121.0,826.0,1,2025-02-24,3587.3,profit
3082,33,107.0,21,3531.0,2247.0,1,2025-06-21,3585.44,profit
3081,43,51.0,53,2193.0,2703.0,1,2025-04-17,3586.4,profit
3080,15,81.0,78,1215.0,6318.0,1,2025-03-01,3585.67,profit
3079,2,25.0,22,50.0,550.0,1,2025-01-03,3587.06,profit
3078,46,104.0,44,4784.0,4576.0,1,2025-08-21,3586.11,profit
3077,9,61.0,69,549.0,4209.0,1,2025-01-27,3585.47,profit
3076,50,65.0,72,3250.0,4680.0,1,2025-06-08,3585.75,profit
3075,49,81.0,48,3969.0,3888.0,1,2025-07-13,3585.86,profit
3074,44,134.0,35,5896.0,4690.0,1,2025-10-14,3585.55,profit
3073,26,96.0,42,2496.0,4032.0,1,2025-05-02,3586.89,profit
3072,3,97.0,57,291.0,5529.0,1,2025-01-15,3587.37,profit
3071,0,109.0,60,0.0,6540.0,0,2025-01-01,3585.63,profit
3070,13,28.0,72,364.0,2016.0,1,2025-01-18,3586.42,profit
3069,39,128.0,25,4992.0,3200.0,1,2025-08-31,3585.75,profit
3068,41,144.0,100,5904.0,14400.0,1,2025-10-15,3585.62,profit
3067,44,74.0,76,3256.0,5624.0,1,2025-06-08,3586.87,profit
3066,16,82.0,37,1312.0,3034.0,1,2025-03-05,3586.88,profit
3065,30,77.0,47,2310.0,3619.0,1,2025-04-23,3585.92,profit
3064,0,101.0,13,0.0,1313.0,0,2025-01-01,3585.38,profit
3063,19,103.0,59,1957.0,6077.0,1,2025-04-06,3586.27,profit
3062,20,135.0,37,2700.0,4995.0,1,2025-05-12,3586.45,profit
3061,50,110.0,19,5500.0,2090.0,1,2025-09-25,3585.6,profit
3060,29,114.0,50,3306.0,5700.0,1,2025-06-10,3584.86,profit
3059,49,20.0,14,980.0,280.0,1,2025-02-17,3585.96,profit
3058,38,101.0,47,3838.0,4747.0,1,2025-07-06,3586.05,profit
3057,38,84.0,83,3192.0,6972.0,1,2025-06-05,3585.36,profit
3056,35,88.0,31,3080.0,2728.0,1,2025-05-30,3586.18,profit
3055,38,65.0,78,2470.0,5070.0,1,2025-05-01,3586.6,profit
3054,19,120.0,98,2280.0,11760.0,1,2025-04-21,3586.69,profit
3053,11,46.0,31,506.0,1426.0,1,2025-01-25,3587.01,profit
3052,42,51.0,56,2142.0,2856.0,1,2025-04-15,3585.81,profit
3051,4,91.0,94,364.0,8554.0,1,2025-01-18,3584.77,profit
3050,2,104.0,51,208.0,5304.0,1,2025-01-11,3586.97,profit
3049,2,111.0,88,222.0,9768.0,1,2025-01-11,3586.97,profit
3048,18,89.0,25,1602.0,2225.0,1,2025-03-19,3586.89,profit
3047,25,133.0,86,3325.0,11438.0,1,2025-06-11,3585.25,profit
3046,16,85.0,70,1360.0,5950.0,1,2025-03-08,3586.24,profit
3045,22,99.0,41,2178.0,4059.0,1,2025-04-16,3586.04,profit
3044,29,133.0,18,3857.0,2394.0,1,2025-07-07,3585.86,profit
3043,47,142.0,55,6674.0,7810.0,1,2025-11-21,3585.57,profit
3042,38,120.0,13,4560.0,1560.0,1,2025-08-10,3585.3,profit
3041,50,33.0,85,1650.0,2805.0,1,2025-03-22,3586.5,profit
3040,14,100.0,87,1400.0,8700.0,1,2025-03-10,3586.85,profit
3039,20,97.0,55,1940.0,5335.0,1,2025-04-05,3586.35,profit
3038,49,74.0,61,3626.0,4514.0,1,2025-06-26,3585.05,profit
3037,27,135.0,94,3645.0,12690.0,1,2025-06-27,3586.58,profit
3036,30,19.0,97,570.0,1843.0,1,2025-01-28,3585.66,profit
3035,5,72.0,27,360.0,1944.0,1,2025-01-18,3586.68,profit
3034,9,127.0,45,1143.0,5715.0,1,2025-02-25,3586.44,profit
3033,26,107.0,85,2782.0,9095.0,1,2025-05-16,3584.86,profit
3032,14,100.0,27,1400.0,2700.0,1,2025-03-10,3586.12,profit
3031,43,78.0,55,3354.0,4290.0,1,2025-06-13,3586.59,profit
3030,9,44.0,48,396.0,2112.0,1,2025-01-20,3586.61,profit
3029,46,52.0,49,2392.0,2548.0,1,2025-04-27,3585.01,profit
3028,27,29.0,48,783.0,1392.0,1,2025-02-08,3587.69,profit
3027,32,139.0,24,4448.0,3336.0,1,2025-08-05,3585.55,profit
3026,39,65.0,74,2535.0,4810.0,1,2025-05-04,3586.72,profit
3025,11,34.0,53,374.0,1802.0,1,2025-01-19,3586.3,profit
3024,46,30.0,49,1380.0,1470.0,1,2025-03-09,3586.34,profit
3023,23,125.0,35,2875.0,4375.0,1,2025-05-20,3586.51,profit
3022,22,64.0,45,1408.0,2880.0,1,2025-03-10,3585.88,profit
3021,21,71.0,18,1491.0,1278.0,1,2025-03-14,3587.39,profit
3020,36,24.0,56,864.0,1344.0,1,2025-02-12,3586.76,profit
3019,32,61.0,40,1952.0,2440.0,1,2025-04-05,3585.81,profit
3018,19,40.0,88,760.0,3520.0,1,2025-02-06,3585.13,profit
3017,42,90.0,46,3780.0,4140.0,1,2025-07-03,3585.03,profit
3016,45,139.0,60,6255.0,8340.0,1,2025-11-01,3585.44,profit
3015,19,97.0,44,1843.0,4268.0,1,2025-03-31,3586.52,profit
3014,45,140.0,88,6300.0,12320.0,1,2025-11-03,3585.64,profit
3013,14,34.0,35,476.0,1190.0,1,2025-01-24,3586.95,profit
3012,27,65.0,96,1755.0,6240.0,1,2025-03-27,3586.07,profit
3011,32,67.0,57,2144.0,3819.0,1,2025-04-15,3586.48,profit
3010,31,118.0,39,3658.0,4602.0,1,2025-06-28,3586.62,profit
3009,35,128.0,100,4480.0,12800.0,1,2025-08-07,3585.38,profit
3008,12,113.0,20,1356.0,2260.0,1,2025-03-07,3587.08,profit
3007,19,83.0,22,1577.0,1826.0,1,2025-03-18,3585.91,profit
3006,11,65.0,74,715.0,4810.0,1,2025-02-04,3586.88,profit
3005,40,69.0,73,2760.0,5037.0,1,2025-05-15,3586.13,profit
3004,5,134.0,44,670.0,5896.0,1,2025-02-02,3586.93,profit
3003,34,129.0,57,4386.0,7353.0,1,2025-08-02,3586.07,profit
3002,4,77.0,11,308.0,847.0,1,2025-01-15,3585.4,profit
3001,10,113.0,35,1130.0,3955.0,1,2025-02-24,3586.61,profit
3000,17,128.0,21,2176.0,2688.0,1,2025-04-16,3585.11,profit
2999,39,18.0,94,702.0,1692.0,1,2025-02-04,3586.89,profit
2998,2,19.0,41,38.0,779.0,1,2025-01-02,3586.97,profit
2997,34,88.0,44,2992.0,3872.0,1,2025-05-26,3586.96,profit
2996,36,30.0,59,1080.0,1770.0,1,2025-02-22,3585.18,profit
2995,36,19.0,85,684.0,1615.0,1,2025-02-03,3585.78,profit
2994,18,73.0,46,1314.0,3358.0,1,2025-03-05,3586.67,profit
2993,4,70.0,14,280.0,980.0,1,2025-01-14,3586.1,profit
2992,15,84.0,30,1260.0,2520.0,1,2025-03-03,3586.28,profit
2991,47,37.0,54,1739.0,1998.0,1,2025-03-26,3584.99,profit
2990,0,111.0,72,0.0,7992.0,0,2025-01-01,3585.8,profit
2989,11,57.0,43,627.0,2451.0,1,2025-01-31,3586.15,profit
2988,9,32.0,84,288.0,2688.0,1,2025-01-15,3586.21,profit
2987,17,89.0,16,1513.0,1424.0,1,2025-03-15,3586.44,profit
2986,42,123.0,43,5166.0,5289.0,1,2025-09-09,3585.71,profit
2985,3,117.0,75,351.0,8775.0,1,2025-01-18,3586.24,profit
2984,27,143.0,85,3861.0,12155.0,1,2025-07-07,3585.24,profit
2983,5,70.0,16,350.0,1120.0,1,2025-01-18,3586.72,profit
2982,43,53.0,30,2279.0,1590.0,1,2025-04-21,3586.25,profit
2981,41,133.0,60,5453.0,7980.0,1,2025-09-23,3585.48,profit
2980,23,87.0,82,2001.0,7134.0,1,2025-04-08,3586.38,profit
2979,16,64.0,94,1024.0,6016.0,1,2025-02-19,3585.78,profit
2978,43,31.0,89,1333.0,2759.0,1,2025-03-06,3585.15,profit
2977,11,67.0,28,737.0,1876.0,1,2025-02-05,3586.95,profit
2976,32,88.0,19,2816.0,1672.0,1,2025-05-18,3585.93,profit
2975,2,145.0,65,290.0,9425.0,1,2025-01-15,3585.75,profit
2974,39,23.0,38,897.0,874.0,1,2025-02-13,3585.81,profit
2973,3,109.0,63,327.0,6867.0,1,2025-01-16,3586.62,profit
2972,22,145.0,12,3190.0,1740.0,1,2025-06-05,3585.15,profit
2971,2,109.0,35,218.0,3815.0,1,2025-01-11,3586.42,profit
2970,29,60.0,50,1740.0,3000.0,1,2025-03-26,3584.83,profit
2969,37,104.0,32,3848.0,3328.0,1,2025-07-07,3585.41,profit
2968,45,106.0,26,4770.0,2756.0,1,2025-08-21,3585.79,profit
2967,25,69.0,65,1725.0,4485.0,1,2025-03-25,3586.2,profit
2966,42,25.0,100,1050.0,2500.0,1,2025-02-21,3586.58,profit
2965,49,46.0,86,2254.0,3956.0,1,2025-04-20,3586.37,profit
2964,42,130.0,54,5460.0,7020.0,1,2025-09-23,3585.1,profit
2963,30,142.0,20,4260.0,2840.0,1,2025-07-27,3585.41,profit
2962,44,102.0,90,4488.0,9180.0,1,2025-08-07,3585.27,profit
2961,41,42.0,68,1722.0,2856.0,1,2025-03-25,3586.57,profit
2960,29,78.0,89,2262.0,6942.0,1,2025-04-21,3587.06,profit
2959,37,38.0,17,1406.0,646.0,1,2025-03-10,3586.83,profit
2958,36,77.0,48,2772.0,3696.0,1,2025-05-15,3584.95,profit
2957,38,108.0,38,4104.0,4104.0,1,2025-07-19,3585.51,profit
2956,10,113.0,91,1130.0,10283.0,1,2025-02-24,3586.17,profit
2955,32,85.0,67,2720.0,5695.0,1,2025-05-13,3586.72,profit
2954,50,65.0,73,3250.0,4745.0,1,2025-06-08,3586.43,profit
2953,16,130.0,28,2080.0,3640.0,1,2025-04-12,3586.09,profit
2952,1,148.0,79,148.0,11692.0,1,2025-01-08,3586.94,profit
2951,24,122.0,23,2928.0,2806.0,1,2025-05-23,3585.27,profit
2950,12,127.0,43,1524.0,5461.0,1,2025-03-16,3585.86,profit
2949,3,67.0,42,201.0,2814.0,1,2025-01-10,3586.54,profit
2948,48,40.0,68,1920.0,2720.0,1,2025-04-04,3586.64,profit
2947,45,146.0,26,6570.0,3796.0,1,2025-11-16,3585.43,profit
2946,4,32.0,38,128.0,1216.0,1,2025-01-07,3586.5,profit
2945,11,99.0,24,1089.0,2376.0,1,2025-02-22,3586.74,profit
2944,28,98.0,55,2744.0,5390.0,1,2025-05-14,3586.17,profit
2943,23,71.0,12,1633.0,852.0,1,2025-03-21,3585.55,profit
2942,9,21.0,79,189.0,1659.0,1,2025-01-10,3587.06,profit
2941,11,32.0,27,352.0,864.0,1,2025-01-18,3587.01,profit
2940,27,148.0,98,3996.0,14504.0,1,2025-07-14,3585.76,profit
2939,14,85.0,63,1190.0,5355.0,1,2025-02-27,3586.64,profit
2938,4,83.0,70,332.0,5810.0,1,2025-01-17,3586.96,profit
2937,44,128.0,66,5632.0,8448.0,1,2025-10-02,3585.45,profit
2936,22,124.0,97,2728.0,12028.0,1,2025-05-13,3585.73,profit
2935,38,81.0,11,3078.0,891.0,1,2025-05-30,3586.74,profit
2934,25,101.0,79,2525.0,7979.0,1,2025-05-03,3586.44,profit
2933,33,35.0,31,1155.0,1085.0,1,2025-02-26,3587.68,profit
2932,34,88.0,37,2992.0,3256.0,1,2025-05-26,3586.24,profit
2931,30,94.0,52,2820.0,4888.0,1,2025-05-18,3585.67,profit
2930,14,136.0,38,1904.0,5168.0,1,2025-04-03,3585.78,profit
2929,45,26.0,13,1170.0,338.0,1,2025-02-26,3585.54,profit
2928,35,133.0,38,4655.0,5054.0,1,2025-08-15,3585.72,profit
2927,5,43.0,57,215.0,2451.0,1,2025-01-11,3586.34,profit
2926,35,105.0,92,3675.0,9660.0,1,2025-06-28,3585.5,profit
2925,50,119.0,13,5950.0,1547.0,1,2025-10-17,3585.24,profit
2924,15,67.0,97,1005.0,6499.0,1,2025-02-18,3585.69,profit
2923,37,25.0,30,925.0,750.0,1,2025-02-15,3586.93,profit
2922,43,21.0,35,903.0,735.0,1,2025-02-13,3586.99,profit
2921,30,91.0,34,2730.0,3094.0,1,2025-05-13,3585.36,profit
2920,5,118.0,27,590.0,3186.0,1,2025-01-29,3587.27,profit
2919,13,148.0,66,1924.0,9768.0,1,2025-04-04,3585.97,profit
2918,34,91.0,55,3094.0,5005.0,1,2025-05-31,3586.33,profit
2917,15,124.0,28,1860.0,3472.0,1,2025-04-01,3586.43,profit
2916,43,73.0,52,3139.0,3796.0,1,2025-06-02,3586.83,profit
2915,24,131.0,64,3144.0,8384.0,1,2025-06-03,3586.51,profit
2914,30,47.0,13,1410.0,611.0,1,2025-03-10,3585.24,profit
2913,41,21.0,29,861.0,609.0,1,2025-02-11,3586.39,profit
2912,17,140.0,88,2380.0,12320.0,1,2025-04-26,3585.27,profit
2911,47,55.0,33,2585.0,1815.0,1,2025-05-06,3586.19,profit
2910,2,112.0,35,224.0,3920.0,1,2025-01-11,3586.34,profit
2909,26,130.0,18,3380.0,2340.0,1,2025-06-14,3584.75,profit
2908,35,63.0,98,2205.0,6174.0,1,2025-04-18,3584.77,profit
2907,42,69.0,39,2898.0,2691.0,1,2025-05-22,3587.19,profit
2906,45,76.0,59,3420.0,4484.0,1,2025-06-16,3585.23,profit
2905,16,45.0,56,720.0,2520.0,1,2025-02-05,3587.81,profit
2904,45,56.0,68,2520.0,3808.0,1,2025-05-03,3586.42,profit
2903,39,118.0,67,4602.0,7906.0,1,2025-08-12,3585.31,profit
2902,3,135.0,23,405.0,3105.0,1,2025-01-20,3587.11,profit
2901,34,17.0,91,578.0,1547.0,1,2025-01-29,3587.62,profit
2900,43,81.0,62,3483.0,5022.0,1,2025-06-19,3586.69,profit
2899,37,65.0,56,2405.0,3640.0,1,2025-04-28,3586.79,profit
2898,7,130.0,16,910.0,2080.0,1,2025-02-14,3587.17,profit
2897,37,136.0,13,5032.0,1768.0,1,2025-09-02,3586.03,profit
2896,49,82.0,14,4018.0,1148.0,1,2025-07-15,3586.11,profit
2895,37,94.0,71,3478.0,6674.0,1,2025-06-19,3586.67,profit
2894,18,23.0,11,414.0,253.0,1,2025-01-21,3586.49,profit
2893,34,144.0,65,4896.0,9360.0,1,2025-08-27,3585.16,profit
2892,0,82.0,96,0.0,7872.0,0,2025-01-01,3585.03,profit
2891,33,67.0,13,2211.0,871.0,1,2025-04-18,3586.36,profit
2890,8,148.0,74,1184.0,10952.0,1,2025-02-27,3586.18,profit
2889,33,54.0,55,1782.0,2970.0,1,2025-03-28,3586.06,profit
2888,11,88.0,40,968.0,3520.0,1,2025-02-17,3586.21,profit
2887,17,29.0,77,493.0,2233.0,1,2025-01-24,3587.16,profit
2886,7,107.0,43,749.0,4601.0,1,2025-02-06,3585.52,profit
2885,14,23.0,30,322.0,690.0,1,2025-01-16,3586.69,profit
2884,49,90.0,80,4410.0,7200.0,1,2025-08-03,3584.7,profit
2883,43,117.0,26,5031.0,3042.0,1,2025-09-02,3585.39,profit
2882,27,35.0,75,945.0,2625.0,1,2025-02-15,3587.18,profit
2881,19,150.0,65,2850.0,9750.0,1,2025-05-19,3585.77,profit
2880,42,139.0,40,5838.0,5560.0,1,2025-10-12,3585.52,profit
2879,7,69.0,82,483.0,5658.0,1,2025-01-24,3586.32,profit
2878,9,106.0,51,954.0,5406.0,1,2025-02-16,3587.58,profit
2877,6,39.0,18,234.0,702.0,1,2025-01-12,3586.52,profit
2876,41,37.0,13,1517.0,481.0,1,2025-03-15,3586.91,profit
2875,10,104.0,50,1040.0,5200.0,1,2025-02-20,3585.97,profit
2874,34,29.0,68,986.0,1972.0,1,2025-02-17,3586.75,profit
2873,42,31.0,43,1302.0,1333.0,1,2025-03-05,3586.08,profit
2872,45,136.0,35,6120.0,4760.0,1,2025-10-25,3585.61,profit
2871,15,42.0,39,630.0,1638.0,1,2025-01-31,3586.87,profit
2870,26,148.0,78,3848.0,11544.0,1,2025-07-07,3585.36,profit
2869,12,29.0,88,348.0,2552.0,1,2025-01-17,3585.06,profit
2868,13,131.0,81,1703.0,10611.0,1,2025-03-24,3585.12,profit
2867,0,134.0,93,0.0,12462.0,0,2025-01-01,3586.55,profit
2866,20,49.0,67,980.0,3283.0,1,2025-02-17,3585.93,profit
2865,7,67.0,19,469.0,1273.0,1,2025-01-23,3585.38,profit
2864,16,94.0,94,1504.0,8836.0,1,2025-03-15,3587.2,profit
2863,1,143.0,12,143.0,1716.0,1,2025-01-07,3584.98,profit
2862,1,92.0,70,92.0,6440.0,1,2025-01-05,3585.95,profit
2861,18,61.0,82,1098.0,5002.0,1,2025-02-23,3585.98,profit
2860,0,21.0,45,0.0,945.0,0,2025-01-01,3586.71,profit
2859,45,146.0,49,6570.0,7154.0,1,2025-11-16,3585.7,profit
2858,23,136.0,18,3128.0,2448.0,1,2025-06-02,3585.24,profit
2857,21,72.0,81,1512.0,5832.0,1,2025-03-15,3586.33,profit
2856,40,43.0,58,1720.0,2494.0,1,2025-03-25,3586.44,profit
2855,27,49.0,57,1323.0,2793.0,1,2025-03-06,3584.87,profit
2854,41,51.0,63,2091.0,3213.0,1,2025-04-12,3586.84,profit
2853,11,81.0,11,891.0,891.0,1,2025-02-13,3586.34,profit
2852,3,32.0,37,96.0,1184.0,1,2025-01-05,3586.91,profit
2851,19,55.0,41,1045.0,2255.0,1,2025-02-20,3587.29,profit
2850,48,25.0,95,1200.0,2375.0,1,2025-02-28,3586.89,profit
2849,25,20.0,36,500.0,720.0,1,2025-01-25,3587.02,profit
2848,13,120.0,56,1560.0,6720.0,1,2025-03-17,3586.43,profit
2847,46,116.0,42,5336.0,4872.0,1,2025-09-17,3585.26,profit
2846,25,132.0,81,3300.0,10692.0,1,2025-06-10,3585.28,profit
2845,6,17.0,79,102.0,1343.0,1,2025-01-05,3585.53,profit
2844,48,69.0,82,3312.0,5658.0,1,2025-06-11,3586.19,profit
2843,14,132.0,89,1848.0,11748.0,1,2025-03-31,3585.75,profit
2842,36,46.0,85,1656.0,3910.0,1,2025-03-22,3587.05,profit
2841,37,28.0,24,1036.0,672.0,1,2025-02-20,3585.13,profit
2840,14,68.0,89,952.0,6052.0,1,2025-02-16,3586.95,profit
2839,47,66.0,37,3102.0,2442.0,1,2025-05-31,3585.61,profit
2838,25,54.0,33,1350.0,1782.0,1,2025-03-07,3585.82,profit
2837,50,70.0,12,3500.0,840.0,1,2025-06-20,3585.91,profit
2836,9,137.0,43,1233.0,5891.0,1,2025-03-02,3587.38,profit
2835,47,31.0,44,1457.0,1364.0,1,2025-03-12,3585.79,profit
2834,9,58.0,70,522.0,4060.0,1,2025-01-26,3586.3,profit
2833,41,139.0,80,5699.0,11120.0,1,2025-10-05,3585.49,profit
2832,7,73.0,45,511.0,3285.0,1,2025-01-25,3587.07,profit
2831,26,33.0,51,858.0,1683.0,1,2025-02-11,3585.64,profit
2830,21,126.0,16,2646.0,2016.0,1,2025-05-09,3584.6,profit
2829,20,96.0,27,1920.0,2592.0,1,2025-04-04,3586.63,profit
2828,17,22.0,42,374.0,924.0,1,2025-01-19,3586.94,profit
2827,9,17.0,94,153.0,1598.0,1,2025-01-08,3585.82,profit
2826,1,37.0,30,37.0,1110.0,1,2025-01-02,3587.05,profit
2825,48,58.0,54,2784.0,3132.0,1,2025-05-16,3586.08,profit
2824,17,41.0,70,697.0,2870.0,1,2025-02-03,3585.48,profit
2823,9,131.0,29,1179.0,3799.0,1,2025-02-27,3586.46,profit
2822,28,89.0,52,2492.0,4628.0,1,2025-05-02,3585.74,profit
2821,31,98.0,48,3038.0,4704.0,1,2025-05-28,3585.25,profit
2820,11,112.0,38,1232.0,4256.0,1,2025-03-01,3586.19,profit
2819,15,28.0,13,420.0,364.0,1,2025-01-21,3587.14,profit
2818,37,98.0,71,3626.0,6958.0,1,2025-06-26,3586.63,profit
2817,19,44.0,78,836.0,3432.0,1,2025-02-10,3587.2,profit
2816,10,117.0,12,1170.0,1404.0,1,2025-02-26,3584.8,profit
2815,40,95.0,40,3800.0,3800.0,1,2025-07-04,3585.4,profit
2814,20,134.0,31,2680.0,4154.0,1,2025-05-11,3586.09,profit
2813,9,96.0,45,864.0,4320.0,1,2025-02-12,3585.5,profit
2812,42,54.0,78,2268.0,4212.0,1,2025-04-21,3586.58,profit
2811,24,94.0,59,2256.0,5546.0,1,2025-04-20,3586.4,profit
2810,37,105.0,74,3885.0,7770.0,1,2025-07-09,3585.52,profit
2809,12,71.0,79,852.0,5609.0,1,2025-02-11,3587.36,profit
2808,34,22.0,62,748.0,1364.0,1,2025-02-06,3585.62,profit
2807,37,147.0,64,5439.0,9408.0,1,2025-09-22,3584.99,profit
2806,37,23.0,55,851.0,1265.0,1,2025-02-11,3585.19,profit
2805,36,105.0,49,3780.0,5145.0,1,2025-07-03,3586.03,profit
2804,43,23.0,39,989.0,897.0,1,2025-02-18,3586.93,profit
2803,1,66.0,28,66.0,1848.0,1,2025-01-04,3587.01,profit
2802,24,41.0,49,984.0,2009.0,1,2025-02-17,3586.88,profit
2801,39,17.0,20,663.0,340.0,1,2025-02-02,3584.92,profit
2800,11,19.0,94,209.0,1786.0,1,2025-01-11,3585.64,profit
2799,5,49.0,62,245.0,3038.0,1,2025-01-12,3585.36,profit
2798,11,77.0,98,847.0,7546.0,1,2025-02-11,3586.24,profit
2797,29,146.0,68,4234.0,9928.0,1,2025-07-26,3585.77,profit
2796,2,119.0,39,238.0,4641.0,1,2025-01-12,3585.48,profit
2795,6,94.0,61,564.0,5734.0,1,2025-01-28,3585.09,profit
2794,23,25.0,26,575.0,650.0,1,2025-01-28,3586.28,profit
2793,11,88.0,48,968.0,4224.0,1,2025-02-17,3586.77,profit
2792,44,125.0,79,5500.0,9875.0,1,2025-09-25,3585.99,profit
2791,45,124.0,69,5580.0,8556.0,1,2025-09-29,3585.29,profit
2790,41,97.0,56,3977.0,5432.0,1,2025-07-13,3585.73,profit
2789,50,120.0,34,6000.0,4080.0,1,2025-10-19,3585.21,profit
2788,43,58.0,40,2494.0,2320.0,1,2025-05-02,3586.34,profit
2787,11,73.0,49,803.0,3577.0,1,2025-02-09,3585.5,profit
2786,19,27.0,16,513.0,432.0,1,2025-01-25,3587.4,profit
2785,26,79.0,68,2054.0,5372.0,1,2025-04-10,3586.0,profit
2784,24,36.0,20,864.0,720.0,1,2025-02-12,3586.66,profit
2783,5,143.0,11,715.0,1573.0,1,2025-02-04,3587.55,profit
2782,28,119.0,60,3332.0,7140.0,1,2025-06-12,3586.51,profit
2781,24,45.0,26,1080.0,1170.0,1,2025-02-22,3587.11,profit
2780,5,99.0,37,495.0,3663.0,1,2025-01-25,3586.85,profit
2779,30,59.0,43,1770.0,2537.0,1,2025-03-28,3586.17,profit
2778,29,109.0,86,3161.0,9374.0,1,2025-06-03,3586.64,profit
2777,12,97.0,77,1164.0,7469.0,1,2025-02-26,3585.75,profit
2776,32,102.0,61,3264.0,6222.0,1,2025-06-08,3585.16,profit
2775,40,37.0,41,1480.0,1517.0,1,2025-03-14,3586.22,profit
2774,30,44.0,12,1320.0,528.0,1,2025-03-06,3586.76,profit
2773,37,149.0,23,5513.0,3427.0,1,2025-09-26,3585.64,profit
2772,19,77.0,78,1463.0,6006.0,1,2025-03-13,3586.57,profit
2771,37,145.0,10,5365.0,1450.0,1,2025-09-19,3586.14,profit
2770,39,28.0,21,1092.0,588.0,1,2025-02-23,3586.75,profit
2769,10,71.0,11,710.0,781.0,1,2025-02-04,3585.24,profit
2768,31,150.0,60,4650.0,9000.0,1,2025-08-15,3585.83,profit
2767,4,128.0,38,512.0,4864.0,1,2025-01-25,3587.24,profit
2766,11,120.0,38,1320.0,4560.0,1,2025-03-06,3587.36,profit
2765,17,33.0,59,561.0,1947.0,1,2025-01-28,3585.73,profit
2764,26,35.0,26,910.0,910.0,1,2025-02-14,3586.94,profit
2763,34,64.0,47,2176.0,3008.0,1,2025-04-16,3586.53,profit
2762,31,75.0,24,2325.0,1800.0,1,2025-04-24,3585.68,profit
2761,44,132.0,78,5808.0,10296.0,1,2025-10-10,3585.31,profit
2760,11,110.0,52,1210.0,5720.0,1,2025-02-28,3586.73,profit
2759,40,53.0,54,2120.0,2862.0,1,2025-04-14,3584.91,profit
2758,20,64.0,32,1280.0,2048.0,1,2025-03-04,3587.18,profit
2757,22,59.0,96,1298.0,5664.0,1,2025-03-05,3587.19,profit
2756,43,74.0,51,3182.0,3774.0,1,2025-06-04,3585.26,profit
2755,36,75.0,91,2700.0,6825.0,1,2025-05-12,3585.3,profit
2754,0,103.0,80,0.0,8240.0,0,2025-01-01,3585.95,profit
2753,15,77.0,10,1155.0,770.0,1,2025-02-26,3586.07,profit
2752,2,39.0,88,78.0,3432.0,1,2025-01-04,3586.95,profit
2751,33,88.0,63,2904.0,5544.0,1,2025-05-22,3585.28,profit
2750,16,74.0,95,1184.0,7030.0,1,2025-02-27,3585.68,profit
2749,19,100.0,96,1900.0,9600.0,1,2025-04-03,3584.98,profit
2748,39,28.0,90,1092.0,2520.0,1,2025-02-23,3586.14,profit
2747,24,48.0,17,1152.0,816.0,1,2025-02-26,3587.0,profit
2746,46,133.0,60,6118.0,7980.0,1,2025-10-25,3585.28,profit
2745,29,45.0,62,1305.0,2790.0,1,2025-03-05,3585.72,profit
2744,35,36.0,67,1260.0,2412.0,1,2025-03-03,3586.45,profit
2743,50,17.0,30,850.0,510.0,1,2025-02-11,3585.07,profit
2742,44,131.0,68,5764.0,8908.0,1,2025-10-08,3585.44,profit
2741,28,111.0,81,3108.0,8991.0,1,2025-06-01,3586.21,profit
2740,29,26.0,27,754.0,702.0,1,2025-02-06,3584.81,profit
2739,44,104.0,41,4576.0,4264.0,1,2025-08-11,3585.64,profit
2738,47,115.0,85,5405.0,9775.0,1,2025-09-21,3585.71,profit
2737,8,101.0,44,808.0,4444.0,1,2025-02-09,3587.17,profit
2736,20,20.0,56,400.0,1120.0,1,2025-01-20,3586.35,profit
2735,41,74.0,26,3034.0,1924.0,1,2025-05-28,3586.61,profit
2734,16,66.0,13,1056.0,858.0,1,2025-02-21,3585.53,profit
2733,3,129.0,53,387.0,6837.0,1,2025-01-19,3586.67,profit
2732,23,70.0,27,1610.0,1890.0,1,2025-03-20,3584.99,profit
2731,4,78.0,88,312.0,6864.0,1,2025-01-16,3586.78,profit
2730,48,67.0,77,3216.0,5159.0,1,2025-06-06,3585.45,profit
2729,20,126.0,41,2520.0,5166.0,1,2025-05-03,3584.89,profit
2728,10,45.0,14,450.0,630.0,1,2025-01-22,3586.46,profit
2727,7,46.0,37,322.0,1702.0,1,2025-01-16,3586.74,profit
2726,46,84.0,38,3864.0,3192.0,1,2025-07-08,3586.17,profit
2725,33,91.0,39,3003.0,3549.0,1,2025-05-27,3586.51,profit
2724,27,40.0,40,1080.0,1600.0,1,2025-02-22,3585.37,profit
2723,31,123.0,44,3813.0,5412.0,1,2025-07-05,3585.74,profit
2722,37,47.0,49,1739.0,2303.0,1,2025-03-26,3585.51,profit
2721,39,96.0,85,3744.0,8160.0,1,2025-07-02,3586.38,profit
2720,27,43.0,23,1161.0,989.0,1,2025-02-26,3585.21,profit
2719,38,146.0,20,5548.0,2920.0,1,2025-09-28,3585.42,profit
2718,18,91.0,60,1638.0,5460.0,1,2025-03-21,3587.12,profit
2717,5,70.0,10,350.0,700.0,1,2025-01-18,3586.88,profit
2716,50,118.0,69,5900.0,8142.0,1,2025-10-15,3585.09,profit
2715,22,38.0,50,836.0,1900.0,1,2025-02-10,3586.0,profit
2714,26,32.0,35,832.0,1120.0,1,2025-02-10,3586.12,profit
2713,46,128.0,98,5888.0,12544.0,1,2025-10-14,3585.53,profit
2712,24,106.0,29,2544.0,3074.0,1,2025-05-04,3584.71,profit
2711,22,146.0,48,3212.0,7008.0,1,2025-06-06,3585.28,profit
2710,35,77.0,40,2695.0,3080.0,1,2025-05-12,3586.37,profit
2709,47,129.0,24,6063.0,3096.0,1,2025-10-23,3585.34,profit
2708,28,57.0,32,1596.0,1824.0,1,2025-03-19,3587.12,profit
2707,37,119.0,39,4403.0,4641.0,1,2025-08-03,3585.29,profit
2706,3,20.0,50,60.0,1000.0,1,2025-01-03,3585.74,profit
2705,50,107.0,56,5350.0,5992.0,1,2025-09-18,3585.34,profit
2704,40,144.0,89,5760.0,12816.0,1,2025-10-08,3585.64,profit
2703,22,106.0,97,2332.0,10282.0,1,2025-04-24,3585.43,profit
2702,41,83.0,52,3403.0,4316.0,1,2025-06-15,3586.25,profit
2701,35,25.0,76,875.0,1900.0,1,2025-02-12,3585.78,profit
2700,9,150.0,21,1350.0,3150.0,1,2025-03-07,3587.04,profit
2699,23,24.0,20,552.0,480.0,1,2025-01-27,3586.76,profit
2698,18,116.0,81,2088.0,9396.0,1,2025-04-12,3586.17,profit
2697,8,31.0,53,248.0,1643.0,1,2025-01-13,3586.34,profit
2696,12,63.0,50,756.0,3150.0,1,2025-02-06,3587.15,profit
2695,36,38.0,63,1368.0,2394.0,1,2025-03-08,3586.17,profit
2694,25,150.0,33,3750.0,4950.0,1,2025-07-02,3586.09,profit
2693,37,20.0,10,740.0,200.0,1,2025-02-06,3586.96,profit
2692,23,110.0,86,2530.0,9460.0,1,2025-05-04,3586.86,profit
2691,18,37.0,86,666.0,3182.0,1,2025-02-02,3586.96,profit
2690,49,140.0,12,6860.0,1680.0,1,2025-11-30,3585.34,profit
2689,1,129.0,51,129.0,6579.0,1,2025-01-07,3584.84,profit
2688,50,111.0,78,5550.0,8658.0,1,2025-09-28,3584.79,profit
2687,47,20.0,47,940.0,940.0,1,2025-02-15,3585.71,profit
2686,29,69.0,94,2001.0,6486.0,1,2025-04-08,3584.97,profit
2685,2,94.0,69,188.0,6486.0,1,2025-01-10,3586.17,profit
2684,20,36.0,61,720.0,2196.0,1,2025-02-05,3585.44,profit
2683,41,117.0,96,4797.0,11232.0,1,2025-08-22,3585.89,profit
2682,22,50.0,33,1100.0,1650.0,1,2025-02-23,3585.58,profit
2681,47,69.0,99,3243.0,6831.0,1,2025-06-07,3585.55,profit
2680,34,81.0,45,2754.0,3645.0,1,2025-05-15,3585.37,profit
2679,21,82.0,41,1722.0,3362.0,1,2025-03-25,3586.95,profit
2678,18,63.0,11,1134.0,693.0,1,2025-02-25,3586.65,profit
2677,40,79.0,15,3160.0,1185.0,1,2025-06-03,3585.65,profit
2676,12,85.0,52,1020.0,4420.0,1,2025-02-19,3586.07,profit
2675,35,37.0,28,1295.0,1036.0,1,2025-03-05,3585.0,profit
2674,47,64.0,18,3008.0,1152.0,1,2025-05-27,3586.06,profit
2673,37,65.0,19,2405.0,1235.0,1,2025-04-28,3586.8,profit
2672,17,150.0,96,2550.0,14400.0,1,2025-05-05,3585.69,profit
2671,30,140.0,64,4200.0,8960.0,1,2025-07-24,3585.23,profit
2670,27,63.0,88,1701.0,5544.0,1,2025-03-24,3584.84,profit
2669,23,16.0,68,368.0,1088.0,1,2025-01-18,3585.75,profit
2668,49,134.0,12,6566.0,1608.0,1,2025-11-16,3585.29,profit
2667,11,87.0,27,957.0,2349.0,1,2025-02-16,3586.38,profit
2666,18,133.0,86,2394.0,11438.0,1,2025-04-27,3586.48,profit
2665,27,58.0,47,1566.0,2726.0,1,2025-03-18,3586.01,profit
2664,15,62.0,10,930.0,620.0,1,2025-02-15,3585.73,profit
2663,24,133.0,32,3192.0,4256.0,1,2025-06-05,3585.28,profit
2662,33,120.0,75,3960.0,9000.0,1,2025-07-12,3586.35,profit
2661,7,54.0,73,378.0,3942.0,1,2025-01-19,3586.55,profit
2660,45,105.0,85,4725.0,8925.0,1,2025-08-18,3585.92,profit
2659,3,135.0,44,405.0,5940.0,1,2025-01-20,3586.12,profit
2658,5,134.0,77,670.0,10318.0,1,2025-02-02,3586.09,profit
2657,27,129.0,100,3483.0,12900.0,1,2025-06-19,3585.91,profit
2656,22,110.0,13,2420.0,1430.0,1,2025-04-28,3586.39,profit
2655,5,37.0,41,185.0,1517.0,1,2025-01-10,3585.61,profit
2654,10,98.0,100,980.0,9800.0,1,2025-02-17,3586.71,profit
2653,26,109.0,90,2834.0,9810.0,1,2025-05-18,3585.11,profit
2652,40,61.0,89,2440.0,5429.0,1,2025-04-29,3586.28,profit
2651,1,150.0,53,150.0,7950.0,1,2025-01-08,3585.0,profit
2650,32,120.0,27,3840.0,3240.0,1,2025-07-06,3586.16,profit
2649,11,32.0,50,352.0,1600.0,1,2025-01-18,3586.3,profit
2648,22,97.0,41,2134.0,3977.0,1,2025-04-14,3585.6,profit
2647,43,95.0,42,4085.0,3990.0,1,2025-07-18,3585.15,profit
2646,1,66.0,11,66.0,726.0,1,2025-01-04,3586.85,profit
2645,4,95.0,42,380.0,3990.0,1,2025-01-19,3585.91,profit
2644,31,49.0,32,1519.0,1568.0,1,2025-03-15,3586.58,profit
2643,6,33.0,42,198.0,1386.0,1,2025-01-10,3586.61,profit
2642,27,51.0,85,1377.0,4335.0,1,2025-03-09,3587.09,profit
2641,44,112.0,73,4928.0,8176.0,1,2025-08-28,3585.47,profit
2640,26,114.0,71,2964.0,8094.0,1,2025-05-25,3585.97,profit
2639,50,69.0,30,3450.0,2070.0,1,2025-06-17,3585.59,profit
2638,45,44.0,38,1980.0,1672.0,1,2025-04-07,3587.07,profit
2637,3,44.0,30,132.0,1320.0,1,2025-01-07,3584.79,profit
2636,11,81.0,14,891.0,1134.0,1,2025-02-13,3586.69,profit
2635,11,72.0,72,792.0,5184.0,1,2025-02-08,3585.23,profit
2634,25,102.0,62,2550.0,6324.0,1,2025-05-05,3585.44,profit
2633,30,137.0,27,4110.0,3699.0,1,2025-07-20,3585.53,profit
2632,5,132.0,80,660.0,10560.0,1,2025-02-02,3586.6,profit
2631,48,150.0,78,7200.0,11700.0,1,2025-12-17,3584.91,profit
2630,36,75.0,98,2700.0,7350.0,1,2025-05-12,3585.52,profit
2629,13,117.0,35,1521.0,4095.0,1,2025-03-16,3586.6,profit
2628,40,38.0,94,1520.0,3572.0,1,2025-03-15,3586.01,profit
2627,34,41.0,32,1394.0,1312.0,1,2025-03-09,3586.88,profit
2626,6,138.0,87,828.0,12006.0,1,2025-02-10,3587.19,profit
2625,18,148.0,39,2664.0,5772.0,1,2025-05-10,3586.68,profit
2624,46,76.0,63,3496.0,4788.0,1,2025-06-20,3586.04,profit
2623,34,118.0,82,4012.0,9676.0,1,2025-07-15,3584.76,profit
2622,18,63.0,54,1134.0,3402.0,1,2025-02-25,3587.7,profit
2621,46,86.0,80,3956.0,6880.0,1,2025-07-12,3585.3,profit
2620,30,30.0,44,900.0,1320.0,1,2025-02-13,3587.44,profit
2619,3,23.0,72,69.0,1656.0,1,2025-01-04,3585.94,profit
2618,34,105.0,50,3570.0,5250.0,1,2025-06-23,3585.91,profit
2617,12,82.0,53,984.0,4346.0,1,2025-02-17,3586.27,profit
2616,47,102.0,41,4794.0,4182.0,1,2025-08-22,3585.04,profit
2615,32,84.0,29,2688.0,2436.0,1,2025-05-11,3586.22,profit
2614,46,19.0,39,874.0,741.0,1,2025-02-12,3586.25,profit
2613,42,108.0,36,4536.0,3888.0,1,2025-08-09,3585.12,profit
2612,49,95.0,49,4655.0,4655.0,1,2025-08-15,3584.82,profit
2611,31,100.0,91,3100.0,9100.0,1,2025-05-31,3586.86,profit
2610,34,81.0,49,2754.0,3969.0,1,2025-05-15,3586.0,profit
2609,18,81.0,80,1458.0,6480.0,1,2025-03-12,3586.93,profit
2608,27,69.0,31,1863.0,2139.0,1,2025-04-01,3586.36,profit
2607,4,42.0,85,168.0,3570.0,1,2025-01-09,3585.9,profit
2606,33,103.0,64,3399.0,6592.0,1,2025-06-15,3585.88,profit
2605,23,149.0,12,3427.0,1788.0,1,2025-06-16,3586.18,profit
2604,26,130.0,79,3380.0,10270.0,1,2025-06-14,3586.24,profit
2603,34,107.0,99,3638.0,10593.0,1,2025-06-27,3586.41,profit
2602,2,47.0,87,94.0,4089.0,1,2025-01-05,3587.09,profit
2601,1,119.0,22,119.0,2618.0,1,2025-01-06,3586.62,profit
2600,37,106.0,44,3922.0,4664.0,1,2025-07-10,3585.99,profit
2599,29,26.0,70,754.0,1820.0,1,2025-02-06,3587.1,profit
2598,15,64.0,66,960.0,4224.0,1,2025-02-16,3585.23,profit
2597,50,82.0,30,4100.0,2460.0,1,2025-07-19,3585.61,profit
2596,37,122.0,91,4514.0,11102.0,1,2025-08-08,3586.2,profit
2595,47,36.0,89,1692.0,3204.0,1,2025-03-24,3585.2,profit
2594,27,52.0,54,1404.0,2808.0,1,2025-03-10,3586.83,profit
2593,30,88.0,30,2640.0,2640.0,1,2025-05-09,3585.21,profit
2592,19,124.0,39,2356.0,4836.0,1,2025-04-25,3586.26,profit
2591,7,60.0,46,420.0,2760.0,1,2025-01-21,3586.94,profit
2590,16,67.0,60,1072.0,4020.0,1,2025-02-22,3587.55,profit
2589,49,41.0,51,2009.0,2091.0,1,2025-04-08,3585.18,profit
2588,33,124.0,32,4092.0,3968.0,1,2025-07-19,3585.7,profit
2587,30,127.0,89,3810.0,11303.0,1,2025-07-05,3585.34,profit
2586,9,61.0,79,549.0,4819.0,1,2025-01-27,3586.54,profit
2585,47,32.0,33,1504.0,1056.0,1,2025-03-15,3586.95,profit
2584,9,104.0,46,936.0,4784.0,1,2025-02-15,3587.2,profit
2583,20,88.0,22,1760.0,1936.0,1,2025-03-27,3585.34,profit
2582,27,127.0,58,3429.0,7366.0,1,2025-06-16,3586.39,profit
2581,47,117.0,53,5499.0,6201.0,1,2025-09-25,3585.5,profit
2580,21,108.0,27,2268.0,2916.0,1,2025-04-21,3585.9,profit
2579,45,67.0,65,3015.0,4355.0,1,2025-05-27,3586.41,profit
2578,32,28.0,14,896.0,392.0,1,2025-02-13,3587.01,profit
2577,22,104.0,24,2288.0,2496.0,1,2025-04-22,3586.18,profit
2576,21,56.0,15,1176.0,840.0,1,2025-02-27,3586.41,profit
2575,29,43.0,53,1247.0,2279.0,1,2025-03-02,3585.99,profit
2574,34,146.0,52,4964.0,7592.0,1,2025-08-30,3585.27,profit
2573,30,85.0,78,2550.0,6630.0,1,2025-05-05,3584.39,profit
2572,50,22.0,40,1100.0,880.0,1,2025-02-23,3585.52,profit
2571,41,149.0,84,6109.0,12516.0,1,2025-10-25,3585.59,profit
2570,43,82.0,93,3526.0,7626.0,1,2025-06-21,3586.45,profit
2569,12,37.0,100,444.0,3700.0,1,2025-01-22,3585.98,profit
2568,40,135.0,90,5400.0,12150.0,1,2025-09-20,3585.54,profit
2567,23,143.0,53,3289.0,7579.0,1,2025-06-10,3585.25,profit
2566,7,66.0,59,462.0,3894.0,1,2025-01-23,3586.33,profit
2565,33,58.0,36,1914.0,2088.0,1,2025-04-04,3586.72,profit
2564,32,18.0,97,576.0,1746.0,1,2025-01-29,3586.54,profit
2563,13,124.0,70,1612.0,8680.0,1,2025-03-20,3586.21,profit
2562,35,67.0,13,2345.0,871.0,1,2025-04-25,3586.37,profit
2561,19,120.0,31,2280.0,3720.0,1,2025-04-21,3587.1,profit
2560,47,71.0,86,3337.0,6106.0,1,2025-06-12,3586.84,profit
2559,1,80.0,98,80.0,7840.0,1,2025-01-04,3586.77,profit
2558,25,142.0,23,3550.0,3266.0,1,2025-06-22,3585.45,profit
2557,30,104.0,56,3120.0,5824.0,1,2025-06-01,3585.97,profit
2556,8,53.0,28,424.0,1484.0,1,2025-01-21,3586.57,profit
2555,45,147.0,82,6615.0,12054.0,1,2025-11-18,3585.48,profit
2553,26,63.0,99,1638.0,6237.0,1,2025-03-21,3587.08,profit
2552,17,133.0,69,2261.0,9177.0,1,2025-04-21,3586.25,profit
2551,16,148.0,92,2368.0,13616.0,1,2025-04-26,3586.35,profit
2550,40,76.0,53,3040.0,4028.0,1,2025-05-28,3586.45,profit
2549,44,131.0,87,5764.0,11397.0,1,2025-10-08,3585.49,profit
2548,29,108.0,36,3132.0,3888.0,1,2025-06-02,3586.0,profit
2547,17,48.0,30,816.0,1440.0,1,2025-02-09,3587.4,profit
2546,4,38.0,100,152.0,3800.0,1,2025-01-08,3584.82,profit
2545,19,21.0,82,399.0,1722.0,1,2025-01-20,3586.25,profit
2544,44,135.0,65,5940.0,8775.0,1,2025-10-17,3585.89,profit
2543,35,91.0,100,3185.0,9100.0,1,2025-06-05,3585.59,profit
2542,31,35.0,18,1085.0,630.0,1,2025-02-22,3586.08,profit
2541,3,72.0,69,216.0,4968.0,1,2025-01-11,3586.73,profit
2540,17,35.0,11,595.0,385.0,1,2025-01-29,3586.53,profit
2539,17,93.0,27,1581.0,2511.0,1,2025-03-18,3585.66,profit
2538,29,116.0,25,3364.0,2900.0,1,2025-06-13,3584.99,profit
2537,19,81.0,64,1539.0,5184.0,1,2025-03-16,3587.38,profit
2536,39,140.0,44,5460.0,6160.0,1,2025-09-23,3585.45,profit
2535,17,72.0,54,1224.0,3888.0,1,2025-03-01,3586.36,profit
2534,6,115.0,45,690.0,5175.0,1,2025-02-03,3586.71,profit
2533,41,92.0,17,3772.0,1564.0,1,2025-07-03,3585.82,profit
2532,43,50.0,88,2150.0,4400.0,1,2025-04-15,3587.1,profit
2531,11,32.0,81,352.0,2592.0,1,2025-01-18,3585.22,profit
2530,50,115.0,56,5750.0,6440.0,1,2025-10-07,3584.56,profit
2529,12,122.0,89,1464.0,10858.0,1,2025-03-13,3586.97,profit
2528,28,127.0,99,3556.0,12573.0,1,2025-06-23,3586.37,profit
2527,44,128.0,20,5632.0,2560.0,1,2025-10-02,3585.42,profit
2526,41,62.0,36,2542.0,2232.0,1,2025-05-04,3585.59,profit
2525,21,106.0,45,2226.0,4770.0,1,2025-04-19,3586.81,profit
2524,40,111.0,48,4440.0,5328.0,1,2025-08-05,3585.3,profit
2523,20,138.0,59,2760.0,8142.0,1,2025-05-15,3586.61,profit
2522,28,81.0,28,2268.0,2268.0,1,2025-04-21,3585.65,profit
2521,7,93.0,18,651.0,1674.0,1,2025-02-01,3586.64,profit
2520,16,93.0,37,1488.0,3441.0,1,2025-03-14,3586.13,profit
2519,37,134.0,73,4958.0,9782.0,1,2025-08-30,3585.68,profit
2518,3,85.0,94,255.0,7990.0,1,2025-01-13,3587.18,profit
2517,50,61.0,27,3050.0,1647.0,1,2025-05-29,3584.72,profit
2516,16,78.0,41,1248.0,3198.0,1,2025-03-02,3586.66,profit
2515,19,142.0,49,2698.0,6958.0,1,2025-05-12,3586.26,profit
2514,7,107.0,70,749.0,7490.0,1,2025-02-06,3586.21,profit
2513,40,24.0,32,960.0,768.0,1,2025-02-16,3587.33,profit
2512,32,129.0,31,4128.0,3999.0,1,2025-07-20,3585.51,profit
2511,2,130.0,87,260.0,11310.0,1,2025-01-13,3585.38,profit
2510,37,45.0,67,1665.0,3015.0,1,2025-03-23,3585.56,profit
2509,26,113.0,58,2938.0,6554.0,1,2025-05-23,3586.48,profit
2508,46,110.0,27,5060.0,2970.0,1,2025-09-04,3585.0,profit
2507,32,109.0,68,3488.0,7412.0,1,2025-06-19,3585.62,profit
2506,3,136.0,89,408.0,12104.0,1,2025-01-20,3587.2,profit
2505,50,134.0,37,6700.0,4958.0,1,2025-11-23,3585.28,profit
2504,50,30.0,25,1500.0,750.0,1,2025-03-14,3585.06,profit
2503,41,31.0,47,1271.0,1457.0,1,2025-03-03,3586.25,profit
2502,33,90.0,54,2970.0,4860.0,1,2025-05-25,3585.46,profit
2501,25,105.0,22,2625.0,2310.0,1,2025-05-08,3585.02,profit
2500,20,121.0,35,2420.0,4235.0,1,2025-04-28,3586.25,profit
2499,39,38.0,98,1482.0,3724.0,1,2025-03-14,3586.5,profit
2498,24,58.0,74,1392.0,4292.0,1,2025-03-09,3586.61,profit
2497,36,54.0,70,1944.0,3780.0,1,2025-04-05,3585.6,profit
2496,25,32.0,89,800.0,2848.0,1,2025-02-08,3585.18,profit
2495,40,86.0,88,3440.0,7568.0,1,2025-06-17,3585.67,profit
2494,42,42.0,56,1764.0,2352.0,1,2025-03-27,3585.96,profit
2493,32,60.0,61,1920.0,3660.0,1,2025-04-04,3585.95,profit
2492,23,60.0,24,1380.0,1440.0,1,2025-03-09,3587.18,profit
2491,46,69.0,86,3174.0,5934.0,1,2025-06-04,3586.05,profit
2490,34,37.0,61,1258.0,2257.0,1,2025-03-03,3586.78,profit
2488,11,42.0,85,462.0,3570.0,1,2025-01-23,3585.61,profit
2487,41,51.0,89,2091.0,4539.0,1,2025-04-12,3586.41,profit
2486,7,82.0,90,574.0,7380.0,1,2025-01-28,3586.09,profit
2485,4,27.0,17,108.0,459.0,1,2025-01-06,3586.47,profit
2484,5,34.0,32,170.0,1088.0,1,2025-01-09,3587.16,profit
2483,43,134.0,43,5762.0,5762.0,1,2025-10-08,3585.3,profit
2482,37,53.0,99,1961.0,5247.0,1,2025-04-06,3585.47,profit
2481,10,95.0,48,950.0,4560.0,1,2025-02-16,3585.41,profit
2480,24,85.0,91,2040.0,7735.0,1,2025-04-10,3585.86,profit
2479,41,110.0,20,4510.0,2200.0,1,2025-08-08,3585.66,profit
2478,7,115.0,31,805.0,3565.0,1,2025-02-09,3586.73,profit
2477,33,131.0,60,4323.0,7860.0,1,2025-07-30,3585.62,profit
2476,16,119.0,66,1904.0,7854.0,1,2025-04-03,3585.76,profit
2475,9,131.0,82,1179.0,10742.0,1,2025-02-27,3584.89,profit
2474,7,38.0,20,266.0,760.0,1,2025-01-13,3585.28,profit
2473,17,133.0,62,2261.0,8246.0,1,2025-04-21,3586.31,profit
2472,1,150.0,77,150.0,11550.0,1,2025-01-08,3586.39,profit
2471,35,27.0,37,945.0,999.0,1,2025-02-15,3585.07,profit
2470,36,69.0,68,2484.0,4692.0,1,2025-05-01,3585.51,profit
2469,11,128.0,64,1408.0,8192.0,1,2025-03-10,3587.34,profit
2468,44,144.0,85,6336.0,12240.0,1,2025-11-05,3584.75,profit
2467,21,25.0,11,525.0,275.0,1,2025-01-26,3586.51,profit
2466,50,67.0,99,3350.0,6633.0,1,2025-06-13,3585.92,profit
2465,22,70.0,36,1540.0,2520.0,1,2025-03-16,3586.38,profit
2464,17,30.0,37,510.0,1110.0,1,2025-01-25,3587.16,profit
2463,34,105.0,63,3570.0,6615.0,1,2025-06-23,3585.25,profit
2462,47,148.0,25,6956.0,3700.0,1,2025-12-05,3585.06,profit
2461,6,111.0,50,666.0,5550.0,1,2025-02-02,3587.57,profit
2460,9,31.0,42,279.0,1302.0,1,2025-01-14,3585.07,profit
2459,18,49.0,90,882.0,4410.0,1,2025-02-12,3586.31,profit
2458,18,84.0,59,1512.0,4956.0,1,2025-03-15,3586.05,profit
2457,17,46.0,83,782.0,3818.0,1,2025-02-08,3585.85,profit
2456,11,58.0,78,638.0,4524.0,1,2025-02-01,3585.96,profit
2455,28,66.0,60,1848.0,3960.0,1,2025-03-31,3586.43,profit
2454,37,107.0,74,3959.0,7918.0,1,2025-07-12,3586.04,profit
2453,24,21.0,68,504.0,1428.0,1,2025-01-25,3587.69,profit
2452,3,149.0,59,447.0,8791.0,1,2025-01-22,3586.93,profit
2451,29,62.0,68,1798.0,4216.0,1,2025-03-29,3584.97,profit
2450,19,17.0,69,323.0,1173.0,1,2025-01-16,3585.41,profit
2449,30,59.0,18,1770.0,1062.0,1,2025-03-28,3586.8,profit
2448,35,37.0,47,1295.0,1739.0,1,2025-03-05,3585.04,profit
2447,46,82.0,94,3772.0,7708.0,1,2025-07-03,3586.05,profit
2446,18,136.0,18,2448.0,2448.0,1,2025-04-30,3586.84,profit
2445,13,96.0,10,1248.0,960.0,1,2025-03-02,3587.07,profit
2444,10,109.0,40,1090.0,4360.0,1,2025-02-23,3585.23,profit
2443,44,139.0,40,6116.0,5560.0,1,2025-10-25,3585.08,profit
2442,23,134.0,90,3082.0,12060.0,1,2025-05-30,3584.95,profit
2441,45,120.0,12,5400.0,1440.0,1,2025-09-20,3584.77,profit
2440,49,42.0,47,2058.0,1974.0,1,2025-04-11,3585.46,profit
2439,13,78.0,14,1014.0,1092.0,1,2025-02-19,3585.6,profit
2438,33,47.0,35,1551.0,1645.0,1,2025-03-17,3585.02,profit
2437,40,88.0,27,3520.0,2376.0,1,2025-06-21,3586.05,profit
2436,1,45.0,21,45.0,945.0,1,2025-01-03,3586.15,profit
2435,3,105.0,97,315.0,10185.0,1,2025-01-16,3586.35,profit
2434,5,85.0,82,425.0,6970.0,1,2025-01-21,3584.83,profit
2433,24,122.0,74,2928.0,9028.0,1,2025-05-23,3586.21,profit
2432,39,34.0,67,1326.0,2278.0,1,2025-03-06,3587.29,profit
2431,13,110.0,46,1430.0,5060.0,1,2025-03-11,3587.04,profit
2430,29,117.0,70,3393.0,8190.0,1,2025-06-15,3585.04,profit
2429,6,65.0,75,390.0,4875.0,1,2025-01-19,3586.51,profit
2428,15,44.0,87,660.0,3828.0,1,2025-02-02,3585.64,profit
2427,48,146.0,89,7008.0,12994.0,1,2025-12-08,3585.27,profit
2425,38,41.0,17,1558.0,697.0,1,2025-03-17,3585.81,profit
2424,33,100.0,82,3300.0,8200.0,1,2025-06-10,3584.83,profit
2423,15,118.0,86,1770.0,10148.0,1,2025-03-28,3585.67,profit
2422,15,130.0,22,1950.0,2860.0,1,2025-04-05,3587.01,profit
2421,12,145.0,57,1740.0,8265.0,1,2025-03-26,3587.31,profit
2420,27,39.0,39,1053.0,1521.0,1,2025-02-21,3585.28,profit
2419,39,101.0,38,3939.0,3838.0,1,2025-07-11,3585.2,profit
2418,12,73.0,36,876.0,2628.0,1,2025-02-12,3587.23,profit
2417,19,61.0,92,1159.0,5612.0,1,2025-02-26,3585.56,profit
2416,30,123.0,65,3690.0,7995.0,1,2025-06-29,3586.44,profit
2415,36,123.0,46,4428.0,5658.0,1,2025-08-04,3585.96,profit
2414,49,116.0,43,5684.0,4988.0,1,2025-10-04,3585.16,profit
2413,27,115.0,62,3105.0,7130.0,1,2025-06-01,3584.97,profit
2412,22,60.0,87,1320.0,5220.0,1,2025-03-06,3585.93,profit
2411,8,141.0,51,1128.0,7191.0,1,2025-02-24,3586.97,profit
2410,13,58.0,81,754.0,4698.0,1,2025-02-06,3586.53,profit
2409,47,33.0,85,1551.0,2805.0,1,2025-03-17,3586.81,profit
2408,25,33.0,45,825.0,1485.0,1,2025-02-10,3587.43,profit
2407,11,56.0,66,616.0,3696.0,1,2025-01-30,3586.89,profit
2406,40,55.0,41,2200.0,2255.0,1,2025-04-18,3586.99,profit
2405,9,32.0,77,288.0,2464.0,1,2025-01-15,3586.33,profit
2404,34,23.0,36,782.0,828.0,1,2025-02-08,3586.7,profit
2403,5,147.0,69,735.0,10143.0,1,2025-02-05,3587.44,profit
2402,15,25.0,41,375.0,1025.0,1,2025-01-19,3586.76,profit
2401,21,19.0,93,399.0,1767.0,1,2025-01-20,3587.12,profit
2400,48,93.0,15,4464.0,1395.0,1,2025-08-06,3585.01,profit
2399,42,74.0,86,3108.0,6364.0,1,2025-06-01,3586.28,profit
2398,44,143.0,24,6292.0,3432.0,1,2025-11-03,3585.11,profit
2397,48,81.0,67,3888.0,5427.0,1,2025-07-09,3585.25,profit
2396,49,101.0,88,4949.0,8888.0,1,2025-08-29,3585.08,profit
2395,49,17.0,16,833.0,272.0,1,2025-02-10,3585.59,profit
2394,2,111.0,19,222.0,2109.0,1,2025-01-11,3586.44,profit
2393,13,139.0,77,1807.0,10703.0,1,2025-03-29,3585.62,profit
2392,24,103.0,93,2472.0,9579.0,1,2025-05-01,3586.21,profit
2391,47,117.0,53,5499.0,6201.0,1,2025-09-25,3585.92,profit
2390,45,17.0,90,765.0,1530.0,1,2025-02-07,3586.53,profit
2389,7,94.0,45,658.0,4230.0,1,2025-02-02,3586.75,profit
2388,47,40.0,67,1880.0,2680.0,1,2025-04-02,3585.5,profit
2387,31,22.0,69,682.0,1518.0,1,2025-02-03,3586.03,profit
2386,41,53.0,77,2173.0,4081.0,1,2025-04-16,3584.77,profit
2385,30,108.0,96,3240.0,10368.0,1,2025-06-07,3584.87,profit
2384,8,121.0,44,968.0,5324.0,1,2025-02-17,3585.63,profit
2383,22,64.0,32,1408.0,2048.0,1,2025-03-10,3586.45,profit
2382,20,38.0,23,760.0,874.0,1,2025-02-06,3586.94,profit
2381,12,63.0,23,756.0,1449.0,1,2025-02-06,3586.08,profit
2380,37,49.0,72,1813.0,3528.0,1,2025-03-30,3586.35,profit
2379,28,125.0,50,3500.0,6250.0,1,2025-06-20,3584.79,profit
2378,44,60.0,52,2640.0,3120.0,1,2025-05-09,3585.32,profit
2377,39,62.0,71,2418.0,4402.0,1,2025-04-28,3586.57,profit
2376,13,15.0,79,195.0,1185.0,1,2025-01-10,3586.47,profit
2375,18,145.0,25,2610.0,3625.0,1,2025-05-08,3586.46,profit
2374,16,50.0,11,800.0,550.0,1,2025-02-08,3585.74,profit
2373,18,38.0,94,684.0,3572.0,1,2025-02-03,3585.81,profit
2372,15,74.0,70,1110.0,5180.0,1,2025-02-24,3585.82,profit
2371,4,92.0,80,368.0,7360.0,1,2025-01-18,3586.77,profit
2370,6,90.0,55,540.0,4950.0,1,2025-01-27,3587.04,profit
2369,8,144.0,56,1152.0,8064.0,1,2025-02-26,3586.59,profit
2368,28,117.0,63,3276.0,7371.0,1,2025-06-09,3585.14,profit
2367,33,131.0,31,4323.0,4061.0,1,2025-07-30,3585.79,profit
2366,6,150.0,19,900.0,2850.0,1,2025-02-13,3586.23,profit
2365,40,128.0,79,5120.0,10112.0,1,2025-09-07,3585.82,profit
2363,27,141.0,28,3807.0,3948.0,1,2025-07-05,3585.87,profit
2362,21,46.0,60,966.0,2760.0,1,2025-02-17,3586.62,profit
2361,27,128.0,31,3456.0,3968.0,1,2025-06-18,3585.66,profit
2360,43,131.0,62,5633.0,8122.0,1,2025-10-02,3585.26,profit
2359,4,120.0,98,480.0,11760.0,1,2025-01-24,3585.42,profit
2358,8,54.0,46,432.0,2484.0,1,2025-01-22,3585.75,profit
2357,18,96.0,57,1728.0,5472.0,1,2025-03-26,3585.5,profit
2356,49,46.0,98,2254.0,4508.0,1,2025-04-20,3586.84,profit
2355,11,96.0,28,1056.0,2688.0,1,2025-02-21,3587.81,profit
2354,9,129.0,85,1161.0,10965.0,1,2025-02-26,3587.0,profit
2353,29,128.0,55,3712.0,7040.0,1,2025-06-30,3585.23,profit
2352,45,62.0,64,2790.0,3968.0,1,2025-05-16,3586.22,profit
2351,29,73.0,47,2117.0,3431.0,1,2025-04-14,3587.12,profit
2350,5,57.0,70,285.0,3990.0,1,2025-01-14,3586.45,profit
2349,19,145.0,96,2755.0,13920.0,1,2025-05-15,3585.67,profit
2348,20,77.0,19,1540.0,1463.0,1,2025-03-16,3586.63,profit
2347,40,86.0,48,3440.0,4128.0,1,2025-06-17,3586.28,profit
2346,11,46.0,97,506.0,4462.0,1,2025-01-25,3586.17,profit
2345,25,15.0,45,375.0,675.0,1,2025-01-19,3586.75,profit
2344,39,92.0,77,3588.0,7084.0,1,2025-06-24,3585.44,profit
2343,6,138.0,16,828.0,2208.0,1,2025-02-10,3586.77,profit
2342,43,100.0,58,4300.0,5800.0,1,2025-07-29,3586.28,profit
2341,47,24.0,48,1128.0,1152.0,1,2025-02-24,3586.06,profit
2340,24,127.0,90,3048.0,11430.0,1,2025-05-29,3585.39,profit
2339,1,90.0,37,90.0,3330.0,1,2025-01-05,3585.43,profit
2337,39,26.0,37,1014.0,962.0,1,2025-02-19,3586.52,profit
2336,9,29.0,59,261.0,1711.0,1,2025-01-13,3586.6,profit
2335,23,106.0,20,2438.0,2120.0,1,2025-04-29,3585.98,profit
2334,20,130.0,23,2600.0,2990.0,1,2025-05-07,3585.7,profit
2333,45,146.0,67,6570.0,9782.0,1,2025-11-16,3585.57,profit
2332,11,117.0,59,1287.0,6903.0,1,2025-03-04,3584.91,profit
2331,40,40.0,81,1600.0,3240.0,1,2025-03-19,3586.81,profit
2330,32,117.0,86,3744.0,10062.0,1,2025-07-02,3586.27,profit
2329,47,94.0,90,4418.0,8460.0,1,2025-08-04,3585.36,profit
2328,42,126.0,24,5292.0,3024.0,1,2025-09-15,3585.4,profit
2327,28,108.0,98,3024.0,10584.0,1,2025-05-28,3586.07,profit
2326,15,84.0,44,1260.0,3696.0,1,2025-03-03,3586.65,profit
2325,9,106.0,31,954.0,3286.0,1,2025-02-16,3585.84,profit
2324,1,136.0,52,136.0,7072.0,1,2025-01-07,3584.81,profit
2323,24,127.0,40,3048.0,5080.0,1,2025-05-29,3586.62,profit
2322,38,128.0,83,4864.0,10624.0,1,2025-08-25,3585.84,profit
2321,42,114.0,100,4788.0,11400.0,1,2025-08-22,3585.41,profit
2320,9,27.0,46,243.0,1242.0,1,2025-01-12,3585.51,profit
2319,4,110.0,81,440.0,8910.0,1,2025-01-22,3586.1,profit
2318,30,30.0,30,900.0,900.0,1,2025-02-13,3586.7,profit
2317,37,49.0,54,1813.0,2646.0,1,2025-03-30,3586.71,profit
2316,19,70.0,48,1330.0,3360.0,1,2025-03-06,3585.53,profit
2315,40,112.0,21,4480.0,2352.0,1,2025-08-07,3585.97,profit
2314,21,144.0,80,3024.0,11520.0,1,2025-05-28,3585.58,profit
2313,41,90.0,34,3690.0,3060.0,1,2025-06-29,3586.02,profit
2312,12,88.0,22,1056.0,1936.0,1,2025-02-21,3586.35,profit
2311,32,84.0,84,2688.0,7056.0,1,2025-05-11,3586.28,profit
2310,3,59.0,67,177.0,3953.0,1,2025-01-09,3586.95,profit
2309,47,74.0,30,3478.0,2220.0,1,2025-06-19,3585.46,profit
2308,34,121.0,48,4114.0,5808.0,1,2025-07-20,3585.24,profit
2307,17,36.0,92,612.0,3312.0,1,2025-01-30,3586.32,profit
2306,38,92.0,90,3496.0,8280.0,1,2025-06-20,3585.81,profit
2305,6,115.0,32,690.0,3680.0,1,2025-02-03,3587.16,profit
2304,39,124.0,98,4836.0,12152.0,1,2025-08-24,3585.21,profit
2303,2,84.0,90,168.0,7560.0,1,2025-01-09,3586.64,profit
2302,37,104.0,40,3848.0,4160.0,1,2025-07-07,3584.65,profit
2301,19,147.0,44,2793.0,6468.0,1,2025-05-16,3585.81,profit
2300,2,104.0,39,208.0,4056.0,1,2025-01-11,3586.82,profit
2299,30,128.0,53,3840.0,6784.0,1,2025-07-06,3586.26,profit
2298,26,148.0,36,3848.0,5328.0,1,2025-07-07,3585.99,profit
2297,22,136.0,69,2992.0,9384.0,1,2025-05-26,3584.7,profit
2296,37,22.0,88,814.0,1936.0,1,2025-02-09,3587.01,profit
2295,25,91.0,28,2275.0,2548.0,1,2025-04-21,3586.52,profit
2294,24,79.0,90,1896.0,7110.0,1,2025-04-03,3586.88,profit
2293,22,140.0,46,3080.0,6440.0,1,2025-05-30,3586.31,profit
2292,34,36.0,32,1224.0,1152.0,1,2025-03-01,3586.59,profit
2291,19,64.0,60,1216.0,3840.0,1,2025-03-01,3587.01,profit
2290,43,58.0,17,2494.0,986.0,1,2025-05-02,3585.21,profit
2289,24,46.0,75,1104.0,3450.0,1,2025-02-23,3587.26,profit
2288,8,63.0,57,504.0,3591.0,1,2025-01-25,3587.16,profit
2287,37,16.0,74,592.0,1184.0,1,2025-01-29,3586.69,profit
2286,1,121.0,85,121.0,10285.0,1,2025-01-06,3584.87,profit
2285,20,130.0,30,2600.0,3900.0,1,2025-05-07,3585.8,profit
2284,21,121.0,87,2541.0,10527.0,1,2025-05-04,3584.98,profit
2283,30,73.0,89,2190.0,6497.0,1,2025-04-17,3586.09,profit
2282,21,149.0,21,3129.0,3129.0,1,2025-06-02,3586.11,profit
2281,5,149.0,42,745.0,6258.0,1,2025-02-06,3586.2,profit
2280,25,18.0,19,450.0,342.0,1,2025-01-22,3585.48,profit
2279,15,59.0,21,885.0,1239.0,1,2025-02-13,3586.85,profit
2278,5,80.0,59,400.0,4720.0,1,2025-01-20,3586.56,profit
2277,28,97.0,71,2716.0,6887.0,1,2025-05-13,3585.93,profit
2276,38,19.0,14,722.0,266.0,1,2025-02-05,3586.36,profit
2275,31,149.0,66,4619.0,9834.0,1,2025-08-13,3585.74,profit
2274,36,61.0,50,2196.0,3050.0,1,2025-04-17,3586.55,profit
2273,8,145.0,78,1160.0,11310.0,1,2025-02-26,3585.39,profit
2272,11,126.0,75,1386.0,9450.0,1,2025-03-09,3586.53,profit
2271,40,27.0,23,1080.0,621.0,1,2025-02-22,3587.4,profit
2270,44,17.0,69,748.0,1173.0,1,2025-02-06,3587.41,profit
2269,23,18.0,61,414.0,1098.0,1,2025-01-21,3585.6,profit
2268,50,77.0,85,3850.0,6545.0,1,2025-07-07,3585.32,profit
2267,38,44.0,39,1672.0,1716.0,1,2025-03-23,3586.55,profit
2266,49,115.0,34,5635.0,3910.0,1,2025-10-02,3585.36,profit
2265,39,88.0,55,3432.0,4840.0,1,2025-06-17,3585.19,profit
2264,2,59.0,43,118.0,2537.0,1,2025-01-06,3585.7,profit
2263,36,55.0,79,1980.0,4345.0,1,2025-04-07,3587.05,profit
2262,20,41.0,65,820.0,2665.0,1,2025-02-09,3586.62,profit
2261,47,136.0,95,6392.0,12920.0,1,2025-11-08,3585.58,profit
2260,15,66.0,64,990.0,4224.0,1,2025-02-18,3586.06,profit
2259,50,51.0,56,2550.0,2856.0,1,2025-05-05,3585.63,profit
2258,16,141.0,28,2256.0,3948.0,1,2025-04-20,3585.72,profit
2257,32,60.0,19,1920.0,1140.0,1,2025-04-04,3587.39,profit
2256,40,113.0,30,4520.0,3390.0,1,2025-08-08,3586.37,profit
2255,34,123.0,18,4182.0,2214.0,1,2025-07-23,3585.74,profit
2254,33,117.0,78,3861.0,9126.0,1,2025-07-07,3585.36,profit
2253,46,54.0,20,2484.0,1080.0,1,2025-05-01,3586.87,profit
2252,17,128.0,99,2176.0,12672.0,1,2025-04-16,3586.22,profit
2251,42,56.0,86,2352.0,4816.0,1,2025-04-25,3586.79,profit
2250,46,141.0,86,6486.0,12126.0,1,2025-11-12,3584.98,profit
2249,23,139.0,48,3197.0,6672.0,1,2025-06-05,3586.0,profit
2248,30,127.0,22,3810.0,2794.0,1,2025-07-05,3585.54,profit
2247,46,19.0,15,874.0,285.0,1,2025-02-12,3586.8,profit
2246,7,110.0,55,770.0,6050.0,1,2025-02-07,3585.44,profit
2245,6,107.0,81,642.0,8667.0,1,2025-02-01,3587.61,profit
2244,50,95.0,54,4750.0,5130.0,1,2025-08-20,3584.92,profit
2243,22,83.0,34,1826.0,2822.0,1,2025-03-30,3586.3,profit
2242,30,63.0,89,1890.0,5607.0,1,2025-04-02,3585.35,profit
2241,33,24.0,72,792.0,1728.0,1,2025-02-08,3586.54,profit
2240,6,92.0,98,552.0,9016.0,1,2025-01-27,3587.3,profit
2239,42,48.0,30,2016.0,1440.0,1,2025-04-09,3587.23,profit
2238,16,135.0,93,2160.0,12555.0,1,2025-04-16,3585.99,profit
2237,26,30.0,81,780.0,2430.0,1,2025-02-07,3586.57,profit
2236,8,80.0,41,640.0,3280.0,1,2025-02-01,3585.33,profit
2235,16,37.0,88,592.0,3256.0,1,2025-01-29,3586.87,profit
2234,48,116.0,13,5568.0,1508.0,1,2025-09-28,3585.2,profit
2233,15,146.0,57,2190.0,8322.0,1,2025-04-17,3586.41,profit
2232,39,93.0,64,3627.0,5952.0,1,2025-06-26,3586.2,profit
2231,24,149.0,61,3576.0,9089.0,1,2025-06-24,3584.52,profit
2230,13,111.0,96,1443.0,10656.0,1,2025-03-12,3586.74,profit
2229,13,64.0,15,832.0,960.0,1,2025-02-10,3585.37,profit
2228,1,85.0,70,85.0,5950.0,1,2025-01-05,3586.35,profit
2227,5,93.0,50,465.0,4650.0,1,2025-01-23,3587.24,profit
2226,25,140.0,42,3500.0,5880.0,1,2025-06-20,3585.23,profit
2225,12,105.0,88,1260.0,9240.0,1,2025-03-03,3587.41,profit
2224,49,28.0,87,1372.0,2436.0,1,2025-03-08,3586.87,profit
2222,49,88.0,14,4312.0,1232.0,1,2025-07-29,3586.3,profit
2221,21,56.0,81,1176.0,4536.0,1,2025-02-27,3586.64,profit
2220,21,30.0,72,630.0,2160.0,1,2025-01-31,3586.75,profit
2219,47,150.0,69,7050.0,10350.0,1,2025-12-10,3585.17,profit
2218,2,49.0,78,98.0,3822.0,1,2025-01-05,3585.59,profit
2217,11,49.0,83,539.0,4067.0,1,2025-01-27,3586.35,profit
2216,32,19.0,22,608.0,418.0,1,2025-01-30,3586.41,profit
2215,19,53.0,40,1007.0,2120.0,1,2025-02-19,3586.1,profit
2214,5,106.0,49,530.0,5194.0,1,2025-01-26,3585.75,profit
2213,9,68.0,32,612.0,2176.0,1,2025-01-30,3586.77,profit
2212,29,59.0,90,1711.0,5310.0,1,2025-03-25,3586.81,profit
2211,9,83.0,48,747.0,3984.0,1,2025-02-06,3586.8,profit
2210,42,27.0,13,1134.0,351.0,1,2025-02-25,3585.3,profit
2209,2,91.0,34,182.0,3094.0,1,2025-01-09,3586.77,profit
2208,23,45.0,62,1035.0,2790.0,1,2025-02-20,3587.51,profit
2207,42,64.0,25,2688.0,1600.0,1,2025-05-11,3586.48,profit
2206,4,28.0,42,112.0,1176.0,1,2025-01-06,3585.45,profit
2205,40,110.0,55,4400.0,6050.0,1,2025-08-03,3585.44,profit
2204,30,81.0,35,2430.0,2835.0,1,2025-04-29,3586.86,profit
2203,21,20.0,34,420.0,680.0,1,2025-01-21,3585.5,profit
2202,3,97.0,90,291.0,8730.0,1,2025-01-15,3585.4,profit
2201,33,117.0,44,3861.0,5148.0,1,2025-07-07,3585.11,profit
2200,13,29.0,59,377.0,1711.0,1,2025-01-19,3586.95,profit
2199,17,140.0,55,2380.0,7700.0,1,2025-04-26,3586.08,profit
2198,10,144.0,86,1440.0,12384.0,1,2025-03-12,3586.42,profit
2197,17,72.0,50,1224.0,3600.0,1,2025-03-01,3587.09,profit
2196,42,102.0,63,4284.0,6426.0,1,2025-07-28,3585.58,profit
2195,4,104.0,47,416.0,4888.0,1,2025-01-21,3586.54,profit
2194,46,25.0,40,1150.0,1000.0,1,2025-02-25,3586.61,profit
2193,4,136.0,68,544.0,9248.0,1,2025-01-27,3586.36,profit
2192,10,47.0,51,470.0,2397.0,1,2025-01-23,3586.59,profit
2191,8,26.0,45,208.0,1170.0,1,2025-01-11,3585.79,profit
2190,47,60.0,16,2820.0,960.0,1,2025-05-18,3586.16,profit
2189,12,130.0,53,1560.0,6890.0,1,2025-03-17,3586.49,profit
2188,11,105.0,98,1155.0,10290.0,1,2025-02-26,3586.06,profit
2187,38,124.0,53,4712.0,6572.0,1,2025-08-18,3585.39,profit
2186,13,31.0,73,403.0,2263.0,1,2025-01-20,3584.92,profit
2185,29,47.0,23,1363.0,1081.0,1,2025-03-08,3585.82,profit
2184,20,62.0,27,1240.0,1674.0,1,2025-03-02,3587.19,profit
2183,18,88.0,89,1584.0,7832.0,1,2025-03-19,3585.03,profit
2182,25,64.0,86,1600.0,5504.0,1,2025-03-19,3587.16,profit
2181,22,145.0,42,3190.0,6090.0,1,2025-06-05,3586.1,profit
2180,47,141.0,32,6627.0,4512.0,1,2025-11-19,3584.79,profit
2178,34,110.0,32,3740.0,3520.0,1,2025-07-02,3584.87,profit
2177,12,59.0,39,708.0,2301.0,1,2025-02-04,3586.44,profit
2176,44,106.0,92,4664.0,9752.0,1,2025-08-15,3586.0,profit
2175,15,51.0,35,765.0,1785.0,1,2025-02-07,3585.81,profit
2174,28,36.0,42,1008.0,1512.0,1,2025-02-19,3587.53,profit
2173,39,57.0,78,2223.0,4446.0,1,2025-04-19,3586.55,profit
2172,6,80.0,69,480.0,5520.0,1,2025-01-24,3586.69,profit
2171,32,78.0,15,2496.0,1170.0,1,2025-05-02,3587.02,profit
2170,17,99.0,82,1683.0,8118.0,1,2025-03-23,3586.89,profit
2169,39,95.0,83,3705.0,7885.0,1,2025-06-30,3585.12,profit
2168,17,16.0,70,272.0,1120.0,1,2025-01-14,3586.07,profit
2167,27,85.0,84,2295.0,7140.0,1,2025-04-22,3586.08,profit
2166,46,146.0,15,6716.0,2190.0,1,2025-11-23,3585.77,profit
2165,48,59.0,62,2832.0,3658.0,1,2025-05-18,3586.87,profit
2164,24,98.0,57,2352.0,5586.0,1,2025-04-25,3586.86,profit
2163,22,87.0,48,1914.0,4176.0,1,2025-04-04,3586.37,profit
2161,45,146.0,45,6570.0,6570.0,1,2025-11-16,3585.64,profit
2160,37,96.0,49,3552.0,4704.0,1,2025-06-22,3585.83,profit
2159,46,27.0,53,1242.0,1431.0,1,2025-03-02,3585.82,profit
2158,7,40.0,67,280.0,2680.0,1,2025-01-14,3586.09,profit
2157,44,25.0,91,1100.0,2275.0,1,2025-02-23,3587.19,profit
2155,22,16.0,13,352.0,208.0,1,2025-01-18,3586.59,profit
2154,21,88.0,77,1848.0,6776.0,1,2025-03-31,3586.93,profit
2153,1,99.0,61,99.0,6039.0,1,2025-01-05,3587.03,profit
2152,23,107.0,81,2461.0,8667.0,1,2025-04-30,3585.69,profit
2151,14,76.0,31,1064.0,2356.0,1,2025-02-21,3587.26,profit
2150,21,18.0,84,378.0,1512.0,1,2025-01-19,3586.71,profit
2149,47,131.0,32,6157.0,4192.0,1,2025-10-27,3585.34,profit
2148,36,134.0,49,4824.0,6566.0,1,2025-08-23,3585.15,profit
2147,34,18.0,97,612.0,1746.0,1,2025-01-30,3586.88,profit
2146,46,141.0,18,6486.0,2538.0,1,2025-11-12,3584.94,profit
2145,3,131.0,97,393.0,12707.0,1,2025-01-20,3587.2,profit
2144,30,29.0,18,870.0,522.0,1,2025-02-12,3585.86,profit
2143,30,15.0,22,450.0,330.0,1,2025-01-22,3585.26,profit
2142,50,44.0,11,2200.0,484.0,1,2025-04-18,3586.46,profit
2141,0,46.0,62,0.0,2852.0,0,2025-01-01,3585.05,profit
2140,45,17.0,84,765.0,1428.0,1,2025-02-07,3587.09,profit
2139,8,135.0,92,1080.0,12420.0,1,2025-02-22,3586.75,profit
2138,18,127.0,90,2286.0,11430.0,1,2025-04-22,3585.21,profit
2137,7,60.0,19,420.0,1140.0,1,2025-01-21,3584.66,profit
2136,39,76.0,22,2964.0,1672.0,1,2025-05-25,3585.39,profit
2135,23,141.0,96,3243.0,13536.0,1,2025-06-07,3586.69,profit
2134,41,138.0,41,5658.0,5658.0,1,2025-10-03,3584.99,profit
2133,17,121.0,94,2057.0,11374.0,1,2025-04-11,3585.3,profit
2132,8,76.0,62,608.0,4712.0,1,2025-01-30,3585.94,profit
2131,27,62.0,10,1674.0,620.0,1,2025-03-23,3586.44,profit
2130,13,96.0,18,1248.0,1728.0,1,2025-03-02,3586.43,profit
2129,29,55.0,50,1595.0,2750.0,1,2025-03-19,3586.71,profit
2128,37,146.0,70,5402.0,10220.0,1,2025-09-20,3585.11,profit
2127,47,64.0,34,3008.0,2176.0,1,2025-05-27,3586.41,profit
2126,20,149.0,37,2980.0,5513.0,1,2025-05-26,3586.23,profit
2125,21,149.0,72,3129.0,10728.0,1,2025-06-02,3585.8,profit
2124,46,90.0,100,4140.0,9000.0,1,2025-07-21,3584.72,profit
2123,16,65.0,15,1040.0,975.0,1,2025-02-20,3585.77,profit
2122,8,43.0,23,344.0,989.0,1,2025-01-17,3586.85,profit
2121,8,75.0,91,600.0,6825.0,1,2025-01-30,3585.47,profit
2120,4,56.0,63,224.0,3528.0,1,2025-01-11,3586.56,profit
2119,47,65.0,50,3055.0,3250.0,1,2025-05-29,3585.13,profit
2118,25,25.0,56,625.0,1400.0,1,2025-01-31,3586.97,profit
2117,34,53.0,91,1802.0,4823.0,1,2025-03-29,3586.98,profit
2116,42,126.0,89,5292.0,11214.0,1,2025-09-15,3585.49,profit
2115,16,27.0,65,432.0,1755.0,1,2025-01-22,3586.78,profit
2114,45,146.0,44,6570.0,6424.0,1,2025-11-16,3585.64,profit
2113,9,121.0,86,1089.0,10406.0,1,2025-02-22,3586.56,profit
2112,14,29.0,33,406.0,957.0,1,2025-01-20,3587.13,profit
2111,26,33.0,55,858.0,1815.0,1,2025-02-11,3585.62,profit
2110,41,94.0,69,3854.0,6486.0,1,2025-07-07,3584.97,profit
2109,29,86.0,60,2494.0,5160.0,1,2025-05-02,3586.9,profit
2108,4,25.0,30,100.0,750.0,1,2025-01-05,3586.47,profit
2107,40,94.0,43,3760.0,4042.0,1,2025-07-02,3585.86,profit
2106,25,39.0,33,975.0,1287.0,1,2025-02-17,3587.47,profit
2105,17,87.0,32,1479.0,2784.0,1,2025-03-13,3587.1,profit
2104,25,21.0,39,525.0,819.0,1,2025-01-26,3587.57,profit
2103,47,125.0,39,5875.0,4875.0,1,2025-10-13,3585.5,profit
2102,18,24.0,33,432.0,792.0,1,2025-01-22,3586.53,profit
2101,14,103.0,41,1442.0,4223.0,1,2025-03-12,3585.26,profit
2100,38,144.0,74,5472.0,10656.0,1,2025-09-24,3585.14,profit
2099,28,70.0,20,1960.0,1400.0,1,2025-04-06,3586.88,profit
2098,42,62.0,43,2604.0,2666.0,1,2025-05-07,3586.23,profit
2097,50,32.0,29,1600.0,928.0,1,2025-03-19,3587.18,profit
2096,37,139.0,89,5143.0,12371.0,1,2025-09-08,3585.43,profit
2095,31,74.0,64,2294.0,4736.0,1,2025-04-22,3586.87,profit
2094,29,97.0,39,2813.0,3783.0,1,2025-05-17,3586.65,profit
2093,25,138.0,78,3450.0,10764.0,1,2025-06-17,3586.25,profit
2092,17,92.0,67,1564.0,6164.0,1,2025-03-18,3587.1,profit
2091,0,145.0,69,0.0,10005.0,0,2025-01-01,3586.28,profit
2090,8,129.0,86,1032.0,11094.0,1,2025-02-20,3586.44,profit
2089,13,36.0,91,468.0,3276.0,1,2025-01-23,3585.92,profit
2088,4,104.0,95,416.0,9880.0,1,2025-01-21,3586.97,profit
2087,8,136.0,74,1088.0,10064.0,1,2025-02-22,3587.3,profit
2086,18,100.0,67,1800.0,6700.0,1,2025-03-29,3586.79,profit
2085,50,107.0,71,5350.0,7597.0,1,2025-09-18,3585.7,profit
2084,11,78.0,66,858.0,5148.0,1,2025-02-11,3585.75,profit
2083,39,34.0,30,1326.0,1020.0,1,2025-03-06,3585.91,profit
2082,38,47.0,81,1786.0,3807.0,1,2025-03-28,3586.19,profit
2081,12,102.0,11,1224.0,1122.0,1,2025-03-01,3585.92,profit
2080,34,149.0,29,5066.0,4321.0,1,2025-09-04,3585.53,profit
2079,0,54.0,22,0.0,1188.0,0,2025-01-01,3586.37,profit
2078,19,63.0,59,1197.0,3717.0,1,2025-02-28,3587.43,profit
2077,4,73.0,28,292.0,2044.0,1,2025-01-15,3586.14,profit
2076,7,19.0,31,133.0,589.0,1,2025-01-07,3585.64,profit
2075,8,100.0,63,800.0,6300.0,1,2025-02-08,3587.27,profit
2074,8,106.0,38,848.0,4028.0,1,2025-02-11,3585.38,profit
2073,25,117.0,15,2925.0,1755.0,1,2025-05-23,3586.34,profit
2072,34,100.0,88,3400.0,8800.0,1,2025-06-15,3586.22,profit
2071,8,105.0,63,840.0,6615.0,1,2025-02-10,3586.91,profit
2070,6,140.0,48,840.0,6720.0,1,2025-02-10,3585.0,profit
2069,19,75.0,71,1425.0,5325.0,1,2025-03-11,3585.81,profit
2068,35,96.0,30,3360.0,2880.0,1,2025-06-13,3584.89,profit
2067,5,70.0,21,350.0,1470.0,1,2025-01-18,3585.17,profit
2066,20,78.0,55,1560.0,4290.0,1,2025-03-17,3586.82,profit
2065,16,82.0,20,1312.0,1640.0,1,2025-03-05,3586.65,profit
2064,25,120.0,37,3000.0,4440.0,1,2025-05-26,3584.85,profit
2063,15,95.0,56,1425.0,5320.0,1,2025-03-11,3586.03,profit
2062,12,140.0,49,1680.0,6860.0,1,2025-03-23,3585.78,profit
2061,40,21.0,36,840.0,756.0,1,2025-02-10,3587.16,profit
2060,27,47.0,37,1269.0,1739.0,1,2025-03-03,3587.15,profit
2059,18,87.0,20,1566.0,1740.0,1,2025-03-18,3586.9,profit
2058,40,49.0,79,1960.0,3871.0,1,2025-04-06,3586.22,profit
2057,6,136.0,59,816.0,8024.0,1,2025-02-09,3586.06,profit
2056,14,133.0,60,1862.0,7980.0,1,2025-04-01,3587.09,profit
2055,38,95.0,16,3610.0,1520.0,1,2025-06-25,3585.87,profit
2054,28,106.0,94,2968.0,9964.0,1,2025-05-25,3586.81,profit
2053,49,104.0,55,5096.0,5720.0,1,2025-09-06,3585.12,profit
2052,18,40.0,49,720.0,1960.0,1,2025-02-05,3585.47,profit
2051,21,139.0,50,2919.0,6950.0,1,2025-05-23,3586.61,profit
2050,35,122.0,96,4270.0,11712.0,1,2025-07-27,3586.08,profit
2049,30,77.0,34,2310.0,2618.0,1,2025-04-23,3584.9,profit
2048,18,82.0,22,1476.0,1804.0,1,2025-03-13,3585.37,profit
2047,15,59.0,29,885.0,1711.0,1,2025-02-13,3586.78,profit
2046,9,55.0,56,495.0,3080.0,1,2025-01-25,3586.32,profit
2045,6,132.0,55,792.0,7260.0,1,2025-02-08,3586.44,profit
2044,30,119.0,37,3570.0,4403.0,1,2025-06-23,3586.11,profit
2043,26,26.0,20,676.0,520.0,1,2025-02-02,3586.75,profit
2042,7,98.0,58,686.0,5684.0,1,2025-02-03,3585.74,profit
2041,26,87.0,67,2262.0,5829.0,1,2025-04-21,3586.73,profit
2040,0,37.0,24,0.0,888.0,0,2025-01-01,3586.26,profit
2039,19,66.0,60,1254.0,3960.0,1,2025-03-03,3585.49,profit
2038,22,147.0,56,3234.0,8232.0,1,2025-06-07,3586.44,profit
2037,27,139.0,90,3753.0,12510.0,1,2025-07-02,3585.08,profit
2036,37,98.0,87,3626.0,8526.0,1,2025-06-26,3585.96,profit
2035,27,61.0,52,1647.0,3172.0,1,2025-03-22,3586.54,profit
2034,18,29.0,14,522.0,406.0,1,2025-01-26,3587.08,profit
2033,44,58.0,57,2552.0,3306.0,1,2025-05-05,3586.02,profit
2032,18,135.0,35,2430.0,4725.0,1,2025-04-29,3586.73,profit
2031,23,88.0,100,2024.0,8800.0,1,2025-04-09,3586.93,profit
2030,0,126.0,11,0.0,1386.0,0,2025-01-01,3585.19,profit
2029,14,71.0,96,994.0,6816.0,1,2025-02-18,3586.97,profit
2028,9,82.0,49,738.0,4018.0,1,2025-02-05,3587.54,profit
2027,12,114.0,26,1368.0,2964.0,1,2025-03-08,3587.02,profit
2026,34,111.0,11,3774.0,1221.0,1,2025-07-03,3585.65,profit
2025,17,19.0,80,323.0,1520.0,1,2025-01-16,3586.61,profit
2024,47,144.0,57,6768.0,8208.0,1,2025-11-26,3585.09,profit
2023,39,94.0,73,3666.0,6862.0,1,2025-06-28,3584.81,profit
2022,2,130.0,81,260.0,10530.0,1,2025-01-13,3586.68,profit
2021,37,46.0,76,1702.0,3496.0,1,2025-03-24,3585.57,profit
2020,23,55.0,39,1265.0,2145.0,1,2025-03-03,3585.13,profit
2019,39,142.0,17,5538.0,2414.0,1,2025-09-27,3585.1,profit
2018,15,40.0,42,600.0,1680.0,1,2025-01-30,3585.44,profit
2017,48,60.0,74,2880.0,4440.0,1,2025-05-21,3586.39,profit
2016,45,115.0,35,5175.0,4025.0,1,2025-09-09,3585.69,profit
2015,45,89.0,75,4005.0,6675.0,1,2025-07-14,3586.25,profit
2014,11,114.0,82,1254.0,9348.0,1,2025-03-03,3586.81,profit
2013,35,106.0,72,3710.0,7632.0,1,2025-06-30,3586.12,profit
2012,12,149.0,45,1788.0,6705.0,1,2025-03-29,3585.96,profit
2011,50,31.0,15,1550.0,465.0,1,2025-03-17,3585.41,profit
2010,14,121.0,65,1694.0,7865.0,1,2025-03-24,3586.47,profit
2009,22,90.0,87,1980.0,7830.0,1,2025-04-07,3586.31,profit
2008,38,106.0,23,4028.0,2438.0,1,2025-07-16,3586.22,profit
2007,21,148.0,28,3108.0,4144.0,1,2025-06-01,3586.02,profit
2006,40,139.0,74,5560.0,10286.0,1,2025-09-28,3585.36,profit
2005,14,55.0,98,770.0,5390.0,1,2025-02-07,3585.45,profit
2004,30,82.0,10,2460.0,820.0,1,2025-04-30,3586.08,profit
2003,40,149.0,68,5960.0,10132.0,1,2025-10-18,3585.94,profit
2002,15,25.0,71,375.0,1775.0,1,2025-01-19,3585.54,profit
2001,35,101.0,97,3535.0,9797.0,1,2025-06-22,3585.54,profit
2000,48,78.0,41,3744.0,3198.0,1,2025-07-02,3585.91,profit
1999,9,109.0,70,981.0,7630.0,1,2025-02-17,3586.24,profit
1998,32,106.0,19,3392.0,2014.0,1,2025-06-15,3584.84,profit
1997,13,129.0,44,1677.0,5676.0,1,2025-03-23,3587.03,profit
1996,10,147.0,32,1470.0,4704.0,1,2025-03-13,3586.2,profit
1995,23,50.0,80,1150.0,4000.0,1,2025-02-25,3587.54,profit
1994,5,78.0,90,390.0,7020.0,1,2025-01-19,3586.63,profit
1993,17,32.0,44,544.0,1408.0,1,2025-01-27,3586.12,profit
1992,7,18.0,86,126.0,1548.0,1,2025-01-07,3587.0,profit
1991,47,52.0,87,2444.0,4524.0,1,2025-04-29,3586.63,profit
1990,13,117.0,23,1521.0,2691.0,1,2025-03-16,3585.19,profit
1989,46,138.0,81,6348.0,11178.0,1,2025-11-05,3585.24,profit
1988,46,148.0,64,6808.0,9472.0,1,2025-11-28,3585.45,profit
1987,46,107.0,93,4922.0,9951.0,1,2025-08-28,3584.88,profit
1986,33,52.0,36,1716.0,1872.0,1,2025-03-25,3587.12,profit
1985,30,70.0,71,2100.0,4970.0,1,2025-04-13,3586.47,profit
1984,28,123.0,30,3444.0,3690.0,1,2025-06-17,3586.51,profit
1983,18,79.0,23,1422.0,1817.0,1,2025-03-11,3586.47,profit
1982,50,51.0,70,2550.0,3570.0,1,2025-05-05,3586.78,profit
1981,45,58.0,41,2610.0,2378.0,1,2025-05-08,3586.88,profit
1980,13,109.0,77,1417.0,8393.0,1,2025-03-10,3586.54,profit
1979,9,19.0,85,171.0,1615.0,1,2025-01-09,3587.32,profit
1978,49,97.0,15,4753.0,1455.0,1,2025-08-20,3585.48,profit
1977,12,139.0,54,1668.0,7506.0,1,2025-03-23,3585.93,profit
1976,12,115.0,61,1380.0,7015.0,1,2025-03-09,3585.15,profit
1975,17,90.0,50,1530.0,4500.0,1,2025-03-16,3586.57,profit
1974,50,91.0,31,4550.0,2821.0,1,2025-08-10,3586.19,profit
1973,21,29.0,11,609.0,319.0,1,2025-01-30,3586.1,profit
1972,14,128.0,91,1792.0,11648.0,1,2025-03-29,3586.95,profit
1971,3,34.0,91,102.0,3094.0,1,2025-01-05,3586.93,profit
1970,12,72.0,91,864.0,6552.0,1,2025-02-12,3587.11,profit
1969,17,70.0,32,1190.0,2240.0,1,2025-02-27,3586.46,profit
1968,28,111.0,56,3108.0,6216.0,1,2025-06-01,3585.56,profit
1967,19,91.0,52,1729.0,4732.0,1,2025-03-26,3586.38,profit
1966,22,94.0,42,2068.0,3948.0,1,2025-04-11,3587.3,profit
1965,25,57.0,28,1425.0,1596.0,1,2025-03-11,3587.34,profit
1964,29,46.0,73,1334.0,3358.0,1,2025-03-06,3587.17,profit
1963,42,38.0,29,1596.0,1102.0,1,2025-03-19,3586.39,profit
1962,49,27.0,76,1323.0,2052.0,1,2025-03-06,3586.05,profit
1961,8,73.0,94,584.0,6862.0,1,2025-01-29,3584.97,profit
1960,39,87.0,35,3393.0,3045.0,1,2025-06-15,3585.83,profit
1959,43,113.0,78,4859.0,8814.0,1,2025-08-25,3585.51,profit
1958,42,19.0,74,798.0,1406.0,1,2025-02-08,3587.25,profit
1957,47,130.0,90,6110.0,11700.0,1,2025-10-25,3585.52,profit
1956,19,99.0,62,1881.0,6138.0,1,2025-04-02,3586.0,profit
1955,32,15.0,67,480.0,1005.0,1,2025-01-24,3585.47,profit
1954,30,16.0,91,480.0,1456.0,1,2025-01-24,3586.52,profit
1953,4,41.0,82,164.0,3362.0,1,2025-01-08,3587.0,profit
1952,14,133.0,37,1862.0,4921.0,1,2025-04-01,3585.46,profit
1951,49,146.0,80,7154.0,11680.0,1,2025-12-15,3584.91,profit
1950,37,150.0,86,5550.0,12900.0,1,2025-09-28,3585.26,profit
1949,14,39.0,100,546.0,3900.0,1,2025-01-27,3586.8,profit
1948,20,84.0,20,1680.0,1680.0,1,2025-03-23,3586.08,profit
1947,11,112.0,36,1232.0,4032.0,1,2025-03-01,3587.55,profit
1946,33,28.0,93,924.0,2604.0,1,2025-02-14,3587.45,profit
1945,42,150.0,87,6300.0,13050.0,1,2025-11-03,3585.16,profit
1944,21,120.0,21,2520.0,2520.0,1,2025-05-03,3585.67,profit
1943,3,48.0,35,144.0,1680.0,1,2025-01-08,3586.37,profit
1942,28,75.0,66,2100.0,4950.0,1,2025-04-13,3586.41,profit
1941,22,47.0,87,1034.0,4089.0,1,2025-02-20,3586.57,profit
1940,46,30.0,26,1380.0,780.0,1,2025-03-09,3585.04,profit
1939,0,132.0,33,0.0,4356.0,0,2025-01-01,3585.26,profit
1938,44,47.0,92,2068.0,4324.0,1,2025-04-11,3585.87,profit
1937,15,99.0,66,1485.0,6534.0,1,2025-03-14,3586.31,profit
1936,4,116.0,56,464.0,6496.0,1,2025-01-23,3586.35,profit
1935,27,54.0,13,1458.0,702.0,1,2025-03-12,3586.12,profit
1934,21,15.0,52,315.0,780.0,1,2025-01-16,3587.04,profit
1933,7,115.0,100,805.0,11500.0,1,2025-02-09,3586.37,profit
1932,7,136.0,92,952.0,12512.0,1,2025-02-16,3586.96,profit
1931,32,138.0,35,4416.0,4830.0,1,2025-08-03,3585.62,profit
1930,33,125.0,21,4125.0,2625.0,1,2025-07-20,3586.08,profit
1929,27,40.0,89,1080.0,3560.0,1,2025-02-22,3586.58,profit
1928,6,125.0,50,750.0,6250.0,1,2025-02-06,3585.64,profit
1927,7,127.0,93,889.0,11811.0,1,2025-02-13,3586.44,profit
1926,6,51.0,30,306.0,1530.0,1,2025-01-15,3585.69,profit
1925,31,76.0,49,2356.0,3724.0,1,2025-04-25,3586.72,profit
1924,50,73.0,22,3650.0,1606.0,1,2025-06-27,3585.79,profit
1923,40,24.0,45,960.0,1080.0,1,2025-02-16,3585.33,profit
1922,21,127.0,91,2667.0,11557.0,1,2025-05-10,3585.99,profit
1921,27,31.0,32,837.0,992.0,1,2025-02-10,3587.17,profit
1920,6,129.0,17,774.0,2193.0,1,2025-02-07,3586.45,profit
1919,46,36.0,72,1656.0,2592.0,1,2025-03-22,3585.07,profit
1918,8,27.0,70,216.0,1890.0,1,2025-01-11,3586.37,profit
1917,5,49.0,30,245.0,1470.0,1,2025-01-12,3586.35,profit
1916,40,127.0,71,5080.0,9017.0,1,2025-09-05,3585.26,profit
1915,5,29.0,55,145.0,1595.0,1,2025-01-08,3586.17,profit
1914,9,30.0,69,270.0,2070.0,1,2025-01-14,3586.94,profit
1913,3,101.0,43,303.0,4343.0,1,2025-01-15,3585.0,profit
1912,43,41.0,78,1763.0,3198.0,1,2025-03-27,3585.92,profit
1911,36,138.0,45,4968.0,6210.0,1,2025-08-30,3585.0,profit
1910,49,72.0,95,3528.0,6840.0,1,2025-06-21,3586.24,profit
1909,29,140.0,46,4060.0,6440.0,1,2025-07-17,3586.0,profit
1908,18,73.0,33,1314.0,2409.0,1,2025-03-05,3586.22,profit
1907,28,114.0,60,3192.0,6840.0,1,2025-06-05,3584.88,profit
1906,6,96.0,84,576.0,8064.0,1,2025-01-29,3586.38,profit
1905,14,37.0,75,518.0,2775.0,1,2025-01-26,3586.68,profit
1904,16,50.0,82,800.0,4100.0,1,2025-02-08,3586.6,profit
1903,19,120.0,49,2280.0,5880.0,1,2025-04-21,3585.36,profit
1902,42,85.0,66,3570.0,5610.0,1,2025-06-23,3586.23,profit
1901,27,124.0,11,3348.0,1364.0,1,2025-06-12,3585.45,profit
1900,4,17.0,67,68.0,1139.0,1,2025-01-04,3586.67,profit
1899,42,16.0,12,672.0,192.0,1,2025-02-02,3586.09,profit
1898,37,45.0,78,1665.0,3510.0,1,2025-03-23,3585.38,profit
1897,0,96.0,63,0.0,6048.0,0,2025-01-01,3585.59,profit
1896,9,38.0,68,342.0,2584.0,1,2025-01-17,3587.04,profit
1895,4,55.0,43,220.0,2365.0,1,2025-01-11,3585.72,profit
1894,45,128.0,96,5760.0,12288.0,1,2025-10-08,3584.98,profit
1893,26,60.0,17,1560.0,1020.0,1,2025-03-17,3586.75,profit
1892,16,122.0,53,1952.0,6466.0,1,2025-04-05,3586.38,profit
1891,23,150.0,25,3450.0,3750.0,1,2025-06-17,3585.63,profit
1890,36,111.0,20,3996.0,2220.0,1,2025-07-14,3585.23,profit
1889,10,32.0,66,320.0,2112.0,1,2025-01-16,3585.56,profit
1888,32,53.0,12,1696.0,636.0,1,2025-03-24,3584.63,profit
1887,36,101.0,37,3636.0,3737.0,1,2025-06-26,3586.03,profit
1886,26,47.0,80,1222.0,3760.0,1,2025-03-01,3586.0,profit
1885,6,40.0,90,240.0,3600.0,1,2025-01-12,3585.42,profit
1884,5,37.0,22,185.0,814.0,1,2025-01-10,3586.74,profit
1883,37,111.0,59,4107.0,6549.0,1,2025-07-19,3585.38,profit
1882,34,63.0,50,2142.0,3150.0,1,2025-04-15,3586.64,profit
1881,8,112.0,43,896.0,4816.0,1,2025-02-13,3586.63,profit
1880,35,74.0,35,2590.0,2590.0,1,2025-05-07,3585.4,profit
1879,2,71.0,36,142.0,2556.0,1,2025-01-07,3586.81,profit
1878,4,122.0,35,488.0,4270.0,1,2025-01-24,3585.01,profit
1877,16,103.0,36,1648.0,3708.0,1,2025-03-22,3585.75,profit
1876,8,61.0,94,488.0,5734.0,1,2025-01-24,3586.79,profit
1875,25,99.0,67,2475.0,6633.0,1,2025-05-01,3586.39,profit
1874,22,64.0,75,1408.0,4800.0,1,2025-03-10,3585.49,profit
1873,25,27.0,31,675.0,837.0,1,2025-02-02,3586.88,profit
1872,46,139.0,19,6394.0,2641.0,1,2025-11-08,3585.29,profit
1871,23,30.0,74,690.0,2220.0,1,2025-02-03,3584.66,profit
1870,19,112.0,10,2128.0,1120.0,1,2025-04-14,3586.2,profit
1869,37,63.0,32,2331.0,2016.0,1,2025-04-24,3586.06,profit
1868,11,107.0,47,1177.0,5029.0,1,2025-02-27,3584.73,profit
1867,49,108.0,94,5292.0,10152.0,1,2025-09-15,3585.41,profit
1866,37,31.0,29,1147.0,899.0,1,2025-02-25,3586.47,profit
1865,10,118.0,96,1180.0,11328.0,1,2025-02-27,3585.34,profit
1864,32,132.0,48,4224.0,6336.0,1,2025-07-25,3585.77,profit
1863,22,37.0,54,814.0,1998.0,1,2025-02-09,3585.3,profit
1862,44,32.0,79,1408.0,2528.0,1,2025-03-10,3586.51,profit
1861,5,51.0,60,255.0,3060.0,1,2025-01-13,3586.28,profit
1860,37,43.0,19,1591.0,817.0,1,2025-03-19,3586.97,profit
1859,24,104.0,93,2496.0,9672.0,1,2025-05-02,3587.02,profit
1858,27,71.0,84,1917.0,5964.0,1,2025-04-04,3586.66,profit
1857,40,73.0,93,2920.0,6789.0,1,2025-05-23,3586.6,profit
1856,3,117.0,78,351.0,9126.0,1,2025-01-18,3586.07,profit
1855,5,49.0,58,245.0,2842.0,1,2025-01-12,3586.59,profit
1854,26,25.0,61,650.0,1525.0,1,2025-02-01,3586.77,profit
1853,39,49.0,45,1911.0,2205.0,1,2025-04-04,3584.81,profit
1852,2,15.0,11,30.0,165.0,1,2025-01-02,3586.58,profit
1851,34,119.0,32,4046.0,3808.0,1,2025-07-16,3586.02,profit
1850,46,59.0,38,2714.0,2242.0,1,2025-05-13,3585.38,profit
1849,41,42.0,62,1722.0,2604.0,1,2025-03-25,3586.8,profit
1848,5,115.0,86,575.0,9890.0,1,2025-01-28,3585.23,profit
1847,25,95.0,70,2375.0,6650.0,1,2025-04-26,3585.0,profit
1846,39,62.0,100,2418.0,6200.0,1,2025-04-28,3586.4,profit
1845,34,39.0,53,1326.0,2067.0,1,2025-03-06,3586.72,profit
1844,12,101.0,100,1212.0,10100.0,1,2025-02-28,3586.15,profit
1843,15,74.0,73,1110.0,5402.0,1,2025-02-24,3585.57,profit
1842,25,30.0,48,750.0,1440.0,1,2025-02-06,3585.66,profit
1841,11,150.0,68,1650.0,10200.0,1,2025-03-22,3586.01,profit
1840,43,120.0,74,5160.0,8880.0,1,2025-09-09,3585.28,profit
1839,44,61.0,43,2684.0,2623.0,1,2025-05-11,3585.92,profit
1838,48,108.0,88,5184.0,9504.0,1,2025-09-10,3585.65,profit
1837,47,27.0,64,1269.0,1728.0,1,2025-03-03,3586.79,profit
1836,18,92.0,48,1656.0,4416.0,1,2025-03-22,3585.48,profit
1835,38,16.0,64,608.0,1024.0,1,2025-01-30,3586.07,profit
1834,50,100.0,43,5000.0,4300.0,1,2025-09-01,3585.94,profit
1833,41,18.0,87,738.0,1566.0,1,2025-02-05,3587.23,profit
1832,5,78.0,71,390.0,5538.0,1,2025-01-19,3585.63,profit
1831,1,150.0,81,150.0,12150.0,1,2025-01-08,3586.58,profit
1830,10,41.0,14,410.0,574.0,1,2025-01-20,3584.59,profit
1829,6,97.0,75,582.0,7275.0,1,2025-01-29,3585.61,profit
1828,49,23.0,41,1127.0,943.0,1,2025-02-24,3587.03,profit
1827,46,60.0,31,2760.0,1860.0,1,2025-05-15,3586.19,profit
1826,3,95.0,62,285.0,5890.0,1,2025-01-14,3586.58,profit
1825,8,37.0,43,296.0,1591.0,1,2025-01-15,3586.54,profit
1824,43,67.0,47,2881.0,3149.0,1,2025-05-21,3585.01,profit
1823,36,22.0,12,792.0,264.0,1,2025-02-08,3587.15,profit
1822,28,100.0,52,2800.0,5200.0,1,2025-05-17,3585.81,profit
1821,35,79.0,61,2765.0,4819.0,1,2025-05-15,3585.74,profit
1820,1,115.0,98,115.0,11270.0,1,2025-01-06,3586.17,profit
1819,40,136.0,58,5440.0,7888.0,1,2025-09-22,3585.06,profit
1818,29,133.0,69,3857.0,9177.0,1,2025-07-07,3586.58,profit
1817,19,135.0,73,2565.0,9855.0,1,2025-05-05,3585.56,profit
1816,45,83.0,82,3735.0,6806.0,1,2025-07-01,3586.23,profit
1815,31,87.0,66,2697.0,5742.0,1,2025-05-12,3586.4,profit
1814,14,77.0,50,1078.0,3850.0,1,2025-02-22,3585.53,profit
1813,48,32.0,19,1536.0,608.0,1,2025-03-16,3587.08,profit
1812,50,103.0,23,5150.0,2369.0,1,2025-09-08,3585.01,profit
1811,17,38.0,77,646.0,2926.0,1,2025-02-01,3585.78,profit
1810,17,17.0,92,289.0,1564.0,1,2025-01-15,3586.47,profit
1809,16,37.0,39,592.0,1443.0,1,2025-01-29,3587.18,profit
1808,41,141.0,73,5781.0,10293.0,1,2025-10-09,3585.54,profit
1807,25,135.0,99,3375.0,13365.0,1,2025-06-14,3586.07,profit
1806,15,73.0,59,1095.0,4307.0,1,2025-02-23,3587.03,profit
1805,39,25.0,49,975.0,1225.0,1,2025-02-17,3585.72,profit
1804,22,108.0,51,2376.0,5508.0,1,2025-04-26,3585.34,profit
1803,36,110.0,43,3960.0,4730.0,1,2025-07-12,3586.52,profit
1802,35,88.0,27,3080.0,2376.0,1,2025-05-30,3586.49,profit
1801,27,29.0,95,783.0,2755.0,1,2025-02-08,3586.92,profit
1800,11,15.0,67,165.0,1005.0,1,2025-01-09,3585.61,profit
1799,35,83.0,11,2905.0,913.0,1,2025-05-22,3586.61,profit
1798,27,56.0,67,1512.0,3752.0,1,2025-03-15,3586.57,profit
1797,35,133.0,98,4655.0,13034.0,1,2025-08-15,3585.3,profit
1796,38,92.0,54,3496.0,4968.0,1,2025-06-20,3586.18,profit
1795,14,70.0,29,980.0,2030.0,1,2025-02-17,3587.15,profit
1794,2,139.0,17,278.0,2363.0,1,2025-01-14,3586.86,profit
1793,47,23.0,76,1081.0,1748.0,1,2025-02-22,3586.33,profit
1792,16,82.0,29,1312.0,2378.0,1,2025-03-05,3586.88,profit
1791,21,74.0,53,1554.0,3922.0,1,2025-03-17,3587.37,profit
1790,37,52.0,96,1924.0,4992.0,1,2025-04-04,3585.06,profit
1789,8,133.0,14,1064.0,1862.0,1,2025-02-21,3586.68,profit
1788,21,113.0,49,2373.0,5537.0,1,2025-04-26,3585.5,profit
1787,4,107.0,29,428.0,3103.0,1,2025-01-21,3586.62,profit
1786,49,114.0,79,5586.0,9006.0,1,2025-09-29,3585.34,profit
1785,2,123.0,21,246.0,2583.0,1,2025-01-12,3586.26,profit
1784,30,115.0,12,3450.0,1380.0,1,2025-06-17,3586.03,profit
1783,3,22.0,46,66.0,1012.0,1,2025-01-04,3586.78,profit
1782,47,48.0,42,2256.0,2016.0,1,2025-04-20,3585.23,profit
1781,48,80.0,36,3840.0,2880.0,1,2025-07-06,3585.8,profit
1780,1,124.0,71,124.0,8804.0,1,2025-01-07,3585.37,profit
1779,37,26.0,88,962.0,2288.0,1,2025-02-16,3587.16,profit
1778,42,124.0,90,5208.0,11160.0,1,2025-09-11,3585.28,profit
1777,30,85.0,91,2550.0,7735.0,1,2025-05-05,3585.37,profit
1776,15,35.0,26,525.0,910.0,1,2025-01-26,3586.07,profit
1775,23,115.0,52,2645.0,5980.0,1,2025-05-09,3585.86,profit
1774,47,75.0,14,3525.0,1050.0,1,2025-06-21,3585.24,profit
1773,31,116.0,82,3596.0,9512.0,1,2025-06-25,3584.76,profit
1772,31,71.0,51,2201.0,3621.0,1,2025-04-18,3586.61,profit
1771,41,35.0,54,1435.0,1890.0,1,2025-03-11,3586.1,profit
1769,9,47.0,65,423.0,3055.0,1,2025-01-21,3587.01,profit
1768,40,143.0,92,5720.0,13156.0,1,2025-10-06,3584.94,profit
1767,9,94.0,52,846.0,4888.0,1,2025-02-11,3586.16,profit
1766,39,58.0,68,2262.0,3944.0,1,2025-04-21,3585.11,profit
1765,14,85.0,25,1190.0,2125.0,1,2025-02-27,3587.11,profit
1764,19,107.0,43,2033.0,4601.0,1,2025-04-09,3586.9,profit
1763,6,147.0,15,882.0,2205.0,1,2025-02-12,3586.89,profit
1762,8,85.0,78,680.0,6630.0,1,2025-02-03,3585.7,profit
1761,48,89.0,58,4272.0,5162.0,1,2025-07-27,3586.19,profit
1760,2,82.0,80,164.0,6560.0,1,2025-01-08,3586.7,profit
1759,14,105.0,72,1470.0,7560.0,1,2025-03-13,3584.92,profit
1758,16,26.0,87,416.0,2262.0,1,2025-01-21,3585.9,profit
1757,45,74.0,29,3330.0,2146.0,1,2025-06-12,3585.55,profit
1756,42,46.0,50,1932.0,2300.0,1,2025-04-05,3585.44,profit
1755,13,112.0,25,1456.0,2800.0,1,2025-03-12,3586.11,profit
1754,35,41.0,84,1435.0,3444.0,1,2025-03-11,3585.4,profit
1753,9,41.0,66,369.0,2706.0,1,2025-01-18,3586.17,profit
1752,48,123.0,10,5904.0,1230.0,1,2025-10-15,3585.54,profit
1751,1,91.0,11,91.0,1001.0,1,2025-01-05,3586.23,profit
1750,19,75.0,36,1425.0,2700.0,1,2025-03-11,3586.78,profit
1749,37,97.0,86,3589.0,8342.0,1,2025-06-24,3585.76,profit
1748,4,32.0,65,128.0,2080.0,1,2025-01-07,3585.88,profit
1747,39,134.0,63,5226.0,8442.0,1,2025-09-12,3585.52,profit
1746,19,67.0,35,1273.0,2345.0,1,2025-03-03,3585.31,profit
1745,34,46.0,27,1564.0,1242.0,1,2025-03-18,3586.17,profit
1744,3,110.0,14,330.0,1540.0,1,2025-01-17,3586.59,profit
1743,15,54.0,100,810.0,5400.0,1,2025-02-09,3586.67,profit
1742,6,82.0,48,492.0,3936.0,1,2025-01-24,3585.42,profit
1741,1,59.0,14,59.0,826.0,1,2025-01-03,3586.6,profit
1740,9,142.0,12,1278.0,1704.0,1,2025-03-04,3585.07,profit
1739,40,51.0,45,2040.0,2295.0,1,2025-04-10,3585.36,profit
1738,25,114.0,13,2850.0,1482.0,1,2025-05-19,3584.66,profit
1737,13,72.0,11,936.0,792.0,1,2025-02-15,3586.65,profit
1736,29,110.0,71,3190.0,7810.0,1,2025-06-05,3586.05,profit
1735,48,36.0,91,1728.0,3276.0,1,2025-03-26,3585.65,profit
1734,42,133.0,22,5586.0,2926.0,1,2025-09-29,3585.22,profit
1733,25,111.0,88,2775.0,9768.0,1,2025-05-16,3585.81,profit
1732,11,150.0,69,1650.0,10350.0,1,2025-03-22,3585.01,profit
1731,43,85.0,88,3655.0,7480.0,1,2025-06-27,3585.5,profit
1730,14,32.0,30,448.0,960.0,1,2025-01-22,3585.98,profit
1729,5,41.0,31,205.0,1271.0,1,2025-01-10,3585.38,profit
1728,39,34.0,91,1326.0,3094.0,1,2025-03-06,3586.8,profit
1727,34,33.0,64,1122.0,2112.0,1,2025-02-24,3586.23,profit
1726,18,77.0,37,1386.0,2849.0,1,2025-03-09,3586.97,profit
1725,18,59.0,45,1062.0,2655.0,1,2025-02-21,3586.42,profit
1724,40,86.0,37,3440.0,3182.0,1,2025-06-17,3584.82,profit
1723,44,111.0,83,4884.0,9213.0,1,2025-08-26,3585.56,profit
1722,50,124.0,64,6200.0,7936.0,1,2025-10-29,3585.06,profit
1721,39,51.0,85,1989.0,4335.0,1,2025-04-07,3585.55,profit
1720,34,149.0,56,5066.0,8344.0,1,2025-09-04,3585.86,profit
1719,36,145.0,16,5220.0,2320.0,1,2025-09-12,3585.41,profit
1718,18,113.0,27,2034.0,3051.0,1,2025-04-09,3585.49,profit
1717,24,40.0,45,960.0,1800.0,1,2025-02-16,3585.99,profit
1716,23,52.0,22,1196.0,1144.0,1,2025-02-28,3587.14,profit
1715,11,108.0,43,1188.0,4644.0,1,2025-02-27,3586.03,profit
1714,49,28.0,36,1372.0,1008.0,1,2025-03-08,3585.24,profit
1713,35,104.0,38,3640.0,3952.0,1,2025-06-27,3586.6,profit
1712,29,27.0,67,783.0,1809.0,1,2025-02-08,3585.31,profit
1711,27,99.0,16,2673.0,1584.0,1,2025-05-11,3586.39,profit
1710,37,55.0,92,2035.0,5060.0,1,2025-04-10,3586.77,profit
1709,49,137.0,48,6713.0,6576.0,1,2025-11-23,3585.41,profit
1708,2,101.0,86,202.0,8686.0,1,2025-01-10,3586.99,profit
1707,38,134.0,62,5092.0,8308.0,1,2025-09-05,3585.42,profit
1706,16,138.0,60,2208.0,8280.0,1,2025-04-18,3586.18,profit
1705,19,50.0,55,950.0,2750.0,1,2025-02-16,3587.03,profit
1704,21,98.0,83,2058.0,8134.0,1,2025-04-11,3585.17,profit
1703,6,58.0,89,348.0,5162.0,1,2025-01-17,3586.71,profit
1702,16,82.0,14,1312.0,1148.0,1,2025-03-05,3585.29,profit
1701,18,81.0,36,1458.0,2916.0,1,2025-03-12,3586.46,profit
1700,13,81.0,27,1053.0,2187.0,1,2025-02-21,3586.61,profit
1699,18,137.0,18,2466.0,2466.0,1,2025-05-01,3585.51,profit
1698,22,118.0,57,2596.0,6726.0,1,2025-05-07,3586.11,profit
1697,41,24.0,97,984.0,2328.0,1,2025-02-17,3585.37,profit
1696,28,78.0,38,2184.0,2964.0,1,2025-04-17,3586.61,profit
1695,3,147.0,57,441.0,8379.0,1,2025-01-22,3586.73,profit
1694,21,129.0,38,2709.0,4902.0,1,2025-05-12,3586.31,profit
1693,35,143.0,50,5005.0,7150.0,1,2025-09-01,3585.73,profit
1692,5,87.0,42,435.0,3654.0,1,2025-01-22,3584.8,profit
1691,23,104.0,46,2392.0,4784.0,1,2025-04-27,3585.99,profit
1690,13,57.0,11,741.0,627.0,1,2025-02-06,3586.56,profit
1689,43,107.0,99,4601.0,10593.0,1,2025-08-12,3585.7,profit
1688,26,91.0,56,2366.0,5096.0,1,2025-04-26,3586.17,profit
1687,50,79.0,64,3950.0,5056.0,1,2025-07-12,3585.43,profit
1686,6,47.0,49,282.0,2303.0,1,2025-01-14,3585.76,profit
1685,2,39.0,80,78.0,3120.0,1,2025-01-04,3587.11,profit
1684,3,110.0,25,330.0,2750.0,1,2025-01-17,3585.49,profit
1683,35,92.0,78,3220.0,7176.0,1,2025-06-06,3584.91,profit
1682,33,21.0,100,693.0,2100.0,1,2025-02-03,3585.88,profit
1681,38,144.0,28,5472.0,4032.0,1,2025-09-24,3584.98,profit
1680,20,99.0,83,1980.0,8217.0,1,2025-04-07,3586.77,profit
1679,17,116.0,82,1972.0,9512.0,1,2025-04-06,3586.72,profit
1678,2,146.0,44,292.0,6424.0,1,2025-01-15,3586.43,profit
1677,17,143.0,89,2431.0,12727.0,1,2025-04-29,3586.88,profit
1676,18,132.0,55,2376.0,7260.0,1,2025-04-26,3584.55,profit
1675,8,146.0,70,1168.0,10220.0,1,2025-02-26,3585.2,profit
1674,18,74.0,41,1332.0,3034.0,1,2025-03-06,3586.89,profit
1673,32,111.0,91,3552.0,10101.0,1,2025-06-22,3585.89,profit
1672,29,55.0,34,1595.0,1870.0,1,2025-03-19,3587.19,profit
1671,29,39.0,14,1131.0,546.0,1,2025-02-25,3586.93,profit
1670,37,68.0,39,2516.0,2652.0,1,2025-05-03,3586.21,profit
1669,39,142.0,72,5538.0,10224.0,1,2025-09-27,3585.55,profit
1668,36,29.0,13,1044.0,377.0,1,2025-02-20,3586.39,profit
1667,27,122.0,23,3294.0,2806.0,1,2025-06-10,3585.73,profit
1666,46,18.0,43,828.0,774.0,1,2025-02-10,3584.9,profit
1665,12,99.0,15,1188.0,1485.0,1,2025-02-27,3586.88,profit
1664,39,26.0,81,1014.0,2106.0,1,2025-02-19,3585.86,profit
1663,27,84.0,95,2268.0,7980.0,1,2025-04-21,3586.02,profit
1662,46,125.0,36,5750.0,4500.0,1,2025-10-07,3585.33,profit
1661,7,82.0,30,574.0,2460.0,1,2025-01-28,3585.49,profit
1660,48,32.0,63,1536.0,2016.0,1,2025-03-16,3585.53,profit
1659,5,43.0,47,215.0,2021.0,1,2025-01-11,3586.57,profit
1658,47,95.0,21,4465.0,1995.0,1,2025-08-06,3585.89,profit
1657,41,40.0,28,1640.0,1120.0,1,2025-03-21,3586.63,profit
1656,33,102.0,62,3366.0,6324.0,1,2025-06-13,3586.33,profit
1655,31,23.0,59,713.0,1357.0,1,2025-02-04,3586.16,profit
1654,36,120.0,63,4320.0,7560.0,1,2025-07-30,3585.39,profit
1653,19,146.0,16,2774.0,2336.0,1,2025-05-16,3585.42,profit
1652,3,24.0,54,72.0,1296.0,1,2025-01-04,3586.61,profit
1651,7,28.0,83,196.0,2324.0,1,2025-01-10,3585.68,profit
1650,26,66.0,50,1716.0,3300.0,1,2025-03-25,3586.92,profit
1649,32,29.0,47,928.0,1363.0,1,2025-02-15,3585.93,profit
1648,8,52.0,89,416.0,4628.0,1,2025-01-21,3585.06,profit
1647,41,19.0,68,779.0,1292.0,1,2025-02-07,3586.61,profit
1646,38,56.0,73,2128.0,4088.0,1,2025-04-14,3586.54,profit
1645,36,107.0,33,3852.0,3531.0,1,2025-07-07,3585.93,profit
1644,45,20.0,45,900.0,900.0,1,2025-02-13,3586.78,profit
1643,7,142.0,56,994.0,7952.0,1,2025-02-18,3587.34,profit
1642,31,29.0,14,899.0,406.0,1,2025-02-13,3587.04,profit
1641,47,45.0,34,2115.0,1530.0,1,2025-04-13,3586.93,profit
1640,10,141.0,33,1410.0,4653.0,1,2025-03-10,3586.29,profit
1639,45,137.0,72,6165.0,9864.0,1,2025-10-28,3584.78,profit
1638,3,109.0,60,327.0,6540.0,1,2025-01-16,3586.92,profit
1637,12,54.0,22,648.0,1188.0,1,2025-02-01,3587.13,profit
1636,37,87.0,43,3219.0,3741.0,1,2025-06-06,3586.55,profit
1635,24,21.0,60,504.0,1260.0,1,2025-01-25,3586.76,profit
1634,43,108.0,42,4644.0,4536.0,1,2025-08-15,3585.78,profit
1633,6,22.0,42,132.0,924.0,1,2025-01-07,3586.78,profit
1632,42,28.0,97,1176.0,2716.0,1,2025-02-27,3586.28,profit
1631,20,97.0,15,1940.0,1455.0,1,2025-04-05,3584.9,profit
1630,13,128.0,77,1664.0,9856.0,1,2025-03-22,3585.73,profit
1629,46,147.0,63,6762.0,9261.0,1,2025-11-26,3585.12,profit
1628,40,72.0,84,2880.0,6048.0,1,2025-05-21,3586.03,profit
1627,46,149.0,68,6854.0,10132.0,1,2025-11-30,3585.64,profit
1626,48,55.0,78,2640.0,4290.0,1,2025-05-09,3585.88,profit
1625,47,107.0,27,5029.0,2889.0,1,2025-09-02,3585.9,profit
1624,32,44.0,47,1408.0,2068.0,1,2025-03-10,3586.5,profit
1623,0,36.0,33,0.0,1188.0,0,2025-01-01,3586.26,profit
1622,40,60.0,81,2400.0,4860.0,1,2025-04-27,3587.09,profit
1621,44,48.0,43,2112.0,2064.0,1,2025-04-13,3586.72,profit
1620,37,117.0,84,4329.0,9828.0,1,2025-07-30,3585.27,profit
1619,26,131.0,85,3406.0,11135.0,1,2025-06-15,3585.99,profit
1618,28,98.0,39,2744.0,3822.0,1,2025-05-14,3585.54,profit
1617,15,112.0,71,1680.0,7952.0,1,2025-03-23,3585.3,profit
1616,39,136.0,10,5304.0,1360.0,1,2025-09-16,3585.24,profit
1615,3,60.0,96,180.0,5760.0,1,2025-01-09,3585.9,profit
1614,25,116.0,87,2900.0,10092.0,1,2025-05-22,3586.6,profit
1613,34,59.0,19,2006.0,1121.0,1,2025-04-08,3584.8,profit
1612,39,128.0,98,4992.0,12544.0,1,2025-08-31,3585.77,profit
1611,43,90.0,82,3870.0,7380.0,1,2025-07-08,3584.52,profit
1610,15,142.0,24,2130.0,3408.0,1,2025-04-14,3586.13,profit
1609,39,87.0,32,3393.0,2784.0,1,2025-06-15,3585.29,profit
1608,48,70.0,64,3360.0,4480.0,1,2025-06-13,3585.92,profit
1607,28,53.0,55,1484.0,2915.0,1,2025-03-14,3587.04,profit
1606,16,93.0,40,1488.0,3720.0,1,2025-03-14,3586.42,profit
1605,41,95.0,20,3895.0,1900.0,1,2025-07-09,3585.33,profit
1604,30,46.0,68,1380.0,3128.0,1,2025-03-09,3585.49,profit
1603,30,89.0,88,2670.0,7832.0,1,2025-05-10,3586.13,profit
1602,35,48.0,87,1680.0,4176.0,1,2025-03-23,3585.44,profit
1601,36,125.0,62,4500.0,7750.0,1,2025-08-07,3586.26,profit
1600,14,99.0,65,1386.0,6435.0,1,2025-03-09,3586.33,profit
1599,19,36.0,83,684.0,2988.0,1,2025-02-03,3586.58,profit
1598,26,46.0,25,1196.0,1150.0,1,2025-02-28,3585.76,profit
1597,22,121.0,85,2662.0,10285.0,1,2025-05-10,3585.28,profit
1596,11,150.0,25,1650.0,3750.0,1,2025-03-22,3585.89,profit
1595,23,121.0,72,2783.0,8712.0,1,2025-05-16,3586.24,profit
1594,39,31.0,92,1209.0,2852.0,1,2025-02-28,3585.51,profit
1593,42,89.0,68,3738.0,6052.0,1,2025-07-01,3585.03,profit
1592,28,69.0,20,1932.0,1380.0,1,2025-04-05,3586.65,profit
1591,23,82.0,84,1886.0,6888.0,1,2025-04-02,3586.83,profit
1590,34,86.0,38,2924.0,3268.0,1,2025-05-23,3585.51,profit
1589,2,49.0,48,98.0,2352.0,1,2025-01-05,3586.8,profit
1588,29,110.0,67,3190.0,7370.0,1,2025-06-05,3585.63,profit
1587,38,134.0,35,5092.0,4690.0,1,2025-09-05,3585.71,profit
1586,30,139.0,45,4170.0,6255.0,1,2025-07-22,3585.67,profit
1585,6,15.0,90,90.0,1350.0,1,2025-01-05,3586.74,profit
1584,28,118.0,16,3304.0,1888.0,1,2025-06-10,3586.23,profit
1583,7,37.0,64,259.0,2368.0,1,2025-01-13,3585.08,profit
1582,6,101.0,94,606.0,9494.0,1,2025-01-30,3586.3,profit
1581,37,131.0,69,4847.0,9039.0,1,2025-08-24,3585.1,profit
1580,26,27.0,22,702.0,594.0,1,2025-02-04,3586.4,profit
1579,36,77.0,84,2772.0,6468.0,1,2025-05-15,3584.97,profit
1578,28,126.0,38,3528.0,4788.0,1,2025-06-21,3586.47,profit
1577,10,109.0,49,1090.0,5341.0,1,2025-02-23,3586.94,profit
1576,0,84.0,83,0.0,6972.0,0,2025-01-01,3585.44,profit
1575,11,64.0,24,704.0,1536.0,1,2025-02-04,3586.93,profit
1574,16,122.0,68,1952.0,8296.0,1,2025-04-05,3585.41,profit
1573,21,46.0,79,966.0,3634.0,1,2025-02-17,3587.27,profit
1572,49,23.0,90,1127.0,2070.0,1,2025-02-24,3586.08,profit
1571,14,115.0,31,1610.0,3565.0,1,2025-03-20,3584.55,profit
1570,17,83.0,62,1411.0,5146.0,1,2025-03-10,3585.98,profit
1569,28,115.0,81,3220.0,9315.0,1,2025-06-06,3585.48,profit
1568,42,50.0,72,2100.0,3600.0,1,2025-04-13,3586.87,profit
1567,19,74.0,84,1406.0,6216.0,1,2025-03-10,3585.45,profit
1566,9,127.0,97,1143.0,12319.0,1,2025-02-25,3586.85,profit
1565,34,72.0,60,2448.0,4320.0,1,2025-04-30,3585.79,profit
1564,5,40.0,86,200.0,3440.0,1,2025-01-10,3585.99,profit
1563,30,149.0,44,4470.0,6556.0,1,2025-08-06,3586.21,profit
1562,14,86.0,44,1204.0,3784.0,1,2025-02-28,3586.04,profit
1561,21,19.0,43,399.0,817.0,1,2025-01-20,3585.67,profit
1560,28,126.0,65,3528.0,8190.0,1,2025-06-21,3584.85,profit
1559,33,38.0,32,1254.0,1216.0,1,2025-03-03,3586.31,profit
1558,47,61.0,49,2867.0,2989.0,1,2025-05-20,3586.34,profit
1557,9,100.0,69,900.0,6900.0,1,2025-02-13,3587.0,profit
1556,24,30.0,53,720.0,1590.0,1,2025-02-05,3586.54,profit
1555,41,103.0,31,4223.0,3193.0,1,2025-07-25,3586.12,profit
1554,21,75.0,53,1575.0,3975.0,1,2025-03-18,3586.08,profit
1553,12,70.0,39,840.0,2730.0,1,2025-02-10,3585.88,profit
1552,36,21.0,20,756.0,420.0,1,2025-02-06,3587.02,profit
1551,8,28.0,60,224.0,1680.0,1,2025-01-11,3585.07,profit
1550,31,60.0,44,1860.0,2640.0,1,2025-04-01,3586.42,profit
1549,45,67.0,20,3015.0,1340.0,1,2025-05-27,3585.11,profit
1548,6,76.0,18,456.0,1368.0,1,2025-01-23,3585.26,profit
1547,50,90.0,89,4500.0,8010.0,1,2025-08-07,3585.6,profit
1546,39,32.0,87,1248.0,2784.0,1,2025-03-02,3587.33,profit
1545,30,148.0,90,4440.0,13320.0,1,2025-08-05,3585.99,profit
1544,47,102.0,11,4794.0,1122.0,1,2025-08-22,3585.61,profit
1543,38,146.0,27,5548.0,3942.0,1,2025-09-28,3585.64,profit
1542,35,105.0,43,3675.0,4515.0,1,2025-06-28,3586.21,profit
1541,30,18.0,72,540.0,1296.0,1,2025-01-27,3587.05,profit
1540,1,104.0,36,104.0,3744.0,1,2025-01-06,3585.43,profit
1539,39,73.0,18,2847.0,1314.0,1,2025-05-19,3586.44,profit
1538,29,64.0,87,1856.0,5568.0,1,2025-04-01,3586.49,profit
1537,7,36.0,64,252.0,2304.0,1,2025-01-13,3586.84,profit
1536,32,53.0,69,1696.0,3657.0,1,2025-03-24,3586.8,profit
1535,46,111.0,39,5106.0,4329.0,1,2025-09-06,3586.02,profit
1534,13,105.0,89,1365.0,9345.0,1,2025-03-08,3586.16,profit
1533,23,104.0,43,2392.0,4472.0,1,2025-04-27,3585.74,profit
1532,18,124.0,47,2232.0,5828.0,1,2025-04-19,3586.61,profit
1531,17,29.0,25,493.0,725.0,1,2025-01-24,3585.43,profit
1530,11,81.0,68,891.0,5508.0,1,2025-02-13,3587.74,profit
1529,37,146.0,41,5402.0,5986.0,1,2025-09-20,3584.98,profit
1528,21,60.0,83,1260.0,4980.0,1,2025-03-03,3587.13,profit
1527,19,19.0,70,361.0,1330.0,1,2025-01-18,3586.3,profit
1526,40,29.0,16,1160.0,464.0,1,2025-02-26,3587.27,profit
1525,39,63.0,97,2457.0,6111.0,1,2025-04-30,3585.21,profit
1524,15,137.0,91,2055.0,12467.0,1,2025-04-11,3585.67,profit
1523,30,49.0,62,1470.0,3038.0,1,2025-03-13,3585.91,profit
1522,8,23.0,88,184.0,2024.0,1,2025-01-09,3585.71,profit
1521,40,20.0,35,800.0,700.0,1,2025-02-08,3585.93,profit
1520,13,140.0,73,1820.0,10220.0,1,2025-03-30,3586.89,profit
1519,10,100.0,93,1000.0,9300.0,1,2025-02-18,3585.38,profit
1518,6,68.0,65,408.0,4420.0,1,2025-01-20,3587.17,profit
1517,12,71.0,88,852.0,6248.0,1,2025-02-11,3585.14,profit
1516,15,44.0,63,660.0,2772.0,1,2025-02-02,3586.16,profit
1515,26,67.0,98,1742.0,6566.0,1,2025-03-26,3585.0,profit
1514,5,109.0,24,545.0,2616.0,1,2025-01-27,3585.26,profit
1513,12,109.0,53,1308.0,5777.0,1,2025-03-05,3586.48,profit
1512,44,124.0,99,5456.0,12276.0,1,2025-09-23,3585.48,profit
1511,50,124.0,100,6200.0,12400.0,1,2025-10-29,3585.43,profit
1510,1,64.0,42,64.0,2688.0,1,2025-01-04,3585.96,profit
1509,29,72.0,88,2088.0,6336.0,1,2025-04-12,3586.66,profit
1508,21,88.0,47,1848.0,4136.0,1,2025-03-31,3585.77,profit
1507,30,58.0,32,1740.0,1856.0,1,2025-03-26,3586.24,profit
1506,46,142.0,93,6532.0,13206.0,1,2025-11-14,3585.07,profit
1505,22,44.0,40,968.0,1760.0,1,2025-02-17,3586.01,profit
1504,36,35.0,62,1260.0,2170.0,1,2025-03-03,3586.52,profit
1503,1,54.0,73,54.0,3942.0,1,2025-01-03,3586.62,profit
1502,25,150.0,33,3750.0,4950.0,1,2025-07-02,3585.81,profit
1501,9,86.0,36,774.0,3096.0,1,2025-02-07,3585.35,profit
1500,38,149.0,92,5662.0,13708.0,1,2025-10-03,3585.11,profit
1499,12,104.0,23,1248.0,2392.0,1,2025-03-02,3586.72,profit
1498,42,86.0,82,3612.0,7052.0,1,2025-06-25,3586.41,profit
1497,41,138.0,60,5658.0,8280.0,1,2025-10-03,3584.75,profit
1496,40,59.0,95,2360.0,5605.0,1,2025-04-25,3586.71,profit
1495,49,47.0,20,2303.0,940.0,1,2025-04-23,3584.9,profit
1494,18,68.0,61,1224.0,4148.0,1,2025-03-01,3587.01,profit
1493,48,35.0,94,1680.0,3290.0,1,2025-03-23,3586.98,profit
1492,38,33.0,37,1254.0,1221.0,1,2025-03-03,3585.1,profit
1491,38,77.0,40,2926.0,3080.0,1,2025-05-23,3585.15,profit
1490,37,81.0,33,2997.0,2673.0,1,2025-05-26,3585.69,profit
1489,42,57.0,70,2394.0,3990.0,1,2025-04-27,3585.97,profit
1488,20,101.0,81,2020.0,8181.0,1,2025-04-09,3585.61,profit
1487,27,67.0,34,1809.0,2278.0,1,2025-03-30,3586.91,profit
1486,33,25.0,57,825.0,1425.0,1,2025-02-10,3585.14,profit
1485,31,37.0,15,1147.0,555.0,1,2025-02-25,3586.55,profit
1484,23,120.0,51,2760.0,6120.0,1,2025-05-15,3586.52,profit
1483,3,112.0,100,336.0,11200.0,1,2025-01-17,3586.64,profit
1482,19,103.0,90,1957.0,9270.0,1,2025-04-06,3586.92,profit
1481,12,75.0,85,900.0,6375.0,1,2025-02-13,3587.31,profit
1480,50,86.0,40,4300.0,3440.0,1,2025-07-29,3585.33,profit
1479,48,15.0,72,720.0,1080.0,1,2025-02-05,3585.27,profit
1478,18,52.0,47,936.0,2444.0,1,2025-02-15,3585.38,profit
1477,46,31.0,62,1426.0,1922.0,1,2025-03-11,3585.0,profit
1476,23,124.0,37,2852.0,4588.0,1,2025-05-19,3585.22,profit
1475,26,32.0,43,832.0,1376.0,1,2025-02-10,3586.57,profit
1474,42,70.0,97,2940.0,6790.0,1,2025-05-24,3585.74,profit
1473,4,31.0,64,124.0,1984.0,1,2025-01-07,3585.24,profit
1472,11,25.0,68,275.0,1700.0,1,2025-01-14,3585.66,profit
1471,40,98.0,68,3920.0,6664.0,1,2025-07-10,3585.24,profit
1470,15,75.0,36,1125.0,2700.0,1,2025-02-24,3585.61,profit
1469,8,110.0,17,880.0,1870.0,1,2025-02-12,3587.36,profit
1468,24,80.0,43,1920.0,3440.0,1,2025-04-04,3586.48,profit
1467,0,23.0,13,0.0,299.0,0,2025-01-01,3586.45,profit
1466,8,78.0,25,624.0,1950.0,1,2025-01-31,3587.33,profit
1465,40,60.0,75,2400.0,4500.0,1,2025-04-27,3586.07,profit
1464,33,60.0,54,1980.0,3240.0,1,2025-04-07,3586.24,profit
1463,47,77.0,21,3619.0,1617.0,1,2025-06-26,3585.07,profit
1462,45,86.0,54,3870.0,4644.0,1,2025-07-08,3586.2,profit
1461,47,32.0,72,1504.0,2304.0,1,2025-03-15,3585.49,profit
1460,33,41.0,17,1353.0,697.0,1,2025-03-07,3586.98,profit
1459,49,100.0,81,4900.0,8100.0,1,2025-08-27,3585.44,profit
1458,30,32.0,99,960.0,3168.0,1,2025-02-16,3585.97,profit
1457,31,94.0,45,2914.0,4230.0,1,2025-05-22,3585.03,profit
1456,1,62.0,23,62.0,1426.0,1,2025-01-04,3585.77,profit
1455,37,75.0,85,2775.0,6375.0,1,2025-05-16,3585.05,profit
1454,33,56.0,98,1848.0,5488.0,1,2025-03-31,3586.11,profit
1453,50,110.0,31,5500.0,3410.0,1,2025-09-25,3586.15,profit
1452,47,145.0,36,6815.0,5220.0,1,2025-11-28,3585.2,profit
1451,30,137.0,71,4110.0,9727.0,1,2025-07-20,3585.52,profit
1450,21,90.0,67,1890.0,6030.0,1,2025-04-02,3585.35,profit
1449,27,26.0,48,702.0,1248.0,1,2025-02-04,3586.9,profit
1448,13,53.0,54,689.0,2862.0,1,2025-02-03,3586.84,profit
1447,12,43.0,44,516.0,1892.0,1,2025-01-26,3587.07,profit
1446,0,138.0,94,0.0,12972.0,0,2025-01-01,3586.13,profit
1445,6,93.0,77,558.0,7161.0,1,2025-01-28,3585.74,profit
1444,23,92.0,29,2116.0,2668.0,1,2025-04-13,3587.05,profit
1443,2,19.0,48,38.0,912.0,1,2025-01-02,3586.83,profit
1442,46,23.0,79,1058.0,1817.0,1,2025-02-21,3585.45,profit
1441,2,36.0,65,72.0,2340.0,1,2025-01-04,3586.05,profit
1440,20,107.0,16,2140.0,1712.0,1,2025-04-15,3585.36,profit
1439,8,56.0,97,448.0,5432.0,1,2025-01-22,3586.21,profit
1438,28,32.0,88,896.0,2816.0,1,2025-02-13,3585.25,profit
1437,21,51.0,75,1071.0,3825.0,1,2025-02-22,3586.79,profit
1436,10,25.0,63,250.0,1575.0,1,2025-01-13,3586.21,profit
1435,20,124.0,17,2480.0,2108.0,1,2025-05-01,3586.36,profit
1434,35,130.0,21,4550.0,2730.0,1,2025-08-10,3586.15,profit
1433,3,109.0,71,327.0,7739.0,1,2025-01-16,3585.71,profit
1432,29,140.0,95,4060.0,13300.0,1,2025-07-17,3585.45,profit
1431,10,139.0,42,1390.0,5838.0,1,2025-03-09,3587.11,profit
1430,26,122.0,52,3172.0,6344.0,1,2025-06-04,3586.08,profit
1429,21,103.0,80,2163.0,8240.0,1,2025-04-16,3584.71,profit
1428,10,65.0,51,650.0,3315.0,1,2025-02-01,3585.34,profit
1427,2,81.0,17,162.0,1377.0,1,2025-01-08,3584.83,profit
1426,32,85.0,26,2720.0,2210.0,1,2025-05-13,3585.74,profit
1425,2,132.0,21,264.0,2772.0,1,2025-01-13,3585.03,profit
1424,45,138.0,73,6210.0,10074.0,1,2025-10-30,3585.04,profit
1423,41,39.0,50,1599.0,1950.0,1,2025-03-19,3586.53,profit
1422,19,136.0,44,2584.0,5984.0,1,2025-05-06,3586.47,profit
1421,22,132.0,18,2904.0,2376.0,1,2025-05-22,3585.1,profit
1420,4,105.0,70,420.0,7350.0,1,2025-01-21,3587.19,profit
1419,9,132.0,45,1188.0,5940.0,1,2025-02-27,3587.48,profit
1418,33,68.0,85,2244.0,5780.0,1,2025-04-20,3585.53,profit
1417,11,49.0,71,539.0,3479.0,1,2025-01-27,3586.81,profit
1416,28,137.0,77,3836.0,10549.0,1,2025-07-06,3586.16,profit
1415,44,27.0,63,1188.0,1701.0,1,2025-02-27,3586.1,profit
1414,38,30.0,46,1140.0,1380.0,1,2025-02-25,3586.42,profit
1413,26,27.0,80,702.0,2160.0,1,2025-02-04,3586.84,profit
1412,31,127.0,51,3937.0,6477.0,1,2025-07-11,3586.09,profit
1411,29,62.0,82,1798.0,5084.0,1,2025-03-29,3586.76,profit
1410,44,130.0,91,5720.0,11830.0,1,2025-10-06,3585.01,profit
1409,50,65.0,62,3250.0,4030.0,1,2025-06-08,3585.42,profit
1408,45,131.0,28,5895.0,3668.0,1,2025-10-14,3585.14,profit
1407,49,58.0,64,2842.0,3712.0,1,2025-05-19,3585.6,profit
1406,45,101.0,54,4545.0,5454.0,1,2025-08-10,3586.14,profit
1405,47,32.0,65,1504.0,2080.0,1,2025-03-15,3586.11,profit
1404,34,142.0,39,4828.0,5538.0,1,2025-08-23,3585.05,profit
1403,38,121.0,39,4598.0,4719.0,1,2025-08-12,3585.06,profit
1402,2,67.0,27,134.0,1809.0,1,2025-01-07,3584.69,profit
1401,50,47.0,49,2350.0,2303.0,1,2025-04-25,3584.81,profit
1400,9,64.0,41,576.0,2624.0,1,2025-01-29,3585.93,profit
1399,4,17.0,24,68.0,408.0,1,2025-01-04,3586.59,profit
1398,14,138.0,21,1932.0,2898.0,1,2025-04-05,3587.16,profit
1397,19,130.0,89,2470.0,11570.0,1,2025-05-01,3585.33,profit
1396,19,100.0,76,1900.0,7600.0,1,2025-04-03,3584.6,profit
1395,44,94.0,25,4136.0,2350.0,1,2025-07-21,3585.43,profit
1394,33,34.0,28,1122.0,952.0,1,2025-02-24,3587.64,profit
1393,47,48.0,74,2256.0,3552.0,1,2025-04-20,3586.16,profit
1392,44,96.0,76,4224.0,7296.0,1,2025-07-25,3586.1,profit
1391,34,65.0,88,2210.0,5720.0,1,2025-04-18,3587.16,profit
1390,12,73.0,46,876.0,3358.0,1,2025-02-12,3585.78,profit
1389,1,19.0,18,19.0,342.0,1,2025-01-01,3586.36,profit
1388,16,96.0,52,1536.0,4992.0,1,2025-03-16,3585.62,profit
1387,35,130.0,60,4550.0,7800.0,1,2025-08-10,3585.66,profit
1386,49,108.0,64,5292.0,6912.0,1,2025-09-15,3584.97,profit
1385,1,32.0,28,32.0,896.0,1,2025-01-02,3586.86,profit
1384,3,77.0,57,231.0,4389.0,1,2025-01-12,3585.35,profit
1383,31,34.0,56,1054.0,1904.0,1,2025-02-21,3586.27,profit
1382,8,130.0,97,1040.0,12610.0,1,2025-02-20,3587.38,profit
1381,21,25.0,58,525.0,1450.0,1,2025-01-26,3586.19,profit
1380,26,126.0,98,3276.0,12348.0,1,2025-06-09,3585.6,profit
1379,27,138.0,36,3726.0,4968.0,1,2025-07-01,3585.89,profit
1378,12,24.0,85,288.0,2040.0,1,2025-01-15,3586.04,profit
1377,27,109.0,83,2943.0,9047.0,1,2025-05-24,3586.94,profit
1376,49,54.0,64,2646.0,3456.0,1,2025-05-09,3585.04,profit
1375,49,68.0,39,3332.0,2652.0,1,2025-06-12,3586.59,profit
1374,5,77.0,34,385.0,2618.0,1,2025-01-19,3587.17,profit
1373,44,62.0,88,2728.0,5456.0,1,2025-05-13,3586.26,profit
1372,37,78.0,30,2886.0,2340.0,1,2025-05-21,3586.5,profit
1371,4,36.0,79,144.0,2844.0,1,2025-01-08,3586.53,profit
1370,36,31.0,45,1116.0,1395.0,1,2025-02-24,3586.79,profit
1369,23,77.0,23,1771.0,1771.0,1,2025-03-28,3584.95,profit
1368,12,26.0,36,312.0,936.0,1,2025-01-16,3586.19,profit
1367,9,108.0,27,972.0,2916.0,1,2025-02-17,3587.5,profit
1366,27,118.0,67,3186.0,7906.0,1,2025-06-05,3585.3,profit
1365,25,104.0,80,2600.0,8320.0,1,2025-05-07,3584.86,profit
1364,45,78.0,65,3510.0,5070.0,1,2025-06-20,3586.68,profit
1363,2,84.0,42,168.0,3528.0,1,2025-01-09,3586.77,profit
1362,29,128.0,74,3712.0,9472.0,1,2025-06-30,3585.39,profit
1361,16,98.0,27,1568.0,2646.0,1,2025-03-18,3585.81,profit
1360,41,19.0,16,779.0,304.0,1,2025-02-07,3586.96,profit
1359,17,105.0,68,1785.0,7140.0,1,2025-03-28,3586.74,profit
1358,0,37.0,52,0.0,1924.0,0,2025-01-01,3585.83,profit
1357,5,33.0,91,165.0,3003.0,1,2025-01-09,3587.19,profit
1356,9,143.0,74,1287.0,10582.0,1,2025-03-04,3587.36,profit
1355,5,123.0,20,615.0,2460.0,1,2025-01-30,3585.03,profit
1354,8,37.0,61,296.0,2257.0,1,2025-01-15,3586.6,profit
1353,49,148.0,60,7252.0,8880.0,1,2025-12-19,3585.11,profit
1352,26,116.0,99,3016.0,11484.0,1,2025-05-27,3585.87,profit
1351,31,70.0,92,2170.0,6440.0,1,2025-04-16,3585.29,profit
1350,46,66.0,59,3036.0,3894.0,1,2025-05-28,3584.74,profit
1349,13,35.0,31,455.0,1085.0,1,2025-01-23,3585.44,profit
1348,42,88.0,68,3696.0,5984.0,1,2025-06-29,3585.66,profit
1347,10,142.0,65,1420.0,9230.0,1,2025-03-11,3585.8,profit
1346,8,128.0,51,1024.0,6528.0,1,2025-02-19,3587.24,profit
1345,11,105.0,63,1155.0,6615.0,1,2025-02-26,3586.71,profit
1344,34,37.0,22,1258.0,814.0,1,2025-03-03,3586.48,profit
1343,48,56.0,20,2688.0,1120.0,1,2025-05-11,3586.75,profit
1342,5,88.0,38,440.0,3344.0,1,2025-01-22,3586.5,profit
1341,33,65.0,58,2145.0,3770.0,1,2025-04-15,3586.42,profit
1340,45,63.0,53,2835.0,3339.0,1,2025-05-18,3585.31,profit
1339,10,107.0,11,1070.0,1177.0,1,2025-02-22,3586.11,profit
1338,24,45.0,20,1080.0,900.0,1,2025-02-22,3585.77,profit
1337,31,19.0,100,589.0,1900.0,1,2025-01-29,3587.14,profit
1336,37,23.0,78,851.0,1794.0,1,2025-02-11,3584.65,profit
1335,2,52.0,69,104.0,3588.0,1,2025-01-06,3585.37,profit
1334,32,16.0,88,512.0,1408.0,1,2025-01-25,3586.66,profit
1333,47,62.0,82,2914.0,5084.0,1,2025-05-22,3585.56,profit
1332,21,29.0,17,609.0,493.0,1,2025-01-30,3587.36,profit
1331,24,17.0,15,408.0,255.0,1,2025-01-20,3586.33,profit
1330,18,111.0,67,1998.0,7437.0,1,2025-04-08,3585.32,profit
1329,7,67.0,23,469.0,1541.0,1,2025-01-23,3586.32,profit
1328,29,149.0,36,4321.0,5364.0,1,2025-07-30,3585.18,profit
1327,42,140.0,35,5880.0,4900.0,1,2025-10-14,3585.28,profit
1326,31,91.0,41,2821.0,3731.0,1,2025-05-18,3586.84,profit
1325,3,48.0,10,144.0,480.0,1,2025-01-08,3584.8,profit
1324,12,69.0,10,828.0,690.0,1,2025-02-10,3587.46,profit
1323,40,25.0,32,1000.0,800.0,1,2025-02-18,3586.81,profit
1322,34,69.0,66,2346.0,4554.0,1,2025-04-25,3586.25,profit
1321,1,111.0,41,111.0,4551.0,1,2025-01-06,3586.09,profit
1320,28,129.0,49,3612.0,6321.0,1,2025-06-25,3585.0,profit
1319,31,107.0,53,3317.0,5671.0,1,2025-06-11,3585.07,profit
1318,36,82.0,50,2952.0,4100.0,1,2025-05-24,3586.56,profit
1317,11,148.0,60,1628.0,8880.0,1,2025-03-21,3586.29,profit
1316,10,20.0,68,200.0,1360.0,1,2025-01-10,3586.24,profit
1315,28,35.0,73,980.0,2555.0,1,2025-02-17,3586.58,profit
1314,32,135.0,69,4320.0,9315.0,1,2025-07-30,3586.0,profit
1313,10,39.0,47,390.0,1833.0,1,2025-01-19,3586.51,profit
1312,15,109.0,50,1635.0,5450.0,1,2025-03-21,3586.25,profit
1311,7,110.0,74,770.0,8140.0,1,2025-02-07,3585.83,profit
1310,17,69.0,42,1173.0,2898.0,1,2025-02-27,3585.0,profit
1309,49,137.0,82,6713.0,11234.0,1,2025-11-23,3585.52,profit
1308,5,51.0,57,255.0,2907.0,1,2025-01-13,3586.8,profit
1307,0,131.0,29,0.0,3799.0,0,2025-01-01,3586.05,profit
1306,6,67.0,68,402.0,4556.0,1,2025-01-20,3586.97,profit
1305,11,16.0,82,176.0,1312.0,1,2025-01-09,3586.37,profit
1304,15,144.0,17,2160.0,2448.0,1,2025-04-16,3585.54,profit
1303,42,22.0,73,924.0,1606.0,1,2025-02-14,3584.95,profit
1302,34,63.0,16,2142.0,1008.0,1,2025-04-15,3586.24,profit
1301,7,130.0,53,910.0,6890.0,1,2025-02-14,3587.31,profit
1300,12,99.0,29,1188.0,2871.0,1,2025-02-27,3586.41,profit
1299,9,113.0,51,1017.0,5763.0,1,2025-02-19,3585.9,profit
1298,10,69.0,13,690.0,897.0,1,2025-02-03,3587.57,profit
1297,46,108.0,22,4968.0,2376.0,1,2025-08-30,3585.23,profit
1296,31,72.0,75,2232.0,5400.0,1,2025-04-19,3585.09,profit
1295,44,57.0,21,2508.0,1197.0,1,2025-05-03,3586.13,profit
1294,19,49.0,78,931.0,3822.0,1,2025-02-15,3587.25,profit
1293,25,120.0,25,3000.0,3000.0,1,2025-05-26,3586.26,profit
1292,40,46.0,80,1840.0,3680.0,1,2025-03-31,3585.81,profit
1291,12,17.0,19,204.0,323.0,1,2025-01-10,3586.29,profit
1290,14,136.0,90,1904.0,12240.0,1,2025-04-03,3585.84,profit
1289,8,53.0,52,424.0,2756.0,1,2025-01-21,3586.2,profit
1288,11,19.0,35,209.0,665.0,1,2025-01-11,3585.65,profit
1287,24,134.0,32,3216.0,4288.0,1,2025-06-06,3585.34,profit
1286,27,102.0,24,2754.0,2448.0,1,2025-05-15,3584.87,profit
1285,48,146.0,40,7008.0,5840.0,1,2025-12-08,3584.94,profit
1284,12,21.0,20,252.0,420.0,1,2025-01-13,3586.6,profit
1283,33,134.0,89,4422.0,11926.0,1,2025-08-04,3585.0,profit
1282,10,24.0,59,240.0,1416.0,1,2025-01-12,3586.63,profit
1281,14,76.0,99,1064.0,7524.0,1,2025-02-21,3586.92,profit
1280,36,116.0,58,4176.0,6728.0,1,2025-07-23,3585.38,profit
1279,3,28.0,74,84.0,2072.0,1,2025-01-05,3585.84,profit
1278,17,45.0,21,765.0,945.0,1,2025-02-07,3586.4,profit
1277,34,100.0,38,3400.0,3800.0,1,2025-06-15,3585.15,profit
1276,10,134.0,96,1340.0,12864.0,1,2025-03-07,3585.43,profit
1275,2,121.0,91,242.0,11011.0,1,2025-01-12,3585.94,profit
1274,26,23.0,74,598.0,1702.0,1,2025-01-30,3586.92,profit
1273,41,50.0,44,2050.0,2200.0,1,2025-04-10,3585.32,profit
1272,34,93.0,51,3162.0,4743.0,1,2025-06-03,3586.17,profit
1271,32,135.0,17,4320.0,2295.0,1,2025-07-30,3584.93,profit
1270,14,120.0,62,1680.0,7440.0,1,2025-03-23,3586.32,profit
1269,35,98.0,15,3430.0,1470.0,1,2025-06-16,3586.26,profit
1268,23,37.0,65,851.0,2405.0,1,2025-02-11,3586.53,profit
1267,24,119.0,72,2856.0,8568.0,1,2025-05-19,3584.79,profit
1266,40,19.0,15,760.0,285.0,1,2025-02-06,3586.71,profit
1265,31,53.0,35,1643.0,1855.0,1,2025-03-21,3586.89,profit
1264,34,128.0,44,4352.0,5632.0,1,2025-07-31,3585.33,profit
1263,24,97.0,36,2328.0,3492.0,1,2025-04-24,3586.61,profit
1262,19,102.0,27,1938.0,2754.0,1,2025-04-05,3585.31,profit
1261,43,137.0,24,5891.0,3288.0,1,2025-10-14,3585.24,profit
1260,2,50.0,66,100.0,3300.0,1,2025-01-05,3586.42,profit
1259,4,41.0,18,164.0,738.0,1,2025-01-08,3586.03,profit
1258,43,134.0,19,5762.0,2546.0,1,2025-10-08,3585.07,profit
1257,47,99.0,41,4653.0,4059.0,1,2025-08-15,3585.54,profit
1256,37,114.0,25,4218.0,2850.0,1,2025-07-25,3586.19,profit
1255,27,145.0,68,3915.0,9860.0,1,2025-07-10,3585.58,profit
1254,14,33.0,72,462.0,2376.0,1,2025-01-23,3586.12,profit
1253,37,101.0,74,3737.0,7474.0,1,2025-07-01,3585.91,profit
1252,20,146.0,93,2920.0,13578.0,1,2025-05-23,3586.1,profit
1251,34,56.0,80,1904.0,4480.0,1,2025-04-03,3585.55,profit
1250,28,66.0,54,1848.0,3564.0,1,2025-03-31,3584.8,profit
1249,22,30.0,12,660.0,360.0,1,2025-02-02,3586.36,profit
1248,50,145.0,95,7250.0,13775.0,1,2025-12-19,3585.45,profit
1247,6,32.0,52,192.0,1664.0,1,2025-01-10,3585.46,profit
1246,47,109.0,37,5123.0,4033.0,1,2025-09-07,3585.46,profit
1245,13,76.0,21,988.0,1596.0,1,2025-02-18,3585.95,profit
1244,44,75.0,17,3300.0,1275.0,1,2025-06-10,3586.43,profit
1243,45,38.0,81,1710.0,3078.0,1,2025-03-25,3585.78,profit
1242,30,29.0,63,870.0,1827.0,1,2025-02-12,3586.74,profit
1241,1,128.0,14,128.0,1792.0,1,2025-01-07,3586.57,profit
1240,16,85.0,16,1360.0,1360.0,1,2025-03-08,3585.12,profit
1239,4,21.0,49,84.0,1029.0,1,2025-01-05,3586.3,profit
1238,38,62.0,34,2356.0,2108.0,1,2025-04-25,3585.02,profit
1237,28,122.0,70,3416.0,8540.0,1,2025-06-16,3585.16,profit
1236,47,107.0,70,5029.0,7490.0,1,2025-09-02,3585.51,profit
1235,15,61.0,89,915.0,5429.0,1,2025-02-14,3585.33,profit
1234,38,124.0,67,4712.0,8308.0,1,2025-08-18,3585.53,profit
1233,16,48.0,23,768.0,1104.0,1,2025-02-07,3586.39,profit
1232,34,53.0,11,1802.0,583.0,1,2025-03-29,3585.34,profit
1231,37,99.0,59,3663.0,5841.0,1,2025-06-28,3586.35,profit
1230,38,133.0,72,5054.0,9576.0,1,2025-09-03,3585.78,profit
1229,35,139.0,90,4865.0,12510.0,1,2025-08-25,3585.81,profit
1228,24,81.0,89,1944.0,7209.0,1,2025-04-05,3586.47,profit
1227,12,128.0,82,1536.0,10496.0,1,2025-03-16,3587.19,profit
1226,2,121.0,65,242.0,7865.0,1,2025-01-12,3586.87,profit
1225,3,122.0,73,366.0,8906.0,1,2025-01-18,3587.02,profit
1224,19,67.0,90,1273.0,6030.0,1,2025-03-03,3586.48,profit
1223,24,30.0,71,720.0,2130.0,1,2025-02-05,3587.52,profit
1222,2,22.0,76,44.0,1672.0,1,2025-01-03,3586.71,profit
1221,22,22.0,39,484.0,858.0,1,2025-01-24,3586.13,profit
1220,18,132.0,55,2376.0,7260.0,1,2025-04-26,3585.51,profit
1219,1,119.0,15,119.0,1785.0,1,2025-01-06,3585.47,profit
1218,31,78.0,77,2418.0,6006.0,1,2025-04-28,3586.54,profit
1217,9,56.0,19,504.0,1064.0,1,2025-01-25,3586.08,profit
1216,38,15.0,60,570.0,900.0,1,2025-01-28,3587.07,profit
1215,24,99.0,68,2376.0,6732.0,1,2025-04-26,3585.29,profit
1214,26,138.0,85,3588.0,11730.0,1,2025-06-24,3585.45,profit
1213,1,35.0,23,35.0,805.0,1,2025-01-02,3586.96,profit
1212,6,73.0,84,438.0,6132.0,1,2025-01-22,3586.59,profit
1211,19,81.0,60,1539.0,4860.0,1,2025-03-16,3586.02,profit
1210,6,121.0,92,726.0,11132.0,1,2025-02-05,3586.96,profit
1209,9,52.0,11,468.0,572.0,1,2025-01-23,3585.65,profit
1208,26,113.0,44,2938.0,4972.0,1,2025-05-23,3585.01,profit
1207,43,104.0,17,4472.0,1768.0,1,2025-08-06,3586.46,profit
1206,50,79.0,21,3950.0,1659.0,1,2025-07-12,3585.98,profit
1205,39,48.0,36,1872.0,1728.0,1,2025-04-02,3586.69,profit
1204,29,135.0,12,3915.0,1620.0,1,2025-07-10,3585.49,profit
1203,28,21.0,69,588.0,1449.0,1,2025-01-29,3587.34,profit
1202,23,87.0,66,2001.0,5742.0,1,2025-04-08,3585.69,profit
1201,7,65.0,19,455.0,1235.0,1,2025-01-23,3585.33,profit
1200,41,48.0,73,1968.0,3504.0,1,2025-04-06,3585.75,profit
1199,32,50.0,29,1600.0,1450.0,1,2025-03-19,3586.92,profit
1198,17,15.0,91,255.0,1365.0,1,2025-01-13,3585.65,profit
1197,38,108.0,44,4104.0,4752.0,1,2025-07-19,3585.56,profit
1196,16,108.0,39,1728.0,4212.0,1,2025-03-26,3586.65,profit
1195,6,29.0,76,174.0,2204.0,1,2025-01-09,3586.57,profit
1194,4,35.0,76,140.0,2660.0,1,2025-01-07,3586.28,profit
1193,8,145.0,25,1160.0,3625.0,1,2025-02-26,3586.8,profit
1192,0,126.0,23,0.0,2898.0,0,2025-01-01,3585.09,profit
1191,25,118.0,29,2950.0,3422.0,1,2025-05-24,3586.34,profit
1190,46,79.0,31,3634.0,2449.0,1,2025-06-26,3585.77,profit
1189,12,81.0,34,972.0,2754.0,1,2025-02-17,3586.65,profit
1188,30,96.0,92,2880.0,8832.0,1,2025-05-21,3585.42,profit
1187,11,47.0,11,517.0,517.0,1,2025-01-26,3587.31,profit
1186,26,16.0,50,416.0,800.0,1,2025-01-21,3586.97,profit
1185,47,62.0,42,2914.0,2604.0,1,2025-05-22,3585.57,profit
1184,25,17.0,15,425.0,255.0,1,2025-01-21,3586.27,profit
1183,44,126.0,37,5544.0,4662.0,1,2025-09-27,3585.2,profit
1182,49,93.0,24,4557.0,2232.0,1,2025-08-10,3585.6,profit
1181,40,105.0,68,4200.0,7140.0,1,2025-07-24,3585.05,profit
1180,9,98.0,34,882.0,3332.0,1,2025-02-12,3586.86,profit
1179,49,100.0,93,4900.0,9300.0,1,2025-08-27,3586.19,profit
1178,6,132.0,91,792.0,12012.0,1,2025-02-08,3587.19,profit
1177,16,15.0,62,240.0,930.0,1,2025-01-12,3585.01,profit
1176,17,123.0,70,2091.0,8610.0,1,2025-04-12,3585.56,profit
1175,0,143.0,67,0.0,9581.0,0,2025-01-01,3586.64,profit
1174,31,100.0,11,3100.0,1100.0,1,2025-05-31,3586.42,profit
1173,9,104.0,61,936.0,6344.0,1,2025-02-15,3586.4,profit
1172,4,92.0,12,368.0,1104.0,1,2025-01-18,3585.13,profit
1171,15,126.0,11,1890.0,1386.0,1,2025-04-02,3584.82,profit
1170,20,125.0,47,2500.0,5875.0,1,2025-05-02,3586.83,profit
1169,34,137.0,49,4658.0,6713.0,1,2025-08-15,3585.86,profit
1168,6,81.0,41,486.0,3321.0,1,2025-01-24,3586.09,profit
1167,48,49.0,51,2352.0,2499.0,1,2025-04-25,3586.88,profit
1166,18,99.0,57,1782.0,5643.0,1,2025-03-28,3584.54,profit
1165,23,126.0,10,2898.0,1260.0,1,2025-05-22,3586.4,profit
1164,29,85.0,93,2465.0,7905.0,1,2025-04-30,3585.34,profit
1163,29,128.0,33,3712.0,4224.0,1,2025-06-30,3585.37,profit
1162,25,23.0,90,575.0,2070.0,1,2025-01-28,3587.14,profit
1161,13,22.0,46,286.0,1012.0,1,2025-01-14,3587.05,profit
1160,17,40.0,12,680.0,480.0,1,2025-02-03,3586.8,profit
1159,24,55.0,89,1320.0,4895.0,1,2025-03-06,3585.53,profit
1158,3,66.0,27,198.0,1782.0,1,2025-01-10,3587.11,profit
1157,4,59.0,23,236.0,1357.0,1,2025-01-12,3586.59,profit
1156,48,149.0,75,7152.0,11175.0,1,2025-12-15,3584.83,profit
1155,6,96.0,69,576.0,6624.0,1,2025-01-29,3586.92,profit
1154,43,33.0,26,1419.0,858.0,1,2025-03-11,3586.75,profit
1153,13,144.0,67,1872.0,9648.0,1,2025-04-02,3585.06,profit
1152,29,78.0,91,2262.0,7098.0,1,2025-04-21,3585.18,profit
1151,25,126.0,57,3150.0,7182.0,1,2025-06-03,3585.19,profit
1150,31,47.0,73,1457.0,3431.0,1,2025-03-12,3585.6,profit
1149,32,70.0,83,2240.0,5810.0,1,2025-04-20,3586.58,profit
1148,8,82.0,59,656.0,4838.0,1,2025-02-01,3586.86,profit
1147,20,137.0,26,2740.0,3562.0,1,2025-05-14,3585.59,profit
1146,26,74.0,39,1924.0,2886.0,1,2025-04-04,3586.19,profit
1145,14,125.0,62,1750.0,7750.0,1,2025-03-27,3585.24,profit
1144,15,65.0,65,975.0,4225.0,1,2025-02-17,3587.21,profit
1143,9,93.0,65,837.0,6045.0,1,2025-02-10,3587.09,profit
1142,18,66.0,37,1188.0,2442.0,1,2025-02-27,3585.82,profit
1141,47,93.0,28,4371.0,2604.0,1,2025-08-01,3585.52,profit
1140,36,50.0,95,1800.0,4750.0,1,2025-03-29,3586.15,profit
1139,23,96.0,70,2208.0,6720.0,1,2025-04-18,3586.0,profit
1138,29,123.0,88,3567.0,10824.0,1,2025-06-23,3586.51,profit
1137,45,58.0,69,2610.0,4002.0,1,2025-05-08,3586.66,profit
1136,33,32.0,96,1056.0,3072.0,1,2025-02-21,3587.35,profit
1135,27,113.0,91,3051.0,10283.0,1,2025-05-29,3585.62,profit
1134,32,110.0,72,3520.0,7920.0,1,2025-06-21,3585.6,profit
1133,24,73.0,72,1752.0,5256.0,1,2025-03-27,3587.07,profit
1132,38,56.0,10,2128.0,560.0,1,2025-04-14,3586.54,profit
1131,10,95.0,90,950.0,8550.0,1,2025-02-16,3586.42,profit
1130,4,133.0,13,532.0,1729.0,1,2025-01-26,3587.18,profit
1129,1,20.0,29,20.0,580.0,1,2025-01-01,3585.07,profit
1128,29,81.0,11,2349.0,891.0,1,2025-04-25,3585.26,profit
1127,10,93.0,26,930.0,2418.0,1,2025-02-15,3585.33,profit
1126,44,113.0,87,4972.0,9831.0,1,2025-08-30,3584.97,profit
1125,45,58.0,24,2610.0,1392.0,1,2025-05-08,3585.46,profit
1124,20,23.0,75,460.0,1725.0,1,2025-01-23,3586.15,profit
1123,39,84.0,34,3276.0,2856.0,1,2025-06-09,3584.69,profit
1122,40,16.0,30,640.0,480.0,1,2025-02-01,3585.06,profit
1121,37,140.0,11,5180.0,1540.0,1,2025-09-10,3585.57,profit
1120,23,34.0,73,782.0,2482.0,1,2025-02-08,3586.82,profit
1119,18,81.0,91,1458.0,7371.0,1,2025-03-12,3584.54,profit
1118,46,141.0,61,6486.0,8601.0,1,2025-11-12,3585.05,profit
1117,4,145.0,22,580.0,3190.0,1,2025-01-29,3585.01,profit
1116,36,25.0,63,900.0,1575.0,1,2025-02-13,3586.06,profit
1115,47,89.0,82,4183.0,7298.0,1,2025-07-23,3585.55,profit
1114,33,88.0,76,2904.0,6688.0,1,2025-05-22,3585.58,profit
1113,50,128.0,74,6400.0,9472.0,1,2025-11-08,3585.43,profit
1112,41,112.0,62,4592.0,6944.0,1,2025-08-12,3585.9,profit
1111,42,118.0,85,4956.0,10030.0,1,2025-08-30,3585.72,profit
1110,39,34.0,74,1326.0,2516.0,1,2025-03-06,3587.48,profit
1109,5,84.0,22,420.0,1848.0,1,2025-01-21,3586.16,profit
1108,26,47.0,61,1222.0,2867.0,1,2025-03-01,3586.56,profit
1107,19,77.0,70,1463.0,5390.0,1,2025-03-13,3586.0,profit
1106,7,64.0,77,448.0,4928.0,1,2025-01-22,3584.87,profit
1105,16,148.0,70,2368.0,10360.0,1,2025-04-26,3585.96,profit
1104,40,47.0,20,1880.0,940.0,1,2025-04-02,3587.0,profit
1103,12,25.0,23,300.0,575.0,1,2025-01-15,3586.5,profit
1102,1,37.0,50,37.0,1850.0,1,2025-01-02,3586.82,profit
1101,1,58.0,87,58.0,5046.0,1,2025-01-03,3586.55,profit
1100,32,133.0,50,4256.0,6650.0,1,2025-07-27,3585.83,profit
1099,16,43.0,61,688.0,2623.0,1,2025-02-03,3587.15,profit
1098,23,105.0,75,2415.0,7875.0,1,2025-04-28,3586.42,profit
1097,15,39.0,14,585.0,546.0,1,2025-01-29,3587.37,profit
1096,49,61.0,12,2989.0,732.0,1,2025-05-26,3586.75,profit
1095,10,150.0,98,1500.0,14700.0,1,2025-03-14,3585.36,profit
1094,16,145.0,73,2320.0,10585.0,1,2025-04-23,3586.2,profit
1093,47,133.0,24,6251.0,3192.0,1,2025-11-01,3585.29,profit
1092,43,59.0,32,2537.0,1888.0,1,2025-05-04,3585.62,profit
1091,15,91.0,43,1365.0,3913.0,1,2025-03-08,3587.24,profit
1090,28,139.0,44,3892.0,6116.0,1,2025-07-09,3586.11,profit
1089,41,95.0,45,3895.0,4275.0,1,2025-07-09,3585.03,profit
1088,18,136.0,99,2448.0,13464.0,1,2025-04-30,3585.68,profit
1087,33,129.0,28,4257.0,3612.0,1,2025-07-27,3585.42,profit
1086,4,117.0,26,468.0,3042.0,1,2025-01-23,3586.92,profit
1085,41,129.0,14,5289.0,1806.0,1,2025-09-15,3585.52,profit
1084,33,133.0,48,4389.0,6384.0,1,2025-08-02,3585.34,profit
1083,0,59.0,22,0.0,1298.0,0,2025-01-01,3584.95,profit
1082,36,84.0,24,3024.0,2016.0,1,2025-05-28,3586.24,profit
1081,4,18.0,82,72.0,1476.0,1,2025-01-04,3586.56,profit
1080,35,37.0,43,1295.0,1591.0,1,2025-03-05,3585.68,profit
1079,42,41.0,58,1722.0,2378.0,1,2025-03-25,3585.26,profit
1078,50,48.0,10,2400.0,480.0,1,2025-04-27,3585.43,profit
1077,12,22.0,44,264.0,968.0,1,2025-01-13,3587.34,profit
1076,32,89.0,83,2848.0,7387.0,1,2025-05-19,3585.95,profit
1075,5,82.0,98,410.0,8036.0,1,2025-01-20,3586.41,profit
1074,7,44.0,25,308.0,1100.0,1,2025-01-15,3584.6,profit
1073,45,142.0,10,6390.0,1420.0,1,2025-11-07,3585.24,profit
1072,9,93.0,12,837.0,1116.0,1,2025-02-10,3586.42,profit
1071,46,49.0,99,2254.0,4851.0,1,2025-04-20,3586.6,profit
1070,48,27.0,87,1296.0,2349.0,1,2025-03-05,3586.38,profit
1069,5,100.0,70,500.0,7000.0,1,2025-01-25,3587.2,profit
1068,50,135.0,68,6750.0,9180.0,1,2025-11-25,3585.0,profit
1067,41,149.0,60,6109.0,8940.0,1,2025-10-25,3585.46,profit
1066,8,55.0,91,440.0,5005.0,1,2025-01-22,3585.35,profit
1065,31,114.0,27,3534.0,3078.0,1,2025-06-21,3586.64,profit
1064,9,148.0,42,1332.0,6216.0,1,2025-03-06,3586.64,profit
1063,48,61.0,31,2928.0,1891.0,1,2025-05-23,3585.59,profit
1062,9,82.0,39,738.0,3198.0,1,2025-02-05,3585.94,profit
1061,17,41.0,59,697.0,2419.0,1,2025-02-03,3586.23,profit
1060,16,50.0,51,800.0,2550.0,1,2025-02-08,3586.33,profit
1059,4,124.0,88,496.0,10912.0,1,2025-01-25,3585.04,profit
1058,4,34.0,67,136.0,2278.0,1,2025-01-07,3585.58,profit
1057,46,68.0,68,3128.0,4624.0,1,2025-06-02,3585.82,profit
1056,19,24.0,23,456.0,552.0,1,2025-01-23,3587.47,profit
1055,47,87.0,99,4089.0,8613.0,1,2025-07-18,3586.21,profit
1054,15,59.0,19,885.0,1121.0,1,2025-02-13,3585.75,profit
1053,44,41.0,11,1804.0,451.0,1,2025-03-29,3586.91,profit
1052,22,73.0,13,1606.0,949.0,1,2025-03-20,3586.55,profit
1051,34,24.0,48,816.0,1152.0,1,2025-02-09,3587.45,profit
1050,14,50.0,15,700.0,750.0,1,2025-02-04,3585.44,profit
1049,34,67.0,14,2278.0,938.0,1,2025-04-21,3586.1,profit
1048,50,111.0,75,5550.0,8325.0,1,2025-09-28,3585.0,profit
1047,14,62.0,82,868.0,5084.0,1,2025-02-12,3586.46,profit
1046,11,30.0,19,330.0,570.0,1,2025-01-17,3586.92,profit
1045,29,15.0,45,435.0,675.0,1,2025-01-22,3584.83,profit
1044,26,22.0,15,572.0,330.0,1,2025-01-28,3587.13,profit
1043,46,149.0,87,6854.0,12963.0,1,2025-11-30,3585.11,profit
1042,16,57.0,31,912.0,1767.0,1,2025-02-14,3587.33,profit
1041,3,103.0,73,309.0,7519.0,1,2025-01-16,3585.5,profit
1040,47,53.0,45,2491.0,2385.0,1,2025-05-02,3586.8,profit
1039,47,92.0,67,4324.0,6164.0,1,2025-07-30,3585.28,profit
1038,29,69.0,70,2001.0,4830.0,1,2025-04-08,3587.16,profit
1037,17,40.0,71,680.0,2840.0,1,2025-02-03,3584.88,profit
1036,16,62.0,44,992.0,2728.0,1,2025-02-18,3586.05,profit
1035,32,85.0,69,2720.0,5865.0,1,2025-05-13,3586.4,profit
1034,1,127.0,10,127.0,1270.0,1,2025-01-07,3584.96,profit
1033,32,35.0,76,1120.0,2660.0,1,2025-02-24,3586.41,profit
1032,6,44.0,87,264.0,3828.0,1,2025-01-13,3585.78,profit
1031,16,24.0,45,384.0,1080.0,1,2025-01-19,3585.23,profit
1030,3,134.0,71,402.0,9514.0,1,2025-01-20,3586.38,profit
1029,35,146.0,31,5110.0,4526.0,1,2025-09-06,3584.95,profit
1028,4,139.0,84,556.0,11676.0,1,2025-01-28,3585.07,profit
1027,7,60.0,17,420.0,1020.0,1,2025-01-21,3585.06,profit
1026,27,91.0,17,2457.0,1547.0,1,2025-04-30,3586.02,profit
1025,33,52.0,31,1716.0,1612.0,1,2025-03-25,3587.0,profit
1024,24,26.0,68,624.0,1768.0,1,2025-01-31,3586.65,profit
1023,35,147.0,29,5145.0,4263.0,1,2025-09-08,3585.51,profit
1022,24,23.0,30,552.0,690.0,1,2025-01-27,3585.68,profit
1021,20,74.0,71,1480.0,5254.0,1,2025-03-14,3586.98,profit
1020,32,18.0,40,576.0,720.0,1,2025-01-29,3586.06,profit
1019,40,48.0,41,1920.0,1968.0,1,2025-04-04,3586.21,profit
1018,40,141.0,74,5640.0,10434.0,1,2025-10-02,3585.47,profit
1017,47,17.0,82,799.0,1394.0,1,2025-02-08,3586.5,profit
1016,8,76.0,69,608.0,5244.0,1,2025-01-30,3586.92,profit
1015,41,28.0,71,1148.0,1988.0,1,2025-02-25,3586.89,profit
1014,28,101.0,44,2828.0,4444.0,1,2025-05-18,3585.91,profit
1013,10,32.0,71,320.0,2272.0,1,2025-01-16,3586.81,profit
1012,30,38.0,75,1140.0,2850.0,1,2025-02-25,3586.41,profit
1011,17,82.0,87,1394.0,7134.0,1,2025-03-09,3584.96,profit
1010,50,147.0,68,7350.0,9996.0,1,2025-12-24,3585.08,profit
1009,12,21.0,99,252.0,2079.0,1,2025-01-13,3586.02,profit
1008,25,69.0,26,1725.0,1794.0,1,2025-03-25,3585.17,profit
1007,2,34.0,83,68.0,2822.0,1,2025-01-04,3585.92,profit
1006,32,39.0,66,1248.0,2574.0,1,2025-03-02,3585.77,profit
1005,41,25.0,60,1025.0,1500.0,1,2025-02-19,3586.16,profit
1004,25,29.0,18,725.0,522.0,1,2025-02-05,3586.8,profit
1003,10,139.0,52,1390.0,7228.0,1,2025-03-09,3585.15,profit
1002,37,70.0,34,2590.0,2380.0,1,2025-05-07,3585.36,profit
1001,27,84.0,21,2268.0,1764.0,1,2025-04-21,3586.65,profit
1000,8,98.0,65,784.0,6370.0,1,2025-02-08,3587.39,profit
999,6,100.0,66,600.0,6600.0,1,2025-01-30,3587.09,profit
998,17,17.0,100,289.0,1700.0,1,2025-01-15,3585.03,profit
997,20,94.0,47,1880.0,4418.0,1,2025-04-02,3584.78,profit
996,46,88.0,61,4048.0,5368.0,1,2025-07-17,3586.37,profit
995,14,105.0,50,1470.0,5250.0,1,2025-03-13,3586.22,profit
994,9,29.0,65,261.0,1885.0,1,2025-01-13,3585.97,profit
993,6,60.0,13,360.0,780.0,1,2025-01-18,3586.85,profit
992,11,112.0,25,1232.0,2800.0,1,2025-03-01,3586.56,profit
991,47,121.0,52,5687.0,6292.0,1,2025-10-04,3585.6,profit
990,35,29.0,83,1015.0,2407.0,1,2025-02-19,3586.44,profit
989,40,59.0,86,2360.0,5074.0,1,2025-04-25,3585.72,profit
988,31,16.0,64,496.0,1024.0,1,2025-01-25,3585.73,profit
987,7,80.0,70,560.0,5600.0,1,2025-01-28,3586.54,profit
986,4,78.0,34,312.0,2652.0,1,2025-01-16,3586.88,profit
985,26,82.0,24,2132.0,1968.0,1,2025-04-14,3586.43,profit
984,44,43.0,53,1892.0,2279.0,1,2025-04-03,3586.77,profit
983,35,64.0,75,2240.0,4800.0,1,2025-04-20,3586.44,profit
982,28,94.0,36,2632.0,3384.0,1,2025-05-09,3585.37,profit
981,15,110.0,98,1650.0,10780.0,1,2025-03-22,3586.74,profit
980,32,60.0,87,1920.0,5220.0,1,2025-04-04,3586.06,profit
979,37,26.0,27,962.0,702.0,1,2025-02-16,3586.86,profit
978,5,88.0,73,440.0,6424.0,1,2025-01-22,3586.21,profit
977,17,29.0,56,493.0,1624.0,1,2025-01-24,3586.85,profit
976,41,116.0,50,4756.0,5800.0,1,2025-08-20,3585.91,profit
975,41,84.0,53,3444.0,4452.0,1,2025-06-17,3586.09,profit
974,31,68.0,64,2108.0,4352.0,1,2025-04-13,3586.23,profit
973,8,86.0,12,688.0,1032.0,1,2025-02-03,3586.34,profit
972,34,22.0,35,748.0,770.0,1,2025-02-06,3586.39,profit
971,19,139.0,74,2641.0,10286.0,1,2025-05-09,3586.83,profit
970,19,80.0,37,1520.0,2960.0,1,2025-03-15,3587.24,profit
969,26,84.0,76,2184.0,6384.0,1,2025-04-17,3586.63,profit
968,50,48.0,98,2400.0,4704.0,1,2025-04-27,3585.83,profit
967,0,127.0,100,0.0,12700.0,0,2025-01-01,3586.29,profit
966,17,35.0,44,595.0,1540.0,1,2025-01-29,3586.79,profit
965,29,147.0,19,4263.0,2793.0,1,2025-07-27,3585.8,profit
964,29,71.0,85,2059.0,6035.0,1,2025-04-11,3586.7,profit
963,41,19.0,20,779.0,380.0,1,2025-02-07,3587.06,profit
962,21,145.0,97,3045.0,14065.0,1,2025-05-29,3585.68,profit
961,35,72.0,26,2520.0,1872.0,1,2025-05-03,3585.76,profit
960,48,42.0,49,2016.0,2058.0,1,2025-04-09,3585.7,profit
959,18,82.0,54,1476.0,4428.0,1,2025-03-13,3586.11,profit
958,45,15.0,46,675.0,690.0,1,2025-02-02,3585.32,profit
957,34,41.0,63,1394.0,2583.0,1,2025-03-09,3586.26,profit
956,16,54.0,63,864.0,3402.0,1,2025-02-12,3585.87,profit
955,40,106.0,33,4240.0,3498.0,1,2025-07-26,3585.96,profit
954,0,143.0,25,0.0,3575.0,0,2025-01-01,3585.85,profit
953,4,56.0,44,224.0,2464.0,1,2025-01-11,3586.05,profit
952,22,122.0,17,2684.0,2074.0,1,2025-05-11,3587.1,profit
951,20,119.0,37,2380.0,4403.0,1,2025-04-26,3585.82,profit
950,4,79.0,55,316.0,4345.0,1,2025-01-16,3586.3,profit
949,16,43.0,35,688.0,1505.0,1,2025-02-03,3586.93,profit
948,10,46.0,86,460.0,3956.0,1,2025-01-23,3586.61,profit
947,7,36.0,72,252.0,2592.0,1,2025-01-13,3585.16,profit
946,18,70.0,44,1260.0,3080.0,1,2025-03-03,3587.32,profit
945,38,144.0,53,5472.0,7632.0,1,2025-09-24,3584.96,profit
944,44,111.0,92,4884.0,10212.0,1,2025-08-26,3585.88,profit
943,2,144.0,25,288.0,3600.0,1,2025-01-15,3585.3,profit
942,22,56.0,59,1232.0,3304.0,1,2025-03-01,3587.3,profit
941,34,83.0,99,2822.0,8217.0,1,2025-05-18,3586.02,profit
940,47,21.0,35,987.0,735.0,1,2025-02-18,3587.12,profit
939,24,101.0,100,2424.0,10100.0,1,2025-04-28,3586.07,profit
938,2,64.0,55,128.0,3520.0,1,2025-01-07,3586.06,profit
937,39,111.0,31,4329.0,3441.0,1,2025-07-30,3585.39,profit
936,4,38.0,20,152.0,760.0,1,2025-01-08,3585.22,profit
935,14,61.0,35,854.0,2135.0,1,2025-02-11,3586.2,profit
934,37,107.0,52,3959.0,5564.0,1,2025-07-12,3586.18,profit
933,6,84.0,36,504.0,3024.0,1,2025-01-25,3587.19,profit
932,14,41.0,74,574.0,3034.0,1,2025-01-28,3585.42,profit
931,14,146.0,67,2044.0,9782.0,1,2025-04-10,3585.8,profit
930,28,147.0,52,4116.0,7644.0,1,2025-07-20,3585.34,profit
929,22,131.0,81,2882.0,10611.0,1,2025-05-21,3586.58,profit
928,24,58.0,84,1392.0,4872.0,1,2025-03-09,3586.25,profit
927,25,64.0,70,1600.0,4480.0,1,2025-03-19,3585.78,profit
926,47,82.0,42,3854.0,3444.0,1,2025-07-07,3585.59,profit
925,48,143.0,50,6864.0,7150.0,1,2025-12-01,3584.79,profit
924,45,105.0,63,4725.0,6615.0,1,2025-08-18,3585.27,profit
923,36,59.0,60,2124.0,3540.0,1,2025-04-14,3586.41,profit
922,9,129.0,66,1161.0,8514.0,1,2025-02-26,3586.77,profit
921,4,58.0,14,232.0,812.0,1,2025-01-12,3586.62,profit
920,46,63.0,98,2898.0,6174.0,1,2025-05-22,3586.25,profit
919,9,100.0,53,900.0,5300.0,1,2025-02-13,3587.17,profit
918,0,68.0,48,0.0,3264.0,0,2025-01-01,3585.32,profit
917,29,112.0,92,3248.0,10304.0,1,2025-06-08,3585.94,profit
916,34,71.0,22,2414.0,1562.0,1,2025-04-28,3585.67,profit
915,0,103.0,74,0.0,7622.0,0,2025-01-01,3586.32,profit
914,45,127.0,57,5715.0,7239.0,1,2025-10-06,3585.61,profit
913,46,130.0,74,5980.0,9620.0,1,2025-10-19,3585.6,profit
912,1,74.0,67,74.0,4958.0,1,2025-01-04,3586.75,profit
911,33,135.0,16,4455.0,2160.0,1,2025-08-05,3585.9,profit
910,19,17.0,15,323.0,255.0,1,2025-01-16,3586.48,profit
909,10,31.0,59,310.0,1829.0,1,2025-01-16,3586.41,profit
908,38,149.0,68,5662.0,10132.0,1,2025-10-03,3585.62,profit
907,43,54.0,68,2322.0,3672.0,1,2025-04-24,3585.62,profit
906,18,146.0,54,2628.0,7884.0,1,2025-05-08,3586.14,profit
905,26,64.0,14,1664.0,896.0,1,2025-03-22,3586.8,profit
904,14,136.0,34,1904.0,4624.0,1,2025-04-03,3586.23,profit
903,29,50.0,53,1450.0,2650.0,1,2025-03-12,3585.18,profit
902,46,129.0,14,5934.0,1806.0,1,2025-10-16,3585.68,profit
901,30,109.0,43,3270.0,4687.0,1,2025-06-09,3586.06,profit
900,28,114.0,75,3192.0,8550.0,1,2025-06-05,3586.27,profit
899,31,32.0,74,992.0,2368.0,1,2025-02-18,3586.22,profit
898,39,84.0,51,3276.0,4284.0,1,2025-06-09,3586.36,profit
897,28,19.0,42,532.0,798.0,1,2025-01-26,3585.55,profit
896,49,61.0,35,2989.0,2135.0,1,2025-05-26,3586.21,profit
895,35,65.0,41,2275.0,2665.0,1,2025-04-21,3585.62,profit
894,11,100.0,36,1100.0,3600.0,1,2025-02-23,3585.19,profit
893,46,39.0,15,1794.0,585.0,1,2025-03-29,3586.51,profit
892,23,95.0,34,2185.0,3230.0,1,2025-04-17,3586.62,profit
891,38,85.0,83,3230.0,7055.0,1,2025-06-07,3585.01,profit
890,19,106.0,13,2014.0,1378.0,1,2025-04-09,3585.48,profit
889,45,72.0,53,3240.0,3816.0,1,2025-06-07,3585.85,profit
888,28,137.0,38,3836.0,5206.0,1,2025-07-06,3585.05,profit
887,38,37.0,91,1406.0,3367.0,1,2025-03-10,3585.6,profit
886,26,136.0,82,3536.0,11152.0,1,2025-06-22,3585.12,profit
885,11,79.0,86,869.0,6794.0,1,2025-02-12,3586.11,profit
884,3,48.0,92,144.0,4416.0,1,2025-01-08,3587.16,profit
883,26,124.0,47,3224.0,5828.0,1,2025-06-06,3584.9,profit
882,11,57.0,97,627.0,5529.0,1,2025-01-31,3587.08,profit
881,37,140.0,17,5180.0,2380.0,1,2025-09-10,3585.9,profit
880,33,131.0,92,4323.0,12052.0,1,2025-07-30,3584.66,profit
879,11,124.0,90,1364.0,11160.0,1,2025-03-08,3586.98,profit
878,6,122.0,30,732.0,3660.0,1,2025-02-05,3586.6,profit
877,4,90.0,66,360.0,5940.0,1,2025-01-18,3587.03,profit
876,25,17.0,85,425.0,1445.0,1,2025-01-21,3585.63,profit
875,49,64.0,43,3136.0,2752.0,1,2025-06-02,3585.61,profit
874,15,39.0,93,585.0,3627.0,1,2025-01-29,3585.32,profit
873,45,80.0,65,3600.0,5200.0,1,2025-06-25,3585.83,profit
872,7,38.0,18,266.0,684.0,1,2025-01-13,3587.22,profit
871,17,18.0,75,306.0,1350.0,1,2025-01-15,3586.87,profit
870,33,96.0,15,3168.0,1440.0,1,2025-06-04,3586.44,profit
869,14,97.0,69,1358.0,6693.0,1,2025-03-08,3585.62,profit
868,28,81.0,68,2268.0,5508.0,1,2025-04-21,3585.51,profit
867,0,145.0,52,0.0,7540.0,0,2025-01-01,3585.56,profit
866,43,123.0,97,5289.0,11931.0,1,2025-09-15,3585.46,profit
865,15,70.0,42,1050.0,2940.0,1,2025-02-21,3585.24,profit
864,20,58.0,25,1160.0,1450.0,1,2025-02-26,3587.1,profit
863,15,136.0,42,2040.0,5712.0,1,2025-04-10,3586.82,profit
862,17,16.0,70,272.0,1120.0,1,2025-01-14,3585.57,profit
861,18,67.0,91,1206.0,6097.0,1,2025-02-28,3586.34,profit
860,31,50.0,91,1550.0,4550.0,1,2025-03-17,3586.97,profit
859,40,92.0,97,3680.0,8924.0,1,2025-06-29,3585.47,profit
858,43,85.0,35,3655.0,2975.0,1,2025-06-27,3585.74,profit
857,21,96.0,31,2016.0,2976.0,1,2025-04-09,3586.84,profit
856,44,95.0,91,4180.0,8645.0,1,2025-07-23,3585.28,profit
855,12,96.0,62,1152.0,5952.0,1,2025-02-26,3584.86,profit
854,33,62.0,60,2046.0,3720.0,1,2025-04-10,3586.75,profit
853,20,28.0,55,560.0,1540.0,1,2025-01-28,3586.23,profit
852,25,66.0,13,1650.0,858.0,1,2025-03-22,3586.68,profit
851,21,109.0,87,2289.0,9483.0,1,2025-04-22,3584.77,profit
850,11,80.0,82,880.0,6560.0,1,2025-02-12,3586.91,profit
849,15,52.0,60,780.0,3120.0,1,2025-02-07,3587.57,profit
848,36,95.0,46,3420.0,4370.0,1,2025-06-16,3584.94,profit
847,9,94.0,27,846.0,2538.0,1,2025-02-11,3587.33,profit
846,41,50.0,40,2050.0,2000.0,1,2025-04-10,3585.21,profit
845,10,132.0,77,1320.0,10164.0,1,2025-03-06,3586.53,profit
844,40,60.0,65,2400.0,3900.0,1,2025-04-27,3586.98,profit
843,46,15.0,34,690.0,510.0,1,2025-02-03,3585.73,profit
842,40,102.0,100,4080.0,10200.0,1,2025-07-18,3585.87,profit
841,19,22.0,92,418.0,2024.0,1,2025-01-21,3587.25,profit
840,7,45.0,98,315.0,4410.0,1,2025-01-16,3585.19,profit
839,12,87.0,95,1044.0,8265.0,1,2025-02-20,3587.24,profit
838,47,52.0,18,2444.0,936.0,1,2025-04-29,3585.74,profit
837,49,50.0,91,2450.0,4550.0,1,2025-04-30,3585.69,profit
836,36,81.0,52,2916.0,4212.0,1,2025-05-22,3586.63,profit
835,16,150.0,19,2400.0,2850.0,1,2025-04-27,3585.03,profit
834,26,105.0,28,2730.0,2940.0,1,2025-05-13,3585.87,profit
833,11,150.0,76,1650.0,11400.0,1,2025-03-22,3585.95,profit
832,20,57.0,25,1140.0,1425.0,1,2025-02-25,3587.15,profit
831,11,77.0,46,847.0,3542.0,1,2025-02-11,3586.94,profit
830,12,31.0,100,372.0,3100.0,1,2025-01-19,3586.77,profit
829,3,111.0,10,333.0,1110.0,1,2025-01-17,3587.09,profit
828,45,137.0,66,6165.0,9042.0,1,2025-10-28,3585.17,profit
827,24,60.0,95,1440.0,5700.0,1,2025-03-12,3585.87,profit
826,15,128.0,69,1920.0,8832.0,1,2025-04-04,3586.02,profit
825,23,47.0,70,1081.0,3290.0,1,2025-02-22,3586.95,profit
824,46,46.0,66,2116.0,3036.0,1,2025-04-13,3585.45,profit
823,46,58.0,31,2668.0,1798.0,1,2025-05-10,3585.39,profit
822,48,111.0,58,5328.0,6438.0,1,2025-09-17,3585.66,profit
821,31,132.0,41,4092.0,5412.0,1,2025-07-19,3586.46,profit
820,8,139.0,52,1112.0,7228.0,1,2025-02-24,3585.28,profit
819,25,48.0,69,1200.0,3312.0,1,2025-02-28,3586.2,profit
818,23,112.0,83,2576.0,9296.0,1,2025-05-06,3586.6,profit
817,37,135.0,71,4995.0,9585.0,1,2025-09-01,3585.47,profit
816,1,135.0,66,135.0,8910.0,1,2025-01-07,3586.6,profit
815,49,100.0,100,4900.0,10000.0,1,2025-08-27,3585.7,profit
814,29,83.0,66,2407.0,5478.0,1,2025-04-28,3586.32,profit
813,31,131.0,36,4061.0,4716.0,1,2025-07-17,3585.59,profit
812,23,62.0,67,1426.0,4154.0,1,2025-03-11,3586.55,profit
811,49,34.0,57,1666.0,1938.0,1,2025-03-23,3586.2,profit
810,30,86.0,65,2580.0,5590.0,1,2025-05-06,3585.71,profit
809,21,116.0,99,2436.0,11484.0,1,2025-04-29,3585.22,profit
808,28,101.0,33,2828.0,3333.0,1,2025-05-18,3586.19,profit
807,22,115.0,26,2530.0,2990.0,1,2025-05-04,3584.68,profit
806,30,115.0,14,3450.0,1610.0,1,2025-06-17,3584.95,profit
805,1,38.0,39,38.0,1482.0,1,2025-01-02,3586.48,profit
804,49,41.0,37,2009.0,1517.0,1,2025-04-08,3586.58,profit
803,4,25.0,83,100.0,2075.0,1,2025-01-05,3585.54,profit
802,29,51.0,16,1479.0,816.0,1,2025-03-13,3585.4,profit
801,0,60.0,49,0.0,2940.0,0,2025-01-01,3584.88,profit
800,25,127.0,66,3175.0,8382.0,1,2025-06-04,3586.34,profit
799,23,84.0,12,1932.0,1008.0,1,2025-04-05,3586.69,profit
798,22,84.0,70,1848.0,5880.0,1,2025-03-31,3586.51,profit
797,16,19.0,63,304.0,1197.0,1,2025-01-15,3584.73,profit
796,49,74.0,45,3626.0,3330.0,1,2025-06-26,3585.25,profit
795,1,79.0,14,79.0,1106.0,1,2025-01-04,3586.68,profit
794,15,96.0,29,1440.0,2784.0,1,2025-03-12,3586.2,profit
793,49,93.0,20,4557.0,1860.0,1,2025-08-10,3585.43,profit
792,10,90.0,27,900.0,2430.0,1,2025-02-13,3586.75,profit
791,46,60.0,57,2760.0,3420.0,1,2025-05-15,3586.38,profit
790,30,68.0,100,2040.0,6800.0,1,2025-04-10,3585.04,profit
789,30,145.0,26,4350.0,3770.0,1,2025-07-31,3585.33,profit
788,38,18.0,85,684.0,1530.0,1,2025-02-03,3586.88,profit
787,40,34.0,75,1360.0,2550.0,1,2025-03-08,3586.05,profit
786,45,101.0,38,4545.0,3838.0,1,2025-08-10,3585.22,profit
785,23,68.0,72,1564.0,4896.0,1,2025-03-18,3586.59,profit
784,41,98.0,41,4018.0,4018.0,1,2025-07-15,3585.15,profit
783,25,97.0,92,2425.0,8924.0,1,2025-04-29,3586.72,profit
782,39,123.0,11,4797.0,1353.0,1,2025-08-22,3585.62,profit
781,0,130.0,60,0.0,7800.0,0,2025-01-01,3586.17,profit
780,38,92.0,12,3496.0,1104.0,1,2025-06-20,3586.33,profit
779,8,68.0,95,544.0,6460.0,1,2025-01-27,3586.62,profit
778,30,104.0,39,3120.0,4056.0,1,2025-06-01,3586.41,profit
777,25,109.0,65,2725.0,7085.0,1,2025-05-13,3585.94,profit
776,24,136.0,12,3264.0,1632.0,1,2025-06-08,3585.68,profit
775,35,89.0,70,3115.0,6230.0,1,2025-06-01,3585.54,profit
774,25,28.0,21,700.0,588.0,1,2025-02-04,3586.46,profit
773,5,129.0,28,645.0,3612.0,1,2025-02-01,3587.23,profit
772,38,28.0,57,1064.0,1596.0,1,2025-02-21,3586.94,profit
771,7,19.0,25,133.0,475.0,1,2025-01-07,3585.25,profit
770,13,135.0,47,1755.0,6345.0,1,2025-03-27,3586.96,profit
769,43,75.0,55,3225.0,4125.0,1,2025-06-06,3585.54,profit
768,14,114.0,15,1596.0,1710.0,1,2025-03-19,3586.17,profit
767,47,126.0,12,5922.0,1512.0,1,2025-10-16,3585.3,profit
766,35,150.0,54,5250.0,8100.0,1,2025-09-13,3585.1,profit
765,6,41.0,30,246.0,1230.0,1,2025-01-12,3586.74,profit
764,15,110.0,96,1650.0,10560.0,1,2025-03-22,3585.91,profit
763,1,41.0,13,41.0,533.0,1,2025-01-02,3586.65,profit
762,17,27.0,13,459.0,351.0,1,2025-01-23,3585.31,profit
761,47,87.0,98,4089.0,8526.0,1,2025-07-18,3584.87,profit
760,8,32.0,69,256.0,2208.0,1,2025-01-13,3585.48,profit
759,8,38.0,28,304.0,1064.0,1,2025-01-15,3586.25,profit
758,44,148.0,28,6512.0,4144.0,1,2025-11-13,3585.22,profit
757,22,94.0,53,2068.0,4982.0,1,2025-04-11,3585.54,profit
756,31,142.0,96,4402.0,13632.0,1,2025-08-03,3585.8,profit
755,33,72.0,32,2376.0,2304.0,1,2025-04-26,3586.54,profit
754,45,37.0,34,1665.0,1258.0,1,2025-03-23,3586.19,profit
753,40,83.0,71,3320.0,5893.0,1,2025-06-11,3585.31,profit
752,33,32.0,45,1056.0,1440.0,1,2025-02-21,3586.41,profit
751,8,90.0,10,720.0,900.0,1,2025-02-05,3587.12,profit
750,3,126.0,54,378.0,6804.0,1,2025-01-19,3585.21,profit
749,22,102.0,58,2244.0,5916.0,1,2025-04-20,3585.7,profit
748,34,146.0,21,4964.0,3066.0,1,2025-08-30,3585.25,profit
747,12,33.0,15,396.0,495.0,1,2025-01-20,3586.04,profit
746,48,107.0,70,5136.0,7490.0,1,2025-09-07,3585.39,profit
745,10,101.0,38,1010.0,3838.0,1,2025-02-19,3586.61,profit
744,13,122.0,16,1586.0,1952.0,1,2025-03-19,3586.72,profit
743,46,20.0,96,920.0,1920.0,1,2025-02-14,3586.68,profit
742,41,58.0,15,2378.0,870.0,1,2025-04-26,3584.88,profit
741,20,112.0,19,2240.0,2128.0,1,2025-04-20,3586.58,profit
740,34,107.0,10,3638.0,1070.0,1,2025-06-27,3586.43,profit
739,2,102.0,84,204.0,8568.0,1,2025-01-10,3586.7,profit
738,49,60.0,73,2940.0,4380.0,1,2025-05-24,3586.61,profit
737,25,145.0,58,3625.0,8410.0,1,2025-06-26,3586.52,profit
736,11,23.0,83,253.0,1909.0,1,2025-01-13,3585.08,profit
735,35,146.0,60,5110.0,8760.0,1,2025-09-06,3585.84,profit
734,37,145.0,79,5365.0,11455.0,1,2025-09-19,3584.96,profit
733,5,23.0,72,115.0,1656.0,1,2025-01-06,3585.07,profit
732,22,38.0,100,836.0,3800.0,1,2025-02-10,3586.65,profit
731,27,136.0,28,3672.0,3808.0,1,2025-06-28,3585.65,profit
730,22,64.0,15,1408.0,960.0,1,2025-03-10,3585.26,profit
729,16,73.0,12,1168.0,876.0,1,2025-02-26,3586.91,profit
728,16,101.0,12,1616.0,1212.0,1,2025-03-20,3586.76,profit
727,32,43.0,18,1376.0,774.0,1,2025-03-08,3584.71,profit
726,34,126.0,51,4284.0,6426.0,1,2025-07-28,3586.29,profit
725,27,102.0,21,2754.0,2142.0,1,2025-05-15,3586.7,profit
724,18,62.0,31,1116.0,1922.0,1,2025-02-24,3587.53,profit
723,12,70.0,47,840.0,3290.0,1,2025-02-10,3586.86,profit
722,10,76.0,19,760.0,1444.0,1,2025-02-06,3585.88,profit
721,19,135.0,84,2565.0,11340.0,1,2025-05-05,3585.87,profit
720,38,69.0,92,2622.0,6348.0,1,2025-05-08,3586.44,profit
719,20,100.0,93,2000.0,9300.0,1,2025-04-08,3586.74,profit
718,27,19.0,81,513.0,1539.0,1,2025-01-25,3585.81,profit
717,11,37.0,98,407.0,3626.0,1,2025-01-20,3586.28,profit
716,23,114.0,75,2622.0,8550.0,1,2025-05-08,3586.06,profit
715,21,113.0,67,2373.0,7571.0,1,2025-04-26,3586.03,profit
714,35,36.0,51,1260.0,1836.0,1,2025-03-03,3586.08,profit
713,10,118.0,26,1180.0,3068.0,1,2025-02-27,3586.53,profit
712,50,18.0,19,900.0,342.0,1,2025-02-13,3586.53,profit
711,16,115.0,83,1840.0,9545.0,1,2025-03-31,3585.45,profit
710,50,35.0,75,1750.0,2625.0,1,2025-03-27,3584.87,profit
709,26,22.0,17,572.0,374.0,1,2025-01-28,3586.66,profit
708,1,29.0,18,29.0,522.0,1,2025-01-02,3586.62,profit
707,50,87.0,32,4350.0,2784.0,1,2025-07-31,3584.99,profit
706,22,76.0,79,1672.0,6004.0,1,2025-03-23,3587.31,profit
705,45,29.0,78,1305.0,2262.0,1,2025-03-05,3586.25,profit
704,5,47.0,41,235.0,1927.0,1,2025-01-12,3585.78,profit
703,25,49.0,21,1225.0,1029.0,1,2025-03-01,3586.47,profit
702,32,91.0,46,2912.0,4186.0,1,2025-05-22,3585.49,profit
701,31,48.0,27,1488.0,1296.0,1,2025-03-14,3585.3,profit
700,2,51.0,36,102.0,1836.0,1,2025-01-05,3586.63,profit
699,1,49.0,61,49.0,2989.0,1,2025-01-03,3586.24,profit
698,48,41.0,28,1968.0,1148.0,1,2025-04-06,3585.9,profit
697,19,95.0,72,1805.0,6840.0,1,2025-03-29,3587.07,profit
696,22,56.0,64,1232.0,3584.0,1,2025-03-01,3586.26,profit
695,12,56.0,18,672.0,1008.0,1,2025-02-02,3585.15,profit
694,29,28.0,18,812.0,504.0,1,2025-02-09,3586.89,profit
693,10,32.0,35,320.0,1120.0,1,2025-01-16,3587.22,profit
692,11,67.0,30,737.0,2010.0,1,2025-02-05,3587.44,profit
691,5,58.0,44,290.0,2552.0,1,2025-01-15,3586.94,profit
690,19,57.0,88,1083.0,5016.0,1,2025-02-22,3587.11,profit
689,25,42.0,57,1050.0,2394.0,1,2025-02-21,3586.09,profit
688,46,61.0,35,2806.0,2135.0,1,2025-05-17,3586.68,profit
687,35,140.0,62,4900.0,8680.0,1,2025-08-27,3585.8,profit
686,43,71.0,14,3053.0,994.0,1,2025-05-29,3584.9,profit
685,26,99.0,84,2574.0,8316.0,1,2025-05-06,3586.68,profit
684,7,104.0,98,728.0,10192.0,1,2025-02-05,3586.32,profit
683,3,88.0,90,264.0,7920.0,1,2025-01-13,3586.1,profit
682,9,121.0,68,1089.0,8228.0,1,2025-02-22,3586.33,profit
681,25,101.0,83,2525.0,8383.0,1,2025-05-03,3586.07,profit
680,27,68.0,84,1836.0,5712.0,1,2025-03-31,3585.69,profit
679,31,22.0,10,682.0,220.0,1,2025-02-03,3586.55,profit
678,2,78.0,13,156.0,1014.0,1,2025-01-08,3584.88,profit
677,42,21.0,31,882.0,651.0,1,2025-02-12,3586.18,profit
676,19,30.0,59,570.0,1770.0,1,2025-01-28,3587.3,profit
675,11,132.0,43,1452.0,5676.0,1,2025-03-12,3587.18,profit
674,43,102.0,88,4386.0,8976.0,1,2025-08-02,3585.5,profit
673,43,146.0,99,6278.0,14454.0,1,2025-11-02,3585.31,profit
672,25,142.0,81,3550.0,11502.0,1,2025-06-22,3586.24,profit
671,8,115.0,66,920.0,7590.0,1,2025-02-14,3585.62,profit
670,33,132.0,68,4356.0,8976.0,1,2025-07-31,3585.51,profit
669,50,78.0,64,3900.0,4992.0,1,2025-07-09,3585.73,profit
668,31,23.0,47,713.0,1081.0,1,2025-02-04,3586.13,profit
667,39,57.0,14,2223.0,798.0,1,2025-04-19,3586.09,profit
666,38,83.0,42,3154.0,3486.0,1,2025-06-03,3586.37,profit
665,45,125.0,77,5625.0,9625.0,1,2025-10-01,3584.97,profit
664,41,147.0,43,6027.0,6321.0,1,2025-10-21,3585.8,profit
663,3,77.0,42,231.0,3234.0,1,2025-01-12,3586.98,profit
662,13,21.0,73,273.0,1533.0,1,2025-01-14,3586.93,profit
661,1,31.0,50,31.0,1550.0,1,2025-01-02,3586.85,profit
660,29,89.0,100,2581.0,8900.0,1,2025-05-06,3585.13,profit
659,3,78.0,47,234.0,3666.0,1,2025-01-12,3586.62,profit
658,5,31.0,93,155.0,2883.0,1,2025-01-08,3585.88,profit
657,17,18.0,93,306.0,1674.0,1,2025-01-15,3587.09,profit
656,14,93.0,46,1302.0,4278.0,1,2025-03-05,3587.44,profit
655,10,32.0,90,320.0,2880.0,1,2025-01-16,3585.73,profit
654,19,97.0,83,1843.0,8051.0,1,2025-03-31,3586.52,profit
653,27,98.0,97,2646.0,9506.0,1,2025-05-09,3586.08,profit
652,14,81.0,27,1134.0,2187.0,1,2025-02-25,3587.23,profit
651,4,116.0,75,464.0,8700.0,1,2025-01-23,3586.68,profit
650,13,41.0,82,533.0,3362.0,1,2025-01-26,3586.32,profit
649,26,22.0,13,572.0,286.0,1,2025-01-28,3586.45,profit
648,33,115.0,92,3795.0,10580.0,1,2025-07-04,3585.38,profit
647,29,94.0,17,2726.0,1598.0,1,2025-05-13,3584.89,profit
646,36,53.0,51,1908.0,2703.0,1,2025-04-03,3585.55,profit
645,4,57.0,81,228.0,4617.0,1,2025-01-12,3585.77,profit
644,30,104.0,67,3120.0,6968.0,1,2025-06-01,3585.91,profit
643,15,37.0,38,555.0,1406.0,1,2025-01-28,3587.44,profit
642,35,116.0,46,4060.0,5336.0,1,2025-07-17,3585.98,profit
641,43,78.0,85,3354.0,6630.0,1,2025-06-13,3586.4,profit
640,48,121.0,26,5808.0,3146.0,1,2025-10-10,3585.65,profit
639,7,66.0,72,462.0,4752.0,1,2025-01-23,3586.57,profit
638,22,49.0,18,1078.0,882.0,1,2025-02-22,3584.78,profit
637,18,146.0,38,2628.0,5548.0,1,2025-05-08,3586.68,profit
636,48,128.0,64,6144.0,8192.0,1,2025-10-27,3585.57,profit
635,43,91.0,12,3913.0,1092.0,1,2025-07-10,3586.04,profit
634,41,38.0,90,1558.0,3420.0,1,2025-03-17,3587.13,profit
633,48,64.0,21,3072.0,1344.0,1,2025-05-30,3586.16,profit
632,49,57.0,52,2793.0,2964.0,1,2025-05-16,3585.14,profit
631,28,64.0,69,1792.0,4416.0,1,2025-03-29,3586.05,profit
630,25,122.0,48,3050.0,5856.0,1,2025-05-29,3585.49,profit
629,33,98.0,65,3234.0,6370.0,1,2025-06-07,3586.34,profit
628,17,52.0,80,884.0,4160.0,1,2025-02-13,3587.14,profit
627,45,66.0,18,2970.0,1188.0,1,2025-05-25,3585.73,profit
626,8,145.0,27,1160.0,3915.0,1,2025-02-26,3587.42,profit
625,46,103.0,94,4738.0,9682.0,1,2025-08-19,3585.74,profit
624,14,78.0,40,1092.0,3120.0,1,2025-02-23,3585.49,profit
623,3,130.0,54,390.0,7020.0,1,2025-01-19,3586.52,profit
622,3,122.0,60,366.0,7320.0,1,2025-01-18,3585.8,profit
621,15,37.0,36,555.0,1332.0,1,2025-01-28,3585.47,profit
620,22,108.0,76,2376.0,8208.0,1,2025-04-26,3585.55,profit
619,47,116.0,10,5452.0,1160.0,1,2025-09-23,3585.42,profit
618,12,16.0,71,192.0,1136.0,1,2025-01-10,3586.84,profit
617,23,60.0,25,1380.0,1500.0,1,2025-03-09,3584.42,profit
616,10,98.0,44,980.0,4312.0,1,2025-02-17,3585.51,profit
615,0,77.0,74,0.0,5698.0,0,2025-01-01,3586.2,profit
614,18,61.0,33,1098.0,2013.0,1,2025-02-23,3585.61,profit
613,16,96.0,95,1536.0,9120.0,1,2025-03-16,3585.4,profit
612,33,92.0,36,3036.0,3312.0,1,2025-05-28,3586.22,profit
611,7,121.0,43,847.0,5203.0,1,2025-02-11,3586.0,profit
610,45,133.0,10,5985.0,1330.0,1,2025-10-19,3585.21,profit
609,28,37.0,86,1036.0,3182.0,1,2025-02-20,3587.04,profit
608,30,144.0,53,4320.0,7632.0,1,2025-07-30,3585.04,profit
607,41,71.0,43,2911.0,3053.0,1,2025-05-22,3586.21,profit
606,43,91.0,76,3913.0,6916.0,1,2025-07-10,3585.87,profit
605,49,100.0,20,4900.0,2000.0,1,2025-08-27,3585.47,profit
604,1,40.0,14,40.0,560.0,1,2025-01-02,3586.8,profit
603,21,127.0,42,2667.0,5334.0,1,2025-05-10,3585.24,profit
602,49,72.0,100,3528.0,7200.0,1,2025-06-21,3586.03,profit
601,44,41.0,74,1804.0,3034.0,1,2025-03-29,3585.75,profit
600,39,24.0,81,936.0,1944.0,1,2025-02-15,3586.69,profit
599,43,126.0,90,5418.0,11340.0,1,2025-09-21,3585.14,profit
598,35,62.0,36,2170.0,2232.0,1,2025-04-16,3586.25,profit
597,47,20.0,44,940.0,880.0,1,2025-02-15,3587.22,profit
596,44,74.0,77,3256.0,5698.0,1,2025-06-08,3585.69,profit
595,13,16.0,34,208.0,544.0,1,2025-01-11,3585.95,profit
594,21,21.0,90,441.0,1890.0,1,2025-01-22,3586.66,profit
593,39,70.0,49,2730.0,3430.0,1,2025-05-13,3585.64,profit
592,39,34.0,10,1326.0,340.0,1,2025-03-06,3586.32,profit
591,36,28.0,76,1008.0,2128.0,1,2025-02-19,3586.01,profit
590,29,71.0,82,2059.0,5822.0,1,2025-04-11,3584.87,profit
589,12,132.0,13,1584.0,1716.0,1,2025-03-19,3586.84,profit
588,0,38.0,89,0.0,3382.0,0,2025-01-01,3584.88,profit
587,10,24.0,94,240.0,2256.0,1,2025-01-12,3586.36,profit
586,40,27.0,30,1080.0,810.0,1,2025-02-22,3586.78,profit
585,44,77.0,79,3388.0,6083.0,1,2025-06-14,3586.45,profit
584,14,48.0,94,672.0,4512.0,1,2025-02-02,3586.12,profit
583,19,146.0,51,2774.0,7446.0,1,2025-05-16,3586.51,profit
582,47,98.0,39,4606.0,3822.0,1,2025-08-13,3585.23,profit
581,8,148.0,53,1184.0,7844.0,1,2025-02-27,3587.05,profit
580,3,122.0,47,366.0,5734.0,1,2025-01-18,3586.63,profit
579,19,128.0,17,2432.0,2176.0,1,2025-04-29,3585.51,profit
578,9,98.0,28,882.0,2744.0,1,2025-02-12,3585.73,profit
577,25,150.0,86,3750.0,12900.0,1,2025-07-02,3585.04,profit
576,11,127.0,93,1397.0,11811.0,1,2025-03-09,3586.52,profit
575,12,60.0,82,720.0,4920.0,1,2025-02-05,3587.21,profit
574,45,127.0,73,5715.0,9271.0,1,2025-10-06,3585.52,profit
573,37,29.0,95,1073.0,2755.0,1,2025-02-22,3587.11,profit
572,42,88.0,92,3696.0,8096.0,1,2025-06-29,3585.55,profit
571,19,90.0,84,1710.0,7560.0,1,2025-03-25,3585.49,profit
570,13,99.0,98,1287.0,9702.0,1,2025-03-04,3586.28,profit
569,33,82.0,33,2706.0,2706.0,1,2025-05-12,3586.51,profit
568,6,60.0,11,360.0,660.0,1,2025-01-18,3585.83,profit
567,29,19.0,32,551.0,608.0,1,2025-01-27,3586.55,profit
566,1,141.0,44,141.0,6204.0,1,2025-01-07,3586.14,profit
565,37,136.0,95,5032.0,12920.0,1,2025-09-02,3585.81,profit
564,44,110.0,95,4840.0,10450.0,1,2025-08-24,3585.93,profit
563,47,69.0,84,3243.0,5796.0,1,2025-06-07,3585.95,profit
562,17,100.0,98,1700.0,9800.0,1,2025-03-24,3586.8,profit
561,26,45.0,50,1170.0,2250.0,1,2025-02-26,3586.76,profit
560,3,84.0,36,252.0,3024.0,1,2025-01-13,3586.76,profit
559,9,21.0,72,189.0,1512.0,1,2025-01-10,3585.75,profit
558,26,53.0,86,1378.0,4558.0,1,2025-03-09,3585.73,profit
557,11,145.0,76,1595.0,11020.0,1,2025-03-19,3587.0,profit
556,20,15.0,65,300.0,975.0,1,2025-01-15,3586.83,profit
555,1,27.0,99,27.0,2673.0,1,2025-01-02,3586.82,profit
554,41,118.0,44,4838.0,5192.0,1,2025-08-24,3585.84,profit
553,32,62.0,45,1984.0,2790.0,1,2025-04-07,3587.19,profit
552,32,102.0,69,3264.0,7038.0,1,2025-06-08,3585.3,profit
551,4,82.0,90,328.0,7380.0,1,2025-01-16,3585.53,profit
550,39,137.0,67,5343.0,9179.0,1,2025-09-18,3585.84,profit
549,4,80.0,22,320.0,1760.0,1,2025-01-16,3586.3,profit
548,15,33.0,49,495.0,1617.0,1,2025-01-25,3586.15,profit
547,22,68.0,79,1496.0,5372.0,1,2025-03-14,3585.15,profit
546,48,139.0,10,6672.0,1390.0,1,2025-11-21,3585.2,profit
545,21,32.0,47,672.0,1504.0,1,2025-02-02,3585.52,profit
544,10,101.0,37,1010.0,3737.0,1,2025-02-19,3587.08,profit
543,11,137.0,89,1507.0,12193.0,1,2025-03-15,3586.57,profit
542,29,100.0,97,2900.0,9700.0,1,2025-05-22,3585.02,profit
541,25,73.0,29,1825.0,2117.0,1,2025-03-30,3586.58,profit
540,43,44.0,24,1892.0,1056.0,1,2025-04-03,3586.4,profit
539,50,130.0,75,6500.0,9750.0,1,2025-11-13,3585.2,profit
538,9,115.0,69,1035.0,7935.0,1,2025-02-20,3586.37,profit
537,21,112.0,26,2352.0,2912.0,1,2025-04-25,3586.29,profit
536,15,38.0,80,570.0,3040.0,1,2025-01-28,3586.0,profit
535,32,76.0,75,2432.0,5700.0,1,2025-04-29,3586.67,profit
534,17,118.0,62,2006.0,7316.0,1,2025-04-08,3587.02,profit
533,48,85.0,32,4080.0,2720.0,1,2025-07-18,3585.1,profit
532,3,84.0,13,252.0,1092.0,1,2025-01-13,3585.03,profit
531,23,31.0,82,713.0,2542.0,1,2025-02-04,3587.16,profit
530,5,142.0,93,710.0,13206.0,1,2025-02-04,3587.01,profit
529,23,26.0,99,598.0,2574.0,1,2025-01-30,3586.7,profit
528,21,125.0,15,2625.0,1875.0,1,2025-05-08,3585.73,profit
527,37,60.0,76,2220.0,4560.0,1,2025-04-19,3586.62,profit
526,37,97.0,47,3589.0,4559.0,1,2025-06-24,3584.87,profit
525,48,23.0,27,1104.0,621.0,1,2025-02-23,3586.77,profit
524,27,23.0,48,621.0,1104.0,1,2025-01-31,3586.23,profit
523,18,108.0,67,1944.0,7236.0,1,2025-04-05,3586.28,profit
522,19,107.0,64,2033.0,6848.0,1,2025-04-09,3586.03,profit
521,19,126.0,47,2394.0,5922.0,1,2025-04-27,3585.78,profit
520,36,139.0,13,5004.0,1807.0,1,2025-09-01,3585.11,profit
519,27,29.0,79,783.0,2291.0,1,2025-02-08,3586.87,profit
518,18,24.0,74,432.0,1776.0,1,2025-01-22,3584.63,profit
517,46,112.0,94,5152.0,10528.0,1,2025-09-08,3585.16,profit
516,8,21.0,89,168.0,1869.0,1,2025-01-09,3586.8,profit
515,31,89.0,49,2759.0,4361.0,1,2025-05-15,3586.3,profit
514,46,48.0,94,2208.0,4512.0,1,2025-04-18,3586.36,profit
513,17,68.0,11,1156.0,748.0,1,2025-02-26,3586.23,profit
512,28,29.0,34,812.0,986.0,1,2025-02-09,3587.24,profit
511,19,149.0,61,2831.0,9089.0,1,2025-05-18,3586.54,profit
510,12,22.0,72,264.0,1584.0,1,2025-01-13,3586.67,profit
509,25,122.0,34,3050.0,4148.0,1,2025-05-29,3586.18,profit
508,29,57.0,40,1653.0,2280.0,1,2025-03-22,3585.13,profit
507,31,99.0,41,3069.0,4059.0,1,2025-05-30,3584.78,profit
506,38,24.0,84,912.0,2016.0,1,2025-02-14,3585.65,profit
505,35,109.0,28,3815.0,3052.0,1,2025-07-05,3585.13,profit
504,11,28.0,95,308.0,2660.0,1,2025-01-15,3586.82,profit
503,44,55.0,38,2420.0,2090.0,1,2025-04-28,3586.62,profit
502,2,105.0,28,210.0,2940.0,1,2025-01-11,3587.05,profit
501,46,89.0,87,4094.0,7743.0,1,2025-07-19,3585.84,profit
500,7,62.0,84,434.0,5208.0,1,2025-01-22,3585.78,profit
499,22,21.0,62,462.0,1302.0,1,2025-01-23,3586.37,profit
498,2,116.0,79,232.0,9164.0,1,2025-01-12,3586.5,profit
497,49,51.0,91,2499.0,4641.0,1,2025-05-02,3587.22,profit
496,1,144.0,41,144.0,5904.0,1,2025-01-08,3585.96,profit
495,27,82.0,81,2214.0,6642.0,1,2025-04-18,3586.12,profit
494,36,144.0,51,5184.0,7344.0,1,2025-09-10,3584.82,profit
493,34,37.0,100,1258.0,3700.0,1,2025-03-03,3587.04,profit
492,38,80.0,86,3040.0,6880.0,1,2025-05-28,3585.51,profit
491,39,135.0,66,5265.0,8910.0,1,2025-09-14,3585.56,profit
490,18,77.0,36,1386.0,2772.0,1,2025-03-09,3585.94,profit
489,42,95.0,32,3990.0,3040.0,1,2025-07-14,3586.33,profit
488,41,104.0,50,4264.0,5200.0,1,2025-07-27,3585.73,profit
487,42,129.0,83,5418.0,10707.0,1,2025-09-21,3585.67,profit
486,4,146.0,36,584.0,5256.0,1,2025-01-29,3586.43,profit
485,36,123.0,78,4428.0,9594.0,1,2025-08-04,3585.85,profit
484,25,129.0,98,3225.0,12642.0,1,2025-06-06,3586.53,profit
483,19,139.0,16,2641.0,2224.0,1,2025-05-09,3586.62,profit
482,25,104.0,87,2600.0,9048.0,1,2025-05-07,3586.69,profit
481,7,59.0,68,413.0,4012.0,1,2025-01-21,3586.84,profit
480,47,130.0,98,6110.0,12740.0,1,2025-10-25,3584.93,profit
479,44,131.0,43,5764.0,5633.0,1,2025-10-08,3585.31,profit
478,28,133.0,30,3724.0,3990.0,1,2025-07-01,3585.74,profit
477,37,124.0,12,4588.0,1488.0,1,2025-08-12,3584.85,profit
476,40,75.0,100,3000.0,7500.0,1,2025-05-26,3586.82,profit
475,41,150.0,29,6150.0,4350.0,1,2025-10-27,3585.52,profit
474,27,15.0,75,405.0,1125.0,1,2025-01-20,3587.07,profit
473,24,83.0,96,1992.0,7968.0,1,2025-04-07,3585.53,profit
472,46,48.0,37,2208.0,1776.0,1,2025-04-18,3586.94,profit
471,47,141.0,85,6627.0,11985.0,1,2025-11-19,3585.69,profit
470,43,52.0,93,2236.0,4836.0,1,2025-04-19,3586.3,profit
469,48,147.0,36,7056.0,5292.0,1,2025-12-10,3585.4,profit
468,14,60.0,31,840.0,1860.0,1,2025-02-10,3585.71,profit
467,10,46.0,67,460.0,3082.0,1,2025-01-23,3586.11,profit
466,6,100.0,68,600.0,6800.0,1,2025-01-30,3584.7,profit
465,12,83.0,70,996.0,5810.0,1,2025-02-18,3585.11,profit
464,29,126.0,29,3654.0,3654.0,1,2025-06-27,3585.77,profit
463,8,143.0,29,1144.0,4147.0,1,2025-02-25,3587.12,profit
462,47,106.0,20,4982.0,2120.0,1,2025-08-31,3585.21,profit
461,0,140.0,69,0.0,9660.0,0,2025-01-01,3586.2,profit
460,42,126.0,75,5292.0,9450.0,1,2025-09-15,3584.88,profit
459,10,66.0,84,660.0,5544.0,1,2025-02-02,3585.44,profit
458,49,38.0,43,1862.0,1634.0,1,2025-04-01,3586.25,profit
457,20,147.0,38,2940.0,5586.0,1,2025-05-24,3586.45,profit
456,8,59.0,91,472.0,5369.0,1,2025-01-23,3586.03,profit
455,15,129.0,83,1935.0,10707.0,1,2025-04-05,3586.85,profit
454,41,83.0,62,3403.0,5146.0,1,2025-06-15,3585.61,profit
453,43,125.0,75,5375.0,9375.0,1,2025-09-19,3585.54,profit
452,6,40.0,87,240.0,3480.0,1,2025-01-12,3585.94,profit
451,20,23.0,15,460.0,345.0,1,2025-01-23,3586.66,profit
450,5,114.0,37,570.0,4218.0,1,2025-01-28,3587.44,profit
449,17,145.0,99,2465.0,14355.0,1,2025-04-30,3586.26,profit
448,23,24.0,34,552.0,816.0,1,2025-01-27,3587.09,profit
447,29,32.0,87,928.0,2784.0,1,2025-02-15,3586.48,profit
446,15,119.0,60,1785.0,7140.0,1,2025-03-28,3584.43,profit
445,36,121.0,87,4356.0,10527.0,1,2025-07-31,3585.18,profit
444,13,124.0,85,1612.0,10540.0,1,2025-03-20,3586.12,profit
443,33,34.0,77,1122.0,2618.0,1,2025-02-24,3586.8,profit
442,47,50.0,56,2350.0,2800.0,1,2025-04-25,3586.11,profit
441,18,77.0,14,1386.0,1078.0,1,2025-03-09,3585.91,profit
440,39,98.0,19,3822.0,1862.0,1,2025-07-06,3586.45,profit
439,2,79.0,84,158.0,6636.0,1,2025-01-08,3586.79,profit
438,12,125.0,44,1500.0,5500.0,1,2025-03-14,3587.06,profit
437,49,105.0,50,5145.0,5250.0,1,2025-09-08,3586.13,profit
436,28,37.0,88,1036.0,3256.0,1,2025-02-20,3585.95,profit
435,18,103.0,20,1854.0,2060.0,1,2025-04-01,3586.4,profit
434,26,67.0,19,1742.0,1273.0,1,2025-03-26,3585.86,profit
433,11,141.0,73,1551.0,10293.0,1,2025-03-17,3586.16,profit
432,15,54.0,10,810.0,540.0,1,2025-02-09,3585.88,profit
431,30,65.0,13,1950.0,845.0,1,2025-04-05,3585.47,profit
430,14,141.0,33,1974.0,4653.0,1,2025-04-07,3586.01,profit
429,44,124.0,50,5456.0,6200.0,1,2025-09-23,3585.32,profit
428,35,24.0,37,840.0,888.0,1,2025-02-10,3586.11,profit
427,1,114.0,70,114.0,7980.0,1,2025-01-06,3585.52,profit
426,32,150.0,76,4800.0,11400.0,1,2025-08-22,3585.53,profit
425,26,127.0,62,3302.0,7874.0,1,2025-06-10,3585.74,profit
424,14,84.0,46,1176.0,3864.0,1,2025-02-27,3586.07,profit
423,11,150.0,94,1650.0,14100.0,1,2025-03-22,3587.4,profit
422,9,61.0,19,549.0,1159.0,1,2025-01-27,3585.68,profit
421,3,59.0,97,177.0,5723.0,1,2025-01-09,3586.44,profit
420,27,25.0,51,675.0,1275.0,1,2025-02-02,3586.67,profit
419,8,32.0,37,256.0,1184.0,1,2025-01-13,3586.88,profit
418,48,84.0,47,4032.0,3948.0,1,2025-07-16,3585.94,profit
417,18,89.0,96,1602.0,8544.0,1,2025-03-19,3585.47,profit
416,27,109.0,17,2943.0,1853.0,1,2025-05-24,3585.86,profit
415,40,91.0,40,3640.0,3640.0,1,2025-06-27,3585.67,profit
414,32,103.0,46,3296.0,4738.0,1,2025-06-10,3584.92,profit
413,26,114.0,48,2964.0,5472.0,1,2025-05-25,3586.57,profit
412,40,45.0,88,1800.0,3960.0,1,2025-03-29,3586.21,profit
411,36,92.0,89,3312.0,8188.0,1,2025-06-11,3585.58,profit
410,15,90.0,38,1350.0,3420.0,1,2025-03-07,3586.52,profit
409,31,92.0,62,2852.0,5704.0,1,2025-05-19,3586.12,profit
408,37,27.0,86,999.0,2322.0,1,2025-02-18,3586.05,profit
407,30,17.0,36,510.0,612.0,1,2025-01-25,3586.98,profit
406,39,129.0,80,5031.0,10320.0,1,2025-09-02,3585.88,profit
405,33,71.0,71,2343.0,5041.0,1,2025-04-25,3586.02,profit
404,35,147.0,54,5145.0,7938.0,1,2025-09-08,3585.31,profit
403,27,16.0,47,432.0,752.0,1,2025-01-22,3586.97,profit
402,5,65.0,13,325.0,845.0,1,2025-01-16,3586.84,profit
401,24,41.0,17,984.0,697.0,1,2025-02-17,3586.93,profit
400,8,44.0,20,352.0,880.0,1,2025-01-18,3585.97,profit
399,32,68.0,91,2176.0,6188.0,1,2025-04-16,3587.19,profit
398,30,20.0,17,600.0,340.0,1,2025-01-30,3586.52,profit
397,45,34.0,100,1530.0,3400.0,1,2025-03-16,3587.35,profit
396,24,147.0,60,3528.0,8820.0,1,2025-06-21,3585.64,profit
395,37,132.0,48,4884.0,6336.0,1,2025-08-26,3585.44,profit
394,22,134.0,29,2948.0,3886.0,1,2025-05-24,3585.01,profit
393,19,86.0,42,1634.0,3612.0,1,2025-03-21,3585.81,profit
392,12,47.0,72,564.0,3384.0,1,2025-01-28,3586.78,profit
391,17,18.0,13,306.0,234.0,1,2025-01-15,3585.88,profit
390,9,25.0,26,225.0,650.0,1,2025-01-11,3585.4,profit
389,30,47.0,84,1410.0,3948.0,1,2025-03-10,3585.85,profit
388,44,122.0,74,5368.0,9028.0,1,2025-09-19,3585.21,profit
387,37,64.0,32,2368.0,2048.0,1,2025-04-26,3586.63,profit
386,41,129.0,95,5289.0,12255.0,1,2025-09-15,3585.22,profit
385,19,90.0,64,1710.0,5760.0,1,2025-03-25,3585.42,profit
384,30,71.0,64,2130.0,4544.0,1,2025-04-14,3586.93,profit
383,3,95.0,81,285.0,7695.0,1,2025-01-14,3587.26,profit
382,21,113.0,87,2373.0,9831.0,1,2025-04-26,3585.14,profit
381,30,118.0,20,3540.0,2360.0,1,2025-06-22,3586.22,profit
380,15,103.0,48,1545.0,4944.0,1,2025-03-17,3587.1,profit
379,3,82.0,54,246.0,4428.0,1,2025-01-12,3586.67,profit
378,11,111.0,16,1221.0,1776.0,1,2025-03-01,3587.19,profit
377,28,17.0,38,476.0,646.0,1,2025-01-24,3585.98,profit
376,2,23.0,86,46.0,1978.0,1,2025-01-03,3586.25,profit
374,48,95.0,87,4560.0,8265.0,1,2025-08-10,3586.22,profit
373,15,80.0,91,1200.0,7280.0,1,2025-02-28,3586.62,profit
372,40,47.0,50,1880.0,2350.0,1,2025-04-02,3585.36,profit
371,4,39.0,49,156.0,1911.0,1,2025-01-08,3584.91,profit
370,15,95.0,29,1425.0,2755.0,1,2025-03-11,3585.95,profit
369,37,43.0,93,1591.0,3999.0,1,2025-03-19,3586.46,profit
368,5,55.0,65,275.0,3575.0,1,2025-01-14,3585.49,profit
367,14,47.0,95,658.0,4465.0,1,2025-02-02,3586.44,profit
366,43,37.0,91,1591.0,3367.0,1,2025-03-19,3586.29,profit
365,14,130.0,60,1820.0,7800.0,1,2025-03-30,3584.88,profit
364,5,132.0,63,660.0,8316.0,1,2025-02-02,3586.3,profit
363,13,51.0,44,663.0,2244.0,1,2025-02-02,3587.06,profit
362,46,20.0,96,920.0,1920.0,1,2025-02-14,3586.17,profit
361,28,148.0,99,4144.0,14652.0,1,2025-07-21,3585.71,profit
360,24,24.0,82,576.0,1968.0,1,2025-01-29,3586.22,profit
359,35,35.0,98,1225.0,3430.0,1,2025-03-01,3587.02,profit
358,35,29.0,97,1015.0,2813.0,1,2025-02-19,3585.35,profit
357,48,17.0,55,816.0,935.0,1,2025-02-09,3584.75,profit
356,45,129.0,54,5805.0,6966.0,1,2025-10-10,3585.58,profit
355,7,127.0,23,889.0,2921.0,1,2025-02-13,3585.51,profit
354,5,48.0,58,240.0,2784.0,1,2025-01-12,3586.19,profit
353,44,40.0,77,1760.0,3080.0,1,2025-03-27,3585.84,profit
352,28,95.0,46,2660.0,4370.0,1,2025-05-10,3586.09,profit
351,3,148.0,91,444.0,13468.0,1,2025-01-22,3586.69,profit
350,46,148.0,26,6808.0,3848.0,1,2025-11-28,3585.12,profit
349,35,82.0,52,2870.0,4264.0,1,2025-05-20,3586.52,profit
348,44,114.0,50,5016.0,5700.0,1,2025-09-02,3585.58,profit
347,35,83.0,59,2905.0,4897.0,1,2025-05-22,3586.63,profit
346,38,26.0,27,988.0,702.0,1,2025-02-18,3586.46,profit
345,33,124.0,79,4092.0,9796.0,1,2025-07-19,3586.58,profit
344,29,82.0,86,2378.0,7052.0,1,2025-04-26,3585.48,profit
343,31,57.0,18,1767.0,1026.0,1,2025-03-27,3586.66,profit
342,28,40.0,15,1120.0,600.0,1,2025-02-24,3586.33,profit
341,37,90.0,15,3330.0,1350.0,1,2025-06-12,3585.87,profit
340,5,111.0,82,555.0,9102.0,1,2025-01-28,3587.07,profit
339,15,127.0,26,1905.0,3302.0,1,2025-04-03,3586.42,profit
338,22,120.0,85,2640.0,10200.0,1,2025-05-09,3585.42,profit
337,30,46.0,66,1380.0,3036.0,1,2025-03-09,3586.14,profit
336,23,39.0,63,897.0,2457.0,1,2025-02-13,3587.01,profit
335,26,149.0,76,3874.0,11324.0,1,2025-07-08,3586.17,profit
334,36,141.0,16,5076.0,2256.0,1,2025-09-05,3585.34,profit
333,37,48.0,48,1776.0,2304.0,1,2025-03-28,3585.15,profit
332,36,127.0,62,4572.0,7874.0,1,2025-08-11,3585.6,profit
331,46,34.0,85,1564.0,2890.0,1,2025-03-18,3585.81,profit
330,7,135.0,73,945.0,9855.0,1,2025-02-15,3587.05,profit
329,50,119.0,47,5950.0,5593.0,1,2025-10-17,3585.31,profit
328,39,110.0,41,4290.0,4510.0,1,2025-07-28,3585.56,profit
327,38,42.0,41,1596.0,1722.0,1,2025-03-19,3586.48,profit
326,47,47.0,98,2209.0,4606.0,1,2025-04-18,3585.81,profit
325,25,79.0,11,1975.0,869.0,1,2025-04-07,3585.83,profit
324,41,62.0,52,2542.0,3224.0,1,2025-05-04,3586.33,profit
323,14,132.0,15,1848.0,1980.0,1,2025-03-31,3586.74,profit
322,41,114.0,21,4674.0,2394.0,1,2025-08-16,3585.54,profit
321,0,44.0,44,0.0,1936.0,0,2025-01-01,3585.73,profit
320,43,38.0,92,1634.0,3496.0,1,2025-03-21,3586.27,profit
319,24,127.0,75,3048.0,9525.0,1,2025-05-29,3585.25,profit
318,31,33.0,35,1023.0,1155.0,1,2025-02-19,3586.43,profit
317,17,51.0,49,867.0,2499.0,1,2025-02-12,3585.18,profit
316,40,133.0,65,5320.0,8645.0,1,2025-09-16,3585.11,profit
315,10,67.0,39,670.0,2613.0,1,2025-02-02,3587.04,profit
314,44,23.0,58,1012.0,1334.0,1,2025-02-19,3587.41,profit
313,23,110.0,46,2530.0,5060.0,1,2025-05-04,3585.45,profit
312,23,71.0,62,1633.0,4402.0,1,2025-03-21,3586.65,profit
311,19,53.0,57,1007.0,3021.0,1,2025-02-19,3586.56,profit
310,30,139.0,10,4170.0,1390.0,1,2025-07-22,3586.42,profit
309,1,94.0,68,94.0,6392.0,1,2025-01-05,3586.3,profit
308,34,19.0,31,646.0,589.0,1,2025-02-01,3587.11,profit
307,4,55.0,64,220.0,3520.0,1,2025-01-11,3585.89,profit
306,38,113.0,95,4294.0,10735.0,1,2025-07-28,3584.75,profit
305,3,116.0,89,348.0,10324.0,1,2025-01-17,3586.38,profit
304,33,145.0,11,4785.0,1595.0,1,2025-08-21,3586.24,profit
303,13,78.0,81,1014.0,6318.0,1,2025-02-19,3587.0,profit
302,7,107.0,30,749.0,3210.0,1,2025-02-06,3586.81,profit
301,40,136.0,61,5440.0,8296.0,1,2025-09-22,3584.62,profit
300,50,81.0,36,4050.0,2916.0,1,2025-07-17,3586.21,profit
299,41,148.0,52,6068.0,7696.0,1,2025-10-23,3585.35,profit
298,28,36.0,79,1008.0,2844.0,1,2025-02-19,3587.52,profit
297,29,62.0,48,1798.0,2976.0,1,2025-03-29,3585.88,profit
296,37,16.0,63,592.0,1008.0,1,2025-01-29,3585.94,profit
295,33,99.0,51,3267.0,5049.0,1,2025-06-08,3585.45,profit
294,5,48.0,18,240.0,864.0,1,2025-01-12,3586.83,profit
293,35,148.0,95,5180.0,14060.0,1,2025-09-10,3586.28,profit
292,24,89.0,43,2136.0,3827.0,1,2025-04-14,3586.8,profit
291,15,116.0,34,1740.0,3944.0,1,2025-03-26,3584.71,profit
290,13,24.0,47,312.0,1128.0,1,2025-01-16,3585.48,profit
289,22,82.0,78,1804.0,6396.0,1,2025-03-29,3586.82,profit
288,8,141.0,29,1128.0,4089.0,1,2025-02-24,3585.16,profit
287,30,87.0,15,2610.0,1305.0,1,2025-05-08,3586.78,profit
286,43,30.0,52,1290.0,1560.0,1,2025-03-04,3586.66,profit
285,47,33.0,19,1551.0,627.0,1,2025-03-17,3586.73,profit
284,13,113.0,53,1469.0,5989.0,1,2025-03-13,3587.1,profit
283,38,141.0,24,5358.0,3384.0,1,2025-09-18,3585.91,profit
282,14,98.0,54,1372.0,5292.0,1,2025-03-08,3586.48,profit
281,9,43.0,99,387.0,4257.0,1,2025-01-19,3586.59,profit
280,4,118.0,63,472.0,7434.0,1,2025-01-23,3586.61,profit
279,46,141.0,97,6486.0,13677.0,1,2025-11-12,3585.28,profit
278,18,48.0,61,864.0,2928.0,1,2025-02-12,3587.44,profit
277,22,112.0,30,2464.0,3360.0,1,2025-04-30,3586.04,profit
276,20,65.0,73,1300.0,4745.0,1,2025-03-05,3586.66,profit
275,47,121.0,51,5687.0,6171.0,1,2025-10-04,3585.58,profit
274,35,130.0,26,4550.0,3380.0,1,2025-08-10,3585.91,profit
273,1,62.0,67,62.0,4154.0,1,2025-01-04,3586.43,profit
272,49,76.0,54,3724.0,4104.0,1,2025-07-01,3585.31,profit
271,13,127.0,10,1651.0,1270.0,1,2025-03-22,3585.06,profit
270,14,94.0,16,1316.0,1504.0,1,2025-03-06,3587.04,profit
269,44,130.0,38,5720.0,4940.0,1,2025-10-06,3585.19,profit
268,23,22.0,19,506.0,418.0,1,2025-01-25,3585.1,profit
267,38,72.0,31,2736.0,2232.0,1,2025-05-14,3586.25,profit
266,24,22.0,93,528.0,2046.0,1,2025-01-26,3586.51,profit
265,30,44.0,85,1320.0,3740.0,1,2025-03-06,3587.18,profit
264,33,50.0,77,1650.0,3850.0,1,2025-03-22,3584.37,profit
263,24,111.0,83,2664.0,9213.0,1,2025-05-10,3584.82,profit
262,45,131.0,83,5895.0,10873.0,1,2025-10-14,3585.41,profit
261,37,44.0,63,1628.0,2772.0,1,2025-03-21,3585.97,profit
260,7,64.0,45,448.0,2880.0,1,2025-01-22,3585.84,profit
259,39,53.0,13,2067.0,689.0,1,2025-04-11,3587.01,profit
258,6,133.0,89,798.0,11837.0,1,2025-02-08,3585.83,profit
257,44,39.0,97,1716.0,3783.0,1,2025-03-25,3586.33,profit
256,12,139.0,35,1668.0,4865.0,1,2025-03-23,3586.14,profit
255,50,59.0,75,2950.0,4425.0,1,2025-05-24,3586.38,profit
254,9,24.0,72,216.0,1728.0,1,2025-01-11,3586.68,profit
253,17,114.0,41,1938.0,4674.0,1,2025-04-05,3584.8,profit
252,26,125.0,54,3250.0,6750.0,1,2025-06-08,3585.5,profit
251,35,150.0,32,5250.0,4800.0,1,2025-09-13,3584.77,profit
250,1,104.0,42,104.0,4368.0,1,2025-01-06,3586.35,profit
249,18,42.0,61,756.0,2562.0,1,2025-02-06,3586.36,profit
248,27,60.0,46,1620.0,2760.0,1,2025-03-20,3585.8,profit
247,39,16.0,15,624.0,240.0,1,2025-01-31,3586.15,profit
246,29,18.0,64,522.0,1152.0,1,2025-01-26,3587.2,profit
245,24,100.0,47,2400.0,4700.0,1,2025-04-27,3586.32,profit
244,16,131.0,36,2096.0,4716.0,1,2025-04-13,3586.27,profit
243,16,101.0,97,1616.0,9797.0,1,2025-03-20,3585.28,profit
242,7,130.0,75,910.0,9750.0,1,2025-02-14,3586.58,profit
241,36,19.0,79,684.0,1501.0,1,2025-02-03,3587.33,profit
240,39,62.0,58,2418.0,3596.0,1,2025-04-28,3586.17,profit
239,38,119.0,53,4522.0,6307.0,1,2025-08-09,3585.31,profit
238,9,48.0,47,432.0,2256.0,1,2025-01-22,3586.03,profit
237,21,108.0,17,2268.0,1836.0,1,2025-04-21,3585.99,profit
236,47,23.0,30,1081.0,690.0,1,2025-02-22,3585.06,profit
235,41,48.0,27,1968.0,1296.0,1,2025-04-06,3586.33,profit
234,43,70.0,21,3010.0,1470.0,1,2025-05-27,3585.7,profit
233,8,32.0,93,256.0,2976.0,1,2025-01-13,3586.46,profit
232,35,82.0,54,2870.0,4428.0,1,2025-05-20,3586.05,profit
231,31,55.0,91,1705.0,5005.0,1,2025-03-24,3585.08,profit
230,10,132.0,46,1320.0,6072.0,1,2025-03-06,3586.85,profit
229,27,75.0,83,2025.0,6225.0,1,2025-04-09,3585.72,profit
228,24,63.0,26,1512.0,1638.0,1,2025-03-15,3585.24,profit
227,17,55.0,41,935.0,2255.0,1,2025-02-15,3586.48,profit
226,49,68.0,75,3332.0,5100.0,1,2025-06-12,3586.0,profit
225,36,18.0,15,648.0,270.0,1,2025-02-01,3587.07,profit
224,31,66.0,93,2046.0,6138.0,1,2025-04-10,3586.58,profit
223,5,100.0,99,500.0,9900.0,1,2025-01-25,3586.5,profit
222,18,31.0,46,558.0,1426.0,1,2025-01-28,3584.47,profit
221,7,51.0,59,357.0,3009.0,1,2025-01-18,3586.52,profit
220,3,122.0,71,366.0,8662.0,1,2025-01-18,3585.63,profit
219,29,108.0,63,3132.0,6804.0,1,2025-06-02,3585.85,profit
218,7,40.0,53,280.0,2120.0,1,2025-01-14,3586.8,profit
217,1,134.0,91,134.0,12194.0,1,2025-01-07,3586.61,profit
216,6,150.0,53,900.0,7950.0,1,2025-02-13,3587.68,profit
215,7,125.0,36,875.0,4500.0,1,2025-02-12,3586.59,profit
214,17,111.0,78,1887.0,8658.0,1,2025-04-02,3584.44,profit
213,19,120.0,35,2280.0,4200.0,1,2025-04-21,3586.34,profit
212,3,140.0,86,420.0,12040.0,1,2025-01-21,3586.91,profit
211,46,47.0,39,2162.0,1833.0,1,2025-04-16,3586.22,profit
210,14,38.0,56,532.0,2128.0,1,2025-01-26,3585.87,profit
209,6,32.0,17,192.0,544.0,1,2025-01-10,3586.62,profit
208,24,138.0,85,3312.0,11730.0,1,2025-06-11,3586.18,profit
207,3,141.0,63,423.0,8883.0,1,2025-01-21,3587.34,profit
206,47,78.0,76,3666.0,5928.0,1,2025-06-28,3585.66,profit
205,48,20.0,12,960.0,240.0,1,2025-02-16,3586.98,profit
204,41,64.0,76,2624.0,4864.0,1,2025-05-08,3586.18,profit
203,44,140.0,50,6160.0,7000.0,1,2025-10-27,3585.38,profit
202,27,112.0,55,3024.0,6160.0,1,2025-05-28,3586.76,profit
201,28,75.0,46,2100.0,3450.0,1,2025-04-13,3585.93,profit
200,36,99.0,28,3564.0,2772.0,1,2025-06-23,3585.52,profit
199,27,126.0,61,3402.0,7686.0,1,2025-06-15,3585.8,profit
198,38,62.0,33,2356.0,2046.0,1,2025-04-25,3585.36,profit
197,46,58.0,89,2668.0,5162.0,1,2025-05-10,3585.2,profit
196,46,135.0,26,6210.0,3510.0,1,2025-10-30,3584.8,profit
195,29,30.0,72,870.0,2160.0,1,2025-02-12,3586.52,profit
194,20,149.0,98,2980.0,14602.0,1,2025-05-26,3585.57,profit
193,25,100.0,18,2500.0,1800.0,1,2025-05-02,3586.05,profit
192,10,76.0,79,760.0,6004.0,1,2025-02-06,3585.95,profit
191,13,111.0,69,1443.0,7659.0,1,2025-03-12,3585.71,profit
190,18,116.0,96,2088.0,11136.0,1,2025-04-12,3585.78,profit
189,11,146.0,84,1606.0,12264.0,1,2025-03-20,3585.81,profit
188,45,32.0,44,1440.0,1408.0,1,2025-03-12,3587.12,profit
187,11,29.0,35,319.0,1015.0,1,2025-01-16,3585.81,profit
186,26,54.0,11,1404.0,594.0,1,2025-03-10,3586.89,profit
185,49,59.0,98,2891.0,5782.0,1,2025-05-21,3586.09,profit
184,43,75.0,40,3225.0,3000.0,1,2025-06-06,3586.25,profit
183,42,61.0,73,2562.0,4453.0,1,2025-05-05,3586.92,profit
182,47,147.0,49,6909.0,7203.0,1,2025-12-03,3585.1,profit
180,28,110.0,72,3080.0,7920.0,1,2025-05-30,3585.38,profit
179,40,136.0,31,5440.0,4216.0,1,2025-09-22,3584.82,profit
178,20,106.0,34,2120.0,3604.0,1,2025-04-14,3586.1,profit
177,22,95.0,29,2090.0,2755.0,1,2025-04-12,3585.83,profit
176,4,113.0,59,452.0,6667.0,1,2025-01-22,3586.47,profit
175,12,127.0,77,1524.0,9779.0,1,2025-03-16,3587.42,profit
173,44,64.0,40,2816.0,2560.0,1,2025-05-18,3585.81,profit
172,36,56.0,12,2016.0,672.0,1,2025-04-09,3585.45,profit
171,21,62.0,67,1302.0,4154.0,1,2025-03-05,3587.13,profit
170,13,97.0,26,1261.0,2522.0,1,2025-03-03,3586.25,profit
169,30,102.0,79,3060.0,8058.0,1,2025-05-29,3585.47,profit
168,30,66.0,10,1980.0,660.0,1,2025-04-07,3586.37,profit
167,5,133.0,21,665.0,2793.0,1,2025-02-02,3586.36,profit
166,39,124.0,97,4836.0,12028.0,1,2025-08-24,3585.54,profit
165,34,127.0,43,4318.0,5461.0,1,2025-07-30,3585.62,profit
164,24,111.0,16,2664.0,1776.0,1,2025-05-10,3585.74,profit
163,41,60.0,73,2460.0,4380.0,1,2025-04-30,3586.52,profit
162,46,63.0,37,2898.0,2331.0,1,2025-05-22,3586.32,profit
161,36,55.0,23,1980.0,1265.0,1,2025-04-07,3585.27,profit
160,46,124.0,30,5704.0,3720.0,1,2025-10-05,3585.06,profit
159,25,16.0,21,400.0,336.0,1,2025-01-20,3584.87,profit
158,1,27.0,10,27.0,270.0,1,2025-01-02,3586.58,profit
157,30,22.0,50,660.0,1100.0,1,2025-02-02,3585.02,profit
156,48,32.0,51,1536.0,1632.0,1,2025-03-16,3585.3,profit
155,8,48.0,42,384.0,2016.0,1,2025-01-19,3586.94,profit
154,45,45.0,64,2025.0,2880.0,1,2025-04-09,3585.85,profit
153,31,91.0,44,2821.0,4004.0,1,2025-05-18,3586.61,profit
152,44,112.0,94,4928.0,10528.0,1,2025-08-28,3584.62,profit
151,25,57.0,83,1425.0,4731.0,1,2025-03-11,3586.96,profit
150,19,40.0,74,760.0,2960.0,1,2025-02-06,3586.99,profit
149,28,75.0,31,2100.0,2325.0,1,2025-04-13,3585.3,profit
148,50,100.0,36,5000.0,3600.0,1,2025-09-01,3585.36,profit
147,10,136.0,37,1360.0,5032.0,1,2025-03-08,3587.57,profit
146,19,73.0,48,1387.0,3504.0,1,2025-03-09,3585.22,profit
145,40,27.0,70,1080.0,1890.0,1,2025-02-22,3586.08,profit
144,21,116.0,36,2436.0,4176.0,1,2025-04-29,3584.94,profit
143,23,133.0,84,3059.0,11172.0,1,2025-05-29,3585.52,profit
142,48,21.0,39,1008.0,819.0,1,2025-02-19,3587.1,profit
141,31,142.0,39,4402.0,5538.0,1,2025-08-03,3585.99,profit
140,45,20.0,66,900.0,1320.0,1,2025-02-13,3586.85,profit
139,24,34.0,48,816.0,1632.0,1,2025-02-09,3587.24,profit
138,47,81.0,11,3807.0,891.0,1,2025-07-05,3585.68,profit
137,39,142.0,24,5538.0,3408.0,1,2025-09-27,3585.33,profit
136,27,34.0,37,918.0,1258.0,1,2025-02-14,3587.63,profit
135,8,129.0,77,1032.0,9933.0,1,2025-02-20,3586.65,profit
134,22,30.0,73,660.0,2190.0,1,2025-02-02,3586.66,profit
133,40,74.0,63,2960.0,4662.0,1,2025-05-25,3585.97,profit
132,15,55.0,38,825.0,2090.0,1,2025-02-10,3587.35,profit
131,8,114.0,59,912.0,6726.0,1,2025-02-14,3586.23,profit
130,43,140.0,54,6020.0,7560.0,1,2025-10-20,3585.77,profit
129,18,67.0,34,1206.0,2278.0,1,2025-02-28,3585.72,profit
128,1,117.0,99,117.0,11583.0,1,2025-01-06,3584.81,profit
127,36,141.0,47,5076.0,6627.0,1,2025-09-05,3585.45,profit
126,26,90.0,38,2340.0,3420.0,1,2025-04-24,3585.71,profit
125,26,79.0,60,2054.0,4740.0,1,2025-04-10,3587.02,profit
124,36,134.0,19,4824.0,2546.0,1,2025-08-23,3585.08,profit
123,15,34.0,99,510.0,3366.0,1,2025-01-25,3587.13,profit
122,27,134.0,96,3618.0,12864.0,1,2025-06-26,3585.24,profit
121,18,29.0,79,522.0,2291.0,1,2025-01-26,3587.22,profit
120,6,63.0,53,378.0,3339.0,1,2025-01-19,3586.17,profit
119,44,93.0,33,4092.0,3069.0,1,2025-07-19,3586.16,profit
118,41,134.0,54,5494.0,7236.0,1,2025-09-25,3586.02,profit
117,6,39.0,40,234.0,1560.0,1,2025-01-12,3586.11,profit
116,12,60.0,50,720.0,3000.0,1,2025-02-05,3585.0,profit
115,49,17.0,73,833.0,1241.0,1,2025-02-10,3586.04,profit
114,25,36.0,82,900.0,2952.0,1,2025-02-13,3586.99,profit
112,22,84.0,10,1848.0,840.0,1,2025-03-31,3585.93,profit
111,7,45.0,93,315.0,4185.0,1,2025-01-16,3586.18,profit
110,5,120.0,58,600.0,6960.0,1,2025-01-30,3586.75,profit
109,29,83.0,69,2407.0,5727.0,1,2025-04-28,3587.0,profit
108,3,98.0,22,294.0,2156.0,1,2025-01-15,3584.51,profit
107,8,140.0,21,1120.0,2940.0,1,2025-02-24,3586.26,profit
106,40,44.0,39,1760.0,1716.0,1,2025-03-27,3586.86,profit
105,43,134.0,15,5762.0,2010.0,1,2025-10-08,3585.37,profit
104,0,42.0,58,0.0,2436.0,0,2025-01-01,3584.94,profit
103,46,92.0,75,4232.0,6900.0,1,2025-07-25,3585.45,profit
102,40,16.0,76,640.0,1216.0,1,2025-02-01,3587.02,profit
101,14,72.0,88,1008.0,6336.0,1,2025-02-19,3586.7,profit
100,19,109.0,97,2071.0,10573.0,1,2025-04-11,3584.97,profit
99,17,120.0,42,2040.0,5040.0,1,2025-04-10,3585.14,profit
98,35,136.0,91,4760.0,12376.0,1,2025-08-20,3586.05,profit
97,22,64.0,21,1408.0,1344.0,1,2025-03-10,3586.47,profit
96,28,82.0,54,2296.0,4428.0,1,2025-04-22,3586.73,profit
95,27,149.0,48,4023.0,7152.0,1,2025-07-15,3585.33,profit
94,30,89.0,93,2670.0,8277.0,1,2025-05-10,3584.93,profit
93,18,27.0,82,486.0,2214.0,1,2025-01-24,3585.1,profit
92,44,31.0,74,1364.0,2294.0,1,2025-03-08,3585.15,profit
91,30,97.0,26,2910.0,2522.0,1,2025-05-22,3586.28,profit
90,18,53.0,55,954.0,2915.0,1,2025-02-16,3586.94,profit
89,50,101.0,94,5050.0,9494.0,1,2025-09-03,3585.79,profit
88,26,82.0,87,2132.0,7134.0,1,2025-04-14,3585.76,profit
87,40,93.0,72,3720.0,6696.0,1,2025-07-01,3585.19,profit
86,48,131.0,49,6288.0,6419.0,1,2025-11-03,3585.4,profit
85,30,117.0,12,3510.0,1404.0,1,2025-06-20,3586.45,profit
84,35,111.0,31,3885.0,3441.0,1,2025-07-09,3585.43,profit
83,2,88.0,50,176.0,4400.0,1,2025-01-09,3586.37,profit
82,0,15.0,42,0.0,630.0,0,2025-01-01,3585.8,profit
81,36,119.0,11,4284.0,1309.0,1,2025-07-28,3585.59,profit
80,28,140.0,23,3920.0,3220.0,1,2025-07-10,3586.27,profit
79,44,105.0,41,4620.0,4305.0,1,2025-08-13,3585.86,profit
78,0,52.0,91,0.0,4732.0,0,2025-01-01,3586.51,profit
77,25,64.0,11,1600.0,704.0,1,2025-03-19,3585.96,profit
76,0,126.0,91,0.0,11466.0,0,2025-01-01,3584.89,profit
75,21,24.0,98,504.0,2352.0,1,2025-01-25,3587.14,profit
74,31,98.0,23,3038.0,2254.0,1,2025-05-28,3585.0,profit
73,8,29.0,16,232.0,464.0,1,2025-01-12,3586.43,profit
72,10,106.0,82,1060.0,8692.0,1,2025-02-21,3585.56,profit
71,18,130.0,25,2340.0,3250.0,1,2025-04-24,3585.75,profit
70,35,17.0,72,595.0,1224.0,1,2025-01-29,3586.63,profit
69,1,111.0,26,111.0,2886.0,1,2025-01-06,3585.45,profit
68,27,82.0,89,2214.0,7298.0,1,2025-04-18,3586.19,profit
67,4,63.0,33,252.0,2079.0,1,2025-01-13,3586.62,profit
66,29,94.0,78,2726.0,7332.0,1,2025-05-13,3585.88,profit
65,27,142.0,93,3834.0,13206.0,1,2025-07-06,3586.68,profit
64,4,112.0,51,448.0,5712.0,1,2025-01-22,3584.95,profit
63,29,29.0,38,841.0,1102.0,1,2025-02-10,3586.53,profit
62,2,49.0,66,98.0,3234.0,1,2025-01-05,3586.97,profit
61,35,57.0,85,1995.0,4845.0,1,2025-04-08,3586.84,profit
60,20,95.0,19,1900.0,1805.0,1,2025-04-03,3587.26,profit
59,25,50.0,44,1250.0,2200.0,1,2025-03-02,3585.99,profit
58,12,82.0,73,984.0,5986.0,1,2025-02-17,3586.66,profit
57,35,75.0,24,2625.0,1800.0,1,2025-05-08,3586.33,profit
56,3,63.0,35,189.0,2205.0,1,2025-01-10,3586.93,profit
55,8,63.0,56,504.0,3528.0,1,2025-01-25,3586.78,profit
54,35,106.0,29,3710.0,3074.0,1,2025-06-30,3585.58,profit
53,25,65.0,30,1625.0,1950.0,1,2025-03-21,3585.92,profit
52,50,70.0,52,3500.0,3640.0,1,2025-06-20,3586.43,profit
51,20,61.0,68,1220.0,4148.0,1,2025-03-01,3586.19,profit
50,33,77.0,91,2541.0,7007.0,1,2025-05-04,3586.4,profit
49,39,19.0,72,741.0,1368.0,1,2025-02-06,3587.39,profit
48,42,54.0,43,2268.0,2322.0,1,2025-04-21,3586.32,profit
47,16,146.0,44,2336.0,6424.0,1,2025-04-24,3585.83,profit
46,26,88.0,31,2288.0,2728.0,1,2025-04-22,3586.28,profit
45,32,120.0,41,3840.0,4920.0,1,2025-07-06,3586.54,profit
44,50,89.0,62,4450.0,5518.0,1,2025-08-05,3585.81,profit
43,27,24.0,15,648.0,360.0,1,2025-02-01,3586.51,profit
42,36,95.0,30,3420.0,2850.0,1,2025-06-16,3585.9,profit
41,24,103.0,24,2472.0,2472.0,1,2025-05-01,3584.68,profit
40,32,62.0,90,1984.0,5580.0,1,2025-04-07,3585.92,profit
39,39,17.0,11,663.0,187.0,1,2025-02-02,3586.43,profit
38,15,48.0,38,720.0,1824.0,1,2025-02-05,3586.79,profit
37,39,124.0,68,4836.0,8432.0,1,2025-08-24,3585.72,profit
36,26,60.0,32,1560.0,1920.0,1,2025-03-17,3584.66,profit
35,24,101.0,66,2424.0,6666.0,1,2025-04-28,3586.53,profit
34,16,123.0,50,1968.0,6150.0,1,2025-04-06,3585.13,profit
33,11,101.0,73,1111.0,7373.0,1,2025-02-24,3586.23,profit
32,34,81.0,65,2754.0,5265.0,1,2025-05-15,3584.82,profit
31,27,24.0,34,648.0,816.0,1,2025-02-01,3586.91,profit
30,34,123.0,29,4182.0,3567.0,1,2025-07-23,3584.77,profit
29,44,119.0,67,5236.0,7973.0,1,2025-09-12,3585.09,profit
28,43,100.0,27,4300.0,2700.0,1,2025-07-29,3586.09,profit
27,7,54.0,91,378.0,4914.0,1,2025-01-19,3586.1,profit
26,14,113.0,37,1582.0,4181.0,1,2025-03-18,3587.13,profit
25,46,69.0,71,3174.0,4899.0,1,2025-06-04,3585.96,profit
24,3,86.0,26,258.0,2236.0,1,2025-01-13,3586.12,profit
23,24,54.0,29,1296.0,1566.0,1,2025-03-05,3587.45,profit
22,6,49.0,92,294.0,4508.0,1,2025-01-15,3585.76,profit
21,8,127.0,34,1016.0,4318.0,1,2025-02-19,3585.98,profit
20,26,147.0,16,3822.0,2352.0,1,2025-07-06,3586.53,profit
19,18,132.0,87,2376.0,11484.0,1,2025-04-26,3585.74,profit
18,42,39.0,28,1638.0,1092.0,1,2025-03-21,3586.16,profit
17,5,113.0,75,565.0,8475.0,1,2025-01-28,3585.92,profit
16,14,34.0,89,476.0,3026.0,1,2025-01-24,3586.89,profit
15,36,77.0,98,2772.0,7546.0,1,2025-05-15,3586.5,profit
14,17,95.0,48,1615.0,4560.0,1,2025-03-20,3584.9,profit
13,28,66.0,94,1848.0,6204.0,1,2025-03-31,3585.25,profit
12,9,135.0,34,1215.0,4590.0,1,2025-03-01,3586.23,profit
11,17,108.0,97,1836.0,10476.0,1,2025-03-31,3585.4,profit
10,35,21.0,56,735.0,1176.0,1,2025-02-05,3586.07,profit
9,24,84.0,87,2016.0,7308.0,1,2025-04-09,3586.42,profit
8,0,26.0,89,0.0,2314.0,0,2025-01-01,3585.21,profit
7,48,29.0,85,1392.0,2465.0,1,2025-03-09,3584.85,profit
6,19,70.0,82,1330.0,5740.0,1,2025-03-06,3585.16,profit
5,21,65.0,53,1365.0,3445.0,1,2025-03-08,3585.67,profit
4,49,97.0,76,4753.0,7372.0,1,2025-08-20,3585.07,profit
3,21,59.0,86,1239.0,5074.0,1,2025-03-02,3586.58,profit
2,49,103.0,46,5047.0,4738.0,1,2025-09-03,3585.31,profit
1,37,116.0,55,4292.0,6380.0,1,2025-07-28,3585.68,profit
0,34,88.0,98,2992.0,8624.0,1,2025-05-26,3586.82,profit
